lga_code,year,month,month_num,age_group,deaths,tmean,erp,IRSD,IRSAD,mortality_rate,mortality_lag1,mortality_lag2,mortality_lag12,tmean_lag1,tmean_lag2,tmean_lag12,state
10065,2011,January,1,75 to 84,8,29.4580442206059,14462,1107,976,55.317383487761,66.361404207313,100.671140939597,561.873815326293,26.9570944275345,26.3733747711565,28.4302544724705,QLD
10065,2011,February,2,75 to 84,10,30.8094862547485,15063,1107,976,66.3878377481245,55.317383487761,66.361404207313,258.890857064995,29.4580442206059,26.9570944275345,26.4709640229445,QLD
10065,2011,March,3,75 to 84,13,27.4322223488429,14916,1107,976,87.1547331724323,66.3878377481245,55.317383487761,163.47660241128,30.8094862547485,29.4580442206059,23.061907756271,QLD
10065,2011,November,11,75 to 84,24,25.2355238798163,15684,1107,976,153.022188217292,86.1440593731363,39.6536910977464,100.671140939597,18.9471501498187,18.6974045324699,26.3733747711565,QLD
10065,2011,December,12,75 to 84,23,26.3934048657484,14583,1107,976,157.717890694644,153.022188217292,86.1440593731363,66.361404207313,25.2355238798163,18.9471501498187,26.9570944275345,QLD
10065,2012,January,1,75 to 84,16,32.6212145739371,15431,1107,976,103.687382541637,157.717890694644,153.022188217292,55.317383487761,26.3934048657484,25.2355238798163,29.4580442206059,QLD
10065,2012,February,2,75 to 84,16,30.4943565054454,15474,1107,976,103.399250355435,103.687382541637,157.717890694644,66.3878377481245,32.6212145739371,26.3934048657484,30.8094862547485,QLD
10065,2012,March,3,75 to 84,42,26.4723759838587,15442,1107,976,271.985494106981,103.399250355435,103.687382541637,87.1547331724323,30.4943565054454,32.6212145739371,27.4322223488429,QLD
10065,2012,November,11,75 to 84,16,25.5496618671769,15133,1107,976,105.729201083724,168.50291639663,90.9858971859362,153.022188217292,23.1398287989699,18.448766951288,25.2355238798163,QLD
10065,2012,December,12,75 to 84,46,30.5632467779934,15134,1107,976,303.951367781155,105.729201083724,168.50291639663,157.717890694644,25.5496618671769,23.1398287989699,26.3934048657484,QLD
10065,2013,January,1,75 to 84,39,28.6403370849849,15174,1107,976,257.01858442072,303.951367781155,105.729201083724,103.687382541637,30.5632467779934,25.5496618671769,32.6212145739371,QLD
10065,2013,February,2,75 to 84,23,28.0463979165218,15519,1107,976,148.20542560732,257.01858442072,303.951367781155,103.399250355435,28.6403370849849,30.5632467779934,30.4943565054454,QLD
10065,2013,March,3,75 to 84,26,27.2015627682574,15305,1107,976,169.879124469128,148.20542560732,257.01858442072,271.985494106981,28.0463979165218,28.6403370849849,26.4723759838587,QLD
10065,2013,November,11,75 to 84,28,25.8568341413814,15112,1107,976,185.283218634198,78.3750244921952,6.48887158523133,105.729201083724,21.8689533287771,17.8225100939643,25.5496618671769,QLD
10065,2013,December,12,75 to 84,14,29.6955034980975,14869,1107,976,94.1556257986415,185.283218634198,78.3750244921952,303.951367781155,25.8568341413814,21.8689533287771,30.5632467779934,QLD
10065,2014,January,1,75 to 84,18,28.4417634745525,15158,1107,976,118.749175352949,94.1556257986415,185.283218634198,257.01858442072,29.6955034980975,25.8568341413814,28.6403370849849,QLD
10065,2014,February,2,75 to 84,38,27.6549295300117,15216,1107,976,249.737118822292,118.749175352949,94.1556257986415,148.20542560732,28.4417634745525,29.6955034980975,28.0463979165218,QLD
10065,2014,March,3,75 to 84,12,25.8376176874928,15811,1107,976,75.8965277338562,249.737118822292,118.749175352949,169.879124469128,27.6549295300117,28.4417634745525,27.2015627682574,QLD
10065,2014,November,11,75 to 84,22,25.2951116019366,15240,1107,976,144.356955380577,544.836869431447,317.439322796111,185.283218634198,22.2355336506481,17.7253408178712,25.8568341413814,QLD
10065,2014,December,12,75 to 84,36,29.0705416149487,15761,1107,976,228.411902798046,144.356955380577,544.836869431447,94.1556257986415,25.2951116019366,22.2355336506481,29.6955034980975,QLD
10065,2015,January,1,75 to 84,58,30.3636540529039,15739,1107,976,368.511341254209,228.411902798046,144.356955380577,118.749175352949,29.0705416149487,25.2951116019366,28.4417634745525,QLD
10065,2015,February,2,75 to 84,29,29.1397521248012,15727,1107,976,184.396261206842,368.511341254209,228.411902798046,249.737118822292,30.3636540529039,29.0705416149487,27.6549295300117,QLD
10065,2015,March,3,75 to 84,41,25.6563755501202,15608,1107,976,262.685802152742,184.396261206842,368.511341254209,75.8965277338562,29.1397521248012,30.3636540529039,25.8376176874928,QLD
10065,2015,November,11,75 to 84,28,26.9468206818603,15553,1107,976,180.029576287533,91.1280348890191,56.1622464898596,144.356955380577,23.8643858974755,18.5095241217661,25.2951116019366,QLD
10065,2015,December,12,75 to 84,87,29.2808138016481,15526,1107,976,560.350380007729,180.029576287533,91.1280348890191,228.411902798046,26.9468206818603,23.8643858974755,29.0705416149487,QLD
10065,2016,January,1,75 to 84,33,26.8956585264036,15672,1107,976,210.566615620214,560.350380007729,180.029576287533,368.511341254209,29.2808138016481,26.9468206818603,30.3636540529039,QLD
10065,2016,February,2,75 to 84,73,29.5958990303737,15467,1107,976,471.972586797698,210.566615620214,560.350380007729,184.396261206842,26.8956585264036,29.2808138016481,29.1397521248012,QLD
10065,2016,March,3,75 to 84,86,26.0472132939193,16388,1107,976,524.774225042714,471.972586797698,210.566615620214,262.685802152742,29.5958990303737,26.8956585264036,25.6563755501202,QLD
10065,2016,November,11,75 to 84,19,27.9036760156329,15550,1107,976,122.186495176849,90.7147022613879,12.4960949703218,180.029576287533,23.2557820222952,20.2329806623245,26.9468206818603,QLD
10065,2016,December,12,75 to 84,21,29.0235029258964,15881,1107,976,132.233486556262,122.186495176849,90.7147022613879,560.350380007729,27.9036760156329,23.2557820222952,29.2808138016481,QLD
10065,2011,January,1,85+,17,31.3204375853443,14975,1107,976,113.522537562604,52.2500163281301,387.280880554423,608.108108108108,29.1830502919557,28.3702109190449,29.4844202007912,QLD
10065,2011,February,2,85+,17,29.8855259416162,15239,1107,976,111.555876369841,113.522537562604,52.2500163281301,353.923205342237,31.3204375853443,29.1830502919557,27.500517620898,QLD
10065,2011,March,3,85+,31,28.3103537967447,14982,1107,976,206.914964624216,111.555876369841,113.522537562604,307.980717728977,29.8855259416162,31.3204375853443,26.6129111009679,QLD
10065,2011,November,11,85+,43,29.3590970800769,15273,1107,976,281.542591501342,211.742059672762,74.8553929908132,387.280880554423,24.1651448537285,15.5559508892546,28.3702109190449,QLD
10065,2011,December,12,85+,18,29.6356899173474,15087,1107,976,119.308013521575,281.542591501342,211.742059672762,52.2500163281301,29.3590970800769,24.1651448537285,29.1830502919557,QLD
10065,2012,January,1,85+,26,27.7173277129995,15241,1107,976,170.592480808346,119.308013521575,281.542591501342,113.522537562604,29.6356899173474,29.3590970800769,31.3204375853443,QLD
10065,2012,February,2,85+,20,27.8076361732087,14636,1107,976,136.649357748019,170.592480808346,119.308013521575,111.555876369841,27.7173277129995,29.6356899173474,29.8855259416162,QLD
10065,2012,March,3,85+,17,25.0633365324187,14936,1107,976,113.818960899839,136.649357748019,170.592480808346,206.914964624216,27.8076361732087,27.7173277129995,28.3103537967447,QLD
10065,2012,November,11,85+,37,28.4653414149672,15142,1107,976,244.353453969093,320.64128256513,68.2407533779173,281.542591501342,23.209283784999,16.0140509208084,29.3590970800769,QLD
10065,2012,December,12,85+,51,27.1300178121047,15284,1107,976,333.682282125098,244.353453969093,320.64128256513,119.308013521575,28.4653414149672,23.209283784999,29.6356899173474,QLD
10065,2013,January,1,85+,9,30.9455166704008,15959,1107,976,56.3945109342691,333.682282125098,244.353453969093,170.592480808346,27.1300178121047,28.4653414149672,27.7173277129995,QLD
10065,2013,February,2,85+,40,28.29987447359,15245,1107,976,262.381108560184,56.3945109342691,333.682282125098,136.649357748019,30.9455166704008,27.1300178121047,27.8076361732087,QLD
10065,2013,March,3,85+,43,25.9149955908117,15396,1107,976,279.293322941024,262.381108560184,56.3945109342691,113.818960899839,28.29987447359,30.9455166704008,25.0633365324187,QLD
10065,2013,November,11,85+,44,23.4564434977494,15027,1107,976,292.806282025687,408.405243396351,118.577075098814,244.353453969093,21.6458040409241,16.7235946390362,28.4653414149672,QLD
10065,2013,December,12,85+,31,29.3298044519485,15268,1107,976,203.039035892062,292.806282025687,408.405243396351,333.682282125098,23.4564434977494,21.6458040409241,27.1300178121047,QLD
10065,2014,January,1,85+,57,31.153111316759,15695,1107,976,363.172985027079,203.039035892062,292.806282025687,56.3945109342691,29.3298044519485,23.4564434977494,30.9455166704008,QLD
10065,2014,February,2,85+,57,29.9497077731144,15446,1107,976,369.027579955976,363.172985027079,203.039035892062,262.381108560184,31.153111316759,29.3298044519485,28.29987447359,QLD
10065,2014,March,3,85+,68,26.4526518998976,15203,1107,976,447.280142077222,369.027579955976,363.172985027079,279.293322941024,29.9497077731144,31.153111316759,25.9149955908117,QLD
10065,2014,November,11,85+,30,24.8395337134492,15900,1107,976,188.679245283019,276.121744587386,108.383806184252,292.806282025687,21.4603783898716,15.1900354565344,23.4564434977494,QLD
10065,2014,December,12,85+,32,26.2587419461864,15677,1107,976,204.120686355808,188.679245283019,276.121744587386,203.039035892062,24.8395337134492,21.4603783898716,29.3298044519485,QLD
10065,2015,January,1,85+,96,29.4434401801776,15461,1107,976,620.917146368281,204.120686355808,188.679245283019,363.172985027079,26.2587419461864,24.8395337134492,31.153111316759,QLD
10065,2015,February,2,85+,69,29.2569276005093,16240,1107,976,424.87684729064,620.917146368281,204.120686355808,369.027579955976,29.4434401801776,26.2587419461864,29.9497077731144,QLD
10065,2015,March,3,85+,2,25.5004945302653,15627,1107,976,12.7983618096884,424.87684729064,620.917146368281,447.280142077222,29.2569276005093,29.4434401801776,26.4526518998976,QLD
10065,2015,November,11,85+,66,26.109720885689,15138,1107,976,435.988902100674,604.402595750096,50.3968753937256,188.679245283019,20.3581752752292,19.1623780921003,24.8395337134492,QLD
10065,2015,December,12,85+,35,31.4231157569766,15822,1107,976,221.210972064214,435.988902100674,604.402595750096,204.120686355808,26.109720885689,20.3581752752292,26.2587419461864,QLD
10065,2016,January,1,85+,27,30.5135524152927,16192,1107,976,166.749011857708,221.210972064214,435.988902100674,620.917146368281,31.4231157569766,26.109720885689,29.4434401801776,QLD
10065,2016,February,2,85+,5,27.2238240635089,15518,1107,976,32.2206469905916,166.749011857708,221.210972064214,424.87684729064,30.5135524152927,31.4231157569766,29.2569276005093,QLD
10065,2016,March,3,85+,6,25.1738252900907,15915,1107,976,37.7002827521206,32.2206469905916,166.749011857708,12.7983618096884,27.2238240635089,30.5135524152927,25.5004945302653,QLD
10065,2016,November,11,85+,29,26.3543226594387,15827,1107,976,183.231187211727,210.432342813417,290.367377856331,435.988902100674,24.872356286702,18.2715155303494,26.109720885689,QLD
10065,2016,December,12,85+,49,28.8199917876755,15532,1107,976,315.477723409735,183.231187211727,210.432342813417,221.210972064214,26.3543226594387,24.872356286702,31.4231157569766,QLD
10066,2011,January,1,75 to 84,60,28.5325758501443,18261,914,922,328.569081649417,117.128674214959,107.150913602527,185.330787375042,28.5433508062725,28.4959919691019,26.249709943991,QLD
10066,2011,February,2,75 to 84,41,30.8632980688225,18568,914,922,220.809995691512,328.569081649417,117.128674214959,60.4262799384751,28.5325758501443,28.5433508062725,25.8397237898605,QLD
10066,2011,March,3,75 to 84,60,26.1118168192906,18660,914,922,321.543408360129,220.809995691512,328.569081649417,120.3698637632,30.8632980688225,28.5325758501443,25.2295998364487,QLD
10066,2011,November,11,75 to 84,23,27.4953042784779,18198,914,922,126.387515111551,161.577891687096,102.299036235395,107.150913602527,22.1605765970805,17.519242100135,28.4959919691019,QLD
10066,2011,December,12,75 to 84,34,28.1503678523551,18105,914,922,187.793427230047,126.387515111551,161.577891687096,117.128674214959,27.4953042784779,22.1605765970805,28.5433508062725,QLD
10066,2012,January,1,75 to 84,30,27.1563882640623,17933,914,922,167.289354820722,187.793427230047,126.387515111551,328.569081649417,28.1503678523551,27.4953042784779,28.5325758501443,QLD
10066,2012,February,2,75 to 84,16,31.1113037243119,17902,914,922,89.3754887722042,167.289354820722,187.793427230047,220.809995691512,27.1563882640623,28.1503678523551,30.8632980688225,QLD
10066,2012,March,3,75 to 84,59,25.0472516539063,17823,914,922,331.032934971666,89.3754887722042,167.289354820722,321.543408360129,31.1113037243119,27.1563882640623,26.1118168192906,QLD
10066,2012,November,11,75 to 84,15,23.8434729714339,18735,914,922,80.0640512409928,21.7167055757642,0,126.387515111551,22.3491620032602,17.8924659104355,27.4953042784779,QLD
10066,2012,December,12,75 to 84,25,25.1357035593854,18261,914,922,136.90378402059,80.0640512409928,21.7167055757642,187.793427230047,23.8434729714339,22.3491620032602,28.1503678523551,QLD
10066,2013,January,1,75 to 84,3,26.2797306340471,18263,914,922,16.4266549854898,136.90378402059,80.0640512409928,167.289354820722,25.1357035593854,23.8434729714339,27.1563882640623,QLD
10066,2013,February,2,75 to 84,10,29.4496073588768,18005,914,922,55.5401277422938,16.4266549854898,136.90378402059,89.3754887722042,26.2797306340471,25.1357035593854,31.1113037243119,QLD
10066,2013,March,3,75 to 84,49,28.4606647660425,18823,914,922,260.31982149498,55.5401277422938,16.4266549854898,331.032934971666,29.4496073588768,26.2797306340471,25.0472516539063,QLD
10066,2013,November,11,75 to 84,50,26.1384394893856,18601,914,922,268.802752540186,252.064786013086,91.0015523794229,80.0640512409928,19.5343836403891,15.5111614529991,23.8434729714339,QLD
10066,2013,December,12,75 to 84,40,31.4279552927873,18713,914,922,213.75514348314,268.802752540186,252.064786013086,136.90378402059,26.1384394893856,19.5343836403891,25.1357035593854,QLD
10066,2014,January,1,75 to 84,134,29.9427214812975,18138,914,922,738.780460910795,213.75514348314,268.802752540186,16.4266549854898,31.4279552927873,26.1384394893856,26.2797306340471,QLD
10066,2014,February,2,75 to 84,99,30.7766977307815,18154,914,922,545.334361573207,738.780460910795,213.75514348314,55.5401277422938,29.9427214812975,31.4279552927873,29.4496073588768,QLD
10066,2014,March,3,75 to 84,33,24.7375884998756,18800,914,922,175.531914893617,545.334361573207,738.780460910795,260.31982149498,30.7766977307815,29.9427214812975,28.4606647660425,QLD
10066,2014,November,11,75 to 84,48,27.8022463499259,18977,914,922,252.937766770301,139.268305747496,161.038961038961,268.802752540186,21.5912756118744,18.4709606747032,26.1384394893856,QLD
10066,2014,December,12,75 to 84,32,29.6274995809401,18894,914,922,169.365936276066,252.937766770301,139.268305747496,213.75514348314,27.8022463499259,21.5912756118744,31.4279552927873,QLD
10066,2015,January,1,75 to 84,34,30.3933098819373,18935,914,922,179.561658304727,169.365936276066,252.937766770301,738.780460910795,29.6274995809401,27.8022463499259,29.9427214812975,QLD
10066,2015,February,2,75 to 84,15,30.9348284142117,19019,914,922,78.8684999211315,179.561658304727,169.365936276066,545.334361573207,30.3933098819373,29.6274995809401,30.7766977307815,QLD
10066,2015,March,3,75 to 84,42,29.0145709227266,19232,914,922,218.386023294509,78.8684999211315,179.561658304727,175.531914893617,30.9348284142117,30.3933098819373,24.7375884998756,QLD
10066,2015,November,11,75 to 84,15,25.5161475484993,19446,914,922,77.1366862079605,226.643162931252,224.83660130719,252.937766770301,23.4190969518791,17.9162061929979,27.8022463499259,QLD
10066,2015,December,12,75 to 84,32,27.5644349056168,18907,914,922,169.249484317977,77.1366862079605,226.643162931252,169.365936276066,25.5161475484993,23.4190969518791,29.6274995809401,QLD
10066,2016,January,1,75 to 84,54,29.8672006720223,19215,914,922,281.030444964871,169.249484317977,77.1366862079605,179.561658304727,27.5644349056168,25.5161475484993,30.3933098819373,QLD
10066,2016,February,2,75 to 84,25,28.01558188095,19324,914,922,129.372800662389,281.030444964871,169.249484317977,78.8684999211315,29.8672006720223,27.5644349056168,30.9348284142117,QLD
10066,2016,March,3,75 to 84,16,25.3347959636588,19224,914,922,83.2292967124428,129.372800662389,281.030444964871,218.386023294509,28.01558188095,29.8672006720223,29.0145709227266,QLD
10066,2016,November,11,75 to 84,4,27.0058144683852,19169,914,922,20.8670248839272,57.6157552901739,140.970083015716,77.1366862079605,22.6950831697138,15.6167731551568,25.5161475484993,QLD
10066,2016,December,12,75 to 84,56,28.2720883644156,19487,914,922,287.371067891415,20.8670248839272,57.6157552901739,169.249484317977,27.0058144683852,22.6950831697138,27.5644349056168,QLD
10066,2011,January,1,85+,14,32.7702834081236,18425,914,922,75.9837177747626,172.721194562068,342.247230117756,1005.02512562814,30.7968933791432,26.1708164470316,30.6815627147851,QLD
10066,2011,February,2,85+,16,29.1495746321569,18167,914,922,88.0717784994771,75.9837177747626,172.721194562068,530.370701205896,32.7702834081236,30.7968933791432,27.6410855008097,QLD
10066,2011,March,3,85+,62,25.9987381717674,18042,914,922,343.642611683849,88.0717784994771,75.9837177747626,669.752246120338,29.1495746321569,32.7702834081236,25.5682175157328,QLD
10066,2011,November,11,85+,103,23.7956867465716,18156,914,922,567.305573914959,362.15978928885,846.758673777973,342.247230117756,20.2497329358186,20.1029674015509,26.1708164470316,QLD
10066,2011,December,12,85+,20,27.7126676546053,17744,914,922,112.714156898106,567.305573914959,362.15978928885,172.721194562068,23.7956867465716,20.2497329358186,30.7968933791432,QLD
10066,2012,January,1,85+,13,31.3091716030193,18955,914,922,68.5834872065418,112.714156898106,567.305573914959,75.9837177747626,27.7126676546053,23.7956867465716,32.7702834081236,QLD
10066,2012,February,2,85+,94,30.8871552469576,18408,914,922,510.64754454585,68.5834872065418,112.714156898106,88.0717784994771,31.3091716030193,27.7126676546053,29.1495746321569,QLD
10066,2012,March,3,85+,40,25.8057788499979,18058,914,922,221.508472699081,510.64754454585,68.5834872065418,343.642611683849,30.8871552469576,31.3091716030193,25.9987381717674,QLD
10066,2012,November,11,85+,59,24.2469256982681,18563,914,922,317.836556591068,147.283438795549,150.913867307585,567.305573914959,22.5147183929233,18.7046880986713,23.7956867465716,QLD
10066,2012,December,12,85+,103,27.5549567054591,18224,914,922,565.188762071993,317.836556591068,147.283438795549,112.714156898106,24.2469256982681,22.5147183929233,27.7126676546053,QLD
10066,2013,January,1,85+,19,31.9036383415278,18147,914,922,104.700501460296,565.188762071993,317.836556591068,68.5834872065418,27.5549567054591,24.2469256982681,31.3091716030193,QLD
10066,2013,February,2,85+,58,30.8777071233673,18573,914,922,312.281268508049,104.700501460296,565.188762071993,510.64754454585,31.9036383415278,27.5549567054591,30.8871552469576,QLD
10066,2013,March,3,85+,31,26.4411991516177,18525,914,922,167.341430499325,312.281268508049,104.700501460296,221.508472699081,30.8777071233673,31.9036383415278,25.8057788499979,QLD
10066,2013,November,11,85+,48,23.4609867268173,18890,914,922,254.102699841186,69.6043261765808,49.3691716950082,317.836556591068,22.1271345730599,18.2291025460981,24.2469256982681,QLD
10066,2013,December,12,85+,43,27.9783843921584,17872,914,922,240.59982094897,254.102699841186,69.6043261765808,565.188762071993,23.4609867268173,22.1271345730599,27.5549567054591,QLD
10066,2014,January,1,85+,130,30.053108720986,18741,914,922,693.666293154047,240.59982094897,254.102699841186,104.700501460296,27.9783843921584,23.4609867268173,31.9036383415278,QLD
10066,2014,February,2,85+,107,29.0842378154564,18686,914,922,572.621213742909,693.666293154047,240.59982094897,312.281268508049,30.053108720986,27.9783843921584,30.8777071233673,QLD
10066,2014,March,3,85+,39,25.2175684045045,18585,914,922,209.846650524617,572.621213742909,693.666293154047,167.341430499325,29.0842378154564,30.053108720986,26.4411991516177,QLD
10066,2014,November,11,85+,25,25.7485976581264,19095,914,922,130.924325739722,236.90154812407,184.275184275184,254.102699841186,20.8502668967174,16.0474978704233,23.4609867268173,QLD
10066,2014,December,12,85+,90,27.9529163836097,19132,914,922,470.416056868075,130.924325739722,236.90154812407,240.59982094897,25.7485976581264,20.8502668967174,27.9783843921584,QLD
10066,2015,January,1,85+,52,31.6167868963243,18906,914,922,275.044959272189,470.416056868075,130.924325739722,693.666293154047,27.9529163836097,25.7485976581264,30.053108720986,QLD
10066,2015,February,2,85+,50,31.6275748811126,18669,914,922,267.82366489903,275.044959272189,470.416056868075,572.621213742909,31.6167868963243,27.9529163836097,29.0842378154564,QLD
10066,2015,March,3,85+,9,25.6150509129705,19046,914,922,47.2540165914103,267.82366489903,275.044959272189,209.846650524617,31.6275748811126,31.6167868963243,25.2175684045045,QLD
10066,2015,November,11,85+,113,26.7246543187476,18895,914,922,598.041810002646,187.687687687688,288.955479452055,130.924325739722,20.4246269165711,19.1400779832671,25.7485976581264,QLD
10066,2015,December,12,85+,15,30.5733393712408,19386,914,922,77.3754255648406,598.041810002646,187.687687687688,470.416056868075,26.7246543187476,20.4246269165711,27.9529163836097,QLD
10066,2016,January,1,85+,12,29.8479156897954,18264,914,922,65.7030223390276,77.3754255648406,598.041810002646,275.044959272189,30.5733393712408,26.7246543187476,31.6167868963243,QLD
10066,2016,February,2,85+,88,28.0165699554498,19088,914,922,461.022632020117,65.7030223390276,77.3754255648406,267.82366489903,29.8479156897954,30.5733393712408,31.6275748811126,QLD
10066,2016,March,3,85+,21,24.7703064063177,19656,914,922,106.837606837607,461.022632020117,65.7030223390276,47.2540165914103,28.0165699554498,29.8479156897954,25.6150509129705,QLD
10066,2016,November,11,85+,68,25.6360973805355,19622,914,922,346.549791050861,161.873414989478,128.741551335694,598.041810002646,23.2268744544387,17.5165182260528,26.7246543187476,QLD
10066,2016,December,12,85+,42,28.5929765772042,18364,914,922,228.708342409061,346.549791050861,161.873414989478,77.3754255648406,25.6360973805355,23.2268744544387,30.5733393712408,QLD
10067,2011,January,1,75 to 84,4,33.1694685314259,4239,794,1013,94.3618778013682,23.8492725971858,91.1992704058368,140.02333722287,26.7815330280195,26.7749676228259,30.0375888442709,QLD
10067,2011,February,2,75 to 84,14,30.853771696506,4379,794,1013,319.707695820964,94.3618778013682,23.8492725971858,288.947748615459,33.1694685314259,26.7815330280195,29.562355159578,QLD
10067,2011,March,3,75 to 84,4,27.1884034101299,4242,794,1013,94.2951438000943,319.707695820964,94.3618778013682,142.585551330799,30.853771696506,33.1694685314259,24.8876105112662,QLD
10067,2011,November,11,75 to 84,2,24.8243863997829,4330,794,1013,46.189376443418,23.2450023245002,159.127074335076,91.1992704058368,23.0798956592037,16.2305738220224,26.7749676228259,QLD
10067,2011,December,12,75 to 84,1,28.3415123748747,4274,794,1013,23.3972859148339,46.189376443418,23.2450023245002,23.8492725971858,24.8243863997829,23.0798956592037,26.7815330280195,QLD
10067,2012,January,1,75 to 84,3,32.0850892080395,4228,794,1013,70.9555345316935,23.3972859148339,46.189376443418,94.3618778013682,28.3415123748747,24.8243863997829,33.1694685314259,QLD
10067,2012,February,2,75 to 84,2,29.1497404425218,4158,794,1013,48.1000481000481,70.9555345316935,23.3972859148339,319.707695820964,32.0850892080395,28.3415123748747,30.853771696506,QLD
10067,2012,March,3,75 to 84,4,26.3378277409961,4314,794,1013,92.7213722763097,48.1000481000481,70.9555345316935,94.2951438000943,29.1497404425218,32.0850892080395,27.1884034101299,QLD
10067,2012,November,11,75 to 84,11,24.5392776619709,4147,794,1013,265.25198938992,178.412132024978,72.0980533525595,46.189376443418,21.9743708074042,17.6742460841808,24.8243863997829,QLD
10067,2012,December,12,75 to 84,12,27.5184736064464,4100,794,1013,292.682926829268,265.25198938992,178.412132024978,23.3972859148339,24.5392776619709,21.9743708074042,28.3415123748747,QLD
10067,2013,January,1,75 to 84,19,32.3715699549882,4353,794,1013,436.480588100161,292.682926829268,265.25198938992,70.9555345316935,27.5184736064464,24.5392776619709,32.0850892080395,QLD
10067,2013,February,2,75 to 84,6,31.3002598048888,4299,794,1013,139.567341242149,436.480588100161,292.682926829268,48.1000481000481,32.3715699549882,27.5184736064464,29.1497404425218,QLD
10067,2013,March,3,75 to 84,5,27.4325271965888,4157,794,1013,120.279047389945,139.567341242149,436.480588100161,92.7213722763097,31.3002598048888,32.3715699549882,26.3378277409961,QLD
10067,2013,November,11,75 to 84,0,26.7392964002994,4366,794,1013,0,141.509433962264,23.0149597238205,265.25198938992,20.1370917886378,19.3757954261533,24.5392776619709,QLD
10067,2013,December,12,75 to 84,3,26.7380723669371,4412,794,1013,67.9963735267453,0,141.509433962264,292.682926829268,26.7392964002994,20.1370917886378,27.5184736064464,QLD
10067,2014,January,1,75 to 84,2,31.3046951401149,4305,794,1013,46.4576074332172,67.9963735267453,0,436.480588100161,26.7380723669371,26.7392964002994,32.3715699549882,QLD
10067,2014,February,2,75 to 84,0,28.7283101158683,4416,794,1013,0,46.4576074332172,67.9963735267453,139.567341242149,31.3046951401149,26.7380723669371,31.3002598048888,QLD
10067,2014,March,3,75 to 84,3,29.0314209026961,4194,794,1013,71.5307582260372,0,46.4576074332172,120.279047389945,28.7283101158683,31.3046951401149,27.4325271965888,QLD
10067,2014,November,11,75 to 84,11,25.0673238933836,4401,794,1013,249.943194728471,47.3821369343758,0,0,23.1233780520328,17.4946643421387,26.7392964002994,QLD
10067,2014,December,12,75 to 84,14,30.9078576928565,4361,794,1013,321.027287319422,249.943194728471,47.3821369343758,67.9963735267453,25.0673238933836,23.1233780520328,26.7380723669371,QLD
10067,2015,January,1,75 to 84,5,32.3710336835171,4329,794,1013,115.500115500116,321.027287319422,249.943194728471,46.4576074332172,30.9078576928565,25.0673238933836,31.3046951401149,QLD
10067,2015,February,2,75 to 84,0,28.8852436470403,4377,794,1013,0,115.500115500116,321.027287319422,0,32.3710336835171,30.9078576928565,28.7283101158683,QLD
10067,2015,March,3,75 to 84,0,27.6906755469932,4276,794,1013,0,0,115.500115500116,71.5307582260372,28.8852436470403,32.3710336835171,29.0314209026961,QLD
10067,2015,November,11,75 to 84,1,26.3281343856202,4253,794,1013,23.5128144838937,139.017608897127,133.51134846462,249.943194728471,22.4436443865818,19.1862958471309,25.0673238933836,QLD
10067,2015,December,12,75 to 84,6,28.5925278134982,4550,794,1013,131.868131868132,23.5128144838937,139.017608897127,321.027287319422,26.3281343856202,22.4436443865818,30.9078576928565,QLD
10067,2016,January,1,75 to 84,4,30.782854668995,4388,794,1013,91.1577028258888,131.868131868132,23.5128144838937,115.500115500116,28.5925278134982,26.3281343856202,32.3710336835171,QLD
10067,2016,February,2,75 to 84,3,25.6743234100467,4393,794,1013,68.2904620987936,91.1577028258888,131.868131868132,0,30.782854668995,28.5925278134982,28.8852436470403,QLD
10067,2016,March,3,75 to 84,1,24.7049472727802,4481,794,1013,22.3164472216023,68.2904620987936,91.1577028258888,0,25.6743234100467,30.782854668995,27.6906755469932,QLD
10067,2016,November,11,75 to 84,6,23.9337634302642,4582,794,1013,130.94718463553,202.657059220896,183.108262760357,23.5128144838937,19.9393727297231,17.1475795873423,26.3281343856202,QLD
10067,2016,December,12,75 to 84,9,28.668481551926,4494,794,1013,200.267022696929,130.94718463553,202.657059220896,131.868131868132,23.9337634302642,19.9393727297231,28.5925278134982,QLD
10067,2011,January,1,85+,13,29.758915594655,4402,794,1013,295.320308950477,371.660859465738,487.685930260912,362.154821186057,29.8290217160109,28.6975144069284,30.6465479371029,QLD
10067,2011,February,2,85+,47,28.1576678767939,4068,794,1013,1155.35889872173,295.320308950477,371.660859465738,117.426021606388,29.758915594655,29.8290217160109,28.4822402466094,QLD
10067,2011,March,3,85+,17,29.1326243297744,4086,794,1013,416.054821341165,1155.35889872173,295.320308950477,422.436047876086,28.1576678767939,29.758915594655,24.8312343084087,QLD
10067,2011,November,11,85+,15,24.6065105161895,4338,794,1013,345.781466113416,191.616766467066,736.738703339882,487.685930260912,21.3278686248406,17.7948257914138,28.6975144069284,QLD
10067,2011,December,12,85+,23,30.3819342777393,4224,794,1013,544.507575757576,345.781466113416,191.616766467066,371.660859465738,24.6065105161895,21.3278686248406,29.8290217160109,QLD
10067,2012,January,1,85+,26,32.226894620209,4265,794,1013,609.613130128957,544.507575757576,345.781466113416,295.320308950477,30.3819342777393,24.6065105161895,29.758915594655,QLD
10067,2012,February,2,85+,10,28.1477321840941,4066,794,1013,245.941957697983,609.613130128957,544.507575757576,1155.35889872173,32.226894620209,30.3819342777393,28.1576678767939,QLD
10067,2012,March,3,85+,7,25.8032760307929,4464,794,1013,156.810035842294,245.941957697983,609.613130128957,416.054821341165,28.1477321840941,32.226894620209,29.1326243297744,QLD
10067,2012,November,11,85+,10,27.4624776224377,4164,794,1013,240.153698366955,45.8190148911799,255.754475703325,345.781466113416,21.75304371029,20.1471130452853,24.6065105161895,QLD
10067,2012,December,12,85+,40,28.1685382961666,4413,794,1013,906.412871062769,240.153698366955,45.8190148911799,544.507575757576,27.4624776224377,21.75304371029,30.3819342777393,QLD
10067,2013,January,1,85+,8,30.0249185094461,4316,794,1013,185.356811862836,906.412871062769,240.153698366955,609.613130128957,28.1685382961666,27.4624776224377,32.226894620209,QLD
10067,2013,February,2,85+,6,29.0087004554233,4321,794,1013,138.856746123583,185.356811862836,906.412871062769,245.941957697983,30.0249185094461,28.1685382961666,28.1477321840941,QLD
10067,2013,March,3,85+,7,27.1312160428776,4199,794,1013,166.706358656823,138.856746123583,185.356811862836,156.810035842294,29.0087004554233,30.0249185094461,25.8032760307929,QLD
10067,2013,November,11,85+,5,23.6397393137192,4151,794,1013,120.45290291496,23.7022991230149,0,240.153698366955,22.0752172876549,16.5450017874287,27.4624776224377,QLD
10067,2013,December,12,85+,9,30.107695938339,4438,794,1013,202.794051374493,120.45290291496,23.7022991230149,906.412871062769,23.6397393137192,22.0752172876549,28.1685382961666,QLD
10067,2014,January,1,85+,27,30.4423865162988,4116,794,1013,655.97667638484,202.794051374493,120.45290291496,185.356811862836,30.107695938339,23.6397393137192,30.0249185094461,QLD
10067,2014,February,2,85+,43,26.8006833154605,4263,794,1013,1008.67933380249,655.97667638484,202.794051374493,138.856746123583,30.4423865162988,30.107695938339,29.0087004554233,QLD
10067,2014,March,3,85+,11,26.9408907277053,4407,794,1013,249.602904470161,1008.67933380249,655.97667638484,166.706358656823,26.8006833154605,30.4423865162988,27.1312160428776,QLD
10067,2014,November,11,85+,19,23.9925122327969,4384,794,1013,433.394160583942,114.207400639561,46.4792005577504,120.45290291496,21.8579233207361,15.0475603940111,23.6397393137192,QLD
10067,2014,December,12,85+,44,29.0578699138406,4483,794,1013,981.485612313183,433.394160583942,114.207400639561,202.794051374493,23.9925122327969,21.8579233207361,30.107695938339,QLD
10067,2015,January,1,85+,38,29.8769676002353,4293,794,1013,885.1618914512,981.485612313183,433.394160583942,655.97667638484,29.0578699138406,23.9925122327969,30.4423865162988,QLD
10067,2015,February,2,85+,36,29.6392015386661,4436,794,1013,811.541929666366,885.1618914512,981.485612313183,1008.67933380249,29.8769676002353,29.0578699138406,26.8006833154605,QLD
10067,2015,March,3,85+,36,27.9686167800056,4400,794,1013,818.181818181818,811.541929666366,885.1618914512,249.602904470161,29.6392015386661,29.8769676002353,26.9408907277053,QLD
10067,2015,November,11,85+,8,24.6375160040508,4324,794,1013,185.013876040703,115.848007414272,46.6635557629491,433.394160583942,21.2281952220824,18.5540654759879,23.9925122327969,QLD
10067,2015,December,12,85+,12,31.1873799038158,4389,794,1013,273.410799726589,185.013876040703,115.848007414272,981.485612313183,24.6375160040508,21.2281952220824,29.0578699138406,QLD
10067,2016,January,1,85+,6,28.2621894680805,4314,794,1013,139.082058414465,273.410799726589,185.013876040703,885.1618914512,31.1873799038158,24.6375160040508,29.8769676002353,QLD
10067,2016,February,2,85+,9,30.3985155926197,4354,794,1013,206.70647680294,139.082058414465,273.410799726589,811.541929666366,28.2621894680805,31.1873799038158,29.6392015386661,QLD
10067,2016,March,3,85+,17,27.2290484391952,4582,794,1013,371.017023134003,206.70647680294,139.082058414465,818.181818181818,30.3985155926197,28.2621894680805,27.9686167800056,QLD
10067,2016,November,11,85+,19,26.4521988366079,4298,794,1013,442.06607724523,265.310634534601,335.645558290445,185.013876040703,20.1164045171411,19.8816033614098,24.6375160040508,QLD
10067,2016,December,12,85+,32,28.5404366758243,4527,794,1013,706.869891760548,442.06607724523,265.310634534601,273.410799726589,26.4521988366079,20.1164045171411,31.1873799038158,QLD
10068,2011,January,1,75 to 84,5,29.4735901496117,9572,1070,982,52.2356874216465,52.7426160337553,20.8246563931695,133.786147988062,27.2033056662909,29.8446478327111,28.2035651941598,QLD
10068,2011,February,2,75 to 84,11,26.9695066789549,9700,1070,982,113.40206185567,52.2356874216465,52.7426160337553,86.0307559952683,29.4735901496117,27.2033056662909,27.779451205277,QLD
10068,2011,March,3,75 to 84,18,29.9985047030653,9663,1070,982,186.277553554797,113.40206185567,52.2356874216465,133.525061626952,26.9695066789549,29.4735901496117,22.4163761873352,QLD
10068,2011,November,11,75 to 84,0,25.8635533150609,9842,1070,982,0,41.9023674837628,81.8246906003887,20.8246563931695,20.4599427731017,18.1904169217823,29.8446478327111,QLD
10068,2011,December,12,75 to 84,7,27.6891365368674,9747,1070,982,71.8169693238945,0,41.9023674837628,52.7426160337553,25.8635533150609,20.4599427731017,27.2033056662909,QLD
10068,2012,January,1,75 to 84,16,28.2022905151464,9870,1070,982,162.107396149949,71.8169693238945,0,52.2356874216465,27.6891365368674,25.8635533150609,29.4735901496117,QLD
10068,2012,February,2,75 to 84,3,29.9529063516136,9529,1070,982,31.4828418511911,162.107396149949,71.8169693238945,113.40206185567,28.2022905151464,27.6891365368674,26.9695066789549,QLD
10068,2012,March,3,75 to 84,10,26.1854034051013,9787,1070,982,102.176356391131,31.4828418511911,162.107396149949,186.277553554797,29.9529063516136,28.2022905151464,29.9985047030653,QLD
10068,2012,November,11,75 to 84,10,23.3047439195689,9706,1070,982,103.029054193283,137.592137592138,120.385232744783,0,23.2153887781562,15.1573114072219,25.8635533150609,QLD
10068,2012,December,12,75 to 84,24,31.4241432282476,9379,1070,982,255.890819916836,103.029054193283,137.592137592138,71.8169693238945,23.3047439195689,23.2153887781562,27.6891365368674,QLD
10068,2013,January,1,75 to 84,19,31.630194210348,9814,1070,982,193.600978194416,255.890819916836,103.029054193283,162.107396149949,31.4241432282476,23.3047439195689,28.2022905151464,QLD
10068,2013,February,2,75 to 84,25,32.3893223837672,9817,1070,982,254.660283182235,193.600978194416,255.890819916836,31.4828418511911,31.630194210348,31.4241432282476,29.9529063516136,QLD
10068,2013,March,3,75 to 84,18,27.016130379661,9761,1070,982,184.407335314005,254.660283182235,193.600978194416,102.176356391131,32.3893223837672,31.630194210348,26.1854034051013,QLD
10068,2013,November,11,75 to 84,3,24.8981677071641,10009,1070,982,29.9730242781497,20.7318337306935,286.731263595017,103.029054193283,19.0262615474929,18.0893703174015,23.3047439195689,QLD
10068,2013,December,12,75 to 84,25,26.6157839220624,9483,1070,982,263.629653063377,29.9730242781497,20.7318337306935,255.890819916836,24.8981677071641,19.0262615474929,31.4241432282476,QLD
10068,2014,January,1,75 to 84,40,29.2271199068942,10198,1070,982,392.233771327711,263.629653063377,29.9730242781497,193.600978194416,26.6157839220624,24.8981677071641,31.630194210348,QLD
10068,2014,February,2,75 to 84,47,30.5936107887718,9904,1070,982,474.555735056543,392.233771327711,263.629653063377,254.660283182235,29.2271199068942,26.6157839220624,32.3893223837672,QLD
10068,2014,March,3,75 to 84,4,25.4396303515951,10208,1070,982,39.1849529780564,474.555735056543,392.233771327711,184.407335314005,30.5936107887718,29.2271199068942,27.016130379661,QLD
10068,2014,November,11,75 to 84,30,26.0399048064708,10019,1070,982,299.431080946202,246.791707798618,112.199102407181,29.9730242781497,21.9379213160491,16.7203765676793,24.8981677071641,QLD
10068,2014,December,12,75 to 84,24,30.0240670411882,9935,1070,982,241.570206341218,299.431080946202,246.791707798618,263.629653063377,26.0399048064708,21.9379213160491,26.6157839220624,QLD
10068,2015,January,1,75 to 84,30,27.2190862724281,10106,1070,982,296.853354442905,241.570206341218,299.431080946202,392.233771327711,30.0240670411882,26.0399048064708,29.2271199068942,QLD
10068,2015,February,2,75 to 84,5,28.7815050193558,10865,1070,982,46.0193281178095,296.853354442905,241.570206341218,474.555735056543,27.2190862724281,30.0240670411882,30.5936107887718,QLD
10068,2015,March,3,75 to 84,8,26.4355024053127,10102,1070,982,79.1922391605623,46.0193281178095,296.853354442905,39.1849529780564,28.7815050193558,27.2190862724281,25.4396303515951,QLD
10068,2015,November,11,75 to 84,24,27.028415699199,9658,1070,982,248.498653965624,145.334754384265,164.410058027079,299.431080946202,23.341536222293,17.3244023298357,26.0399048064708,QLD
10068,2015,December,12,75 to 84,70,28.3659525792981,10244,1070,982,683.326825458805,248.498653965624,145.334754384265,241.570206341218,27.028415699199,23.341536222293,30.0240670411882,QLD
10068,2016,January,1,75 to 84,89,30.1683754768584,9781,1070,982,909.927410285247,683.326825458805,248.498653965624,296.853354442905,28.3659525792981,27.028415699199,27.2190862724281,QLD
10068,2016,February,2,75 to 84,12,30.394735851387,10265,1070,982,116.90209449586,909.927410285247,683.326825458805,46.0193281178095,30.1683754768584,28.3659525792981,28.7815050193558,QLD
10068,2016,March,3,75 to 84,52,27.8921526910155,9939,1070,982,523.191467954523,116.90209449586,909.927410285247,79.1922391605623,30.394735851387,30.1683754768584,26.4355024053127,QLD
10068,2016,November,11,75 to 84,28,21.7575987821608,10033,1070,982,279.079039170737,127.176677753864,98.5415845486796,248.498653965624,21.7671140135743,17.2246905886093,27.028415699199,QLD
10068,2016,December,12,75 to 84,23,27.7548518272547,10369,1070,982,221.815025556949,279.079039170737,127.176677753864,683.326825458805,21.7575987821608,21.7671140135743,28.3659525792981,QLD
10068,2011,January,1,85+,22,29.9597188963725,9728,1070,982,226.151315789474,20.8964580503605,428.556496289328,230.053330544808,28.3253725186005,26.2060826078226,29.1755149262805,QLD
10068,2011,February,2,85+,137,26.8298031374805,9812,1070,982,1396.24949041989,226.151315789474,20.8964580503605,196.707733719847,29.9597188963725,28.3253725186005,29.7358609142286,QLD
10068,2011,March,3,85+,61,25.1993676076312,9651,1070,982,632.058854004766,1396.24949041989,226.151315789474,94.0832113736149,26.8298031374805,29.9597188963725,25.9737985407321,QLD
10068,2011,November,11,85+,70,26.3039472761034,9698,1070,982,721.798308929676,149.342891278375,686.84053354569,428.556496289328,22.3399213964661,17.640703342224,26.2060826078226,QLD
10068,2011,December,12,85+,24,29.5512628612046,9734,1070,982,246.558454900349,721.798308929676,149.342891278375,20.8964580503605,26.3039472761034,22.3399213964661,28.3253725186005,QLD
10068,2012,January,1,85+,42,28.1851197666784,9663,1070,982,434.647624961192,246.558454900349,721.798308929676,226.151315789474,29.5512628612046,26.3039472761034,29.9597188963725,QLD
10068,2012,February,2,85+,16,30.5169636454315,9732,1070,982,164.406083025072,434.647624961192,246.558454900349,1396.24949041989,28.1851197666784,29.5512628612046,26.8298031374805,QLD
10068,2012,March,3,85+,30,27.6912808417609,9856,1070,982,304.383116883117,164.406083025072,434.647624961192,632.058854004766,30.5169636454315,28.1851197666784,25.1993676076312,QLD
10068,2012,November,11,85+,54,25.3520999672514,9740,1070,982,554.414784394251,378.904249871992,452.3956405511,721.798308929676,22.0864841333611,19.5345424912846,26.3039472761034,QLD
10068,2012,December,12,85+,34,28.7195421890164,9879,1070,982,344.164389108209,554.414784394251,378.904249871992,246.558454900349,25.3520999672514,22.0864841333611,29.5512628612046,QLD
10068,2013,January,1,85+,14,30.3256002761191,9845,1070,982,142.204164550533,344.164389108209,554.414784394251,434.647624961192,28.7195421890164,25.3520999672514,28.1851197666784,QLD
10068,2013,February,2,85+,10,27.3807330079854,10284,1070,982,97.2384286269934,142.204164550533,344.164389108209,164.406083025072,30.3256002761191,28.7195421890164,30.5169636454315,QLD
10068,2013,March,3,85+,46,24.9267460042645,10057,1070,982,457.392860694044,97.2384286269934,142.204164550533,304.383116883117,27.3807330079854,30.3256002761191,27.6912808417609,QLD
10068,2013,November,11,85+,1,24.6586129701507,9878,1070,982,10.1235067827495,322.486074464966,222.491909385113,554.414784394251,23.0354674781971,19.1855205086625,25.3520999672514,QLD
10068,2013,December,12,85+,1,27.4108194408476,9993,1070,982,10.0070049034324,10.1235067827495,322.486074464966,344.164389108209,24.6586129701507,23.0354674781971,28.7195421890164,QLD
10068,2014,January,1,85+,5,31.8128357849342,9986,1070,982,50.0700981373924,10.0070049034324,10.1235067827495,142.204164550533,27.4108194408476,24.6586129701507,30.3256002761191,QLD
10068,2014,February,2,85+,10,28.5797284008287,10257,1070,982,97.4943940723409,50.0700981373924,10.0070049034324,97.2384286269934,31.8128357849342,27.4108194408476,27.3807330079854,QLD
10068,2014,March,3,85+,17,26.1355843044297,9759,1070,982,174.198176042627,97.4943940723409,50.0700981373924,457.392860694044,28.5797284008287,31.8128357849342,24.9267460042645,QLD
10068,2014,November,11,85+,6,26.2079764733295,10128,1070,982,59.2417061611375,361.3369467028,283.341475329751,10.1235067827495,22.2901833983161,20.0422343605307,24.6586129701507,QLD
10068,2014,December,12,85+,6,26.76763828862,10284,1070,982,58.343057176196,59.2417061611375,361.3369467028,10.0070049034324,26.2079764733295,22.2901833983161,27.4108194408476,QLD
10068,2015,January,1,85+,4,29.5830127521199,10245,1070,982,39.0434358223524,58.343057176196,59.2417061611375,50.0700981373924,26.76763828862,26.2079764733295,31.8128357849342,QLD
10068,2015,February,2,85+,8,29.0085392285839,10356,1070,982,77.2499034376207,39.0434358223524,58.343057176196,97.4943940723409,29.5830127521199,26.76763828862,28.5797284008287,QLD
10068,2015,March,3,85+,5,26.1232355767983,10304,1070,982,48.5248447204969,77.2499034376207,39.0434358223524,174.198176042627,29.0085392285839,29.5830127521199,26.1355843044297,QLD
10068,2015,November,11,85+,55,24.5443412210994,10052,1070,982,547.154795065659,234.925606891151,249.900039984006,59.2417061611375,21.5081028281705,18.0950517033235,26.2079764733295,QLD
10068,2015,December,12,85+,19,28.8051903845442,10081,1070,982,188.473365737526,547.154795065659,234.925606891151,58.343057176196,24.5443412210994,21.5081028281705,26.76763828862,QLD
10068,2016,January,1,85+,7,30.1152478428876,9859,1070,982,71.0011157318187,188.473365737526,547.154795065659,39.0434358223524,28.8051903845442,24.5443412210994,29.5830127521199,QLD
10068,2016,February,2,85+,31,28.1995197180321,10162,1070,982,305.058059437119,71.0011157318187,188.473365737526,77.2499034376207,30.1152478428876,28.8051903845442,29.0085392285839,QLD
10068,2016,March,3,85+,14,27.9276856591243,10192,1070,982,137.362637362637,305.058059437119,71.0011157318187,48.5248447204969,28.1995197180321,30.1152478428876,26.1232355767983,QLD
10068,2016,November,11,85+,4,27.7507729584536,10333,1070,982,38.7109261589084,191.204588910134,174.627632254751,547.154795065659,21.4513097904306,16.3340138228761,24.5443412210994,QLD
10068,2016,December,12,85+,15,28.6456277674709,10099,1070,982,148.529557381919,38.7109261589084,191.204588910134,188.473365737526,27.7507729584536,21.4513097904306,28.8051903845442,QLD
10069,2011,January,1,75 to 84,4,31.1391871064637,3896,1021,964,102.669404517454,367.840252233316,427.672955974843,355.781448538755,29.6421393083712,23.2865759248108,29.5013750788937,QLD
10069,2011,February,2,75 to 84,4,30.6476596125128,3855,1021,964,103.761348897536,102.669404517454,367.840252233316,401.391490500401,31.1391871064637,29.6421393083712,29.53842585748,QLD
10069,2011,March,3,75 to 84,10,26.472795957899,3719,1021,964,268.889486421081,103.761348897536,102.669404517454,177.619893428064,30.6476596125128,31.1391871064637,26.8643417514726,QLD
10069,2011,November,11,75 to 84,6,25.108388095802,3865,1021,964,155.239327296248,282.413350449294,203.200406400813,427.672955974843,22.3593947274998,19.0709622340031,23.2865759248108,QLD
10069,2011,December,12,75 to 84,3,31.1500235289619,3800,1021,964,78.9473684210526,155.239327296248,282.413350449294,367.840252233316,25.108388095802,22.3593947274998,29.6421393083712,QLD
10069,2012,January,1,75 to 84,2,28.0380575956319,3944,1021,964,50.709939148073,78.9473684210526,155.239327296248,102.669404517454,31.1500235289619,25.108388095802,31.1391871064637,QLD
10069,2012,February,2,75 to 84,2,28.8702978788634,3879,1021,964,51.559680329982,50.709939148073,78.9473684210526,103.761348897536,28.0380575956319,31.1500235289619,30.6476596125128,QLD
10069,2012,March,3,75 to 84,1,26.3806117631189,3725,1021,964,26.8456375838926,51.559680329982,50.709939148073,268.889486421081,28.8702978788634,28.0380575956319,26.472795957899,QLD
10069,2012,November,11,75 to 84,10,25.9014370798001,3862,1021,964,258.933195235629,154.241645244216,25.7532835436518,155.239327296248,19.3371956188272,18.9238889527241,25.108388095802,QLD
10069,2012,December,12,75 to 84,7,29.0104673269425,3776,1021,964,185.381355932203,258.933195235629,154.241645244216,78.9473684210526,25.9014370798001,19.3371956188272,31.1500235289619,QLD
10069,2013,January,1,75 to 84,9,32.5601078798001,3978,1021,964,226.244343891403,185.381355932203,258.933195235629,50.709939148073,29.0104673269425,25.9014370798001,28.0380575956319,QLD
10069,2013,February,2,75 to 84,4,28.2036771933128,3895,1021,964,102.695763799743,226.244343891403,185.381355932203,51.559680329982,32.5601078798001,29.0104673269425,28.8702978788634,QLD
10069,2013,March,3,75 to 84,4,24.9522093339735,3901,1021,964,102.537810817739,102.695763799743,226.244343891403,26.8456375838926,28.2036771933128,32.5601078798001,26.3806117631189,QLD
10069,2013,November,11,75 to 84,7,24.4652236627362,3869,1021,964,180.925303696046,425.63845768653,178.662582950485,258.933195235629,21.4158695923793,17.0648508323035,25.9014370798001,QLD
10069,2013,December,12,75 to 84,1,29.4052189120914,3943,1021,964,25.3613999492772,180.925303696046,425.63845768653,185.381355932203,24.4652236627362,21.4158695923793,29.0104673269425,QLD
10069,2014,January,1,75 to 84,0,30.0610902324614,3787,1021,964,0,25.3613999492772,180.925303696046,226.244343891403,29.4052189120914,24.4652236627362,32.5601078798001,QLD
10069,2014,February,2,75 to 84,1,28.8570727195249,4096,1021,964,24.4140625,0,25.3613999492772,102.695763799743,30.0610902324614,29.4052189120914,28.2036771933128,QLD
10069,2014,March,3,75 to 84,5,27.8545905649352,3910,1021,964,127.877237851662,24.4140625,0,102.537810817739,28.8570727195249,30.0610902324614,24.9522093339735,QLD
10069,2014,November,11,75 to 84,5,25.3698550984272,4021,1021,964,124.347177319075,0,50.7485409794469,180.925303696046,20.8405985418823,17.8568380342345,24.4652236627362,QLD
10069,2014,December,12,75 to 84,8,29.9642894262519,3946,1021,964,202.73694880892,124.347177319075,0,25.3613999492772,25.3698550984272,20.8405985418823,29.4052189120914,QLD
10069,2015,January,1,75 to 84,0,31.3991716898838,4039,1021,964,0,202.73694880892,124.347177319075,0,29.9642894262519,25.3698550984272,30.0610902324614,QLD
10069,2015,February,2,75 to 84,1,27.2901380380043,4043,1021,964,24.7341083353945,0,202.73694880892,24.4140625,31.3991716898838,29.9642894262519,28.8570727195249,QLD
10069,2015,March,3,75 to 84,2,28.6620681021753,3994,1021,964,50.0751126690035,24.7341083353945,0,127.877237851662,27.2901380380043,31.3991716898838,27.8545905649352,QLD
10069,2015,November,11,75 to 84,12,24.8370662804367,3847,1021,964,311.931375097479,126.710593005575,268.685881778212,124.347177319075,24.7018330771802,17.1849212582892,25.3698550984272,QLD
10069,2015,December,12,75 to 84,10,28.8649935318915,3926,1021,964,254.712175241977,311.931375097479,126.710593005575,202.73694880892,24.8370662804367,24.7018330771802,29.9642894262519,QLD
10069,2016,January,1,75 to 84,4,29.7288519581427,4003,1021,964,99.9250562078441,254.712175241977,311.931375097479,0,28.8649935318915,24.8370662804367,31.3991716898838,QLD
10069,2016,February,2,75 to 84,6,29.2187434099654,3893,1021,964,154.122784484973,99.9250562078441,254.712175241977,24.7341083353945,29.7288519581427,28.8649935318915,27.2901380380043,QLD
10069,2016,March,3,75 to 84,6,29.1845730458003,4092,1021,964,146.627565982405,154.122784484973,99.9250562078441,50.0751126690035,29.2187434099654,29.7288519581427,28.6620681021753,QLD
10069,2016,November,11,75 to 84,0,27.3365488709653,4144,1021,964,0,0,0,311.931375097479,18.5111540923378,17.0624480036416,24.8370662804367,QLD
10069,2016,December,12,75 to 84,2,28.8635841697737,4057,1021,964,49.297510475721,0,0,254.712175241977,27.3365488709653,18.5111540923378,28.8649935318915,QLD
10069,2011,January,1,85+,7,28.8999527994464,3868,1021,964,180.972078593588,158.394931362196,420.057757941717,379.918588873813,30.3555201965026,26.0479263132074,32.9330120565018,QLD
10069,2011,February,2,85+,7,30.2456540196721,3805,1021,964,183.968462549277,180.972078593588,158.394931362196,185.577942735949,28.8999527994464,30.3555201965026,27.5366532674985,QLD
10069,2011,March,3,85+,0,28.8412491933982,3811,1021,964,0,183.968462549277,180.972078593588,128.106584678452,30.2456540196721,28.8999527994464,24.9971845630048,QLD
10069,2011,November,11,85+,4,25.8248612324015,3986,1021,964,100.351229302559,103.332472229398,130.072840790843,420.057757941717,21.9831667126044,18.8009394344934,26.0479263132074,QLD
10069,2011,December,12,85+,8,27.2332617219493,4024,1021,964,198.807157057654,100.351229302559,103.332472229398,158.394931362196,25.8248612324015,21.9831667126044,30.3555201965026,QLD
10069,2012,January,1,85+,8,30.5125612198732,3979,1021,964,201.055541593365,198.807157057654,100.351229302559,180.972078593588,27.2332617219493,25.8248612324015,28.8999527994464,QLD
10069,2012,February,2,85+,19,29.9867027208259,3930,1021,964,483.460559796438,201.055541593365,198.807157057654,183.968462549277,30.5125612198732,27.2332617219493,30.2456540196721,QLD
10069,2012,March,3,85+,0,27.9949801982982,3851,1021,964,0,483.460559796438,201.055541593365,0,29.9867027208259,30.5125612198732,28.8412491933982,QLD
10069,2012,November,11,85+,10,28.7960691890876,3731,1021,964,268.024658268561,152.477763659466,177.035912999494,100.351229302559,23.4800046815555,19.8312015526347,25.8248612324015,QLD
10069,2012,December,12,85+,10,28.5850332344387,4110,1021,964,243.30900243309,268.024658268561,152.477763659466,198.807157057654,28.7960691890876,23.4800046815555,27.2332617219493,QLD
10069,2013,January,1,85+,26,28.3478629790622,3987,1021,964,652.119388011036,243.30900243309,268.024658268561,201.055541593365,28.5850332344387,28.7960691890876,30.5125612198732,QLD
10069,2013,February,2,85+,15,29.5294525302498,3888,1021,964,385.802469135802,652.119388011036,243.30900243309,483.460559796438,28.3478629790622,28.5850332344387,29.9867027208259,QLD
10069,2013,March,3,85+,1,25.7468767165755,3808,1021,964,26.2605042016807,385.802469135802,652.119388011036,0,29.5294525302498,28.3478629790622,27.9949801982982,QLD
10069,2013,November,11,85+,5,24.8513971491061,3914,1021,964,127.746550843127,25.1256281407035,180.598555211558,268.024658268561,21.6129770942708,17.7436047065449,28.7960691890876,QLD
10069,2013,December,12,85+,4,31.0535748873252,3787,1021,964,105.624504885133,127.746550843127,25.1256281407035,243.30900243309,24.8513971491061,21.6129770942708,28.5850332344387,QLD
10069,2014,January,1,85+,9,31.4631391174263,3995,1021,964,225.281602002503,105.624504885133,127.746550843127,652.119388011036,31.0535748873252,24.8513971491061,28.3478629790622,QLD
10069,2014,February,2,85+,11,30.0974662022323,3954,1021,964,278.199291856348,225.281602002503,105.624504885133,385.802469135802,31.4631391174263,31.0535748873252,29.5294525302498,QLD
10069,2014,March,3,85+,17,28.1896439017654,4026,1021,964,422.255340288127,278.199291856348,225.281602002503,26.2605042016807,30.0974662022323,31.4631391174263,25.7468767165755,QLD
10069,2014,November,11,85+,3,27.0157222446595,4005,1021,964,74.9063670411985,76.1228114691703,50.7485409794469,127.746550843127,20.5796480536321,17.4085327452144,24.8513971491061,QLD
10069,2014,December,12,85+,10,27.2119177534425,3942,1021,964,253.678335870117,74.9063670411985,76.1228114691703,105.624504885133,27.0157222446595,20.5796480536321,31.0535748873252,QLD
10069,2015,January,1,85+,5,32.0153610984922,4029,1021,964,124.100273020601,253.678335870117,74.9063670411985,225.281602002503,27.2119177534425,27.0157222446595,31.4631391174263,QLD
10069,2015,February,2,85+,3,30.8024562865776,4011,1021,964,74.794315632012,124.100273020601,253.678335870117,278.199291856348,32.0153610984922,27.2119177534425,30.0974662022323,QLD
10069,2015,March,3,85+,9,28.0719088046214,4150,1021,964,216.867469879518,74.794315632012,124.100273020601,422.255340288127,30.8024562865776,32.0153610984922,28.1896439017654,QLD
10069,2015,November,11,85+,5,24.9218138614553,4064,1021,964,123.031496062992,49.3218249075216,278.763304612266,74.9063670411985,23.6045457088252,18.4201568354918,27.0157222446595,QLD
10069,2015,December,12,85+,5,27.4552876745697,4065,1021,964,123.0012300123,123.031496062992,49.3218249075216,253.678335870117,24.9218138614553,23.6045457088252,27.2119177534425,QLD
10069,2016,January,1,85+,10,30.0136883682124,3998,1021,964,250.125062531266,123.0012300123,123.031496062992,124.100273020601,27.4552876745697,24.9218138614553,32.0153610984922,QLD
10069,2016,February,2,85+,7,30.5701199276371,4025,1021,964,173.913043478261,250.125062531266,123.0012300123,74.794315632012,30.0136883682124,27.4552876745697,30.8024562865776,QLD
10069,2016,March,3,85+,2,26.4054206097891,4161,1021,964,48.0653689017063,173.913043478261,250.125062531266,216.867469879518,30.5701199276371,30.0136883682124,28.0719088046214,QLD
10069,2016,November,11,85+,1,25.4654607176652,4054,1021,964,24.6669955599408,123.06177701206,427.243025885901,123.031496062992,23.0595735232318,18.3438804071818,24.9218138614553,QLD
10069,2016,December,12,85+,3,25.6671748463216,4080,1021,964,73.5294117647059,24.6669955599408,123.06177701206,123.0012300123,25.4654607176652,23.0595735232318,27.4552876745697,QLD
10070,2011,January,1,75 to 84,1,34.7956889559541,18694,1041,966,5.34930993901787,228.621196450928,368.98306032314,604.060629789138,26.5816774021069,27.7900116816816,28.7372199700317,QLD
10070,2011,February,2,75 to 84,30,27.36021851164,18785,1041,966,159.701889805696,5.34930993901787,228.621196450928,109.859928591046,34.7956889559541,26.5816774021069,28.8800832489494,QLD
10070,2011,March,3,75 to 84,16,25.3449379959154,18522,1041,966,86.3837598531476,159.701889805696,5.34930993901787,339.018411307568,27.36021851164,34.7956889559541,27.7167782694784,QLD
10070,2011,November,11,75 to 84,6,26.7264307011719,18710,1041,966,32.0684126135756,171.839759424337,206.252713851498,368.98306032314,24.060059643259,20.9632714574899,27.7900116816816,QLD
10070,2011,December,12,75 to 84,1,27.7503195802037,18758,1041,966,5.33105874826741,32.0684126135756,171.839759424337,228.621196450928,26.7264307011719,24.060059643259,26.5816774021069,QLD
10070,2012,January,1,75 to 84,2,26.8096807899622,18938,1041,966,10.5607772732073,5.33105874826741,32.0684126135756,5.34930993901787,27.7503195802037,26.7264307011719,34.7956889559541,QLD
10070,2012,February,2,75 to 84,41,31.3309028943469,18252,1041,966,224.632916940609,10.5607772732073,5.33105874826741,159.701889805696,26.8096807899622,27.7503195802037,27.36021851164,QLD
10070,2012,March,3,75 to 84,26,27.9453537306972,18859,1041,966,137.865210244446,224.632916940609,10.5607772732073,86.3837598531476,31.3309028943469,26.8096807899622,25.3449379959154,QLD
10070,2012,November,11,75 to 84,8,25.4506185804279,18166,1041,966,44.0383133325994,22.10433244916,257.675438596491,32.0684126135756,22.817044288458,15.7569481931858,26.7264307011719,QLD
10070,2012,December,12,75 to 84,20,27.4674714768161,18168,1041,966,110.083663584324,44.0383133325994,22.10433244916,5.33105874826741,25.4506185804279,22.817044288458,27.7503195802037,QLD
10070,2013,January,1,75 to 84,22,32.0069895638768,18275,1041,966,120.383036935705,110.083663584324,44.0383133325994,10.5607772732073,27.4674714768161,25.4506185804279,26.8096807899622,QLD
10070,2013,February,2,75 to 84,12,29.7443674700705,18922,1041,966,63.4182433146602,120.383036935705,110.083663584324,224.632916940609,32.0069895638768,27.4674714768161,31.3309028943469,QLD
10070,2013,March,3,75 to 84,11,27.0453695884804,19444,1041,966,56.5727216622094,63.4182433146602,120.383036935705,137.865210244446,29.7443674700705,32.0069895638768,27.9453537306972,QLD
10070,2013,November,11,75 to 84,2,27.5192468124353,19651,1041,966,10.1775991043713,21.6567406605306,79.2602377807133,44.0383133325994,22.5585308046388,17.6018863856172,25.4506185804279,QLD
10070,2013,December,12,75 to 84,12,28.8392687497493,18914,1041,966,63.4450671460294,10.1775991043713,21.6567406605306,110.083663584324,27.5192468124353,22.5585308046388,27.4674714768161,QLD
10070,2014,January,1,75 to 84,33,29.3412421474513,19509,1041,966,169.152698754421,63.4450671460294,10.1775991043713,120.383036935705,28.8392687497493,27.5192468124353,32.0069895638768,QLD
10070,2014,February,2,75 to 84,13,27.4193665235714,18769,1041,966,69.2631466780329,169.152698754421,63.4450671460294,63.4182433146602,29.3412421474513,28.8392687497493,29.7443674700705,QLD
10070,2014,March,3,75 to 84,24,24.2212294811837,18448,1041,966,130.09540329575,69.2631466780329,169.152698754421,56.5727216622094,27.4193665235714,29.3412421474513,27.0453695884804,QLD
10070,2014,November,11,75 to 84,34,25.8786094512571,18795,1041,966,180.899175312583,68.7976291278578,91.1253986736192,10.1775991043713,23.7265190638693,19.3848019549501,27.5192468124353,QLD
10070,2014,December,12,75 to 84,40,30.4676021093949,19026,1041,966,210.238620834647,180.899175312583,68.7976291278578,63.4450671460294,25.8786094512571,23.7265190638693,28.8392687497493,QLD
10070,2015,January,1,75 to 84,32,31.0686056405589,18746,1041,966,170.703083324443,210.238620834647,180.899175312583,169.152698754421,30.4676021093949,25.8786094512571,29.3412421474513,QLD
10070,2015,February,2,75 to 84,44,29.6281195967296,19016,1041,966,231.384097602019,170.703083324443,210.238620834647,69.2631466780329,31.0686056405589,30.4676021093949,27.4193665235714,QLD
10070,2015,March,3,75 to 84,17,26.5477952349628,18899,1041,966,89.951849304196,231.384097602019,170.703083324443,130.09540329575,29.6281195967296,31.0686056405589,24.2212294811837,QLD
10070,2015,November,11,75 to 84,68,26.1374661337797,19277,1041,966,352.751984229911,94.2605781315459,235.155790711346,180.899175312583,23.597435682511,15.7379200478132,25.8786094512571,QLD
10070,2015,December,12,75 to 84,63,26.7489338339196,19254,1041,966,327.204736678093,352.751984229911,94.2605781315459,210.238620834647,26.1374661337797,23.597435682511,30.4676021093949,QLD
10070,2016,January,1,75 to 84,65,32.19761135895,19973,1041,966,325.439343113203,327.204736678093,352.751984229911,170.703083324443,26.7489338339196,26.1374661337797,31.0686056405589,QLD
10070,2016,February,2,75 to 84,18,28.4553463276768,19399,1041,966,92.7882880560854,325.439343113203,327.204736678093,231.384097602019,32.19761135895,26.7489338339196,29.6281195967296,QLD
10070,2016,March,3,75 to 84,22,24.244044450743,19680,1041,966,111.788617886179,92.7882880560854,325.439343113203,89.951849304196,28.4553463276768,32.19761135895,26.5477952349628,QLD
10070,2016,November,11,75 to 84,36,26.965296977591,19204,1041,966,187.460945636326,96.0461021290219,524.600183355404,352.751984229911,22.3036275494973,17.4697321034135,26.1374661337797,QLD
10070,2016,December,12,75 to 84,54,30.640784682947,19358,1041,966,278.954437441885,187.460945636326,96.0461021290219,327.204736678093,26.965296977591,22.3036275494973,26.7489338339196,QLD
10070,2011,January,1,85+,76,31.0226764062809,18347,1041,966,414.236659944405,129.584765338892,442.991245649193,337.819430065929,28.6315961393848,24.8888595635941,30.4896778875885,QLD
10070,2011,February,2,85+,109,30.5644592246293,18254,1041,966,597.129396296702,414.236659944405,129.584765338892,243.134221141626,31.0226764062809,28.6315961393848,30.5610774483086,QLD
10070,2011,March,3,85+,184,27.1807018454662,18482,1041,966,995.56325073044,597.129396296702,414.236659944405,464.159502083443,30.5644592246293,31.0226764062809,23.8998522534186,QLD
10070,2011,November,11,85+,57,22.764335699612,18632,1041,966,305.925289823959,120.686817708048,93.5891436593355,442.991245649193,21.508313326585,17.3148901252399,24.8888595635941,QLD
10070,2011,December,12,85+,74,31.0443403731071,18468,1041,966,400.69309075157,305.925289823959,120.686817708048,129.584765338892,22.764335699612,21.508313326585,28.6315961393848,QLD
10070,2012,January,1,85+,121,29.026404182814,18736,1041,966,645.815542271563,400.69309075157,305.925289823959,414.236659944405,31.0443403731071,22.764335699612,31.0226764062809,QLD
10070,2012,February,2,85+,35,30.0061422536448,18634,1041,966,187.828700225394,645.815542271563,400.69309075157,597.129396296702,29.026404182814,31.0443403731071,30.5644592246293,QLD
10070,2012,March,3,85+,44,23.9874229239292,18316,1041,966,240.227123826163,187.828700225394,645.815542271563,995.56325073044,30.0061422536448,29.026404182814,27.1807018454662,QLD
10070,2012,November,11,85+,51,27.4915718985482,18325,1041,966,278.308321964529,207.14930684655,131.96093956189,305.925289823959,24.2515093156294,18.2078074185367,22.764335699612,QLD
10070,2012,December,12,85+,59,29.6097603098555,18883,1041,966,312.450352168617,278.308321964529,207.14930684655,400.69309075157,27.4915718985482,24.2515093156294,31.0443403731071,QLD
10070,2013,January,1,85+,96,29.1644673299546,18484,1041,966,519.368102142393,312.450352168617,278.308321964529,645.815542271563,29.6097603098555,27.4915718985482,29.026404182814,QLD
10070,2013,February,2,85+,38,28.0346743167698,17802,1041,966,213.459161891922,519.368102142393,312.450352168617,187.828700225394,29.1644673299546,29.6097603098555,30.0061422536448,QLD
10070,2013,March,3,85+,23,27.3843979730833,19034,1041,966,120.836398024588,213.459161891922,519.368102142393,240.227123826163,28.0346743167698,29.1644673299546,23.9874229239292,QLD
10070,2013,November,11,85+,61,25.6241921389322,18889,1041,966,322.939276827783,318.353053536372,101.882138452464,278.308321964529,21.4632748031976,18.0626214982356,27.4915718985482,QLD
10070,2013,December,12,85+,165,31.1436493346041,19276,1041,966,855.986719236356,322.939276827783,318.353053536372,312.450352168617,25.6241921389322,21.4632748031976,29.6097603098555,QLD
10070,2014,January,1,85+,54,29.0721206980585,19586,1041,966,275.707137751455,855.986719236356,322.939276827783,519.368102142393,31.1436493346041,25.6241921389322,29.1644673299546,QLD
10070,2014,February,2,85+,101,27.778298678944,18870,1041,966,535.241123476418,275.707137751455,855.986719236356,213.459161891922,29.0721206980585,31.1436493346041,28.0346743167698,QLD
10070,2014,March,3,85+,34,25.8311782870294,18118,1041,966,187.658681973728,535.241123476418,275.707137751455,120.836398024588,27.778298678944,29.0721206980585,27.3843979730833,QLD
10070,2014,November,11,85+,32,26.5424236712174,19354,1041,966,165.34049808825,224.215246636771,719.267654751526,322.939276827783,24.8838525454688,19.5711533779324,25.6241921389322,QLD
10070,2014,December,12,85+,14,29.5172971997196,19437,1041,966,72.0275762720585,165.34049808825,224.215246636771,855.986719236356,26.5424236712174,24.8838525454688,31.1436493346041,QLD
10070,2015,January,1,85+,19,29.7003239293217,18970,1041,966,100.158144438587,72.0275762720585,165.34049808825,275.707137751455,29.5172971997196,26.5424236712174,29.0721206980585,QLD
10070,2015,February,2,85+,43,28.4965972939838,19976,1041,966,215.258309971966,100.158144438587,72.0275762720585,535.241123476418,29.7003239293217,29.5172971997196,27.778298678944,QLD
10070,2015,March,3,85+,132,26.6543129250585,19494,1041,966,677.131425053863,215.258309971966,100.158144438587,187.658681973728,28.4965972939838,29.7003239293217,25.8311782870294,QLD
10070,2015,November,11,85+,25,26.1539605701614,18881,1041,966,132.408241088925,407.228302367015,132.463827185653,165.34049808825,22.2986556662158,16.8593661232068,26.5424236712174,QLD
10070,2015,December,12,85+,15,27.9876258737578,19361,1041,966,77.475337017716,132.408241088925,407.228302367015,72.0275762720585,26.1539605701614,22.2986556662158,29.5172971997196,QLD
10070,2016,January,1,85+,20,28.7603395289861,19520,1041,966,102.459016393443,77.475337017716,132.408241088925,100.158144438587,27.9876258737578,26.1539605701614,29.7003239293217,QLD
10070,2016,February,2,85+,60,28.1952677020805,19091,1041,966,314.284217694201,102.459016393443,77.475337017716,215.258309971966,28.7603395289861,27.9876258737578,28.4965972939838,QLD
10070,2016,March,3,85+,15,28.3575545201583,19112,1041,966,78.4847216408539,314.284217694201,102.459016393443,677.131425053863,28.1952677020805,28.7603395289861,26.6543129250585,QLD
10070,2016,November,11,85+,22,24.7684084803755,19522,1041,966,112.693371580781,15.387771850636,133.196721311475,132.408241088925,21.4478331607342,16.4193048666848,26.1539605701614,QLD
10070,2016,December,12,85+,20,26.7934434488901,19595,1041,966,102.066853789232,112.693371580781,15.387771850636,77.475337017716,24.7684084803755,21.4478331607342,27.9876258737578,QLD
10071,2011,January,1,75 to 84,3,30.247836735176,3785,985,1019,79.2602377807133,52.369730295889,103.923096908288,51.4271020827976,28.7817892276105,26.3971458325627,31.717957336388,QLD
10071,2011,February,2,75 to 84,8,29.98510413706,3902,985,1019,205.023065094823,79.2602377807133,52.369730295889,228.891149542218,30.247836735176,28.7817892276105,28.3106268444843,QLD
10071,2011,March,3,75 to 84,5,27.5186256184571,3924,985,1019,127.420998980632,205.023065094823,79.2602377807133,157.438992390449,29.98510413706,30.247836735176,24.274608367903,QLD
10071,2011,November,11,75 to 84,3,23.7123187774447,3881,985,1019,77.2996650347849,79.093066174532,79.155672823219,103.923096908288,22.3640147053335,18.8709545988155,26.3971458325627,QLD
10071,2011,December,12,75 to 84,2,29.7405734525375,3969,985,1019,50.3905265810028,77.2996650347849,79.093066174532,52.369730295889,23.7123187774447,22.3640147053335,28.7817892276105,QLD
10071,2012,January,1,75 to 84,7,28.586257427709,4022,985,1019,174.042764793635,50.3905265810028,77.2996650347849,79.2602377807133,29.7405734525375,23.7123187774447,30.247836735176,QLD
10071,2012,February,2,75 to 84,2,26.9484758153606,4022,985,1019,49.7265042267529,174.042764793635,50.3905265810028,205.023065094823,28.586257427709,29.7405734525375,29.98510413706,QLD
10071,2012,March,3,75 to 84,3,23.5578451082181,3886,985,1019,77.2002058672157,49.7265042267529,174.042764793635,127.420998980632,26.9484758153606,28.586257427709,27.5186256184571,QLD
10071,2012,November,11,75 to 84,1,24.8315003134388,3920,985,1019,25.5102040816327,129.87012987013,176.678445229682,77.2996650347849,21.9948099079267,17.8534087722368,23.7123187774447,QLD
10071,2012,December,12,75 to 84,3,29.1239468803295,4026,985,1019,74.5156482861401,25.5102040816327,129.87012987013,50.3905265810028,24.8315003134388,21.9948099079267,29.7405734525375,QLD
10071,2013,January,1,75 to 84,1,28.4317845694263,3953,985,1019,25.2972426005565,74.5156482861401,25.5102040816327,174.042764793635,29.1239468803295,24.8315003134388,28.586257427709,QLD
10071,2013,February,2,75 to 84,1,28.5417301612661,4002,985,1019,24.9875062468766,25.2972426005565,74.5156482861401,49.7265042267529,28.4317845694263,29.1239468803295,26.9484758153606,QLD
10071,2013,March,3,75 to 84,3,25.7427808654498,3930,985,1019,76.3358778625954,24.9875062468766,25.2972426005565,77.2002058672157,28.5417301612661,28.4317845694263,23.5578451082181,QLD
10071,2013,November,11,75 to 84,16,25.6489410716067,3848,985,1019,415.800415800416,125.754527162978,307.692307692308,25.5102040816327,22.0474645574975,15.68860254554,24.8315003134388,QLD
10071,2013,December,12,75 to 84,14,30.1781284731452,3864,985,1019,362.31884057971,415.800415800416,125.754527162978,74.5156482861401,25.6489410716067,22.0474645574975,29.1239468803295,QLD
10071,2014,January,1,75 to 84,7,30.5850535652559,3860,985,1019,181.347150259067,362.31884057971,415.800415800416,25.2972426005565,30.1781284731452,25.6489410716067,28.4317845694263,QLD
10071,2014,February,2,75 to 84,11,28.6526700038142,3956,985,1019,278.058645096057,181.347150259067,362.31884057971,24.9875062468766,30.5850535652559,30.1781284731452,28.5417301612661,QLD
10071,2014,March,3,75 to 84,6,25.5431140410154,3996,985,1019,150.15015015015,278.058645096057,181.347150259067,76.3358778625954,28.6526700038142,30.5850535652559,25.7427808654498,QLD
10071,2014,November,11,75 to 84,30,24.7036732363258,4010,985,1019,748.129675810474,100.326059694006,150.564617314931,415.800415800416,22.9247762803321,21.4974384912808,25.6489410716067,QLD
10071,2014,December,12,75 to 84,18,28.59671537375,3919,985,1019,459.300842051544,748.129675810474,100.326059694006,362.31884057971,24.7036732363258,22.9247762803321,30.1781284731452,QLD
10071,2015,January,1,75 to 84,4,30.0113965486796,4052,985,1019,98.7166831194472,459.300842051544,748.129675810474,181.347150259067,28.59671537375,24.7036732363258,30.5850535652559,QLD
10071,2015,February,2,75 to 84,21,28.1573103473233,4094,985,1019,512.945774303859,98.7166831194472,459.300842051544,278.058645096057,30.0113965486796,28.59671537375,28.6526700038142,QLD
10071,2015,March,3,75 to 84,0,23.9076095107953,4149,985,1019,0,512.945774303859,98.7166831194472,150.15015015015,28.1573103473233,30.0113965486796,25.5431140410154,QLD
10071,2015,November,11,75 to 84,2,28.0460891035274,3962,985,1019,50.4795557799091,98.9853996535511,389.105058365759,748.129675810474,22.3591537502324,19.6755836604419,24.7036732363258,QLD
10071,2015,December,12,75 to 84,7,29.3950890944345,4013,985,1019,174.433092449539,50.4795557799091,98.9853996535511,459.300842051544,28.0460891035274,22.3591537502324,28.59671537375,QLD
10071,2016,January,1,75 to 84,6,29.7518835090548,4192,985,1019,143.129770992366,174.433092449539,50.4795557799091,98.7166831194472,29.3950890944345,28.0460891035274,30.0113965486796,QLD
10071,2016,February,2,75 to 84,4,25.4548700316829,3996,985,1019,100.1001001001,143.129770992366,174.433092449539,512.945774303859,29.7518835090548,29.3950890944345,28.1573103473233,QLD
10071,2016,March,3,75 to 84,1,26.4729540205464,3914,985,1019,25.5493101686255,100.1001001001,143.129770992366,0,25.4548700316829,29.7518835090548,23.9076095107953,QLD
10071,2016,November,11,75 to 84,1,27.1159900572287,4015,985,1019,24.906600249066,24.5700245700246,296.662546353523,50.4795557799091,22.7646205150793,18.8221198480408,28.0460891035274,QLD
10071,2016,December,12,75 to 84,5,28.5550910780462,4017,985,1019,124.470998257406,24.906600249066,24.5700245700246,174.433092449539,27.1159900572287,22.7646205150793,29.3950890944345,QLD
10071,2011,January,1,85+,18,30.1553093611986,3998,985,1019,450.225112556278,236.406619385343,177.394830207805,98.7654320987654,29.8361378040106,24.7415890845193,31.0404863413205,QLD
10071,2011,February,2,85+,2,28.1309611649137,3883,985,1019,51.5065670873036,450.225112556278,236.406619385343,587.293112653497,30.1553093611986,29.8361378040106,28.8773598370414,QLD
10071,2011,March,3,85+,5,22.0033890912752,3776,985,1019,132.415254237288,51.5065670873036,450.225112556278,76.3747454175153,28.1309611649137,30.1553093611986,29.7151512706362,QLD
10071,2011,November,11,85+,22,25.9215933866374,3892,985,1019,565.262076053443,493.891343904341,179.533213644524,177.394830207805,22.1686098716026,18.3112287731418,24.7415890845193,QLD
10071,2011,December,12,85+,14,28.5925541146743,3944,985,1019,354.969574036511,565.262076053443,493.891343904341,236.406619385343,25.9215933866374,22.1686098716026,29.8361378040106,QLD
10071,2012,January,1,85+,22,29.509164956277,3875,985,1019,567.741935483871,354.969574036511,565.262076053443,450.225112556278,28.5925541146743,25.9215933866374,30.1553093611986,QLD
10071,2012,February,2,85+,6,29.7007098597736,3934,985,1019,152.516522623284,567.741935483871,354.969574036511,51.5065670873036,29.509164956277,28.5925541146743,28.1309611649137,QLD
10071,2012,March,3,85+,36,28.3714149634339,3905,985,1019,921.895006402049,152.516522623284,567.741935483871,132.415254237288,29.7007098597736,29.509164956277,22.0033890912752,QLD
10071,2012,November,11,85+,12,27.3335418123869,3958,985,1019,303.183425972714,25.3678335870117,0,565.262076053443,20.4877236199705,18.2435347280867,25.9215933866374,QLD
10071,2012,December,12,85+,24,29.0037446383195,3953,985,1019,607.133822413357,303.183425972714,25.3678335870117,354.969574036511,27.3335418123869,20.4877236199705,28.5925541146743,QLD
10071,2013,January,1,85+,18,32.0248541655315,3917,985,1019,459.535358692877,607.133822413357,303.183425972714,567.741935483871,29.0037446383195,27.3335418123869,29.509164956277,QLD
10071,2013,February,2,85+,6,30.4309647135369,4014,985,1019,149.476831091181,459.535358692877,607.133822413357,152.516522623284,32.0248541655315,29.0037446383195,29.7007098597736,QLD
10071,2013,March,3,85+,15,25.8136136711456,3824,985,1019,392.259414225941,149.476831091181,459.535358692877,921.895006402049,30.4309647135369,32.0248541655315,28.3714149634339,QLD
10071,2013,November,11,85+,10,24.3952381467551,3832,985,1019,260.960334029228,74.5526838966203,25.4647313470843,303.183425972714,21.9794325402127,18.2225915522526,27.3335418123869,QLD
10071,2013,December,12,85+,0,31.5892852745391,4097,985,1019,0,260.960334029228,74.5526838966203,607.133822413357,24.3952381467551,21.9794325402127,29.0037446383195,QLD
10071,2014,January,1,85+,6,30.2033790705186,4040,985,1019,148.514851485149,0,260.960334029228,459.535358692877,31.5892852745391,24.3952381467551,32.0248541655315,QLD
10071,2014,February,2,85+,17,27.1237018442108,3926,985,1019,433.01069791136,148.514851485149,0,149.476831091181,30.2033790705186,31.5892852745391,30.4309647135369,QLD
10071,2014,March,3,85+,6,26.8429953072945,4058,985,1019,147.856086742238,433.01069791136,148.514851485149,392.259414225941,27.1237018442108,30.2033790705186,25.8136136711456,QLD
10071,2014,November,11,85+,5,26.2800784533679,4021,985,1019,124.347177319075,49.5908752789487,25.4258835494533,260.960334029228,19.4435032937177,19.3524206753116,24.3952381467551,QLD
10071,2014,December,12,85+,2,27.7565775291644,3897,985,1019,51.3215293815756,124.347177319075,49.5908752789487,0,26.2800784533679,19.4435032937177,31.5892852745391,QLD
10071,2015,January,1,85+,28,30.3386558504022,4037,985,1019,693.584344810503,51.3215293815756,124.347177319075,148.514851485149,27.7565775291644,26.2800784533679,30.2033790705186,QLD
10071,2015,February,2,85+,23,29.0817329497811,4069,985,1019,565.249447038585,693.584344810503,51.3215293815756,433.01069791136,30.3386558504022,27.7565775291644,27.1237018442108,QLD
10071,2015,March,3,85+,18,25.056366895895,4039,985,1019,445.65486506561,565.249447038585,693.584344810503,147.856086742238,29.0817329497811,30.3386558504022,26.8429953072945,QLD
10071,2015,November,11,85+,9,25.9289081942685,4047,985,1019,222.38695329874,272.749814034218,101.522842639594,124.347177319075,20.8072249444504,17.2877402426264,26.2800784533679,QLD
10071,2015,December,12,85+,12,32.6917112758885,4084,985,1019,293.82957884427,222.38695329874,272.749814034218,51.3215293815756,25.9289081942685,20.8072249444504,27.7565775291644,QLD
10071,2016,January,1,85+,4,31.3397270934279,4175,985,1019,95.8083832335329,293.82957884427,222.38695329874,693.584344810503,32.6917112758885,25.9289081942685,30.3386558504022,QLD
10071,2016,February,2,85+,15,29.4426347577776,4200,985,1019,357.142857142857,95.8083832335329,293.82957884427,565.249447038585,31.3397270934279,32.6917112758885,29.0817329497811,QLD
10071,2016,March,3,85+,12,26.0529434951953,4203,985,1019,285.510349750178,357.142857142857,95.8083832335329,445.65486506561,29.4426347577776,31.3397270934279,25.056366895895,QLD
10071,2016,November,11,85+,13,25.8377139735912,4064,985,1019,319.88188976378,98.838645910551,99.7008973080758,222.38695329874,20.7094462037332,19.7221248059816,25.9289081942685,QLD
10071,2016,December,12,85+,15,28.249261953981,4071,985,1019,368.459837877671,319.88188976378,98.838645910551,293.82957884427,25.8377139735912,20.7094462037332,32.6917112758885,QLD
10072,2011,January,1,75 to 84,76,28.3468507922479,18230,933,870,416.895227646736,194.330132601738,58.1395348837209,307.364936753753,28.2973289073049,28.1004899503541,28.8838478522288,QLD
10072,2011,February,2,75 to 84,30,27.4005475763143,17775,933,870,168.776371308017,416.895227646736,194.330132601738,472.503700330183,28.3468507922479,28.2973289073049,27.9819811321764,QLD
10072,2011,March,3,75 to 84,25,25.5576405349429,17786,933,870,140.559991004161,168.776371308017,416.895227646736,893.466879125882,27.4005475763143,28.3468507922479,24.9804951139446,QLD
10072,2011,November,11,75 to 84,7,25.2432791775245,17633,933,870,39.6982929734021,202.714116785855,322.096962292442,58.1395348837209,19.420635855979,16.8047839812727,28.1004899503541,QLD
10072,2011,December,12,75 to 84,25,27.5578284380619,17314,933,870,144.391821647222,39.6982929734021,202.714116785855,194.330132601738,25.2432791775245,19.420635855979,28.2973289073049,QLD
10072,2012,January,1,75 to 84,8,29.8828219020656,17714,933,870,45.1620187422378,144.391821647222,39.6982929734021,416.895227646736,27.5578284380619,25.2432791775245,28.3468507922479,QLD
10072,2012,February,2,75 to 84,31,25.3759360473914,18001,933,870,172.212654852508,45.1620187422378,144.391821647222,168.776371308017,29.8828219020656,27.5578284380619,27.4005475763143,QLD
10072,2012,March,3,75 to 84,18,24.0884772909783,18191,933,870,98.9500302347315,172.212654852508,45.1620187422378,140.559991004161,25.3759360473914,29.8828219020656,25.5576405349429,QLD
10072,2012,November,11,75 to 84,41,26.5999331272676,17725,933,870,231.311706629055,130.097856213587,297.947472964026,39.6982929734021,20.6904273283891,19.1801297250216,25.2432791775245,QLD
10072,2012,December,12,75 to 84,56,27.2162142584813,17654,933,870,317.208564631245,231.311706629055,130.097856213587,144.391821647222,26.5999331272676,20.6904273283891,27.5578284380619,QLD
10072,2013,January,1,75 to 84,113,30.6373665048607,18067,933,870,625.449714949909,317.208564631245,231.311706629055,45.1620187422378,27.2162142584813,26.5999331272676,29.8828219020656,QLD
10072,2013,February,2,75 to 84,46,28.1942225695692,18263,933,870,251.875376444177,625.449714949909,317.208564631245,172.212654852508,30.6373665048607,27.2162142584813,25.3759360473914,QLD
10072,2013,March,3,75 to 84,52,25.9172393060662,17332,933,870,300.023078698361,251.875376444177,625.449714949909,98.9500302347315,28.1942225695692,30.6373665048607,24.0884772909783,QLD
10072,2013,November,11,75 to 84,28,25.8342693024012,18045,933,870,155.167636464395,122.064636131132,71.5937878620994,231.311706629055,20.1690979847914,17.9514544731275,26.5999331272676,QLD
10072,2013,December,12,75 to 84,125,27.8370592999502,18288,933,870,683.508311461067,155.167636464395,122.064636131132,317.208564631245,25.8342693024012,20.1690979847914,27.2162142584813,QLD
10072,2014,January,1,75 to 84,41,30.0690779130306,18364,933,870,223.262905685036,683.508311461067,155.167636464395,625.449714949909,27.8370592999502,25.8342693024012,30.6373665048607,QLD
10072,2014,February,2,75 to 84,2,29.5971488329104,18271,933,870,10.9463083575064,223.262905685036,683.508311461067,251.875376444177,30.0690779130306,27.8370592999502,28.1942225695692,QLD
10072,2014,March,3,75 to 84,10,26.6447546015213,17811,933,870,56.1450788838358,10.9463083575064,223.262905685036,300.023078698361,29.5971488329104,30.0690779130306,25.9172393060662,QLD
10072,2014,November,11,75 to 84,34,27.5819661451857,18032,933,870,188.553682342502,43.8981562774364,10.6089539571398,155.167636464395,22.4263921089945,16.975248153028,25.8342693024012,QLD
10072,2014,December,12,75 to 84,82,26.6906385036642,18460,933,870,444.203683640303,188.553682342502,43.8981562774364,683.508311461067,27.5819661451857,22.4263921089945,27.8370592999502,QLD
10072,2015,January,1,75 to 84,15,31.3188275659472,18200,933,870,82.4175824175824,444.203683640303,188.553682342502,223.262905685036,26.6906385036642,27.5819661451857,30.0690779130306,QLD
10072,2015,February,2,75 to 84,67,27.3823332264325,18240,933,870,367.324561403509,82.4175824175824,444.203683640303,10.9463083575064,31.3188275659472,26.6906385036642,29.5971488329104,QLD
10072,2015,March,3,75 to 84,20,29.5210960319394,18660,933,870,107.181136120043,367.324561403509,82.4175824175824,56.1450788838358,27.3823332264325,31.3188275659472,26.6447546015213,QLD
10072,2015,November,11,75 to 84,18,25.8694670536168,18288,933,870,98.4251968503937,27.5163722414837,85.3560949586556,188.553682342502,21.9733127967111,16.2084050674131,27.5819661451857,QLD
10072,2015,December,12,75 to 84,43,27.176461355694,18118,933,870,237.333038966773,98.4251968503937,27.5163722414837,444.203683640303,25.8694670536168,21.9733127967111,26.6906385036642,QLD
10072,2016,January,1,75 to 84,5,30.2351326387306,18476,933,870,27.0621346611821,237.333038966773,98.4251968503937,82.4175824175824,27.176461355694,25.8694670536168,31.3188275659472,QLD
10072,2016,February,2,75 to 84,56,28.1807422988135,19369,933,870,289.121792555114,27.0621346611821,237.333038966773,367.324561403509,30.2351326387306,27.176461355694,27.3823332264325,QLD
10072,2016,March,3,75 to 84,90,26.5125203360958,18943,933,870,475.109539143747,289.121792555114,27.0621346611821,107.181136120043,28.1807422988135,30.2351326387306,29.5210960319394,QLD
10072,2016,November,11,75 to 84,48,26.38502313076,18267,933,870,262.768927574314,139.059742204632,229.897640812305,98.4251968503937,22.0633700212845,14.6774820706641,25.8694670536168,QLD
10072,2016,December,12,75 to 84,106,28.2511520644542,18507,933,870,572.756254390231,262.768927574314,139.059742204632,237.333038966773,26.38502313076,22.0633700212845,27.176461355694,QLD
10072,2011,January,1,85+,91,31.6600605719156,17050,933,870,533.724340175953,266.35784597568,588.509497727538,474.013881835111,29.9133826415487,24.901283361017,29.3356825069015,QLD
10072,2011,February,2,85+,48,29.6830011042038,17127,933,870,280.259239796812,533.724340175953,266.35784597568,373.241458512776,31.6600605719156,29.9133826415487,27.2653269166153,QLD
10072,2011,March,3,85+,79,26.8593597941356,17700,933,870,446.327683615819,280.259239796812,533.724340175953,151.630022744503,29.6830011042038,31.6600605719156,25.4394931201781,QLD
10072,2011,November,11,85+,106,26.7367299851489,17716,933,870,598.329193948973,613.745585084824,230.699977492685,588.509497727538,24.924606077869,19.5881727986615,24.901283361017,QLD
10072,2011,December,12,85+,219,29.3505886762886,17044,933,870,1284.90964562309,598.329193948973,613.745585084824,266.35784597568,26.7367299851489,24.924606077869,29.9133826415487,QLD
10072,2012,January,1,85+,18,32.0205556877371,17967,933,870,100.18367006178,1284.90964562309,598.329193948973,533.724340175953,29.3505886762886,26.7367299851489,31.6600605719156,QLD
10072,2012,February,2,85+,52,30.3577510189031,17832,933,870,291.610587707492,100.18367006178,1284.90964562309,280.259239796812,32.0205556877371,29.3505886762886,29.6830011042038,QLD
10072,2012,March,3,85+,17,24.9108845392067,17458,933,870,97.3765608889907,291.610587707492,100.18367006178,446.327683615819,30.3577510189031,32.0205556877371,26.8593597941356,QLD
10072,2012,November,11,85+,84,25.5249580865078,18156,933,870,462.65697290152,166.465759715286,38.9169956079391,598.329193948973,21.2603030935191,16.3364320674835,26.7367299851489,QLD
10072,2012,December,12,85+,64,27.2317027436797,17987,933,870,355.812531272586,462.65697290152,166.465759715286,1284.90964562309,25.5249580865078,21.2603030935191,29.3505886762886,QLD
10072,2013,January,1,85+,94,31.9672891238696,17729,933,870,530.204749280839,355.812531272586,462.65697290152,100.18367006178,27.2317027436797,25.5249580865078,32.0205556877371,QLD
10072,2013,February,2,85+,28,31.8789448490467,17330,933,870,161.569532602424,530.204749280839,355.812531272586,291.610587707492,31.9672891238696,27.2317027436797,30.3577510189031,QLD
10072,2013,March,3,85+,14,26.9694234325758,18302,933,870,76.4943721997596,161.569532602424,530.204749280839,97.3765608889907,31.8789448490467,31.9672891238696,24.9108845392067,QLD
10072,2013,November,11,85+,16,25.2218147724659,17728,933,870,90.2527075812274,1349.80678169052,882.917466410749,462.65697290152,22.1965142364419,18.3365187183863,25.5249580865078,QLD
10072,2013,December,12,85+,60,27.4506183539792,17572,933,870,341.452310493968,90.2527075812274,1349.80678169052,355.812531272586,25.2218147724659,22.1965142364419,27.2317027436797,QLD
10072,2014,January,1,85+,133,30.5377537467093,18473,933,870,719.969685486927,341.452310493968,90.2527075812274,530.204749280839,27.4506183539792,25.2218147724659,31.9672891238696,QLD
10072,2014,February,2,85+,89,29.7797921444084,17871,933,870,498.013541491802,719.969685486927,341.452310493968,161.569532602424,30.5377537467093,27.4506183539792,31.8789448490467,QLD
10072,2014,March,3,85+,21,25.1034789475024,17754,933,870,118.283203785063,498.013541491802,719.969685486927,76.4943721997596,29.7797921444084,30.5377537467093,26.9694234325758,QLD
10072,2014,November,11,85+,15,25.5843290268673,17706,933,870,84.717045069468,180.762489044698,5.48245614035088,90.2527075812274,21.083663296242,16.3179230046889,25.2218147724659,QLD
10072,2014,December,12,85+,10,26.5091506138955,17988,933,870,55.5926173004225,84.717045069468,180.762489044698,341.452310493968,25.5843290268673,21.083663296242,27.4506183539792,QLD
10072,2015,January,1,85+,2,29.6299874409389,18150,933,870,11.0192837465565,55.5926173004225,84.717045069468,719.969685486927,26.5091506138955,25.5843290268673,30.5377537467093,QLD
10072,2015,February,2,85+,18,30.2250775136488,18410,933,870,97.7729494839761,11.0192837465565,55.5926173004225,498.013541491802,29.6299874409389,26.5091506138955,29.7797921444084,QLD
10072,2015,March,3,85+,49,26.0530120500897,18359,933,870,266.89906857672,97.7729494839761,11.0192837465565,118.283203785063,30.2250775136488,29.6299874409389,25.1034789475024,QLD
10072,2015,November,11,85+,60,25.5217324198615,18544,933,870,323.554788610871,170.65785851913,139.105274872023,84.717045069468,20.6276535970955,14.8418736625481,25.5843290268673,QLD
10072,2015,December,12,85+,133,29.7785549898374,18717,933,870,710.583961104878,323.554788610871,170.65785851913,55.5926173004225,25.5217324198615,20.6276535970955,26.5091506138955,QLD
10072,2016,January,1,85+,17,29.2358497119878,18765,933,870,90.5941913136158,710.583961104878,323.554788610871,11.0192837465565,29.7785549898374,25.5217324198615,29.6299874409389,QLD
10072,2016,February,2,85+,16,27.5208144032152,18156,933,870,88.1251376955276,90.5941913136158,710.583961104878,97.7729494839761,29.2358497119878,29.7785549898374,30.2250775136488,QLD
10072,2016,March,3,85+,126,27.0183439556265,17889,933,870,704.343451282911,88.1251376955276,90.5941913136158,266.89906857672,27.5208144032152,29.2358497119878,26.0530120500897,QLD
10072,2016,November,11,85+,66,26.3261782300139,18137,933,870,363.897006120086,218.35223944187,269.765511516912,323.554788610871,19.2314288881633,20.9307367308421,25.5217324198615,QLD
10072,2016,December,12,85+,37,30.3918425970905,18678,933,870,198.094014348431,363.897006120086,218.35223944187,710.583961104878,26.3261782300139,19.2314288881633,29.7785549898374,QLD
10073,2011,January,1,75 to 84,0,27.7990051519943,515,1052,1111,0,0,0,0,27.1586425358701,27.4556864898633,27.1609565154332,QLD
10073,2011,February,2,75 to 84,0,31.9977987844293,497,1052,1111,0,0,0,0,27.7990051519943,27.1586425358701,28.6065612902611,QLD
10073,2011,March,3,75 to 84,1,26.4548549485548,514,1052,1111,194.552529182879,0,0,0,31.9977987844293,27.7990051519943,26.267816460743,QLD
10073,2011,November,11,75 to 84,0,25.4842734608538,520,1052,1111,0,0,0,0,23.5654011945971,16.8509118405849,27.4556864898633,QLD
10073,2011,December,12,75 to 84,1,29.0410620538572,507,1052,1111,197.23865877712,0,0,0,25.4842734608538,23.5654011945971,27.1586425358701,QLD
10073,2012,January,1,75 to 84,1,31.974421873793,519,1052,1111,192.678227360308,197.23865877712,0,0,29.0410620538572,25.4842734608538,27.7990051519943,QLD
10073,2012,February,2,75 to 84,1,27.9293244045646,520,1052,1111,192.307692307692,192.678227360308,197.23865877712,0,31.974421873793,29.0410620538572,31.9977987844293,QLD
10073,2012,March,3,75 to 84,0,22.1092957061319,504,1052,1111,0,192.307692307692,192.678227360308,194.552529182879,27.9293244045646,31.974421873793,26.4548549485548,QLD
10073,2012,November,11,75 to 84,0,28.710545603871,527,1052,1111,0,194.931773879142,0,0,20.2036947928688,16.3150321908681,25.4842734608538,QLD
10073,2012,December,12,75 to 84,0,31.3699352459865,509,1052,1111,0,0,194.931773879142,197.23865877712,28.710545603871,20.2036947928688,29.0410620538572,QLD
10073,2013,January,1,75 to 84,0,30.8183911874995,536,1052,1111,0,0,0,192.678227360308,31.3699352459865,28.710545603871,31.974421873793,QLD
10073,2013,February,2,75 to 84,0,27.4208884393079,498,1052,1111,0,0,0,192.307692307692,30.8183911874995,31.3699352459865,27.9293244045646,QLD
10073,2013,March,3,75 to 84,0,24.3647953756304,515,1052,1111,0,0,0,0,27.4208884393079,30.8183911874995,22.1092957061319,QLD
10073,2013,November,11,75 to 84,0,24.9783126313974,507,1052,1111,0,0,0,0,25.5584992675445,16.230375713218,28.710545603871,QLD
10073,2013,December,12,75 to 84,0,28.2781338597933,525,1052,1111,0,0,0,0,24.9783126313974,25.5584992675445,31.3699352459865,QLD
10073,2014,January,1,75 to 84,0,29.5486746722834,532,1052,1111,0,0,0,0,28.2781338597933,24.9783126313974,30.8183911874995,QLD
10073,2014,February,2,75 to 84,0,28.1759215174176,528,1052,1111,0,0,0,0,29.5486746722834,28.2781338597933,27.4208884393079,QLD
10073,2014,March,3,75 to 84,1,24.7269118636183,544,1052,1111,183.823529411765,0,0,0,28.1759215174176,29.5486746722834,24.3647953756304,QLD
10073,2014,November,11,75 to 84,0,25.6522812265884,521,1052,1111,0,0,0,0,22.7023697223615,17.3761249506581,24.9783126313974,QLD
10073,2014,December,12,75 to 84,0,30.009997037103,522,1052,1111,0,0,0,0,25.6522812265884,22.7023697223615,28.2781338597933,QLD
10073,2015,January,1,75 to 84,0,26.7120049523536,532,1052,1111,0,0,0,0,30.009997037103,25.6522812265884,29.5486746722834,QLD
10073,2015,February,2,75 to 84,0,30.766199110966,537,1052,1111,0,0,0,0,26.7120049523536,30.009997037103,28.1759215174176,QLD
10073,2015,March,3,75 to 84,0,24.4300340995395,540,1052,1111,0,0,0,183.823529411765,30.766199110966,26.7120049523536,24.7269118636183,QLD
10073,2015,November,11,75 to 84,1,26.3758042112567,541,1052,1111,184.842883548983,0,0,0,22.1247027855501,17.1564944563366,25.6522812265884,QLD
10073,2015,December,12,75 to 84,2,26.6893400656622,523,1052,1111,382.409177820268,184.842883548983,0,0,26.3758042112567,22.1247027855501,30.009997037103,QLD
10073,2016,January,1,75 to 84,0,29.8273952153769,545,1052,1111,0,382.409177820268,184.842883548983,0,26.6893400656622,26.3758042112567,26.7120049523536,QLD
10073,2016,February,2,75 to 84,0,29.0058088037826,528,1052,1111,0,0,382.409177820268,0,29.8273952153769,26.6893400656622,30.766199110966,QLD
10073,2016,March,3,75 to 84,0,28.5262294011157,517,1052,1111,0,0,0,0,29.0058088037826,29.8273952153769,24.4300340995395,QLD
10073,2016,November,11,75 to 84,0,27.6870427766571,532,1052,1111,0,0,0,184.842883548983,23.314171578289,16.7332754798686,26.3758042112567,QLD
10073,2016,December,12,75 to 84,0,28.6633576311107,521,1052,1111,0,0,0,382.409177820268,27.6870427766571,23.314171578289,26.6893400656622,QLD
10073,2011,January,1,85+,0,28.5733158864898,511,1052,1111,0,402.414486921529,190.114068441065,194.174757281553,28.869277812728,27.0483430952792,29.7007405379448,QLD
10073,2011,February,2,85+,1,29.4635755772446,509,1052,1111,196.463654223969,0,402.414486921529,397.614314115308,28.5733158864898,28.869277812728,29.467781127575,QLD
10073,2011,March,3,85+,1,27.8707265801624,501,1052,1111,199.600798403194,196.463654223969,0,0,29.4635755772446,28.5733158864898,27.3950399225609,QLD
10073,2011,November,11,85+,1,26.6179659023087,511,1052,1111,195.694716242661,196.850393700787,0,190.114068441065,20.7035481252149,18.3418449592909,27.0483430952792,QLD
10073,2011,December,12,85+,0,30.7425994119732,529,1052,1111,0,195.694716242661,196.850393700787,402.414486921529,26.6179659023087,20.7035481252149,28.869277812728,QLD
10073,2012,January,1,85+,0,29.2185847112738,515,1052,1111,0,0,195.694716242661,0,30.7425994119732,26.6179659023087,28.5733158864898,QLD
10073,2012,February,2,85+,0,30.3980625668506,515,1052,1111,0,0,0,196.463654223969,29.2185847112738,30.7425994119732,29.4635755772446,QLD
10073,2012,March,3,85+,0,25.3855476709996,513,1052,1111,0,0,0,199.600798403194,30.3980625668506,29.2185847112738,27.8707265801624,QLD
10073,2012,November,11,85+,0,25.1751424665282,518,1052,1111,0,0,0,195.694716242661,21.4319934405382,17.3331924435031,26.6179659023087,QLD
10073,2012,December,12,85+,0,31.8653417119607,515,1052,1111,0,0,0,0,25.1751424665282,21.4319934405382,30.7425994119732,QLD
10073,2013,January,1,85+,0,33.4149026256617,531,1052,1111,0,0,0,0,31.8653417119607,25.1751424665282,29.2185847112738,QLD
10073,2013,February,2,85+,0,28.1724608371263,536,1052,1111,0,0,0,0,33.4149026256617,31.8653417119607,30.3980625668506,QLD
10073,2013,March,3,85+,0,28.3816593560167,513,1052,1111,0,0,0,0,28.1724608371263,33.4149026256617,25.3855476709996,QLD
10073,2013,November,11,85+,0,25.9222064899554,515,1052,1111,0,0,0,0,23.4054512710048,17.6544111545336,25.1751424665282,QLD
10073,2013,December,12,85+,0,27.824028477136,529,1052,1111,0,0,0,0,25.9222064899554,23.4054512710048,31.8653417119607,QLD
10073,2014,January,1,85+,1,30.3794222356894,520,1052,1111,192.307692307692,0,0,0,27.824028477136,25.9222064899554,33.4149026256617,QLD
10073,2014,February,2,85+,0,27.7179576767815,523,1052,1111,0,192.307692307692,0,0,30.3794222356894,27.824028477136,28.1724608371263,QLD
10073,2014,March,3,85+,0,22.140686230535,542,1052,1111,0,0,192.307692307692,0,27.7179576767815,30.3794222356894,28.3816593560167,QLD
10073,2014,November,11,85+,0,24.3299306249358,530,1052,1111,0,0,0,0,21.2225619423092,20.102738233547,25.9222064899554,QLD
10073,2014,December,12,85+,0,29.134074459207,535,1052,1111,0,0,0,0,24.3299306249358,21.2225619423092,27.824028477136,QLD
10073,2015,January,1,85+,1,30.251312677322,541,1052,1111,184.842883548983,0,0,192.307692307692,29.134074459207,24.3299306249358,30.3794222356894,QLD
10073,2015,February,2,85+,0,30.2812626646464,543,1052,1111,0,184.842883548983,0,0,30.251312677322,29.134074459207,27.7179576767815,QLD
10073,2015,March,3,85+,0,27.4584221325572,518,1052,1111,0,0,184.842883548983,0,30.2812626646464,30.251312677322,22.140686230535,QLD
10073,2015,November,11,85+,0,29.3764373525197,529,1052,1111,0,0,0,0,21.319076578691,17.9401838108527,24.3299306249358,QLD
10073,2015,December,12,85+,2,30.9586703558281,526,1052,1111,380.228136882129,0,0,0,29.3764373525197,21.319076578691,29.134074459207,QLD
10073,2016,January,1,85+,0,27.7257661274968,543,1052,1111,0,380.228136882129,0,184.842883548983,30.9586703558281,29.3764373525197,30.251312677322,QLD
10073,2016,February,2,85+,0,28.5938822675551,552,1052,1111,0,0,380.228136882129,0,27.7257661274968,30.9586703558281,30.2812626646464,QLD
10073,2016,March,3,85+,0,23.4490376329847,556,1052,1111,0,0,0,0,28.5938822675551,27.7257661274968,27.4584221325572,QLD
10073,2016,November,11,85+,0,25.1471057320026,539,1052,1111,0,0,186.567164179104,0,22.9165740246887,15.3159077715871,29.3764373525197,QLD
10073,2016,December,12,85+,0,27.9329364028076,542,1052,1111,0,0,0,380.228136882129,25.1471057320026,22.9165740246887,30.9586703558281,QLD
10074,2011,January,1,75 to 84,6,26.6933247894493,1735,990,1069,345.821325648415,62.5390869293308,0,181.050090525045,30.7951763777818,26.1833212345846,29.2161429797195,QLD
10074,2011,February,2,75 to 84,1,25.6030553409099,1640,990,1069,60.9756097560976,345.821325648415,62.5390869293308,0,26.6933247894493,30.7951763777818,25.008305110382,QLD
10074,2011,March,3,75 to 84,4,26.4400935904917,1707,990,1069,234.329232571763,60.9756097560976,345.821325648415,0,25.6030553409099,26.6933247894493,27.0528645762335,QLD
10074,2011,November,11,75 to 84,0,27.897541032433,1728,990,1069,0,0,57.5705238917674,0,20.0676428801275,17.9627496945277,26.1833212345846,QLD
10074,2011,December,12,75 to 84,1,28.9589617403144,1692,990,1069,59.1016548463357,0,0,62.5390869293308,27.897541032433,20.0676428801275,30.7951763777818,QLD
10074,2012,January,1,75 to 84,1,29.130238449349,1699,990,1069,58.8581518540318,59.1016548463357,0,345.821325648415,28.9589617403144,27.897541032433,26.6933247894493,QLD
10074,2012,February,2,75 to 84,4,30.1908694492275,1691,990,1069,236.546422235364,58.8581518540318,59.1016548463357,60.9756097560976,29.130238449349,28.9589617403144,25.6030553409099,QLD
10074,2012,March,3,75 to 84,21,27.6115109427469,1698,990,1069,1236.74911660777,236.546422235364,58.8581518540318,234.329232571763,30.1908694492275,29.130238449349,26.4400935904917,QLD
10074,2012,November,11,75 to 84,0,25.3697218628833,1729,990,1069,0,0,117.508813160987,0,21.5989955813033,17.6581361905908,27.897541032433,QLD
10074,2012,December,12,75 to 84,2,26.9995830246054,1640,990,1069,121.951219512195,0,0,59.1016548463357,25.3697218628833,21.5989955813033,28.9589617403144,QLD
10074,2013,January,1,75 to 84,0,27.460851121458,1734,990,1069,0,121.951219512195,0,58.8581518540318,26.9995830246054,25.3697218628833,29.130238449349,QLD
10074,2013,February,2,75 to 84,0,28.1297477067646,1751,990,1069,0,0,121.951219512195,236.546422235364,27.460851121458,26.9995830246054,30.1908694492275,QLD
10074,2013,March,3,75 to 84,2,24.5250270321958,1698,990,1069,117.785630153121,0,0,1236.74911660777,28.1297477067646,27.460851121458,27.6115109427469,QLD
10074,2013,November,11,75 to 84,0,24.8912976547314,1728,990,1069,0,0,0,0,24.4956690520052,19.0753752892045,25.3697218628833,QLD
10074,2013,December,12,75 to 84,1,28.5638611325301,1704,990,1069,58.6854460093897,0,0,121.951219512195,24.8912976547314,24.4956690520052,26.9995830246054,QLD
10074,2014,January,1,75 to 84,0,30.5328615877343,1698,990,1069,0,58.6854460093897,0,0,28.5638611325301,24.8912976547314,27.460851121458,QLD
10074,2014,February,2,75 to 84,0,30.3088991009327,1698,990,1069,0,0,58.6854460093897,0,30.5328615877343,28.5638611325301,28.1297477067646,QLD
10074,2014,March,3,75 to 84,0,25.3661542746758,1814,990,1069,0,0,0,117.785630153121,30.3088991009327,30.5328615877343,24.5250270321958,QLD
10074,2014,November,11,75 to 84,4,23.5540851792223,1772,990,1069,225.733634311512,55.8971492453885,0,0,20.39669791135,19.2131583467192,24.8912976547314,QLD
10074,2014,December,12,75 to 84,2,27.2842291530436,1770,990,1069,112.994350282486,225.733634311512,55.8971492453885,58.6854460093897,23.5540851792223,20.39669791135,28.5638611325301,QLD
10074,2015,January,1,75 to 84,5,29.7295804891643,1713,990,1069,291.885580852306,112.994350282486,225.733634311512,0,27.2842291530436,23.5540851792223,30.5328615877343,QLD
10074,2015,February,2,75 to 84,1,30.0283266413751,1769,990,1069,56.5291124929339,291.885580852306,112.994350282486,0,29.7295804891643,27.2842291530436,30.3088991009327,QLD
10074,2015,March,3,75 to 84,9,25.2296805483801,1754,990,1069,513.112884834664,56.5291124929339,291.885580852306,0,30.0283266413751,29.7295804891643,25.3661542746758,QLD
10074,2015,November,11,75 to 84,1,26.396605762845,1795,990,1069,55.7103064066853,0,0,225.733634311512,24.6560795498083,17.7763377496472,23.5540851792223,QLD
10074,2015,December,12,75 to 84,5,28.101189268886,1816,990,1069,275.330396475771,55.7103064066853,0,112.994350282486,26.396605762845,24.6560795498083,27.2842291530436,QLD
10074,2016,January,1,75 to 84,6,30.9090219554049,1748,990,1069,343.24942791762,275.330396475771,55.7103064066853,291.885580852306,28.101189268886,26.396605762845,29.7295804891643,QLD
10074,2016,February,2,75 to 84,1,27.7989377176974,1751,990,1069,57.1102227298687,343.24942791762,275.330396475771,56.5291124929339,30.9090219554049,28.101189268886,30.0283266413751,QLD
10074,2016,March,3,75 to 84,4,25.2538178174265,1760,990,1069,227.272727272727,57.1102227298687,343.24942791762,513.112884834664,27.7989377176974,30.9090219554049,25.2296805483801,QLD
10074,2016,November,11,75 to 84,1,25.7604322844165,1800,990,1069,55.5555555555556,111.049416990561,55.4938956714761,55.7103064066853,24.9035603705395,19.9573734098817,26.396605762845,QLD
10074,2016,December,12,75 to 84,1,29.8200070242508,1767,990,1069,56.5930956423317,55.5555555555556,111.049416990561,275.330396475771,25.7604322844165,24.9035603705395,28.101189268886,QLD
10074,2011,January,1,85+,3,32.3604995308794,1684,990,1069,178.147268408551,0,61.3873542050338,609.756097560976,29.2860636956967,25.7811654502935,29.7878751385325,QLD
10074,2011,February,2,85+,3,30.6357527844863,1707,990,1069,175.746924428823,178.147268408551,0,366.300366300366,32.3604995308794,29.2860636956967,30.1665889723419,QLD
10074,2011,March,3,85+,4,27.110739692812,1724,990,1069,232.018561484919,175.746924428823,178.147268408551,119.83223487118,30.6357527844863,32.3604995308794,27.0648630040023,QLD
10074,2011,November,11,85+,2,26.1170937334457,1670,990,1069,119.760479041916,0,0,61.3873542050338,23.0156393701616,19.7125452558725,25.7811654502935,QLD
10074,2011,December,12,85+,2,29.8586686460695,1730,990,1069,115.606936416185,119.760479041916,0,0,26.1170937334457,23.0156393701616,29.2860636956967,QLD
10074,2012,January,1,85+,4,30.0018775854066,1716,990,1069,233.100233100233,115.606936416185,119.760479041916,178.147268408551,29.8586686460695,26.1170937334457,32.3604995308794,QLD
10074,2012,February,2,85+,1,27.5540470460955,1663,990,1069,60.1322910402886,233.100233100233,115.606936416185,175.746924428823,30.0018775854066,29.8586686460695,30.6357527844863,QLD
10074,2012,March,3,85+,2,26.00726169203,1650,990,1069,121.212121212121,60.1322910402886,233.100233100233,232.018561484919,27.5540470460955,30.0018775854066,27.110739692812,QLD
10074,2012,November,11,85+,1,26.6176037984681,1743,990,1069,57.372346528973,0,0,119.760479041916,18.2886135257946,16.8245505420792,26.1170937334457,QLD
10074,2012,December,12,85+,3,29.4795021267163,1664,990,1069,180.288461538462,57.372346528973,0,115.606936416185,26.6176037984681,18.2886135257946,29.8586686460695,QLD
10074,2013,January,1,85+,3,28.3519044317074,1687,990,1069,177.8304682869,180.288461538462,57.372346528973,233.100233100233,29.4795021267163,26.6176037984681,30.0018775854066,QLD
10074,2013,February,2,85+,6,30.5620716726457,1737,990,1069,345.423143350604,177.8304682869,180.288461538462,60.1322910402886,28.3519044317074,29.4795021267163,27.5540470460955,QLD
10074,2013,March,3,85+,0,25.1810125990411,1667,990,1069,0,345.423143350604,177.8304682869,121.212121212121,30.5620716726457,28.3519044317074,26.00726169203,QLD
10074,2013,November,11,85+,3,27.5905767419788,1653,990,1069,181.488203266788,117.370892018779,58.8581518540318,57.372346528973,20.2724666857332,20.5154759054284,26.6176037984681,QLD
10074,2013,December,12,85+,3,31.3606292661434,1722,990,1069,174.216027874564,181.488203266788,117.370892018779,180.288461538462,27.5905767419788,20.2724666857332,29.4795021267163,QLD
10074,2014,January,1,85+,5,30.9932825028784,1779,990,1069,281.056773468241,174.216027874564,181.488203266788,177.8304682869,31.3606292661434,27.5905767419788,28.3519044317074,QLD
10074,2014,February,2,85+,2,28.4809453036871,1747,990,1069,114.481969089868,281.056773468241,174.216027874564,345.423143350604,30.9932825028784,31.3606292661434,30.5620716726457,QLD
10074,2014,March,3,85+,3,26.4935251606197,1693,990,1069,177.200236266982,114.481969089868,281.056773468241,0,28.4809453036871,30.9932825028784,25.1810125990411,QLD
10074,2014,November,11,85+,8,26.2961427747314,1720,990,1069,465.116279069768,110.01100110011,56.4015792442189,181.488203266788,23.9724427337696,22.3361650915831,27.5905767419788,QLD
10074,2014,December,12,85+,13,30.4301503462203,1695,990,1069,766.961651917404,465.116279069768,110.01100110011,174.216027874564,26.2961427747314,23.9724427337696,31.3606292661434,QLD
10074,2015,January,1,85+,5,31.1486677274957,1756,990,1069,284.738041002278,766.961651917404,465.116279069768,281.056773468241,30.4301503462203,26.2961427747314,30.9932825028784,QLD
10074,2015,February,2,85+,1,27.0952089733128,1816,990,1069,55.0660792951542,284.738041002278,766.961651917404,114.481969089868,31.1486677274957,30.4301503462203,28.4809453036871,QLD
10074,2015,March,3,85+,0,24.4489240185803,1776,990,1069,0,55.0660792951542,284.738041002278,177.200236266982,27.0952089733128,31.1486677274957,26.4935251606197,QLD
10074,2015,November,11,85+,5,28.5495628032891,1773,990,1069,282.007896221094,110.253583241455,117.785630153121,465.116279069768,23.6278906478061,17.9740757326725,26.2961427747314,QLD
10074,2015,December,12,85+,7,27.6847786046034,1723,990,1069,406.2681369704,282.007896221094,110.253583241455,766.961651917404,28.5495628032891,23.6278906478061,30.4301503462203,QLD
10074,2016,January,1,85+,1,30.8140603286039,1759,990,1069,56.8504832291075,406.2681369704,282.007896221094,284.738041002278,27.6847786046034,28.5495628032891,31.1486677274957,QLD
10074,2016,February,2,85+,1,29.5777582201641,1746,990,1069,57.2737686139748,56.8504832291075,406.2681369704,55.0660792951542,30.8140603286039,27.6847786046034,27.0952089733128,QLD
10074,2016,March,3,85+,5,26.5736205891994,1786,990,1069,279.955207166853,57.2737686139748,56.8504832291075,0,29.5777582201641,30.8140603286039,24.4489240185803,QLD
10074,2016,November,11,85+,0,26.5029075777391,1721,990,1069,0,227.790432801822,227.66078542971,282.007896221094,21.1365399891457,17.8261642202001,28.5495628032891,QLD
10074,2016,December,12,85+,0,30.5974511222562,1696,990,1069,0,0,227.790432801822,406.2681369704,26.5029075777391,21.1365399891457,27.6847786046034,QLD
10075,2011,January,1,75 to 84,5,30.9348383578134,14579,912,964,34.2959050689348,27.7430989041476,168.497674732089,160.578081091931,26.9373584698056,25.9099587479868,31.1955343733223,QLD
10075,2011,February,2,75 to 84,17,28.5111036856517,14530,912,964,116.999311768754,34.2959050689348,27.7430989041476,1044.54897620365,30.9348383578134,26.9373584698056,29.9209747940529,QLD
10075,2011,March,3,75 to 84,26,24.7709703222678,14377,912,964,180.844404256799,116.999311768754,34.2959050689348,194.905571610995,28.5111036856517,30.9348383578134,25.3022109064135,QLD
10075,2011,November,11,75 to 84,12,26.9711747511538,15053,912,964,79.7183285723776,358.304027602681,851.788756388416,168.497674732089,22.0617115412685,14.4281409966708,25.9099587479868,QLD
10075,2011,December,12,75 to 84,10,26.2001749702227,14502,912,964,68.9560060681286,79.7183285723776,358.304027602681,27.7430989041476,26.9711747511538,22.0617115412685,26.9373584698056,QLD
10075,2012,January,1,75 to 84,75,33.6620222709666,14910,912,964,503.018108651911,68.9560060681286,79.7183285723776,34.2959050689348,26.2001749702227,26.9711747511538,30.9348383578134,QLD
10075,2012,February,2,75 to 84,23,28.6670778856899,14987,912,964,153.466337492494,503.018108651911,68.9560060681286,116.999311768754,33.6620222709666,26.2001749702227,28.5111036856517,QLD
10075,2012,March,3,75 to 84,25,26.1366941531667,14713,912,964,169.917759804255,153.466337492494,503.018108651911,180.844404256799,28.6670778856899,33.6620222709666,24.7709703222678,QLD
10075,2012,November,11,75 to 84,13,23.7787206602927,15035,912,964,86.4649151978716,75.1828309753264,104.043837136714,79.7183285723776,20.9875658058417,18.2717441101819,26.9711747511538,QLD
10075,2012,December,12,75 to 84,22,28.6250317178273,15172,912,964,145.003954653309,86.4649151978716,75.1828309753264,68.9560060681286,23.7787206602927,20.9875658058417,26.2001749702227,QLD
10075,2013,January,1,75 to 84,3,29.6639894391251,15076,912,964,19.8991775006633,145.003954653309,86.4649151978716,503.018108651911,28.6250317178273,23.7787206602927,33.6620222709666,QLD
10075,2013,February,2,75 to 84,7,28.1510153744198,15502,912,964,45.1554638111212,19.8991775006633,145.003954653309,153.466337492494,29.6639894391251,28.6250317178273,28.6670778856899,QLD
10075,2013,March,3,75 to 84,25,27.5182365077508,15445,912,964,161.864681126578,45.1554638111212,19.8991775006633,169.917759804255,28.1510153744198,29.6639894391251,26.1366941531667,QLD
10075,2013,November,11,75 to 84,28,25.1716856958599,15354,912,964,182.362902175329,511.039769376925,200.628636394035,86.4649151978716,21.2638966826585,18.7212427634306,23.7787206602927,QLD
10075,2013,December,12,75 to 84,34,27.0286736170705,14983,912,964,226.92384702663,182.362902175329,511.039769376925,145.003954653309,25.1716856958599,21.2638966826585,28.6250317178273,QLD
10075,2014,January,1,75 to 84,30,30.187938608873,15159,912,964,197.90223629527,226.92384702663,182.362902175329,19.8991775006633,27.0286736170705,25.1716856958599,29.6639894391251,QLD
10075,2014,February,2,75 to 84,19,28.8221998126367,15228,912,964,124.770160231153,197.90223629527,226.92384702663,45.1554638111212,30.187938608873,27.0286736170705,28.1510153744198,QLD
10075,2014,March,3,75 to 84,31,26.7013094819688,14558,912,964,212.941338095892,124.770160231153,197.90223629527,161.864681126578,28.8221998126367,30.187938608873,27.5182365077508,QLD
10075,2014,November,11,75 to 84,39,24.918530545939,14734,912,964,264.693905253156,232.798758406622,203.572366692934,182.362902175329,22.9170784210607,18.5381018100827,25.1716856958599,QLD
10075,2014,December,12,75 to 84,44,27.1218051331603,15675,912,964,280.701754385965,264.693905253156,232.798758406622,226.92384702663,24.918530545939,22.9170784210607,27.0286736170705,QLD
10075,2015,January,1,75 to 84,59,29.9536417920715,15095,912,964,390.857899966876,280.701754385965,264.693905253156,197.90223629527,27.1218051331603,24.918530545939,30.187938608873,QLD
10075,2015,February,2,75 to 84,46,30.4734536724627,15580,912,964,295.250320924262,390.857899966876,280.701754385965,124.770160231153,29.9536417920715,27.1218051331603,28.8221998126367,QLD
10075,2015,March,3,75 to 84,61,26.2623783393438,15410,912,964,395.846852693057,295.250320924262,390.857899966876,212.941338095892,30.4734536724627,29.9536417920715,26.7013094819688,QLD
10075,2015,November,11,75 to 84,6,23.0330470314232,15235,912,964,39.3829996718083,180.925303696046,110.032362459547,264.693905253156,23.925583465054,16.8566338335502,24.918530545939,QLD
10075,2015,December,12,75 to 84,26,28.0637682855341,15378,912,964,169.072701261542,39.3829996718083,180.925303696046,280.701754385965,23.0330470314232,23.925583465054,27.1218051331603,QLD
10075,2016,January,1,75 to 84,53,31.5380626763183,15513,912,964,341.648939599046,169.072701261542,39.3829996718083,390.857899966876,28.0637682855341,23.0330470314232,29.9536417920715,QLD
10075,2016,February,2,75 to 84,117,30.0639799169587,16066,912,964,728.245985310594,341.648939599046,169.072701261542,295.250320924262,31.5380626763183,28.0637682855341,30.4734536724627,QLD
10075,2016,March,3,75 to 84,24,27.8393527909535,15265,912,964,157.222404192597,728.245985310594,341.648939599046,395.846852693057,30.0639799169587,31.5380626763183,26.2623783393438,QLD
10075,2016,November,11,75 to 84,35,26.8768715912551,16241,912,964,215.503971430331,129.853265809635,120.344988968376,39.3829996718083,25.3307304552836,18.979344448455,23.0330470314232,QLD
10075,2016,December,12,75 to 84,7,26.782666692966,15278,912,964,45.8175153815945,215.503971430331,129.853265809635,169.072701261542,26.8768715912551,25.3307304552836,28.0637682855341,QLD
10075,2011,January,1,85+,19,28.5283043935535,14595,912,964,130.18156903049,421.318727617443,366.947540092416,268.391714266052,30.1248025841781,28.4147979814588,26.8002062432528,QLD
10075,2011,February,2,85+,31,27.269582942369,14542,912,964,213.175629211938,130.18156903049,421.318727617443,142.711518858308,28.5283043935535,30.1248025841781,28.832636445062,QLD
10075,2011,March,3,85+,39,25.4894839210898,14366,912,964,271.474314353334,213.175629211938,130.18156903049,47.9320734045467,27.269582942369,28.5283043935535,25.8883663712577,QLD
10075,2011,November,11,85+,26,24.3731683661215,14773,912,964,175.996750829215,419.021014538759,94.7546531302877,366.947540092416,20.68439548488,19.0927566723432,28.4147979814588,QLD
10075,2011,December,12,85+,14,30.8949734646827,14588,912,964,95.9692898272553,175.996750829215,419.021014538759,421.318727617443,24.3731683661215,20.68439548488,30.1248025841781,QLD
10075,2012,January,1,85+,24,28.475520298878,14866,912,964,161.442217139782,95.9692898272553,175.996750829215,130.18156903049,30.8949734646827,24.3731683661215,28.5283043935535,QLD
10075,2012,February,2,85+,52,27.7858251561052,14894,912,964,349.133879414529,161.442217139782,95.9692898272553,213.175629211938,28.475520298878,30.8949734646827,27.269582942369,QLD
10075,2012,March,3,85+,34,26.0330102256246,14972,912,964,227.09056906225,349.133879414529,161.442217139782,271.474314353334,27.7858251561052,28.475520298878,25.4894839210898,QLD
10075,2012,November,11,85+,22,25.9996212432871,15290,912,964,143.884892086331,325.351379489849,399.011970359111,175.996750829215,25.4819636014006,20.5035085490661,24.3731683661215,QLD
10075,2012,December,12,85+,79,29.4727222306044,14797,912,964,533.892005136176,143.884892086331,325.351379489849,95.9692898272553,25.9996212432871,25.4819636014006,30.8949734646827,QLD
10075,2013,January,1,85+,48,30.9885894636911,15467,912,964,310.33813926424,533.892005136176,143.884892086331,161.442217139782,29.4727222306044,25.9996212432871,28.475520298878,QLD
10075,2013,February,2,85+,36,29.9168343866841,14805,912,964,243.161094224924,310.33813926424,533.892005136176,349.133879414529,30.9885894636911,29.4727222306044,27.7858251561052,QLD
10075,2013,March,3,85+,113,27.5837038937739,14707,912,964,768.341606037941,243.161094224924,310.33813926424,227.09056906225,29.9168343866841,30.9885894636911,26.0330102256246,QLD
10075,2013,November,11,85+,44,27.2669106082587,14891,912,964,295.480491572091,64.9013499480789,137.704918032787,143.884892086331,22.075272241943,18.1311297007171,25.9996212432871,QLD
10075,2013,December,12,85+,90,27.880656564233,14875,912,964,605.042016806723,295.480491572091,64.9013499480789,533.892005136176,27.2669106082587,22.075272241943,29.4727222306044,QLD
10075,2014,January,1,85+,76,31.0598016810308,15351,912,964,495.081753631685,605.042016806723,295.480491572091,310.33813926424,27.880656564233,27.2669106082587,30.9885894636911,QLD
10075,2014,February,2,85+,135,27.3983641113782,14875,912,964,907.563025210084,495.081753631685,605.042016806723,243.161094224924,31.0598016810308,27.880656564233,29.9168343866841,QLD
10075,2014,March,3,85+,128,24.0231145996726,15345,912,964,834.147930922125,907.563025210084,495.081753631685,768.341606037941,27.3983641113782,31.0598016810308,27.5837038937739,QLD
10075,2014,November,11,85+,27,24.4612058761832,15290,912,964,176.586003924133,197.980597901406,148.482892188509,295.480491572091,20.2877482233867,18.1619558204584,27.2669106082587,QLD
10075,2014,December,12,85+,27,29.2877124959545,15857,912,964,170.271804250489,176.586003924133,197.980597901406,605.042016806723,24.4612058761832,20.2877482233867,27.880656564233,QLD
10075,2015,January,1,85+,16,30.8225656050154,16194,912,964,98.8020254415216,170.271804250489,176.586003924133,495.081753631685,29.2877124959545,24.4612058761832,31.0598016810308,QLD
10075,2015,February,2,85+,11,28.7419807357783,15838,912,964,69.4532137896199,98.8020254415216,170.271804250489,907.563025210084,30.8225656050154,29.2877124959545,27.3983641113782,QLD
10075,2015,March,3,85+,147,24.2093206101247,15091,912,964,974.090517527003,69.4532137896199,98.8020254415216,834.147930922125,28.7419807357783,30.8225656050154,24.0231145996726,QLD
10075,2015,November,11,85+,21,23.5736746961566,15638,912,964,134.288272157565,677.524429967427,230.149597238205,176.586003924133,21.0516880532984,17.3153938152648,24.4612058761832,QLD
10075,2015,December,12,85+,56,30.0552957902731,15176,912,964,369.0036900369,134.288272157565,677.524429967427,170.271804250489,23.5736746961566,21.0516880532984,29.2877124959545,QLD
10075,2016,January,1,85+,47,29.059353367208,15153,912,964,310.169603378869,369.0036900369,134.288272157565,98.8020254415216,30.0552957902731,23.5736746961566,30.8225656050154,QLD
10075,2016,February,2,85+,19,28.0307565661248,15952,912,964,119.107321965898,310.169603378869,369.0036900369,69.4532137896199,29.059353367208,30.0552957902731,28.7419807357783,QLD
10075,2016,March,3,85+,59,24.0292472401423,15683,912,964,376.203532487407,119.107321965898,310.169603378869,974.090517527003,28.0307565661248,29.059353367208,24.2093206101247,QLD
10075,2016,November,11,85+,35,25.1628757331931,15719,912,964,222.660474584897,353.765999871358,271.230222796254,134.288272157565,23.3032456240655,19.9250721776072,23.5736746961566,QLD
10075,2016,December,12,85+,96,31.5410862365184,15157,912,964,633.370719799433,222.660474584897,353.765999871358,369.0036900369,25.1628757331931,23.3032456240655,30.0552957902731,QLD
10076,2011,January,1,75 to 84,3,29.1016576453707,4977,1017,1040,60.2772754671489,40.551500405515,0,142.769732816643,28.9818846999834,25.9217043066074,31.2925567421957,QLD
10076,2011,February,2,75 to 84,3,28.9436651350823,4949,1017,1040,60.6183067286321,60.2772754671489,40.551500405515,126.422250316056,29.1016576453707,28.9818846999834,26.9958721982976,QLD
10076,2011,March,3,75 to 84,5,26.6854305336336,4910,1017,1040,101.83299389002,60.6183067286321,60.2772754671489,215.306322176551,28.9436651350823,29.1016576453707,28.339883810662,QLD
10076,2011,November,11,75 to 84,3,28.7062560211738,4988,1017,1040,60.1443464314355,60.4838709677419,161.257810925217,0,22.4646910652241,17.4615277555238,25.9217043066074,QLD
10076,2011,December,12,75 to 84,7,30.2135396473206,4706,1017,1040,148.746281342966,60.1443464314355,60.4838709677419,40.551500405515,28.7062560211738,22.4646910652241,28.9818846999834,QLD
10076,2012,January,1,75 to 84,14,31.6183683200759,4997,1017,1040,280.168100860516,148.746281342966,60.1443464314355,60.2772754671489,30.2135396473206,28.7062560211738,29.1016576453707,QLD
10076,2012,February,2,75 to 84,6,29.9084483214751,4748,1017,1040,126.36899747262,280.168100860516,148.746281342966,60.6183067286321,31.6183683200759,30.2135396473206,28.9436651350823,QLD
10076,2012,March,3,75 to 84,2,23.1907379440848,4860,1017,1040,41.1522633744856,126.36899747262,280.168100860516,101.83299389002,29.9084483214751,31.6183683200759,26.6854305336336,QLD
10076,2012,November,11,75 to 84,5,26.7004945989192,4895,1017,1040,102.145045965271,160.901045856798,159.680638722555,60.1443464314355,24.0974007722654,16.5456236253363,28.7062560211738,QLD
10076,2012,December,12,75 to 84,2,28.7007811413123,4859,1017,1040,41.1607326610414,102.145045965271,160.901045856798,148.746281342966,26.7004945989192,24.0974007722654,30.2135396473206,QLD
10076,2013,January,1,75 to 84,5,29.6602294450712,4881,1017,1040,102.438024994878,41.1607326610414,102.145045965271,280.168100860516,28.7007811413123,26.7004945989192,31.6183683200759,QLD
10076,2013,February,2,75 to 84,9,27.3720299036104,5063,1017,1040,177.76022121272,102.438024994878,41.1607326610414,126.36899747262,29.6602294450712,28.7007811413123,29.9084483214751,QLD
10076,2013,March,3,75 to 84,0,25.8953700941649,4843,1017,1040,0,177.76022121272,102.438024994878,41.1522633744856,27.3720299036104,29.6602294450712,23.1907379440848,QLD
10076,2013,November,11,75 to 84,5,26.7732268330678,4887,1017,1040,102.31225700839,565.208289721583,123.507616303005,102.145045965271,20.9824929326334,18.5631288800796,26.7004945989192,QLD
10076,2013,December,12,75 to 84,2,31.9976078603961,5185,1017,1040,38.572806171649,102.31225700839,565.208289721583,41.1607326610414,26.7732268330678,20.9824929326334,28.7007811413123,QLD
10076,2014,January,1,75 to 84,13,31.0845077363166,4984,1017,1040,260.834670947031,38.572806171649,102.31225700839,102.438024994878,31.9976078603961,26.7732268330678,29.6602294450712,QLD
10076,2014,February,2,75 to 84,20,26.9858476093198,5101,1017,1040,392.079984316801,260.834670947031,38.572806171649,177.76022121272,31.0845077363166,31.9976078603961,27.3720299036104,QLD
10076,2014,March,3,75 to 84,3,24.5204378076416,4881,1017,1040,61.4628149969269,392.079984316801,260.834670947031,0,26.9858476093198,31.0845077363166,25.8953700941649,QLD
10076,2014,November,11,75 to 84,1,26.616588054145,5021,1017,1040,19.9163513244374,139.109697933227,205.930807248764,102.31225700839,23.2004005434821,18.8739609354734,26.7732268330678,QLD
10076,2014,December,12,75 to 84,6,29.2390886758859,5151,1017,1040,116.48223645894,19.9163513244374,139.109697933227,38.572806171649,26.616588054145,23.2004005434821,31.9976078603961,QLD
10076,2015,January,1,75 to 84,5,29.3216513831946,4993,1017,1040,100.140196274785,116.48223645894,19.9163513244374,260.834670947031,29.2390886758859,26.616588054145,31.0845077363166,QLD
10076,2015,February,2,75 to 84,2,27.8662148246926,4936,1017,1040,40.5186385737439,100.140196274785,116.48223645894,392.079984316801,29.3216513831946,29.2390886758859,26.9858476093198,QLD
10076,2015,March,3,75 to 84,13,24.7271843737965,5087,1017,1040,255.553371338707,40.5186385737439,100.140196274785,61.4628149969269,27.8662148246926,29.3216513831946,24.5204378076416,QLD
10076,2015,November,11,75 to 84,1,23.8783695112865,5014,1017,1040,19.9441563621859,19.1021967526266,79.7289216663345,19.9163513244374,20.9830220283883,15.985803922202,26.616588054145,QLD
10076,2015,December,12,75 to 84,7,27.6256359890116,5036,1017,1040,138.999205718824,19.9441563621859,19.1021967526266,116.48223645894,23.8783695112865,20.9830220283883,29.2390886758859,QLD
10076,2016,January,1,75 to 84,2,29.7251972426393,5108,1017,1040,39.1542678151919,138.999205718824,19.9441563621859,100.140196274785,27.6256359890116,23.8783695112865,29.3216513831946,QLD
10076,2016,February,2,75 to 84,6,30.0268938278127,5046,1017,1040,118.906064209275,39.1542678151919,138.999205718824,40.5186385737439,29.7251972426393,27.6256359890116,27.8662148246926,QLD
10076,2016,March,3,75 to 84,2,23.4823444815273,5128,1017,1040,39.0015600624025,118.906064209275,39.1542678151919,255.553371338707,30.0268938278127,29.7251972426393,24.7271843737965,QLD
10076,2016,November,11,75 to 84,5,25.7760049400784,4948,1017,1040,101.050929668553,38.933229511388,197.511356903022,19.9441563621859,20.7374907454884,16.7678774060862,23.8783695112865,QLD
10076,2016,December,12,75 to 84,8,27.3956318071443,5131,1017,1040,155.915026310661,101.050929668553,38.933229511388,138.999205718824,25.7760049400784,20.7374907454884,27.6256359890116,QLD
10076,2011,January,1,85+,5,27.54488881344,5083,1017,1040,98.3671060397403,306.685749335514,101.957585644372,107.944732297064,28.1961506452527,21.4839067774492,30.3643445332686,QLD
10076,2011,February,2,85+,15,27.3019967298165,4716,1017,1040,318.066157760814,98.3671060397403,306.685749335514,81.2512695510868,27.54488881344,28.1961506452527,29.1226257443863,QLD
10076,2011,March,3,85+,24,25.8719899964523,4812,1017,1040,498.753117206983,318.066157760814,98.3671060397403,186.87707641196,27.3019967298165,27.54488881344,24.128147438606,QLD
10076,2011,November,11,85+,7,25.3927834894808,5005,1017,1040,139.86013986014,40.8663669799755,80.0160032006401,101.957585644372,23.2292336591107,16.342450171784,21.4839067774492,QLD
10076,2011,December,12,85+,2,25.8713700258696,4759,1017,1040,42.025635637739,139.86013986014,40.8663669799755,306.685749335514,25.3927834894808,23.2292336591107,28.1961506452527,QLD
10076,2012,January,1,85+,1,28.2487049799476,5078,1017,1040,19.6927924379677,42.025635637739,139.86013986014,98.3671060397403,25.8713700258696,25.3927834894808,27.54488881344,QLD
10076,2012,February,2,85+,5,29.2241852947909,4947,1017,1040,101.071356377603,19.6927924379677,42.025635637739,318.066157760814,28.2487049799476,25.8713700258696,27.3019967298165,QLD
10076,2012,March,3,85+,10,25.8132627758114,4919,1017,1040,203.29335230738,101.071356377603,19.6927924379677,498.753117206983,29.2241852947909,28.2487049799476,25.8719899964523,QLD
10076,2012,November,11,85+,25,25.3370938228812,4854,1017,1040,515.039142974866,227.03818369453,344.617879586459,139.86013986014,21.8843702597445,17.1153503096673,25.3927834894808,QLD
10076,2012,December,12,85+,24,28.4371252886193,4897,1017,1040,490.095977128854,515.039142974866,227.03818369453,42.025635637739,25.3370938228812,21.8843702597445,25.8713700258696,QLD
10076,2013,January,1,85+,19,27.6816771484201,5152,1017,1040,368.788819875776,490.095977128854,515.039142974866,19.6927924379677,28.4371252886193,25.3370938228812,28.2487049799476,QLD
10076,2013,February,2,85+,6,30.8665817121879,5046,1017,1040,118.906064209275,368.788819875776,490.095977128854,101.071356377603,27.6816771484201,28.4371252886193,29.2241852947909,QLD
10076,2013,March,3,85+,2,28.8513278829018,4936,1017,1040,40.5186385737439,118.906064209275,368.788819875776,203.29335230738,30.8665817121879,27.6816771484201,25.8132627758114,QLD
10076,2013,November,11,85+,21,28.1558647242579,4780,1017,1040,439.330543933055,349.866227618852,80.5315079524864,515.039142974866,21.9955734023674,17.5583306384258,25.3370938228812,QLD
10076,2013,December,12,85+,39,29.121161515594,5061,1017,1040,770.598695909899,439.330543933055,349.866227618852,490.095977128854,28.1558647242579,21.9955734023674,28.4371252886193,QLD
10076,2014,January,1,85+,33,31.7430579425462,5136,1017,1040,642.523364485981,770.598695909899,439.330543933055,368.788819875776,29.121161515594,28.1558647242579,27.6816771484201,QLD
10076,2014,February,2,85+,19,27.8119931056776,4923,1017,1040,385.943530367662,642.523364485981,770.598695909899,118.906064209275,31.7430579425462,29.121161515594,30.8665817121879,QLD
10076,2014,March,3,85+,9,26.3938069274083,5005,1017,1040,179.82017982018,385.943530367662,642.523364485981,40.5186385737439,27.8119931056776,31.7430579425462,28.8513278829018,QLD
10076,2014,November,11,85+,6,25.3684506645674,5065,1017,1040,118.460019743337,225.988700564972,437.898089171975,439.330543933055,22.4419387395876,16.5948695144769,28.1558647242579,QLD
10076,2014,December,12,85+,2,27.9821908749358,4862,1017,1040,41.1353352529823,118.460019743337,225.988700564972,770.598695909899,25.3684506645674,22.4419387395876,29.121161515594,QLD
10076,2015,January,1,85+,13,26.5881669528579,5172,1017,1040,251.353441608662,41.1353352529823,118.460019743337,642.523364485981,27.9821908749358,25.3684506645674,31.7430579425462,QLD
10076,2015,February,2,85+,5,28.5081126252816,4993,1017,1040,100.140196274785,251.353441608662,41.1353352529823,385.943530367662,26.5881669528579,27.9821908749358,27.8119931056776,QLD
10076,2015,March,3,85+,0,24.1118375442728,4901,1017,1040,0,100.140196274785,251.353441608662,179.82017982018,28.5081126252816,26.5881669528579,26.3938069274083,QLD
10076,2015,November,11,85+,6,26.7397460559497,5048,1017,1040,118.858954041204,243.062588616569,137.443549970548,118.460019743337,22.5991606749359,20.5999693039866,25.3684506645674,QLD
10076,2015,December,12,85+,1,30.3548484589725,4964,1017,1040,20.1450443190975,118.858954041204,243.062588616569,41.1353352529823,26.7397460559497,22.5991606749359,27.9821908749358,QLD
10076,2016,January,1,85+,10,30.1295113222839,5111,1017,1040,195.656427313637,20.1450443190975,118.858954041204,251.353441608662,30.3548484589725,26.7397460559497,26.5881669528579,QLD
10076,2016,February,2,85+,5,26.3270629523879,5223,1017,1040,95.7304231284702,195.656427313637,20.1450443190975,100.140196274785,30.1295113222839,30.3548484589725,28.5081126252816,QLD
10076,2016,March,3,85+,14,28.0873212820017,5056,1017,1040,276.898734177215,95.7304231284702,195.656427313637,0,26.3270629523879,30.1295113222839,24.1118375442728,QLD
10076,2016,November,11,85+,25,27.8692428967419,5199,1017,1040,480.86170417388,39.580447259054,138.01261829653,118.858954041204,21.2783095174895,19.5686969491573,26.7397460559497,QLD
10076,2016,December,12,85+,30,30.0094215152209,5083,1017,1040,590.202636238442,480.86170417388,39.580447259054,20.1450443190975,27.8692428967419,21.2783095174895,30.3548484589725,QLD
10077,2011,January,1,75 to 84,8,31.3802592059338,8616,947,1068,92.8505106778087,47.39336492891,59.3753710960694,196.736488832311,30.353710816919,24.654562791855,27.6293945691674,QLD
10077,2011,February,2,75 to 84,18,27.8159594666561,8634,947,1068,208.478109798471,92.8505106778087,47.39336492891,82.0825515947467,31.3802592059338,30.353710816919,27.865633478003,QLD
10077,2011,March,3,75 to 84,10,28.2885014938619,8390,947,1068,119.189511323004,208.478109798471,92.8505106778087,36.1969111969112,27.8159594666561,31.3802592059338,26.3233155005377,QLD
10077,2011,November,11,75 to 84,12,26.3955743947219,8788,947,1068,136.549840691853,173.812282734647,69.268067420919,59.3753710960694,20.3150919161676,18.3650366998869,24.654562791855,QLD
10077,2011,December,12,75 to 84,1,26.9808149759291,8753,947,1068,11.4246544042043,136.549840691853,173.812282734647,47.39336492891,26.3955743947219,20.3150919161676,30.353710816919,QLD
10077,2012,January,1,75 to 84,16,32.9202274059655,8753,947,1068,182.794470467268,11.4246544042043,136.549840691853,92.8505106778087,26.9808149759291,26.3955743947219,31.3802592059338,QLD
10077,2012,February,2,75 to 84,7,28.3416829183899,8716,947,1068,80.3120697567692,182.794470467268,11.4246544042043,208.478109798471,32.9202274059655,26.9808149759291,27.8159594666561,QLD
10077,2012,March,3,75 to 84,16,25.9512674465822,8707,947,1068,183.760192948203,80.3120697567692,182.794470467268,119.189511323004,28.3416829183899,32.9202274059655,28.2885014938619,QLD
10077,2012,November,11,75 to 84,3,22.4045054736454,8614,947,1068,34.8270257719991,70.2411613205338,45.8715596330275,136.549840691853,21.7702525750705,16.9979132762247,26.3955743947219,QLD
10077,2012,December,12,75 to 84,13,28.799021657757,8788,947,1068,147.92899408284,34.8270257719991,70.2411613205338,11.4246544042043,22.4045054736454,21.7702525750705,26.9808149759291,QLD
10077,2013,January,1,75 to 84,13,30.1718003898085,8813,947,1068,147.509361170997,147.92899408284,34.8270257719991,182.794470467268,28.799021657757,22.4045054736454,32.9202274059655,QLD
10077,2013,February,2,75 to 84,20,27.2863472407266,8593,947,1068,232.747585243803,147.509361170997,147.92899408284,80.3120697567692,30.1718003898085,28.799021657757,28.3416829183899,QLD
10077,2013,March,3,75 to 84,19,26.6066688114595,9065,947,1068,209.597352454495,232.747585243803,147.509361170997,183.760192948203,27.2863472407266,30.1718003898085,25.9512674465822,QLD
10077,2013,November,11,75 to 84,4,27.2645748083364,9075,947,1068,44.0771349862259,22.3388808220708,22.5759115024269,34.8270257719991,22.9565663044958,18.5440412539541,22.4045054736454,QLD
10077,2013,December,12,75 to 84,10,31.4368551310431,8799,947,1068,113.649278327083,44.0771349862259,22.3388808220708,147.92899408284,27.2645748083364,22.9565663044958,28.799021657757,QLD
10077,2014,January,1,75 to 84,43,31.3450345215341,8902,947,1068,483.037519658504,113.649278327083,44.0771349862259,147.509361170997,31.4368551310431,27.2645748083364,30.1718003898085,QLD
10077,2014,February,2,75 to 84,26,26.0307416484149,9038,947,1068,287.674264217747,483.037519658504,113.649278327083,232.747585243803,31.3450345215341,31.4368551310431,27.2863472407266,QLD
10077,2014,March,3,75 to 84,34,28.1195689346398,9011,947,1068,377.316613028521,287.674264217747,483.037519658504,209.597352454495,26.0307416484149,31.3450345215341,26.6066688114595,QLD
10077,2014,November,11,75 to 84,3,22.6096223814032,8730,947,1068,34.3642611683849,83.0663344013291,33.7723741979061,44.0771349862259,22.2610353219678,17.2504227561002,27.2645748083364,QLD
10077,2014,December,12,75 to 84,9,26.9923032550948,9098,947,1068,98.922840184656,34.3642611683849,83.0663344013291,113.649278327083,22.6096223814032,22.2610353219678,31.4368551310431,QLD
10077,2015,January,1,75 to 84,25,29.596932497006,8875,947,1068,281.69014084507,98.922840184656,34.3642611683849,483.037519658504,26.9923032550948,22.6096223814032,31.3450345215341,QLD
10077,2015,February,2,75 to 84,8,25.5695098631301,9042,947,1068,88.47600088476,281.69014084507,98.922840184656,287.674264217747,29.596932497006,26.9923032550948,26.0307416484149,QLD
10077,2015,March,3,75 to 84,4,28.6588061776618,8833,947,1068,45.2847277255746,88.47600088476,281.69014084507,377.316613028521,25.5695098631301,29.596932497006,28.1195689346398,QLD
10077,2015,November,11,75 to 84,50,26.6449963712391,8961,947,1068,557.973440464234,235.241402486838,22.2617987533393,34.3642611683849,22.3684711262441,20.6933202362727,22.6096223814032,QLD
10077,2015,December,12,75 to 84,4,28.1238811229417,9165,947,1068,43.6442989634479,557.973440464234,235.241402486838,98.922840184656,26.6449963712391,22.3684711262441,26.9923032550948,QLD
10077,2016,January,1,75 to 84,5,31.2688897361137,9131,947,1068,54.7585149490746,43.6442989634479,557.973440464234,281.69014084507,28.1238811229417,26.6449963712391,29.596932497006,QLD
10077,2016,February,2,75 to 84,9,27.0851733335196,8920,947,1068,100.896860986547,54.7585149490746,43.6442989634479,88.47600088476,31.2688897361137,28.1238811229417,25.5695098631301,QLD
10077,2016,March,3,75 to 84,27,26.047180327842,8911,947,1068,302.996296711929,100.896860986547,54.7585149490746,45.2847277255746,27.0851733335196,31.2688897361137,28.6588061776618,QLD
10077,2016,November,11,75 to 84,8,25.7994523960524,9114,947,1068,87.7770463023919,257.126886528787,197.690146706898,557.973440464234,21.7563017089895,19.1918424789465,26.6449963712391,QLD
10077,2016,December,12,75 to 84,2,30.7516414713825,8829,947,1068,22.6526220410012,87.7770463023919,257.126886528787,43.6442989634479,25.7994523960524,21.7563017089895,28.1238811229417,QLD
10077,2011,January,1,85+,8,30.0081173428922,8526,947,1068,93.8306357025569,300.960759347147,373.989624803957,552.295478080773,29.0247746399976,28.4142431807782,30.3316055753043,QLD
10077,2011,February,2,85+,11,30.5651908609063,8868,947,1068,124.04149751917,93.8306357025569,300.960759347147,275.614140203715,30.0081173428922,29.0247746399976,29.9367327997007,QLD
10077,2011,March,3,85+,28,25.5847236279497,8606,947,1068,325.354403904253,124.04149751917,93.8306357025569,453.066914498141,30.5651908609063,30.0081173428922,26.4277439517372,QLD
10077,2011,November,11,85+,21,26.1267994902127,8504,947,1068,246.942615239887,68.9496667432774,171.978903921119,373.989624803957,22.2230325871075,18.0717922012516,28.4142431807782,QLD
10077,2011,December,12,85+,26,26.0726891802125,8469,947,1068,307.002007320817,246.942615239887,68.9496667432774,300.960759347147,26.1267994902127,22.2230325871075,29.0247746399976,QLD
10077,2012,January,1,85+,12,31.8823095424757,8662,947,1068,138.536134841838,307.002007320817,246.942615239887,93.8306357025569,26.0726891802125,26.1267994902127,30.0081173428922,QLD
10077,2012,February,2,85+,26,29.566993718764,8556,947,1068,303.880317905563,138.536134841838,307.002007320817,124.04149751917,31.8823095424757,26.0726891802125,30.5651908609063,QLD
10077,2012,March,3,85+,16,26.722141370986,8671,947,1068,184.523123053858,303.880317905563,138.536134841838,325.354403904253,29.566993718764,31.8823095424757,25.5847236279497,QLD
10077,2012,November,11,85+,21,25.4654035606213,8437,947,1068,248.903638734147,547.133249743531,188.86790356627,246.942615239887,22.2142659234826,22.5358586009832,26.1267994902127,QLD
10077,2012,December,12,85+,5,27.3023262798328,8598,947,1068,58.1530588508956,248.903638734147,547.133249743531,307.002007320817,25.4654035606213,22.2142659234826,26.0726891802125,QLD
10077,2013,January,1,85+,6,30.375705039511,8652,947,1068,69.3481276005548,58.1530588508956,248.903638734147,138.536134841838,27.3023262798328,25.4654035606213,31.8823095424757,QLD
10077,2013,February,2,85+,2,27.27634350582,8650,947,1068,23.121387283237,69.3481276005548,58.1530588508956,303.880317905563,30.375705039511,27.3023262798328,29.566993718764,QLD
10077,2013,March,3,85+,4,25.5343339965797,8935,947,1068,44.7677672076105,23.121387283237,69.3481276005548,184.523123053858,27.27634350582,30.375705039511,26.722141370986,QLD
10077,2013,November,11,85+,14,25.4680533154861,9009,947,1068,155.400155400155,154.20200462606,161.234596337671,248.903638734147,19.9352591090217,21.6715103606096,25.4654035606213,QLD
10077,2013,December,12,85+,7,30.252893947326,8706,947,1068,80.4043188605559,155.400155400155,154.20200462606,58.1530588508956,25.4680533154861,19.9352591090217,27.3023262798328,QLD
10077,2014,January,1,85+,4,30.0324850513792,8906,947,1068,44.913541432742,80.4043188605559,155.400155400155,69.3481276005548,30.252893947326,25.4680533154861,30.375705039511,QLD
10077,2014,February,2,85+,8,29.9322043958855,8798,947,1068,90.9297567629007,44.913541432742,80.4043188605559,23.121387283237,30.0324850513792,30.252893947326,27.27634350582,QLD
10077,2014,March,3,85+,12,24.2720665550239,9077,947,1068,132.202269472293,90.9297567629007,44.913541432742,44.7677672076105,29.9322043958855,30.0324850513792,25.5343339965797,QLD
10077,2014,November,11,85+,18,24.2542369387968,9158,947,1068,196.549464948679,125.527787287459,354.217400929821,155.400155400155,21.1537092874621,16.3929158320915,25.4680533154861,QLD
10077,2014,December,12,85+,14,29.9324853496057,8934,947,1068,156.704723528095,196.549464948679,125.527787287459,80.4043188605559,24.2542369387968,21.1537092874621,30.252893947326,QLD
10077,2015,January,1,85+,9,31.4049442555282,8717,947,1068,103.246529769416,156.704723528095,196.549464948679,44.913541432742,29.9324853496057,24.2542369387968,30.0324850513792,QLD
10077,2015,February,2,85+,28,28.2533353884099,8961,947,1068,312.465126659971,103.246529769416,156.704723528095,90.9297567629007,31.4049442555282,29.9324853496057,29.9322043958855,QLD
10077,2015,March,3,85+,40,26.9550458113969,8971,947,1068,445.881172667484,312.465126659971,103.246529769416,132.202269472293,28.2533353884099,31.4049442555282,24.2720665550239,QLD
10077,2015,November,11,85+,22,26.2722521691537,8792,947,1068,250.227479526843,464.139683942977,160.311462269552,196.549464948679,22.8230283544935,17.8391756735792,24.2542369387968,QLD
10077,2015,December,12,85+,20,30.7646495200834,8804,947,1068,227.169468423444,250.227479526843,464.139683942977,156.704723528095,26.2722521691537,22.8230283544935,29.9324853496057,QLD
10077,2016,January,1,85+,51,31.4659595264094,8936,947,1068,570.725156669651,227.169468423444,250.227479526843,103.246529769416,30.7646495200834,26.2722521691537,31.4049442555282,QLD
10077,2016,February,2,85+,15,26.6693394136672,9094,947,1068,164.943919067517,570.725156669651,227.169468423444,312.465126659971,31.4659595264094,30.7646495200834,28.2533353884099,QLD
10077,2016,March,3,85+,19,27.606073441592,8786,947,1068,216.253129979513,164.943919067517,570.725156669651,445.881172667484,26.6693394136672,31.4659595264094,26.9550458113969,QLD
10077,2016,November,11,85+,10,25.0195476849247,8838,947,1068,113.147770988912,263.707284913746,426.534964642496,250.227479526843,20.2416634542714,18.4093117275002,26.2722521691537,QLD
10077,2016,December,12,85+,2,29.6504577640421,8977,947,1068,22.2791578478334,113.147770988912,263.707284913746,227.169468423444,25.0195476849247,20.2416634542714,30.7646495200834,QLD
10078,2011,January,1,75 to 84,3,29.8840998460741,3773,1065,1049,79.5123244102836,188.831939573779,55.4016620498615,0,27.9428427588675,25.5235242942518,28.6563612242943,QLD
10078,2011,February,2,75 to 84,1,30.7305871043814,3631,1065,1049,27.5406224180667,79.5123244102836,188.831939573779,0,29.8840998460741,27.9428427588675,31.4798802591807,QLD
10078,2011,March,3,75 to 84,1,28.6686099627397,3731,1065,1049,26.8024658268561,27.5406224180667,79.5123244102836,214.190093708166,30.7305871043814,29.8840998460741,28.4900972770988,QLD
10078,2011,November,11,75 to 84,3,22.7230816012367,3561,1065,1049,84.24599831508,27.3672687465791,26.4690312334569,55.4016620498615,20.7757694403414,16.7227790085808,25.5235242942518,QLD
10078,2011,December,12,75 to 84,2,30.8338599794559,3700,1065,1049,54.0540540540541,84.24599831508,27.3672687465791,188.831939573779,22.7230816012367,20.7757694403414,27.9428427588675,QLD
10078,2012,January,1,75 to 84,0,28.1427194152759,3841,1065,1049,0,54.0540540540541,84.24599831508,79.5123244102836,30.8338599794559,22.7230816012367,29.8840998460741,QLD
10078,2012,February,2,75 to 84,0,30.2069385171958,3718,1065,1049,0,0,54.0540540540541,27.5406224180667,28.1427194152759,30.8338599794559,30.7305871043814,QLD
10078,2012,March,3,75 to 84,0,25.1099108153273,3697,1065,1049,0,0,0,26.8024658268561,30.2069385171958,28.1427194152759,28.6686099627397,QLD
10078,2012,November,11,75 to 84,1,25.6319969168338,3785,1065,1049,26.4200792602378,135.244793075467,163.354206370814,84.24599831508,21.0885890314769,15.6705490792851,22.7230816012367,QLD
10078,2012,December,12,75 to 84,3,27.8277048760415,3747,1065,1049,80.0640512409928,26.4200792602378,135.244793075467,54.0540540540541,25.6319969168338,21.0885890314769,30.8338599794559,QLD
10078,2013,January,1,75 to 84,4,30.1376036848847,3684,1065,1049,108.5776330076,80.0640512409928,26.4200792602378,0,27.8277048760415,25.6319969168338,28.1427194152759,QLD
10078,2013,February,2,75 to 84,1,30.546297869932,3832,1065,1049,26.0960334029228,108.5776330076,80.0640512409928,0,30.1376036848847,27.8277048760415,30.2069385171958,QLD
10078,2013,March,3,75 to 84,1,27.0698001671844,3822,1065,1049,26.1643118785976,26.0960334029228,108.5776330076,0,30.546297869932,30.1376036848847,25.1099108153273,QLD
10078,2013,November,11,75 to 84,2,24.8302411388434,3647,1065,1049,54.839594187003,110.527770102238,133.475707421249,26.4200792602378,19.9147790190187,19.1952324023824,25.6319969168338,QLD
10078,2013,December,12,75 to 84,6,29.6422972370267,3768,1065,1049,159.235668789809,54.839594187003,110.527770102238,80.0640512409928,24.8302411388434,19.9147790190187,27.8277048760415,QLD
10078,2014,January,1,75 to 84,6,30.226352764663,3822,1065,1049,156.985871271586,159.235668789809,54.839594187003,108.5776330076,29.6422972370267,24.8302411388434,30.1376036848847,QLD
10078,2014,February,2,75 to 84,7,29.7991336117021,3737,1065,1049,187.316028900187,156.985871271586,159.235668789809,26.0960334029228,30.226352764663,29.6422972370267,30.546297869932,QLD
10078,2014,March,3,75 to 84,1,29.0546740958451,3852,1065,1049,25.9605399792316,187.316028900187,156.985871271586,26.1643118785976,29.7991336117021,30.226352764663,27.0698001671844,QLD
10078,2014,November,11,75 to 84,0,24.1604981470225,3747,1065,1049,0,201.969199697046,129.836406128278,54.839594187003,23.8965361564568,15.9967423632622,24.8302411388434,QLD
10078,2014,December,12,75 to 84,2,27.5937647473261,3883,1065,1049,51.5065670873036,0,201.969199697046,159.235668789809,24.1604981470225,23.8965361564568,29.6422972370267,QLD
10078,2015,January,1,75 to 84,2,29.8130608668673,3846,1065,1049,52.0020800832033,51.5065670873036,0,156.985871271586,27.5937647473261,24.1604981470225,30.226352764663,QLD
10078,2015,February,2,75 to 84,3,28.4906990879526,3762,1065,1049,79.7448165869219,52.0020800832033,51.5065670873036,187.316028900187,29.8130608668673,27.5937647473261,29.7991336117021,QLD
10078,2015,March,3,75 to 84,1,25.1265829489811,3749,1065,1049,26.6737796745799,79.7448165869219,52.0020800832033,25.9605399792316,28.4906990879526,29.8130608668673,29.0546740958451,QLD
10078,2015,November,11,75 to 84,1,26.2196457542136,3740,1065,1049,26.7379679144385,81.6104461371056,51.7464424320828,0,21.618373062723,14.7077761044236,24.1604981470225,QLD
10078,2015,December,12,75 to 84,10,30.7219917972086,3984,1065,1049,251.004016064257,26.7379679144385,81.6104461371056,51.5065670873036,26.2196457542136,21.618373062723,27.5937647473261,QLD
10078,2016,January,1,75 to 84,8,30.9775664590198,3885,1065,1049,205.920205920206,251.004016064257,26.7379679144385,52.0020800832033,30.7219917972086,26.2196457542136,29.8130608668673,QLD
10078,2016,February,2,75 to 84,11,30.662679187626,3857,1065,1049,285.195747990666,205.920205920206,251.004016064257,79.7448165869219,30.9775664590198,30.7219917972086,28.4906990879526,QLD
10078,2016,March,3,75 to 84,5,26.5665047799479,3987,1065,1049,125.407574617507,285.195747990666,205.920205920206,26.6737796745799,30.662679187626,30.9775664590198,25.1265829489811,QLD
10078,2016,November,11,75 to 84,15,24.7692106517793,3761,1065,1049,398.830098378091,102.643058763151,78.2268578878748,26.7379679144385,19.9600413100075,16.6680841486603,26.2196457542136,QLD
10078,2016,December,12,75 to 84,17,29.8996141704047,3924,1065,1049,433.231396534149,398.830098378091,102.643058763151,251.004016064257,24.7692106517793,19.9600413100075,30.7219917972086,QLD
10078,2011,January,1,85+,1,29.3122597497406,3790,1065,1049,26.3852242744063,109.89010989011,243.572395128552,389.646534929029,27.8483049965498,24.187708591976,30.6884872225906,QLD
10078,2011,February,2,85+,0,25.3321333569267,3694,1065,1049,0,26.3852242744063,109.89010989011,81.9448238186288,29.3122597497406,27.8483049965498,27.5307577586522,QLD
10078,2011,March,3,85+,6,25.2216312842191,3663,1065,1049,163.800163800164,0,26.3852242744063,192.837465564738,25.3321333569267,29.3122597497406,28.8902753132898,QLD
10078,2011,November,11,85+,2,25.4020573061961,3555,1065,1049,56.2587904360056,354.223433242507,299.564270152505,243.572395128552,24.8389760392366,18.8442775173734,24.187708591976,QLD
10078,2011,December,12,85+,4,30.089999221845,3678,1065,1049,108.754758020663,56.2587904360056,354.223433242507,109.89010989011,25.4020573061961,24.8389760392366,27.8483049965498,QLD
10078,2012,January,1,85+,4,30.4301287768379,3662,1065,1049,109.229929000546,108.754758020663,56.2587904360056,26.3852242744063,30.089999221845,25.4020573061961,29.3122597497406,QLD
10078,2012,February,2,85+,2,30.2589724432238,3726,1065,1049,53.6768652710682,109.229929000546,108.754758020663,0,30.4301287768379,30.089999221845,25.3321333569267,QLD
10078,2012,March,3,85+,0,27.4262289819243,3822,1065,1049,0,53.6768652710682,109.229929000546,163.800163800164,30.2589724432238,30.4301287768379,25.2216312842191,QLD
10078,2012,November,11,85+,2,23.7868435605419,3741,1065,1049,53.4616412723871,590.762620837809,53.0644733351021,56.2587904360056,23.0991904265427,17.2647608941927,25.4020573061961,QLD
10078,2012,December,12,85+,4,29.7510554824194,3806,1065,1049,105.097214923805,53.4616412723871,590.762620837809,108.754758020663,23.7868435605419,23.0991904265427,30.089999221845,QLD
10078,2013,January,1,85+,19,30.1978963606182,3717,1065,1049,511.164917944579,105.097214923805,53.4616412723871,109.229929000546,29.7510554824194,23.7868435605419,30.4301287768379,QLD
10078,2013,February,2,85+,11,29.9232066989016,3780,1065,1049,291.005291005291,511.164917944579,105.097214923805,53.6768652710682,30.1978963606182,29.7510554824194,30.2589724432238,QLD
10078,2013,March,3,85+,2,23.0474134793489,3681,1065,1049,54.333061668025,291.005291005291,511.164917944579,0,29.9232066989016,30.1978963606182,27.4262289819243,QLD
10078,2013,November,11,85+,2,26.6903916653195,3732,1065,1049,53.5905680600214,218.043063505042,754.81520041645,53.4616412723871,23.6897590728975,17.1340451520379,23.7868435605419,QLD
10078,2013,December,12,85+,5,30.4336857445315,3686,1065,1049,135.648399348888,53.5905680600214,218.043063505042,105.097214923805,26.6903916653195,23.6897590728975,29.7510554824194,QLD
10078,2014,January,1,85+,15,30.1644935259923,3896,1065,1049,385.010266940452,135.648399348888,53.5905680600214,511.164917944579,30.4336857445315,26.6903916653195,30.1978963606182,QLD
10078,2014,February,2,85+,18,29.4106868021409,3733,1065,1049,482.185909456202,385.010266940452,135.648399348888,291.005291005291,30.1644935259923,30.4336857445315,29.9232066989016,QLD
10078,2014,March,3,85+,2,24.9716274374952,3851,1065,1049,51.9345624513114,482.185909456202,385.010266940452,54.333061668025,29.4106868021409,30.1644935259923,23.0474134793489,QLD
10078,2014,November,11,85+,6,28.0137631299273,3780,1065,1049,158.730158730159,372.142477405635,248.687482730036,53.5905680600214,22.2978834294954,16.6961315637725,26.6903916653195,QLD
10078,2014,December,12,85+,9,26.9613421021058,3733,1065,1049,241.092954728101,158.730158730159,372.142477405635,135.648399348888,28.0137631299273,22.2978834294954,30.4336857445315,QLD
10078,2015,January,1,85+,14,27.1522732071731,3789,1065,1049,369.490630773291,241.092954728101,158.730158730159,385.010266940452,26.9613421021058,28.0137631299273,30.1644935259923,QLD
10078,2015,February,2,85+,30,31.0365149291874,3902,1065,1049,768.836494105587,369.490630773291,241.092954728101,482.185909456202,27.1522732071731,26.9613421021058,29.4106868021409,QLD
10078,2015,March,3,85+,22,23.490223640713,3780,1065,1049,582.010582010582,768.836494105587,369.490630773291,51.9345624513114,31.0365149291874,27.1522732071731,24.9716274374952,QLD
10078,2015,November,11,85+,6,24.1647716011887,3783,1065,1049,158.604282315623,107.52688172043,266.098988823842,158.730158730159,20.8617513677812,18.7669437201791,28.0137631299273,QLD
10078,2015,December,12,85+,4,25.719715099452,3753,1065,1049,106.58140154543,158.604282315623,107.52688172043,241.092954728101,24.1647716011887,20.8617513677812,26.9613421021058,QLD
10078,2016,January,1,85+,7,32.2928785812857,3831,1065,1049,182.719916470895,106.58140154543,158.604282315623,369.490630773291,25.719715099452,24.1647716011887,27.1522732071731,QLD
10078,2016,February,2,85+,7,27.4411522335219,3924,1065,1049,178.389398572885,182.719916470895,106.58140154543,768.836494105587,32.2928785812857,25.719715099452,31.0365149291874,QLD
10078,2016,March,3,85+,15,25.5680316691934,3916,1065,1049,383.043922369765,178.389398572885,182.719916470895,582.010582010582,27.4411522335219,32.2928785812857,23.490223640713,QLD
10078,2016,November,11,85+,9,28.9795297361644,3801,1065,1049,236.779794790845,156.903765690377,130.924325739722,158.604282315623,20.6336492956615,17.5184241395042,24.1647716011887,QLD
10078,2016,December,12,85+,0,27.846330274794,3760,1065,1049,0,236.779794790845,156.903765690377,106.58140154543,28.9795297361644,20.6336492956615,25.719715099452,QLD
10079,2011,January,1,75 to 84,32,32.8481439350353,15824,979,1021,202.224469160768,199.62736225712,79.3073821954927,227.243215166861,29.0286900866915,27.5421578585946,29.2522272610501,QLD
10079,2011,February,2,75 to 84,24,29.263375120017,15097,979,1021,158.971981188316,202.224469160768,199.62736225712,209.963733536935,32.8481439350353,29.0286900866915,27.9452540132485,QLD
10079,2011,March,3,75 to 84,41,28.2097736881715,15718,979,1021,260.847436060568,158.971981188316,202.224469160768,64.9941505264526,29.263375120017,32.8481439350353,24.8464909202933,QLD
10079,2011,November,11,75 to 84,5,25.4165694908921,15393,979,1021,32.4822971480543,0,152.146589931865,79.3073821954927,21.6439500827037,17.6395054244719,27.5421578585946,QLD
10079,2011,December,12,75 to 84,17,28.9598926449387,15609,979,1021,108.911525402012,32.4822971480543,0,199.62736225712,25.4165694908921,21.6439500827037,29.0286900866915,QLD
10079,2012,January,1,75 to 84,52,28.6944202935806,15842,979,1021,328.241383663679,108.911525402012,32.4822971480543,202.224469160768,28.9598926449387,25.4165694908921,32.8481439350353,QLD
10079,2012,February,2,75 to 84,12,25.4625854613114,14918,979,1021,80.4397372301917,328.241383663679,108.911525402012,158.971981188316,28.6944202935806,28.9598926449387,29.263375120017,QLD
10079,2012,March,3,75 to 84,52,27.4428467663,15445,979,1021,336.678536743283,80.4397372301917,328.241383663679,260.847436060568,25.4625854613114,28.6944202935806,28.2097736881715,QLD
10079,2012,November,11,75 to 84,15,24.4614542957982,15586,979,1021,96.2402155780829,138.440239963083,351.235711092662,32.4822971480543,25.0580176349834,18.1769541592329,25.4165694908921,QLD
10079,2012,December,12,75 to 84,35,28.1152866706208,15441,979,1021,226.669257172463,96.2402155780829,138.440239963083,108.911525402012,24.4614542957982,25.0580176349834,28.9598926449387,QLD
10079,2013,January,1,75 to 84,25,31.6537694564901,15250,979,1021,163.934426229508,226.669257172463,96.2402155780829,328.241383663679,28.1152866706208,24.4614542957982,28.6944202935806,QLD
10079,2013,February,2,75 to 84,8,30.7885644362968,15793,979,1021,50.6553536376876,163.934426229508,226.669257172463,80.4397372301917,31.6537694564901,28.1152866706208,25.4625854613114,QLD
10079,2013,March,3,75 to 84,15,25.229745078828,15582,979,1021,96.2649210627647,50.6553536376876,163.934426229508,336.678536743283,30.7885644362968,31.6537694564901,27.4428467663,QLD
10079,2013,November,11,75 to 84,40,27.0325673786963,15086,979,1021,265.146493437624,242.070634969896,302.190883908335,96.2402155780829,20.97339831786,17.7374970704599,24.4614542957982,QLD
10079,2013,December,12,75 to 84,21,28.9469356765818,15852,979,1021,132.475397426192,265.146493437624,242.070634969896,226.669257172463,27.0325673786963,20.97339831786,28.1152866706208,QLD
10079,2014,January,1,75 to 84,29,28.6720777463843,16026,979,1021,180.955946586796,132.475397426192,265.146493437624,163.934426229508,28.9469356765818,27.0325673786963,31.6537694564901,QLD
10079,2014,February,2,75 to 84,16,29.444136737792,16012,979,1021,99.9250562078441,180.955946586796,132.475397426192,50.6553536376876,28.6720777463843,28.9469356765818,30.7885644362968,QLD
10079,2014,March,3,75 to 84,43,27.1863648347842,16501,979,1021,260.59026725653,99.9250562078441,180.955946586796,96.2649210627647,29.444136737792,28.6720777463843,25.229745078828,QLD
10079,2014,November,11,75 to 84,6,27.9130084740673,15706,979,1021,38.2019610339997,31.9060685342352,222.813641146252,265.146493437624,21.7109490374368,17.9641294973726,27.0325673786963,QLD
10079,2014,December,12,75 to 84,39,29.8867472457524,15832,979,1021,246.33653360283,38.2019610339997,31.9060685342352,132.475397426192,27.9130084740673,21.7109490374368,28.9469356765818,QLD
10079,2015,January,1,75 to 84,16,28.9934235226444,16062,979,1021,99.6139957664052,246.33653360283,38.2019610339997,180.955946586796,29.8867472457524,27.9130084740673,28.6720777463843,QLD
10079,2015,February,2,75 to 84,7,29.0993083229166,16202,979,1021,43.2045426490557,99.6139957664052,246.33653360283,99.9250562078441,28.9934235226444,29.8867472457524,29.444136737792,QLD
10079,2015,March,3,75 to 84,22,25.3815390048846,16455,979,1021,133.697964144637,43.2045426490557,99.6139957664052,260.59026725653,29.0993083229166,28.9934235226444,27.1863648347842,QLD
10079,2015,November,11,75 to 84,24,25.1228307834139,15996,979,1021,150.037509377344,243.445692883895,89.5026211481908,38.2019610339997,22.4215995097823,18.5550347950752,27.9130084740673,QLD
10079,2015,December,12,75 to 84,27,29.300435078404,15987,979,1021,168.887220866954,150.037509377344,243.445692883895,246.33653360283,25.1228307834139,22.4215995097823,29.8867472457524,QLD
10079,2016,January,1,75 to 84,74,27.5237257893842,16200,979,1021,456.79012345679,168.887220866954,150.037509377344,99.6139957664052,29.300435078404,25.1228307834139,28.9934235226444,QLD
10079,2016,February,2,75 to 84,17,27.7672649452936,16349,979,1021,103.98189491712,456.79012345679,168.887220866954,43.2045426490557,27.5237257893842,29.300435078404,29.0993083229166,QLD
10079,2016,March,3,75 to 84,30,27.1118428511945,16124,979,1021,186.058050111635,103.98189491712,456.79012345679,133.697964144637,27.7672649452936,27.5237257893842,25.3815390048846,QLD
10079,2016,November,11,75 to 84,28,26.5851327636267,16518,979,1021,169.512047463373,49.862877088008,86.1379437642282,150.037509377344,22.3173989459937,16.5604729163514,25.1228307834139,QLD
10079,2016,December,12,75 to 84,33,29.5690130515784,16078,979,1021,205.249409130489,169.512047463373,49.862877088008,168.887220866954,26.5851327636267,22.3173989459937,29.300435078404,QLD
10079,2011,January,1,85+,29,30.0187824031624,15291,979,1021,189.654044862991,67.2043010752688,40.0080016003201,323.581853001387,29.1932438774377,25.2109487386356,32.0982225998696,QLD
10079,2011,February,2,85+,66,29.1653751690924,15968,979,1021,413.326653306613,189.654044862991,67.2043010752688,229.033344560458,30.0187824031624,29.1932438774377,29.6553042919986,QLD
10079,2011,March,3,85+,31,26.7075546945812,15460,979,1021,200.517464424321,413.326653306613,189.654044862991,162.151205999595,29.1653751690924,30.0187824031624,23.0322620597809,QLD
10079,2011,November,11,85+,42,27.9386913067377,15391,979,1021,272.886751997921,591.754036148453,310.538040910012,40.0080016003201,23.0270286548571,15.5184862392382,25.2109487386356,QLD
10079,2011,December,12,85+,2,26.1930337541442,15088,979,1021,13.2555673382821,272.886751997921,591.754036148453,67.2043010752688,27.9386913067377,23.0270286548571,29.1932438774377,QLD
10079,2012,January,1,85+,28,33.1139181802401,15687,979,1021,178.491744756805,13.2555673382821,272.886751997921,189.654044862991,26.1930337541442,27.9386913067377,30.0187824031624,QLD
10079,2012,February,2,85+,21,27.9238165162063,15506,979,1021,135.431445891913,178.491744756805,13.2555673382821,413.326653306613,33.1139181802401,26.1930337541442,29.1653751690924,QLD
10079,2012,March,3,85+,18,26.01959033092,15273,979,1021,117.855038302887,135.431445891913,178.491744756805,200.517464424321,27.9238165162063,33.1139181802401,26.7075546945812,QLD
10079,2012,November,11,85+,17,24.0607983403938,15779,979,1021,107.738132961531,238.848363565942,284.843667196608,272.886751997921,21.7983469363883,16.9284771424461,27.9386913067377,QLD
10079,2012,December,12,85+,20,27.1692479163293,15925,979,1021,125.588697017268,107.738132961531,238.848363565942,13.2555673382821,24.0607983403938,21.7983469363883,26.1930337541442,QLD
10079,2013,January,1,85+,50,30.3246808457414,15146,979,1021,330.120163739601,125.588697017268,107.738132961531,178.491744756805,27.1692479163293,24.0607983403938,33.1139181802401,QLD
10079,2013,February,2,85+,30,29.0800902989665,15776,979,1021,190.162271805274,330.120163739601,125.588697017268,135.431445891913,30.3246808457414,27.1692479163293,27.9238165162063,QLD
10079,2013,March,3,85+,22,27.0969219754975,15766,979,1021,139.540783965495,190.162271805274,330.120163739601,117.855038302887,29.0800902989665,30.3246808457414,26.01959033092,QLD
10079,2013,November,11,85+,6,25.4694145724254,15737,979,1021,38.126707758785,129.032258064516,608.740228117391,107.738132961531,20.7326643143962,19.003711519723,24.0607983403938,QLD
10079,2013,December,12,85+,9,28.7381160752871,15418,979,1021,58.3733298741731,38.126707758785,129.032258064516,125.588697017268,25.4694145724254,20.7326643143962,27.1692479163293,QLD
10079,2014,January,1,85+,36,30.0537630083077,16257,979,1021,221.443070677247,58.3733298741731,38.126707758785,330.120163739601,28.7381160752871,25.4694145724254,30.3246808457414,QLD
10079,2014,February,2,85+,52,31.4669153524192,15627,979,1021,332.757407051897,221.443070677247,58.3733298741731,190.162271805274,30.0537630083077,28.7381160752871,29.0800902989665,QLD
10079,2014,March,3,85+,55,26.1718857961015,15952,979,1021,344.784353059178,332.757407051897,221.443070677247,139.540783965495,31.4669153524192,30.0537630083077,27.0969219754975,QLD
10079,2014,November,11,85+,58,28.3130971941319,15968,979,1021,363.226452905812,211.930436950695,231.54103421662,38.126707758785,20.5299350615946,17.986621380715,25.4694145724254,QLD
10079,2014,December,12,85+,106,28.3851230298699,15697,979,1021,675.288271644263,363.226452905812,211.930436950695,58.3733298741731,28.3130971941319,20.5299350615946,28.7381160752871,QLD
10079,2015,January,1,85+,53,30.6075219428674,16211,979,1021,326.938498550367,675.288271644263,363.226452905812,221.443070677247,28.3851230298699,28.3130971941319,30.0537630083077,QLD
10079,2015,February,2,85+,63,28.147809027462,16275,979,1021,387.096774193548,326.938498550367,675.288271644263,332.757407051897,30.6075219428674,28.3851230298699,31.4669153524192,QLD
10079,2015,March,3,85+,9,24.8129223116563,16172,979,1021,55.6517437546377,387.096774193548,326.938498550367,344.784353059178,28.147809027462,30.6075219428674,26.1718857961015,QLD
10079,2015,November,11,85+,60,26.5400858352192,15679,979,1021,382.677466675171,71.3818333234192,117.283950617284,363.226452905812,22.0154973649054,19.6079620165566,28.3130971941319,QLD
10079,2015,December,12,85+,72,28.1221225289329,15936,979,1021,451.807228915663,382.677466675171,71.3818333234192,675.288271644263,26.5400858352192,22.0154973649054,28.3851230298699,QLD
10079,2016,January,1,85+,41,29.1537716909001,15612,979,1021,262.618498590828,451.807228915663,382.677466675171,326.938498550367,28.1221225289329,26.5400858352192,30.6075219428674,QLD
10079,2016,February,2,85+,44,31.6361593727345,16531,979,1021,266.16659609219,262.618498590828,451.807228915663,387.096774193548,29.1537716909001,28.1221225289329,28.147809027462,QLD
10079,2016,March,3,85+,29,27.1646398976213,16328,979,1021,177.609015188633,266.16659609219,262.618498590828,55.6517437546377,31.6361593727345,29.1537716909001,24.8129223116563,QLD
10079,2016,November,11,85+,37,25.7012236816418,16222,979,1021,228.085316237209,173.063848198282,307.56241707876,382.677466675171,23.2863823699729,20.0708325982037,26.5400858352192,QLD
10079,2016,December,12,85+,34,30.2874900105549,15745,979,1021,215.941568751985,228.085316237209,173.063848198282,451.807228915663,25.7012236816418,23.2863823699729,28.1221225289329,QLD
10080,2011,January,1,75 to 84,40,29.3432550277004,9776,1053,945,409.165302782324,184.388444990781,206.654267410622,319.884428851512,30.601461497438,24.9716047610551,28.2366724029112,QLD
10080,2011,February,2,75 to 84,52,27.6073738248869,9747,1053,945,533.497486406074,409.165302782324,184.388444990781,60.8334178241914,29.3432550277004,30.601461497438,28.7961165921795,QLD
10080,2011,March,3,75 to 84,11,27.1267734374383,9941,1053,945,110.652851825772,533.497486406074,409.165302782324,83.108248493663,27.6073738248869,29.3432550277004,27.8895085840259,QLD
10080,2011,November,11,75 to 84,17,25.8526396287914,9672,1053,945,175.765095119934,726.714431934494,217.481358740679,206.654267410622,24.4867139898337,16.1456611922647,24.9716047610551,QLD
10080,2011,December,12,75 to 84,8,27.503893460557,9845,1053,945,81.2595226003047,175.765095119934,726.714431934494,184.388444990781,25.8526396287914,24.4867139898337,30.601461497438,QLD
10080,2012,January,1,75 to 84,10,29.3038076985438,9999,1053,945,100.0100010001,81.2595226003047,175.765095119934,409.165302782324,27.503893460557,25.8526396287914,29.3432550277004,QLD
10080,2012,February,2,75 to 84,4,28.2640044653217,9683,1053,945,41.3095115150263,100.0100010001,81.2595226003047,533.497486406074,29.3038076985438,27.503893460557,27.6073738248869,QLD
10080,2012,March,3,75 to 84,27,25.2652018472012,10245,1053,945,263.543191800878,41.3095115150263,100.0100010001,110.652851825772,28.2640044653217,29.3038076985438,27.1267734374383,QLD
10080,2012,November,11,75 to 84,14,29.0858806300271,10138,1053,945,138.09429867824,107.970160973695,119.820269595607,175.765095119934,22.7553459851762,16.3169334578215,25.8526396287914,QLD
10080,2012,December,12,75 to 84,19,30.9735170735078,10049,1053,945,189.073539655687,138.09429867824,107.970160973695,81.2595226003047,29.0858806300271,22.7553459851762,27.503893460557,QLD
10080,2013,January,1,75 to 84,31,28.8760933281832,9931,1053,945,312.153861645353,189.073539655687,138.09429867824,100.0100010001,30.9735170735078,29.0858806300271,29.3038076985438,QLD
10080,2013,February,2,75 to 84,32,28.8155202381434,10121,1053,945,316.174291077957,312.153861645353,189.073539655687,41.3095115150263,28.8760933281832,30.9735170735078,28.2640044653217,QLD
10080,2013,March,3,75 to 84,32,26.4658097648227,10285,1053,945,311.13271754983,316.174291077957,312.153861645353,263.543191800878,28.8155202381434,28.8760933281832,25.2652018472012,QLD
10080,2013,November,11,75 to 84,10,28.4914128489412,9761,1053,945,102.448519618892,215.627887873498,102.375102375102,138.09429867824,22.5472585215737,18.2745728946493,29.0858806300271,QLD
10080,2013,December,12,75 to 84,11,25.9630086731348,10028,1053,945,109.692859992022,102.448519618892,215.627887873498,189.073539655687,28.4914128489412,22.5472585215737,30.9735170735078,QLD
10080,2014,January,1,75 to 84,11,30.503178551092,10200,1053,945,107.843137254902,109.692859992022,102.448519618892,312.153861645353,25.9630086731348,28.4914128489412,28.8760933281832,QLD
10080,2014,February,2,75 to 84,70,28.5640262563026,9896,1053,945,707.356507679871,107.843137254902,109.692859992022,316.174291077957,30.503178551092,25.9630086731348,28.8155202381434,QLD
10080,2014,March,3,75 to 84,1,25.7490372628082,10310,1053,945,9.69932104752667,707.356507679871,107.843137254902,311.13271754983,28.5640262563026,30.503178551092,26.4658097648227,QLD
10080,2014,November,11,75 to 84,31,25.8677365390862,10024,1053,945,309.25778132482,171.647819063005,236.96682464455,102.448519618892,21.9036860957082,14.8132339020888,28.4914128489412,QLD
10080,2014,December,12,75 to 84,18,28.2105647622951,10554,1053,945,170.551449687322,309.25778132482,171.647819063005,109.692859992022,25.8677365390862,21.9036860957082,25.9630086731348,QLD
10080,2015,January,1,75 to 84,58,30.2880637439877,10352,1053,945,560.278207109737,170.551449687322,309.25778132482,107.843137254902,28.2105647622951,25.8677365390862,30.503178551092,QLD
10080,2015,February,2,75 to 84,26,31.3479848173765,10440,1053,945,249.04214559387,560.278207109737,170.551449687322,707.356507679871,30.2880637439877,28.2105647622951,28.5640262563026,QLD
10080,2015,March,3,75 to 84,7,23.5581804206674,10175,1053,945,68.7960687960688,249.04214559387,560.278207109737,9.69932104752667,31.3479848173765,30.2880637439877,25.7490372628082,QLD
10080,2015,November,11,75 to 84,10,26.5941057352456,10169,1053,945,98.3380863408398,230.553327987169,158.604282315623,309.25778132482,23.631003353204,16.1657965519477,25.8677365390862,QLD
10080,2015,December,12,75 to 84,7,28.9134658436188,10408,1053,945,67.2559569561876,98.3380863408398,230.553327987169,170.551449687322,26.5941057352456,23.631003353204,28.2105647622951,QLD
10080,2016,January,1,75 to 84,0,31.3159416899648,10210,1053,945,0,67.2559569561876,98.3380863408398,560.278207109737,28.9134658436188,26.5941057352456,30.2880637439877,QLD
10080,2016,February,2,75 to 84,3,28.5095248811522,10460,1053,945,28.6806883365201,0,67.2559569561876,249.04214559387,31.3159416899648,28.9134658436188,31.3479848173765,QLD
10080,2016,March,3,75 to 84,4,26.2852441797974,10408,1053,945,38.4319754035357,28.6806883365201,0,68.7960687960688,28.5095248811522,31.3159416899648,23.5581804206674,QLD
10080,2016,November,11,75 to 84,33,24.4998794406384,10532,1053,945,313.330801367262,76.5990042129452,78.1708032050029,98.3380863408398,22.3496548224565,17.7630406877844,26.5941057352456,QLD
10080,2016,December,12,75 to 84,18,25.2463689811174,10218,1053,945,176.159718144451,313.330801367262,76.5990042129452,67.2559569561876,24.4998794406384,22.3496548224565,28.9134658436188,QLD
10080,2011,January,1,85+,60,29.1640461466635,9921,1053,945,604.777744179014,772.200772200772,459.107409780056,184.256321015457,28.8331543512563,25.093374175272,28.5411623668731,QLD
10080,2011,February,2,85+,59,31.0574542014481,10047,1053,945,587.239972130984,604.777744179014,772.200772200772,157.678965625986,29.1640461466635,28.8331543512563,25.1695631202308,QLD
10080,2011,March,3,85+,42,23.8929587640666,10104,1053,945,415.676959619953,587.239972130984,604.777744179014,729.618272179338,31.0574542014481,29.1640461466635,25.2631253825698,QLD
10080,2011,November,11,85+,57,25.5861318739316,9659,1053,945,590.12320115954,132.450331125828,228.523943076763,459.107409780056,21.8977597465494,18.5646438019272,25.093374175272,QLD
10080,2011,December,12,85+,16,28.1216056926519,9699,1053,945,164.965460356738,590.12320115954,132.450331125828,772.200772200772,25.5861318739316,21.8977597465494,28.8331543512563,QLD
10080,2012,January,1,85+,73,31.2216409135189,10021,1053,945,728.470212553637,164.965460356738,590.12320115954,604.777744179014,28.1216056926519,25.5861318739316,29.1640461466635,QLD
10080,2012,February,2,85+,50,28.0040071438839,10023,1053,945,498.85263893046,728.470212553637,164.965460356738,587.239972130984,31.2216409135189,28.1216056926519,31.0574542014481,QLD
10080,2012,March,3,85+,29,26.3159069479995,10096,1053,945,287.242472266244,498.85263893046,728.470212553637,415.676959619953,28.0040071438839,31.2216409135189,23.8929587640666,QLD
10080,2012,November,11,85+,43,25.5356288908255,9629,1053,945,446.567660193166,79.8722044728435,199.322304165836,590.12320115954,19.9154960715082,18.1501288894858,25.5861318739316,QLD
10080,2012,December,12,85+,61,28.0435591683511,9855,1053,945,618.975139523085,446.567660193166,79.8722044728435,164.965460356738,25.5356288908255,19.9154960715082,28.1216056926519,QLD
10080,2013,January,1,85+,127,31.8345647766715,9998,1053,945,1270.25405081016,618.975139523085,446.567660193166,728.470212553637,28.0435591683511,25.5356288908255,31.2216409135189,QLD
10080,2013,February,2,85+,36,28.6857630703693,10310,1053,945,349.17555771096,1270.25405081016,618.975139523085,498.85263893046,31.8345647766715,28.0435591683511,28.0040071438839,QLD
10080,2013,March,3,85+,12,23.7658892288089,9979,1053,945,120.252530313659,349.17555771096,1270.25405081016,287.242472266244,28.6857630703693,31.8345647766715,26.3159069479995,QLD
10080,2013,November,11,85+,15,26.3492890646525,10077,1053,945,148.853825543316,248.138957816377,219.912035185926,446.567660193166,22.4943680076524,18.8367173526231,25.5356288908255,QLD
10080,2013,December,12,85+,11,28.2398784281891,9650,1053,945,113.989637305699,148.853825543316,248.138957816377,618.975139523085,26.3492890646525,22.4943680076524,28.0435591683511,QLD
10080,2014,January,1,85+,84,30.6705094503654,10187,1053,945,824.580347501718,113.989637305699,148.853825543316,1270.25405081016,28.2398784281891,26.3492890646525,31.8345647766715,QLD
10080,2014,February,2,85+,70,29.6943078348324,10329,1053,945,677.703553102914,824.580347501718,113.989637305699,349.17555771096,30.6705094503654,28.2398784281891,28.6857630703693,QLD
10080,2014,March,3,85+,18,27.5826769715314,10207,1053,945,176.349564024689,677.703553102914,824.580347501718,120.252530313659,29.6943078348324,30.6705094503654,23.7658892288089,QLD
10080,2014,November,11,85+,27,25.9025347637937,10067,1053,945,268.203039634449,179.175791359745,179.05102954342,148.853825543316,22.9550431745729,18.5458542083681,26.3492890646525,QLD
10080,2014,December,12,85+,52,28.9468266912134,10277,1053,945,505.984236644935,268.203039634449,179.175791359745,113.989637305699,25.9025347637937,22.9550431745729,28.2398784281891,QLD
10080,2015,January,1,85+,42,29.3840160913333,10164,1053,945,413.223140495868,505.984236644935,268.203039634449,824.580347501718,28.9468266912134,25.9025347637937,30.6705094503654,QLD
10080,2015,February,2,85+,6,31.8372595515065,9961,1053,945,60.234916173075,413.223140495868,505.984236644935,677.703553102914,29.3840160913333,28.9468266912134,29.6943078348324,QLD
10080,2015,March,3,85+,14,27.8541793527662,10357,1053,945,135.174278265907,60.234916173075,413.223140495868,176.349564024689,31.8372595515065,29.3840160913333,27.5826769715314,QLD
10080,2015,November,11,85+,21,25.2862243183639,10226,1053,945,205.3588891062,433.651344319167,283.729576362391,268.203039634449,22.9505592919131,18.5387085242908,25.9025347637937,QLD
10080,2015,December,12,85+,18,26.6206214320434,10308,1053,945,174.621653084983,205.3588891062,433.651344319167,505.984236644935,25.2862243183639,22.9505592919131,28.9468266912134,QLD
10080,2016,January,1,85+,50,28.6427063569764,10532,1053,945,474.743638435245,174.621653084983,205.3588891062,413.223140495868,26.6206214320434,25.2862243183639,29.3840160913333,QLD
10080,2016,February,2,85+,47,26.7337469487784,10561,1053,945,445.033614241076,474.743638435245,174.621653084983,60.234916173075,28.6427063569764,26.6206214320434,31.8372595515065,QLD
10080,2016,March,3,85+,23,25.5109816900473,10212,1053,945,225.225225225225,445.033614241076,474.743638435245,135.174278265907,26.7337469487784,28.6427063569764,27.8541793527662,QLD
10080,2016,November,11,85+,22,27.2101679782268,10397,1053,945,211.599499855728,398.716327919868,561.685055165497,205.3588891062,22.1828490931044,17.97490861977,25.2862243183639,QLD
10080,2016,December,12,85+,21,28.2403499731964,10372,1053,945,202.468183571153,211.599499855728,398.716327919868,174.621653084983,27.2101679782268,22.1828490931044,26.6206214320434,QLD
10081,2011,January,1,75 to 84,11,28.8397054519569,4466,1178,868,246.305418719212,67.4157303370787,66.2836942112241,326.157860404436,29.5170709552615,26.5338162845324,28.9212650115993,QLD
10081,2011,February,2,75 to 84,14,28.8948577294348,4592,1178,868,304.878048780488,246.305418719212,67.4157303370787,437.636761487965,28.8397054519569,29.5170709552615,29.2057142495003,QLD
10081,2011,March,3,75 to 84,1,22.8721908513997,4427,1178,868,22.5886604924328,304.878048780488,246.305418719212,392.428439519852,28.8948577294348,28.8397054519569,26.2519740748724,QLD
10081,2011,November,11,75 to 84,7,25.1787655083856,4495,1178,868,155.728587319244,276.890308839191,259.684051071197,66.2836942112241,25.3072399125319,15.6134835678488,26.5338162845324,QLD
10081,2011,December,12,75 to 84,8,27.9578610174416,4327,1178,868,184.885602033742,155.728587319244,276.890308839191,67.4157303370787,25.1787655083856,25.3072399125319,29.5170709552615,QLD
10081,2012,January,1,75 to 84,13,29.1243964115212,4587,1178,868,283.409635927622,184.885602033742,155.728587319244,246.305418719212,27.9578610174416,25.1787655083856,28.8397054519569,QLD
10081,2012,February,2,75 to 84,11,27.3602504707716,4630,1178,868,237.580993520518,283.409635927622,184.885602033742,304.878048780488,29.1243964115212,27.9578610174416,28.8948577294348,QLD
10081,2012,March,3,75 to 84,12,25.241410644055,4589,1178,868,261.494879058618,237.580993520518,283.409635927622,22.5886604924328,27.3602504707716,29.1243964115212,22.8721908513997,QLD
10081,2012,November,11,75 to 84,7,26.1699859811681,4543,1178,868,154.083204930663,22.4618149146451,129.505719835959,155.728587319244,19.734029418612,18.3401296508325,25.1787655083856,QLD
10081,2012,December,12,75 to 84,1,30.4802491519558,4703,1178,868,21.2630236019562,154.083204930663,22.4618149146451,184.885602033742,26.1699859811681,19.734029418612,27.9578610174416,QLD
10081,2013,January,1,75 to 84,1,30.0018353361067,4590,1178,868,21.7864923747277,21.2630236019562,154.083204930663,283.409635927622,30.4802491519558,26.1699859811681,29.1243964115212,QLD
10081,2013,February,2,75 to 84,1,29.17037882421,4626,1178,868,21.6169476869866,21.7864923747277,21.2630236019562,237.580993520518,30.0018353361067,30.4802491519558,27.3602504707716,QLD
10081,2013,March,3,75 to 84,0,25.5580682951484,4645,1178,868,0,21.6169476869866,21.7864923747277,261.494879058618,29.17037882421,30.0018353361067,25.241410644055,QLD
10081,2013,November,11,75 to 84,4,27.5447459547485,4642,1178,868,86.1697544161999,43.4216239687364,21.7202432667246,154.083204930663,19.4063650558499,17.8685736697595,26.1699859811681,QLD
10081,2013,December,12,75 to 84,13,28.42718136827,4742,1178,868,274.145929987347,86.1697544161999,43.4216239687364,21.2630236019562,27.5447459547485,19.4063650558499,30.4802491519558,QLD
10081,2014,January,1,75 to 84,7,32.8527515781821,4732,1178,868,147.92899408284,274.145929987347,86.1697544161999,21.7864923747277,28.42718136827,27.5447459547485,30.0018353361067,QLD
10081,2014,February,2,75 to 84,15,26.5290706983978,4713,1178,868,318.268618714195,147.92899408284,274.145929987347,21.6169476869866,32.8527515781821,28.42718136827,29.17037882421,QLD
10081,2014,March,3,75 to 84,10,28.7319022273081,4930,1178,868,202.839756592292,318.268618714195,147.92899408284,0,26.5290706983978,32.8527515781821,25.5580682951484,QLD
10081,2014,November,11,75 to 84,6,27.3028175672071,4783,1178,868,125.444281831487,322.788896061976,364.885168491093,86.1697544161999,21.0558272235655,16.5003720166932,27.5447459547485,QLD
10081,2014,December,12,75 to 84,5,30.0312087492965,4693,1178,868,106.541657788195,125.444281831487,322.788896061976,274.145929987347,27.3028175672071,21.0558272235655,28.42718136827,QLD
10081,2015,January,1,75 to 84,13,29.3747056965086,4737,1178,868,274.435296601224,106.541657788195,125.444281831487,147.92899408284,30.0312087492965,27.3028175672071,32.8527515781821,QLD
10081,2015,February,2,75 to 84,54,28.137121893713,4783,1178,868,1128.99853648338,274.435296601224,106.541657788195,318.268618714195,29.3747056965086,30.0312087492965,26.5290706983978,QLD
10081,2015,March,3,75 to 84,11,24.5745216338438,4769,1178,868,230.656322080101,1128.99853648338,274.435296601224,202.839756592292,28.137121893713,29.3747056965086,28.7319022273081,QLD
10081,2015,November,11,75 to 84,1,23.6247044187671,4729,1178,868,21.1461196870374,0,85.6347677156926,125.444281831487,19.6706770370491,18.6140775276208,27.3028175672071,QLD
10081,2015,December,12,75 to 84,1,28.4377453989282,4731,1178,868,21.137180300148,21.1461196870374,0,106.541657788195,23.6247044187671,19.6706770370491,30.0312087492965,QLD
10081,2016,January,1,75 to 84,11,27.6150907718706,4797,1178,868,229.309985407546,21.137180300148,21.1461196870374,274.435296601224,28.4377453989282,23.6247044187671,29.3747056965086,QLD
10081,2016,February,2,75 to 84,15,29.8120036805454,4687,1178,868,320.034136974611,229.309985407546,21.137180300148,1128.99853648338,27.6150907718706,28.4377453989282,28.137121893713,QLD
10081,2016,March,3,75 to 84,44,25.2120723007069,4789,1178,868,918.77218626018,320.034136974611,229.309985407546,230.656322080101,29.8120036805454,27.6150907718706,24.5745216338438,QLD
10081,2016,November,11,75 to 84,3,26.6466840300458,4747,1178,868,63.1978091426164,174.978127734033,42.0609884332282,21.1461196870374,22.640988478548,19.0138176331269,23.6247044187671,QLD
10081,2016,December,12,75 to 84,0,28.0048296923139,4870,1178,868,0,63.1978091426164,174.978127734033,21.137180300148,26.6466840300458,22.640988478548,28.4377453989282,QLD
10081,2011,January,1,85+,30,29.5617205848325,4528,1178,868,662.544169611307,328.515111695138,235.344458707745,513.278286096853,29.3189769165499,25.374454807714,30.2136462972975,QLD
10081,2011,February,2,85+,10,28.331642458533,4568,1178,868,218.914185639229,662.544169611307,328.515111695138,132.62599469496,29.5617205848325,29.3189769165499,30.4076411479801,QLD
10081,2011,March,3,85+,11,26.300091077191,4525,1178,868,243.093922651934,218.914185639229,662.544169611307,293.718933574334,28.331642458533,29.5617205848325,23.3247256130042,QLD
10081,2011,November,11,85+,33,25.2947278607546,4497,1178,868,733.822548365577,711.335474988527,240.542313579707,235.344458707745,20.9534815559512,18.7587119312382,25.374454807714,QLD
10081,2011,December,12,85+,29,29.0097043309146,4536,1178,868,639.329805996473,733.822548365577,711.335474988527,328.515111695138,25.2947278607546,20.9534815559512,29.3189769165499,QLD
10081,2012,January,1,85+,44,28.6799354719594,4580,1178,868,960.698689956332,639.329805996473,733.822548365577,662.544169611307,29.0097043309146,25.2947278607546,29.5617205848325,QLD
10081,2012,February,2,85+,2,28.4798223753406,4533,1178,868,44.1208912420031,960.698689956332,639.329805996473,218.914185639229,28.6799354719594,29.0097043309146,28.331642458533,QLD
10081,2012,March,3,85+,2,27.7559990152655,4483,1178,868,44.612982377872,44.1208912420031,960.698689956332,243.093922651934,28.4798223753406,28.6799354719594,26.300091077191,QLD
10081,2012,November,11,85+,27,26.3692254124227,4488,1178,868,601.604278074866,716.997047659216,287.54700287547,733.822548365577,23.4314811652694,17.0700262058803,25.2947278607546,QLD
10081,2012,December,12,85+,14,29.2182475947121,4641,1178,868,301.659125188537,601.604278074866,716.997047659216,639.329805996473,26.3692254124227,23.4314811652694,29.0097043309146,QLD
10081,2013,January,1,85+,25,30.8443710876743,4611,1178,868,542.18173931902,301.659125188537,601.604278074866,960.698689956332,29.2182475947121,26.3692254124227,28.6799354719594,QLD
10081,2013,February,2,85+,15,29.0736509071933,4650,1178,868,322.58064516129,542.18173931902,301.659125188537,44.1208912420031,30.8443710876743,29.2182475947121,28.4798223753406,QLD
10081,2013,March,3,85+,1,25.4704909902689,4562,1178,868,21.9202104340202,322.58064516129,542.18173931902,44.612982377872,29.0736509071933,30.8443710876743,27.7559990152655,QLD
10081,2013,November,11,85+,18,24.4064921555246,4619,1178,868,389.694739121022,128.068303094984,232.312565997888,601.604278074866,21.6408445986412,16.9361721159618,26.3692254124227,QLD
10081,2013,December,12,85+,5,29.0827883775573,4585,1178,868,109.051254089422,389.694739121022,128.068303094984,301.659125188537,24.4064921555246,21.6408445986412,29.2182475947121,QLD
10081,2014,January,1,85+,21,30.466803788007,4667,1178,868,449.967859438612,109.051254089422,389.694739121022,542.18173931902,29.0827883775573,24.4064921555246,30.8443710876743,QLD
10081,2014,February,2,85+,12,27.4404885547834,4712,1178,868,254.668930390492,449.967859438612,109.051254089422,322.58064516129,30.466803788007,29.0827883775573,29.0736509071933,QLD
10081,2014,March,3,85+,10,27.9811858867318,4651,1178,868,215.007525263384,254.668930390492,449.967859438612,21.9202104340202,27.4404885547834,30.466803788007,25.4704909902689,QLD
10081,2014,November,11,85+,5,25.7763229246458,4437,1178,868,112.688753662385,170.248989146627,146.25992478061,389.694739121022,19.0418175378787,19.6303837242306,24.4064921555246,QLD
10081,2014,December,12,85+,15,29.8784877888976,4744,1178,868,316.188870151771,112.688753662385,170.248989146627,109.051254089422,25.7763229246458,19.0418175378787,29.0827883775573,QLD
10081,2015,January,1,85+,35,30.0565857935326,4976,1178,868,703.376205787781,316.188870151771,112.688753662385,449.967859438612,29.8784877888976,25.7763229246458,30.466803788007,QLD
10081,2015,February,2,85+,7,28.9493826298449,4723,1178,868,148.210882913403,703.376205787781,316.188870151771,254.668930390492,30.0565857935326,29.8784877888976,27.4404885547834,QLD
10081,2015,March,3,85+,21,24.1702916562729,4679,1178,868,448.813849113058,148.210882913403,703.376205787781,215.007525263384,28.9493826298449,30.0565857935326,27.9811858867318,QLD
10081,2015,November,11,85+,4,25.1324360420303,4723,1178,868,84.6919330933729,0,213.538330130258,112.688753662385,22.6633772317609,17.6660550270682,25.7763229246458,QLD
10081,2015,December,12,85+,1,29.0102262943801,4592,1178,868,21.7770034843206,84.6919330933729,0,316.188870151771,25.1324360420303,22.6633772317609,29.8784877888976,QLD
10081,2016,January,1,85+,13,28.5719052484397,4831,1178,868,269.095425377769,21.7770034843206,84.6919330933729,703.376205787781,29.0102262943801,25.1324360420303,30.0565857935326,QLD
10081,2016,February,2,85+,8,29.5489421997589,4763,1178,868,167.961368885156,269.095425377769,21.7770034843206,148.210882913403,28.5719052484397,29.0102262943801,28.9493826298449,QLD
10081,2016,March,3,85+,7,25.3164535008102,4705,1178,868,148.777895855473,167.961368885156,269.095425377769,448.813849113058,29.5489421997589,28.5719052484397,24.1702916562729,QLD
10081,2016,November,11,85+,15,28.8741642723614,4715,1178,868,318.13361611877,298.316641806947,203.128173877717,84.6919330933729,20.6917773207784,20.9680107449536,25.1324360420303,QLD
10081,2016,December,12,85+,14,25.4248780561077,4722,1178,868,296.484540448962,318.13361611877,298.316641806947,21.7770034843206,28.8741642723614,20.6917773207784,29.0102262943801,QLD
10082,2011,January,1,75 to 84,22,29.6489944605988,12908,1150,904,170.436938332817,188.694079723249,102.426725496376,660.828025477707,27.929805320343,26.4810844848468,29.5901187304137,QLD
10082,2011,February,2,75 to 84,23,28.1147876591514,12533,1150,904,183.515519029761,170.436938332817,188.694079723249,922.905561301615,29.6489944605988,27.929805320343,29.3029629221646,QLD
10082,2011,March,3,75 to 84,42,25.9504867771127,13060,1150,904,321.592649310873,183.515519029761,170.436938332817,468.75,28.1147876591514,29.6489944605988,26.0725501383567,QLD
10082,2011,November,11,75 to 84,9,23.4697164897696,12415,1150,904,72.4929520741039,70.1371571072319,417.989008437186,102.426725496376,23.9735782081035,17.376509599424,26.4810844848468,QLD
10082,2011,December,12,75 to 84,7,29.1917084073464,12610,1150,904,55.5114988104679,72.4929520741039,70.1371571072319,188.694079723249,23.4697164897696,23.9735782081035,27.929805320343,QLD
10082,2012,January,1,75 to 84,13,31.0656186659569,12865,1150,904,101.049358725223,55.5114988104679,72.4929520741039,170.436938332817,29.1917084073464,23.4697164897696,29.6489944605988,QLD
10082,2012,February,2,75 to 84,3,28.7655604268522,12968,1150,904,23.1338679827267,101.049358725223,55.5114988104679,183.515519029761,31.0656186659569,29.1917084073464,28.1147876591514,QLD
10082,2012,March,3,75 to 84,9,25.7047457744431,12780,1150,904,70.4225352112676,23.1338679827267,101.049358725223,321.592649310873,28.7655604268522,31.0656186659569,25.9504867771127,QLD
10082,2012,November,11,75 to 84,9,26.0046981950575,13091,1150,904,68.7495225727599,182.384679686906,68.5348766372221,72.4929520741039,23.3618044515496,21.5712801065806,23.4697164897696,QLD
10082,2012,December,12,75 to 84,32,29.7212454585486,12909,1150,904,247.889069641336,68.7495225727599,182.384679686906,55.5114988104679,26.0046981950575,23.3618044515496,29.1917084073464,QLD
10082,2013,January,1,75 to 84,22,31.5652111393817,12985,1150,904,169.426261070466,247.889069641336,68.7495225727599,101.049358725223,29.7212454585486,26.0046981950575,31.0656186659569,QLD
10082,2013,February,2,75 to 84,13,29.5951622231143,13692,1150,904,94.9459538416594,169.426261070466,247.889069641336,23.1338679827267,31.5652111393817,29.7212454585486,28.7655604268522,QLD
10082,2013,March,3,75 to 84,7,26.2762104110365,12703,1150,904,55.1050932850508,94.9459538416594,169.426261070466,70.4225352112676,29.5951622231143,31.5652111393817,25.7047457744431,QLD
10082,2013,November,11,75 to 84,3,27.4848802183991,12983,1150,904,23.1071401062928,53.4025022886787,73.909830007391,68.7495225727599,20.3699226053251,17.1211696409246,26.0046981950575,QLD
10082,2013,December,12,75 to 84,3,28.9034051549428,12668,1150,904,23.6817177139249,23.1071401062928,53.4025022886787,247.889069641336,27.4848802183991,20.3699226053251,29.7212454585486,QLD
10082,2014,January,1,75 to 84,4,28.5811489845923,13448,1150,904,29.7441998810232,23.6817177139249,23.1071401062928,169.426261070466,28.9034051549428,27.4848802183991,31.5652111393817,QLD
10082,2014,February,2,75 to 84,7,27.8476155170791,13065,1150,904,53.5782625334864,29.7441998810232,23.6817177139249,94.9459538416594,28.5811489845923,28.9034051549428,29.5951622231143,QLD
10082,2014,March,3,75 to 84,14,25.7566263520747,13145,1150,904,106.504374286801,53.5782625334864,29.7441998810232,55.1050932850508,27.8476155170791,28.5811489845923,26.2762104110365,QLD
10082,2014,November,11,75 to 84,21,23.2378350045605,13493,1150,904,155.63625583636,91.2616929044034,123.879618159295,23.1071401062928,23.0920067079904,15.1190135093716,27.4848802183991,QLD
10082,2014,December,12,75 to 84,8,31.6894009438092,12986,1150,904,61.6048051748036,155.63625583636,91.2616929044034,23.6817177139249,23.2378350045605,23.0920067079904,28.9034051549428,QLD
10082,2015,January,1,75 to 84,5,26.824806377993,13267,1150,904,37.6874952890631,61.6048051748036,155.63625583636,29.7441998810232,31.6894009438092,23.2378350045605,28.5811489845923,QLD
10082,2015,February,2,75 to 84,18,28.6053114399883,13497,1150,904,133.362969548789,37.6874952890631,61.6048051748036,53.5782625334864,26.824806377993,31.6894009438092,27.8476155170791,QLD
10082,2015,March,3,75 to 84,18,25.604445994737,13297,1150,904,135.368880198541,133.362969548789,37.6874952890631,106.504374286801,28.6053114399883,26.824806377993,25.7566263520747,QLD
10082,2015,November,11,75 to 84,47,29.6962883928091,13200,1150,904,356.060606060606,248.756218905473,107.592991085152,155.63625583636,23.3786295584834,18.0990658562886,23.2378350045605,QLD
10082,2015,December,12,75 to 84,46,27.8884987200811,13592,1150,904,338.434373160683,356.060606060606,248.756218905473,61.6048051748036,29.6962883928091,23.3786295584834,31.6894009438092,QLD
10082,2016,January,1,75 to 84,71,28.4221313872198,13197,1150,904,538.001060847162,338.434373160683,356.060606060606,37.6874952890631,27.8884987200811,29.6962883928091,26.824806377993,QLD
10082,2016,February,2,75 to 84,78,29.6488203636801,13376,1150,904,583.133971291866,538.001060847162,338.434373160683,133.362969548789,28.4221313872198,27.8884987200811,28.6053114399883,QLD
10082,2016,March,3,75 to 84,15,24.4863474999214,13069,1150,904,114.77542275614,583.133971291866,538.001060847162,135.368880198541,29.6488203636801,28.4221313872198,25.604445994737,QLD
10082,2016,November,11,75 to 84,16,24.2471828582209,13417,1150,904,119.251695610047,29.4724432655467,264.007040187738,356.060606060606,22.6043235994214,18.4249255264785,29.6962883928091,QLD
10082,2016,December,12,75 to 84,18,29.7991213841526,13226,1150,904,136.095569333132,119.251695610047,29.4724432655467,338.434373160683,24.2471828582209,22.6043235994214,27.8884987200811,QLD
10082,2011,January,1,85+,7,29.146093103952,12931,1150,904,54.1334776892738,1041.82864251283,419.901758833782,147.756435181585,27.6943920631757,26.6166092794012,27.1601374965963,QLD
10082,2011,February,2,85+,11,33.9941071361105,12669,1150,904,86.8261109795564,54.1334776892738,1041.82864251283,15.7952930026852,29.146093103952,27.6943920631757,29.0931494581235,QLD
10082,2011,March,3,85+,49,26.309559156443,12581,1150,904,389.476194261188,86.8261109795564,54.1334776892738,62.3830318153462,33.9941071361105,29.146093103952,26.575973304118,QLD
10082,2011,November,11,85+,83,26.668441327587,13207,1150,904,628.454607405164,165.536812233959,71.4115686741252,419.901758833782,21.7384097360089,15.5414586061835,26.6166092794012,QLD
10082,2011,December,12,85+,4,28.1437842975241,12500,1150,904,32,628.454607405164,165.536812233959,1041.82864251283,26.668441327587,21.7384097360089,27.6943920631757,QLD
10082,2012,January,1,85+,10,30.707110179311,13179,1150,904,75.8782912208817,32,628.454607405164,54.1334776892738,28.1437842975241,26.668441327587,29.146093103952,QLD
10082,2012,February,2,85+,6,27.567186928093,13212,1150,904,45.4132606721163,75.8782912208817,32,86.8261109795564,30.707110179311,28.1437842975241,33.9941071361105,QLD
10082,2012,March,3,85+,20,25.8104251845897,13154,1150,904,152.045005321575,45.4132606721163,75.8782912208817,389.476194261188,27.567186928093,30.707110179311,26.309559156443,QLD
10082,2012,November,11,85+,5,24.84984612787,13282,1150,904,37.6449329920193,23.1642344220524,7.6575541771958,628.454607405164,21.6608253668346,19.8736204364678,26.668441327587,QLD
10082,2012,December,12,85+,11,31.0940735679965,12717,1150,904,86.4983879845876,37.6449329920193,23.1642344220524,32,24.84984612787,21.6608253668346,28.1437842975241,QLD
10082,2013,January,1,85+,56,30.4514291379849,13121,1150,904,426.796738053502,86.4983879845876,37.6449329920193,75.8782912208817,31.0940735679965,24.84984612787,30.707110179311,QLD
10082,2013,February,2,85+,34,28.6826489911387,12433,1150,904,273.465776562374,426.796738053502,86.4983879845876,45.4132606721163,30.4514291379849,31.0940735679965,27.567186928093,QLD
10082,2013,March,3,85+,40,25.1264211561701,13085,1150,904,305.693542223921,273.465776562374,426.796738053502,152.045005321575,28.6826489911387,30.4514291379849,25.8104251845897,QLD
10082,2013,November,11,85+,12,24.9866386554647,12441,1150,904,96.455268869062,434.096290449882,281.008508313168,37.6449329920193,24.3890839929675,21.6855309279914,24.84984612787,QLD
10082,2013,December,12,85+,2,29.0658269722542,12711,1150,904,15.7344032727559,96.455268869062,434.096290449882,86.4983879845876,24.9866386554647,24.3890839929675,31.0940735679965,QLD
10082,2014,January,1,85+,13,30.5363525784431,12958,1150,904,100.324124093224,15.7344032727559,96.455268869062,426.796738053502,29.0658269722542,24.9866386554647,30.4514291379849,QLD
10082,2014,February,2,85+,43,27.9632420555043,13171,1150,904,326.474831068256,100.324124093224,15.7344032727559,273.465776562374,30.5363525784431,29.0658269722542,28.6826489911387,QLD
10082,2014,March,3,85+,15,25.0819903504748,13201,1150,904,113.62775547307,326.474831068256,100.324124093224,305.693542223921,27.9632420555043,30.5363525784431,25.1264211561701,QLD
10082,2014,November,11,85+,40,27.2309386437347,13006,1150,904,307.550361371675,241.728357757969,448.430493273543,96.455268869062,21.6128167845232,20.5075070547602,24.9866386554647,QLD
10082,2014,December,12,85+,4,33.6462428186238,13412,1150,904,29.8240381747689,307.550361371675,241.728357757969,15.7344032727559,27.2309386437347,21.6128167845232,29.0658269722542,QLD
10082,2015,January,1,85+,35,27.2338404721508,13447,1150,904,260.281103591879,29.8240381747689,307.550361371675,100.324124093224,33.6462428186238,27.2309386437347,30.5363525784431,QLD
10082,2015,February,2,85+,99,28.6665704643862,13344,1150,904,741.906474820144,260.281103591879,29.8240381747689,326.474831068256,27.2338404721508,33.6462428186238,27.9632420555043,QLD
10082,2015,March,3,85+,71,26.237294123874,12887,1150,904,550.94281058431,741.906474820144,260.281103591879,113.62775547307,28.6665704643862,27.2338404721508,25.0819903504748,QLD
10082,2015,November,11,85+,28,26.4558151765009,13646,1150,904,205.188333577605,431.065975012786,338.934160236533,307.550361371675,22.1257496315664,15.4759068857298,27.2309386437347,QLD
10082,2015,December,12,85+,7,26.5791550450121,13471,1150,904,51.9634770989533,205.188333577605,431.065975012786,29.8240381747689,26.4558151765009,22.1257496315664,33.6462428186238,QLD
10082,2016,January,1,85+,42,27.6617701107929,13590,1150,904,309.050772626932,51.9634770989533,205.188333577605,260.281103591879,26.5791550450121,26.4558151765009,27.2338404721508,QLD
10082,2016,February,2,85+,4,27.781570795626,13783,1150,904,29.0212580715374,309.050772626932,51.9634770989533,741.906474820144,27.6617701107929,26.5791550450121,28.6665704643862,QLD
10082,2016,March,3,85+,12,24.1973006782698,13312,1150,904,90.1442307692308,29.0212580715374,309.050772626932,550.94281058431,27.781570795626,27.6617701107929,26.237294123874,QLD
10082,2016,November,11,85+,28,26.4162196512774,13673,1150,904,204.783149272288,93.0632113966641,51.948051948052,205.188333577605,22.6738494031644,17.7820079221835,26.4558151765009,QLD
10082,2016,December,12,85+,88,27.4662230270395,13626,1150,904,645.824159694701,204.783149272288,93.0632113966641,51.9634770989533,26.4162196512774,22.6738494031644,26.5791550450121,QLD
10083,2011,January,1,75 to 84,2,31.1467735568025,2692,899,1149,74.2942050520059,0,0,113.550340651022,28.4114209698465,27.7934854450992,26.086742579318,QLD
10083,2011,February,2,75 to 84,5,28.4394589367044,2680,899,1149,186.567164179104,74.2942050520059,0,345.489443378119,31.1467735568025,28.4114209698465,27.4264734525689,QLD
10083,2011,March,3,75 to 84,7,25.6345747970964,2578,899,1149,271.528316524438,186.567164179104,74.2942050520059,115.295926210607,28.4394589367044,31.1467735568025,26.5048452552698,QLD
10083,2011,November,11,75 to 84,1,24.4229846325072,2610,899,1149,38.3141762452107,118.389897395422,193.274062620796,0,23.6556617808096,17.6528156661297,27.7934854450992,QLD
10083,2011,December,12,75 to 84,1,29.1821750284277,2558,899,1149,39.0930414386239,38.3141762452107,118.389897395422,0,24.4229846325072,23.6556617808096,28.4114209698465,QLD
10083,2012,January,1,75 to 84,5,28.997823008015,2681,899,1149,186.497575531518,39.0930414386239,38.3141762452107,74.2942050520059,29.1821750284277,24.4229846325072,31.1467735568025,QLD
10083,2012,February,2,75 to 84,6,27.4693993457728,2700,899,1149,222.222222222222,186.497575531518,39.0930414386239,186.567164179104,28.997823008015,29.1821750284277,28.4394589367044,QLD
10083,2012,March,3,75 to 84,3,27.7979400730751,2667,899,1149,112.485939257593,222.222222222222,186.497575531518,271.528316524438,27.4693993457728,28.997823008015,25.6345747970964,QLD
10083,2012,November,11,75 to 84,0,23.2868506098231,2615,899,1149,0,368.595650571323,147.60147601476,38.3141762452107,22.4285451916153,16.1087189836073,24.4229846325072,QLD
10083,2012,December,12,75 to 84,1,29.6772733675313,2615,899,1149,38.2409177820268,0,368.595650571323,39.0930414386239,23.2868506098231,22.4285451916153,29.1821750284277,QLD
10083,2013,January,1,75 to 84,0,29.297006958969,2626,899,1149,0,38.2409177820268,0,186.497575531518,29.6772733675313,23.2868506098231,28.997823008015,QLD
10083,2013,February,2,75 to 84,1,26.4823137497859,2646,899,1149,37.7928949357521,0,38.2409177820268,222.222222222222,29.297006958969,29.6772733675313,27.4693993457728,QLD
10083,2013,March,3,75 to 84,1,28.1481767149399,2667,899,1149,37.4953130858643,37.7928949357521,0,112.485939257593,26.4823137497859,29.297006958969,27.7979400730751,QLD
10083,2013,November,11,75 to 84,0,25.0317377488625,2749,899,1149,0,38.3288616328095,0,0,20.732584603133,18.5217111947934,23.2868506098231,QLD
10083,2013,December,12,75 to 84,0,28.2060811614979,2627,899,1149,0,0,38.3288616328095,38.2409177820268,25.0317377488625,20.732584603133,29.6772733675313,QLD
10083,2014,January,1,75 to 84,1,29.7733214542873,2721,899,1149,36.7511944138185,0,0,0,28.2060811614979,25.0317377488625,29.297006958969,QLD
10083,2014,February,2,75 to 84,1,27.1565989942163,2664,899,1149,37.5375375375375,36.7511944138185,0,37.7928949357521,29.7733214542873,28.2060811614979,26.4823137497859,QLD
10083,2014,March,3,75 to 84,0,28.2137179079645,2680,899,1149,0,37.5375375375375,36.7511944138185,37.4953130858643,27.1565989942163,29.7733214542873,28.1481767149399,QLD
10083,2014,November,11,75 to 84,2,27.1678860869335,2705,899,1149,73.9371534195934,106.307583274274,0,0,22.7761831560271,19.6895495159172,25.0317377488625,QLD
10083,2014,December,12,75 to 84,0,30.0639678804919,2686,899,1149,0,73.9371534195934,106.307583274274,0,27.1678860869335,22.7761831560271,28.2060811614979,QLD
10083,2015,January,1,75 to 84,0,28.2949376910935,2768,899,1149,0,0,73.9371534195934,36.7511944138185,30.0639678804919,27.1678860869335,29.7733214542873,QLD
10083,2015,February,2,75 to 84,0,29.0750678928111,2734,899,1149,0,0,0,37.5375375375375,28.2949376910935,30.0639678804919,27.1565989942163,QLD
10083,2015,March,3,75 to 84,1,22.9549528179016,2813,899,1149,35.5492356914326,0,0,0,29.0750678928111,28.2949376910935,28.2137179079645,QLD
10083,2015,November,11,75 to 84,1,24.9156428843561,2735,899,1149,36.563071297989,107.991360691145,112.14953271028,73.9371534195934,20.7153755994018,16.3173567779439,27.1678860869335,QLD
10083,2015,December,12,75 to 84,2,30.6813584551005,2672,899,1149,74.8502994011976,36.563071297989,107.991360691145,0,24.9156428843561,20.7153755994018,30.0639678804919,QLD
10083,2016,January,1,75 to 84,4,27.9028598573384,2753,899,1149,145.296040682891,74.8502994011976,36.563071297989,0,30.6813584551005,24.9156428843561,28.2949376910935,QLD
10083,2016,February,2,75 to 84,3,30.0415072999551,2745,899,1149,109.289617486339,145.296040682891,74.8502994011976,0,27.9028598573384,30.6813584551005,29.0750678928111,QLD
10083,2016,March,3,75 to 84,4,25.506170095739,2697,899,1149,148.312940304042,109.289617486339,145.296040682891,35.5492356914326,30.0415072999551,27.9028598573384,22.9549528179016,QLD
10083,2016,November,11,75 to 84,7,25.3803858561778,2793,899,1149,250.62656641604,107.449856733524,368.459837877671,36.563071297989,21.6373275406186,17.9929682184603,24.9156428843561,QLD
10083,2016,December,12,75 to 84,10,28.425615364729,2854,899,1149,350.385423966363,250.62656641604,107.449856733524,74.8502994011976,25.3803858561778,21.6373275406186,30.6813584551005,QLD
10083,2011,January,1,85+,1,29.0210154747237,2604,899,1149,38.4024577572965,538.876058506544,76.9526741054252,187.96992481203,31.3662053597037,26.4429368762133,29.3295449841891,QLD
10083,2011,February,2,85+,2,28.883744144737,2581,899,1149,77.4893452150329,38.4024577572965,538.876058506544,437.723836052527,29.0210154747237,31.3662053597037,27.8809993316609,QLD
10083,2011,March,3,85+,1,26.3945719211055,2561,899,1149,39.0472471690746,77.4893452150329,38.4024577572965,1021.20974076984,28.883744144737,29.0210154747237,24.5912609034372,QLD
10083,2011,November,11,85+,1,24.016614393239,2612,899,1149,38.2848392036754,305.460099274532,345.224395857307,76.9526741054252,21.5189781009489,18.2801069689772,26.4429368762133,QLD
10083,2011,December,12,85+,2,27.8111306125528,2615,899,1149,76.4818355640535,38.2848392036754,305.460099274532,538.876058506544,24.016614393239,21.5189781009489,31.3662053597037,QLD
10083,2012,January,1,85+,0,28.6426582947555,2621,899,1149,0,76.4818355640535,38.2848392036754,38.4024577572965,27.8111306125528,24.016614393239,29.0210154747237,QLD
10083,2012,February,2,85+,7,29.9225539565768,2701,899,1149,259.163272861903,0,76.4818355640535,77.4893452150329,28.6426582947555,27.8111306125528,28.883744144737,QLD
10083,2012,March,3,85+,2,24.8136080057004,2511,899,1149,79.6495420151334,259.163272861903,0,39.0472471690746,29.9225539565768,28.6426582947555,26.3945719211055,QLD
10083,2012,November,11,85+,9,25.554098367324,2658,899,1149,338.600451467269,112.401648557512,114.025085518814,38.2848392036754,23.3800105589236,17.3796607604601,24.016614393239,QLD
10083,2012,December,12,85+,5,26.7913675229371,2619,899,1149,190.912562046583,338.600451467269,112.401648557512,76.4818355640535,25.554098367324,23.3800105589236,27.8111306125528,QLD
10083,2013,January,1,85+,3,26.9363820667717,2694,899,1149,111.358574610245,190.912562046583,338.600451467269,0,26.7913675229371,25.554098367324,28.6426582947555,QLD
10083,2013,February,2,85+,7,30.9441077555643,2696,899,1149,259.643916913947,111.358574610245,190.912562046583,259.163272861903,26.9363820667717,26.7913675229371,29.9225539565768,QLD
10083,2013,March,3,85+,4,24.3631186296519,2712,899,1149,147.492625368732,259.643916913947,111.358574610245,79.6495420151334,30.9441077555643,26.9363820667717,24.8136080057004,QLD
10083,2013,November,11,85+,3,25.1239233147881,2633,899,1149,113.938473224459,0,113.378684807256,338.600451467269,21.1238195636848,17.8652693964075,25.554098367324,QLD
10083,2013,December,12,85+,12,26.4382716132088,2658,899,1149,451.467268623025,113.938473224459,0,190.912562046583,25.1239233147881,21.1238195636848,26.7913675229371,QLD
10083,2014,January,1,85+,4,29.8823178448175,2723,899,1149,146.896804994491,451.467268623025,113.938473224459,111.358574610245,26.4382716132088,25.1239233147881,26.9363820667717,QLD
10083,2014,February,2,85+,4,29.6945744919332,2667,899,1149,149.981252343457,146.896804994491,451.467268623025,259.643916913947,29.8823178448175,26.4382716132088,30.9441077555643,QLD
10083,2014,March,3,85+,3,28.2009984063762,2724,899,1149,110.132158590308,149.981252343457,146.896804994491,147.492625368732,29.6945744919332,29.8823178448175,24.3631186296519,QLD
10083,2014,November,11,85+,0,23.5476953912562,2708,899,1149,0,76.3941940412529,76.9230769230769,113.938473224459,24.773307641176,17.8856896762152,25.1239233147881,QLD
10083,2014,December,12,85+,2,31.2682773308972,2740,899,1149,72.992700729927,0,76.3941940412529,451.467268623025,23.5476953912562,24.773307641176,26.4382716132088,QLD
10083,2015,January,1,85+,2,30.6368841688945,2802,899,1149,71.3775874375446,72.992700729927,0,146.896804994491,31.2682773308972,23.5476953912562,29.8823178448175,QLD
10083,2015,February,2,85+,1,28.650698399557,2709,899,1149,36.9139904023625,71.3775874375446,72.992700729927,149.981252343457,30.6368841688945,31.2682773308972,29.6945744919332,QLD
10083,2015,March,3,85+,9,24.9043168663659,2686,899,1149,335.070737155622,36.9139904023625,71.3775874375446,110.132158590308,28.650698399557,30.6368841688945,28.2009984063762,QLD
10083,2015,November,11,85+,0,27.2253119937767,2771,899,1149,0,0,73.882526782416,0,24.4182062639859,20.087098769572,23.5476953912562,QLD
10083,2015,December,12,85+,3,29.4374434530168,2732,899,1149,109.809663250366,0,0,72.992700729927,27.2253119937767,24.4182062639859,31.2682773308972,QLD
10083,2016,January,1,85+,1,29.5986145791515,2703,899,1149,36.9959304476508,109.809663250366,0,71.3775874375446,29.4374434530168,27.2253119937767,30.6368841688945,QLD
10083,2016,February,2,85+,7,27.3558307267632,2657,899,1149,263.455024463681,36.9959304476508,109.809663250366,36.9139904023625,29.5986145791515,29.4374434530168,28.650698399557,QLD
10083,2016,March,3,85+,3,28.4886325942234,2793,899,1149,107.411385606874,263.455024463681,36.9959304476508,335.070737155622,27.3558307267632,29.5986145791515,24.9043168663659,QLD
10083,2016,November,11,85+,3,26.1784310095117,2729,899,1149,109.930377427629,106.458481192335,73.9644970414201,0,20.6720701929551,22.3162641782443,27.2253119937767,QLD
10083,2016,December,12,85+,11,27.207660767149,2776,899,1149,396.253602305476,109.930377427629,106.458481192335,109.809663250366,26.1784310095117,20.6720701929551,29.4374434530168,QLD
10084,2011,January,1,75 to 84,19,27.4802641428494,17659,854,1028,107.59386148706,179.977502812148,46.112167848291,185.195577754083,30.1801050628839,26.2204497559798,30.611692647928,QLD
10084,2011,February,2,75 to 84,44,28.829612903154,18023,854,1028,244.132497364479,107.59386148706,179.977502812148,442.327322218442,27.4802641428494,30.1801050628839,31.8187873325969,QLD
10084,2011,March,3,75 to 84,12,24.7326379971545,17769,854,1028,67.5333445888908,244.132497364479,107.59386148706,209.205020920502,28.829612903154,27.4802641428494,27.3470665778452,QLD
10084,2011,November,11,75 to 84,32,26.8972745780848,18004,854,1028,177.738280382137,152.628603730921,98.6625739969305,46.112167848291,25.1943768695204,14.4068591269729,26.2204497559798,QLD
10084,2011,December,12,75 to 84,45,29.4163037113406,17962,854,1028,250.52889433248,177.738280382137,152.628603730921,179.977502812148,26.8972745780848,25.1943768695204,30.1801050628839,QLD
10084,2012,January,1,75 to 84,21,29.1283547992436,17771,854,1028,118.170052332452,250.52889433248,177.738280382137,107.59386148706,29.4163037113406,26.8972745780848,27.4802641428494,QLD
10084,2012,February,2,75 to 84,35,28.9405274834904,17927,854,1028,195.236235845373,118.170052332452,250.52889433248,244.132497364479,29.1283547992436,29.4163037113406,28.829612903154,QLD
10084,2012,March,3,75 to 84,7,28.3290098738366,18263,854,1028,38.3288616328095,195.236235845373,118.170052332452,67.5333445888908,28.9405274834904,29.1283547992436,24.7326379971545,QLD
10084,2012,November,11,75 to 84,11,28.5142300387841,17700,854,1028,62.1468926553672,122.870706506562,132.19498760672,177.738280382137,20.8930456318017,17.0233001095077,26.8972745780848,QLD
10084,2012,December,12,75 to 84,13,29.6857488631325,18210,854,1028,71.389346512905,62.1468926553672,122.870706506562,250.52889433248,28.5142300387841,20.8930456318017,29.4163037113406,QLD
10084,2013,January,1,75 to 84,37,28.718094680476,18322,854,1028,201.943019321035,71.389346512905,62.1468926553672,118.170052332452,29.6857488631325,28.5142300387841,29.1283547992436,QLD
10084,2013,February,2,75 to 84,102,29.1258085270662,18191,854,1028,560.716837996812,201.943019321035,71.389346512905,195.236235845373,28.718094680476,29.6857488631325,28.9405274834904,QLD
10084,2013,March,3,75 to 84,30,25.8046985355914,18043,854,1028,166.269467383473,560.716837996812,201.943019321035,38.3288616328095,29.1258085270662,28.718094680476,28.3290098738366,QLD
10084,2013,November,11,75 to 84,19,27.1795945809163,18462,854,1028,102.914093814321,66.214202946532,419.219606578523,62.1468926553672,21.3178073656204,20.3852141151928,28.5142300387841,QLD
10084,2013,December,12,75 to 84,9,30.1501500263909,18336,854,1028,49.0837696335079,102.914093814321,66.214202946532,71.389346512905,27.1795945809163,21.3178073656204,29.6857488631325,QLD
10084,2014,January,1,75 to 84,3,28.9466932294584,18643,854,1028,16.0918307139409,49.0837696335079,102.914093814321,201.943019321035,30.1501500263909,27.1795945809163,28.718094680476,QLD
10084,2014,February,2,75 to 84,2,28.8615181345949,18497,854,1028,10.8125641995999,16.0918307139409,49.0837696335079,560.716837996812,28.9466932294584,30.1501500263909,29.1258085270662,QLD
10084,2014,March,3,75 to 84,22,25.3035291792705,17035,854,1028,129.145876137364,10.8125641995999,16.0918307139409,166.269467383473,28.8615181345949,28.9466932294584,25.8046985355914,QLD
10084,2014,November,11,75 to 84,48,25.4042791520453,18153,854,1028,264.419104280284,271.650548734108,177.514792899408,102.914093814321,21.1296164115079,19.3583801623651,27.1795945809163,QLD
10084,2014,December,12,75 to 84,47,30.1338200679211,17839,854,1028,263.467683166097,264.419104280284,271.650548734108,49.0837696335079,25.4042791520453,21.1296164115079,30.1501500263909,QLD
10084,2015,January,1,75 to 84,55,28.6457010374925,18158,854,1028,302.89679480119,263.467683166097,264.419104280284,16.0918307139409,30.1338200679211,25.4042791520453,28.9466932294584,QLD
10084,2015,February,2,75 to 84,54,29.4790291906704,18691,854,1028,288.90910063667,302.89679480119,263.467683166097,10.8125641995999,28.6457010374925,30.1338200679211,28.8615181345949,QLD
10084,2015,March,3,75 to 84,13,23.9808771103018,18452,854,1028,70.4530674181661,288.90910063667,302.89679480119,129.145876137364,29.4790291906704,28.6457010374925,25.3035291792705,QLD
10084,2015,November,11,75 to 84,25,24.4090658262657,17840,854,1028,140.134529147982,192.096597145993,240.357741755171,264.419104280284,21.7018883312277,16.7744690928953,25.4042791520453,QLD
10084,2015,December,12,75 to 84,13,31.7706019152631,18182,854,1028,71.4992850071499,140.134529147982,192.096597145993,263.467683166097,24.4090658262657,21.7018883312277,30.1338200679211,QLD
10084,2016,January,1,75 to 84,25,32.2474213676345,18390,854,1028,135.943447525829,71.4992850071499,140.134529147982,302.89679480119,31.7706019152631,24.4090658262657,28.6457010374925,QLD
10084,2016,February,2,75 to 84,13,28.826911841271,18843,854,1028,68.9911372923632,135.943447525829,71.4992850071499,288.90910063667,32.2474213676345,31.7706019152631,29.4790291906704,QLD
10084,2016,March,3,75 to 84,20,22.562046962849,17819,854,1028,112.239744093383,68.9911372923632,135.943447525829,70.4530674181661,28.826911841271,32.2474213676345,23.9808771103018,QLD
10084,2016,November,11,75 to 84,10,27.1623644650597,18640,854,1028,53.6480686695279,280.373831775701,144.958659937721,140.134529147982,22.4972290493684,16.8638095537007,24.4090658262657,QLD
10084,2016,December,12,75 to 84,35,29.9145048251427,18463,854,1028,189.568325840871,53.6480686695279,280.373831775701,71.4992850071499,27.1623644650597,22.4972290493684,31.7706019152631,QLD
10084,2011,January,1,85+,104,29.7107343531633,17136,854,1028,606.909430438842,204.661739624787,382.786219696091,997.769691278319,28.2995081117595,26.9226686312603,30.7683042588231,QLD
10084,2011,February,2,85+,67,27.621964283392,17951,854,1028,373.23825970698,606.909430438842,204.661739624787,604.370060437006,29.7107343531633,28.2995081117595,27.8333218198207,QLD
10084,2011,March,3,85+,50,28.2549593964222,17814,854,1028,280.678118333895,373.23825970698,606.909430438842,366.176553433609,27.621964283392,29.7107343531633,26.2268679784201,QLD
10084,2011,November,11,85+,60,26.9889295993575,17485,854,1028,343.151272519302,337.123592937546,56.695770495521,382.786219696091,21.125426035447,16.0918914195261,26.9226686312603,QLD
10084,2011,December,12,85+,57,29.6056589581936,18067,854,1028,315.492334089777,343.151272519302,337.123592937546,204.661739624787,26.9889295993575,21.125426035447,28.2995081117595,QLD
10084,2012,January,1,85+,119,27.3490829254474,18245,854,1028,652.233488627021,315.492334089777,343.151272519302,606.909430438842,29.6056589581936,26.9889295993575,29.7107343531633,QLD
10084,2012,February,2,85+,40,30.8428457726153,18376,854,1028,217.67522855899,652.233488627021,315.492334089777,373.23825970698,27.3490829254474,29.6056589581936,27.621964283392,QLD
10084,2012,March,3,85+,37,24.7297335698534,17818,854,1028,207.6551801549,217.67522855899,652.233488627021,280.678118333895,30.8428457726153,27.3490829254474,28.2549593964222,QLD
10084,2012,November,11,85+,71,25.3745071485701,17676,854,1028,401.674587010636,175.508124327691,16.9635284139101,343.151272519302,21.5741088339666,18.1658661501551,26.9889295993575,QLD
10084,2012,December,12,85+,45,28.4335039470645,17864,854,1028,251.903269144648,401.674587010636,175.508124327691,315.492334089777,25.3745071485701,21.5741088339666,29.6056589581936,QLD
10084,2013,January,1,85+,44,30.4528107692825,18455,854,1028,238.417772961257,251.903269144648,401.674587010636,652.233488627021,28.4335039470645,25.3745071485701,27.3490829254474,QLD
10084,2013,February,2,85+,25,28.9140955466753,18866,854,1028,132.513516378671,238.417772961257,251.903269144648,217.67522855899,30.4528107692825,28.4335039470645,30.8428457726153,QLD
10084,2013,March,3,85+,58,25.8176899568447,18457,854,1028,314.243918296581,132.513516378671,238.417772961257,207.6551801549,28.9140955466753,30.4528107692825,24.7297335698534,QLD
10084,2013,November,11,85+,29,27.746487329238,18307,854,1028,158.409351614137,95.9151433085082,16.6039406685853,401.674587010636,22.8065934254449,21.1420477825773,25.3745071485701,QLD
10084,2013,December,12,85+,41,27.9360408033057,18029,854,1028,227.411392756115,158.409351614137,95.9151433085082,251.903269144648,27.746487329238,22.8065934254449,28.4335039470645,QLD
10084,2014,January,1,85+,6,29.8617694302458,18702,854,1028,32.0821302534488,227.411392756115,158.409351614137,238.417772961257,27.9360408033057,27.746487329238,30.4528107692825,QLD
10084,2014,February,2,85+,48,30.174448254929,18658,854,1028,257.262300353736,32.0821302534488,227.411392756115,132.513516378671,29.8617694302458,27.9360408033057,28.9140955466753,QLD
10084,2014,March,3,85+,33,24.8326323358633,18267,854,1028,180.653637707341,257.262300353736,32.0821302534488,314.243918296581,30.174448254929,29.8617694302458,25.8176899568447,QLD
10084,2014,November,11,85+,59,24.6904214157534,17832,854,1028,330.865859129655,190.05212858384,195.822454308094,158.409351614137,22.0355938748316,17.0595254688876,27.746487329238,QLD
10084,2014,December,12,85+,67,29.8976835275494,17642,854,1028,379.775535653554,330.865859129655,190.05212858384,227.411392756115,24.6904214157534,22.0355938748316,27.9360408033057,QLD
10084,2015,January,1,85+,35,31.7465730771816,18515,854,1028,189.035916824197,379.775535653554,330.865859129655,32.0821302534488,29.8976835275494,24.6904214157534,29.8617694302458,QLD
10084,2015,February,2,85+,63,29.2882599629672,18074,854,1028,348.56700232378,189.035916824197,379.775535653554,257.262300353736,31.7465730771816,29.8976835275494,30.174448254929,QLD
10084,2015,March,3,85+,29,25.3777371070697,18949,854,1028,153.042376906433,348.56700232378,189.035916824197,180.653637707341,29.2882599629672,31.7465730771816,24.8326323358633,QLD
10084,2015,November,11,85+,26,26.0384830570789,18761,854,1028,138.585363253558,79.5725815618961,551.024906325766,330.865859129655,20.8586870698851,16.7716543096859,24.6904214157534,QLD
10084,2015,December,12,85+,15,29.6411128686894,18071,854,1028,83.0059210890377,138.585363253558,79.5725815618961,379.775535653554,26.0384830570789,20.8586870698851,29.8976835275494,QLD
10084,2016,January,1,85+,36,30.3547789196566,18387,854,1028,195.790504160548,83.0059210890377,138.585363253558,189.035916824197,29.6411128686894,26.0384830570789,31.7465730771816,QLD
10084,2016,February,2,85+,9,30.6742164647866,18468,854,1028,48.7329434697856,195.790504160548,83.0059210890377,348.56700232378,30.3547789196566,29.6411128686894,29.2882599629672,QLD
10084,2016,March,3,85+,7,25.6447932374295,18352,854,1028,38.1429816913688,48.7329434697856,195.790504160548,153.042376906433,30.6742164647866,30.3547789196566,25.3777371070697,QLD
10084,2016,November,11,85+,29,25.7229861551796,19144,854,1028,151.483493522775,269.556310313224,162.013285089377,138.585363253558,19.9833895629762,15.3005659619871,26.0384830570789,QLD
10084,2016,December,12,85+,133,29.2358752084982,18616,854,1028,714.439192092824,151.483493522775,269.556310313224,83.0059210890377,25.7229861551796,19.9833895629762,29.6411128686894,QLD
10085,2011,January,1,75 to 84,9,29.9968696757479,16025,970,1166,56.1622464898596,152.29044834308,38.5356454720617,103.791440258868,30.5163440256214,23.8525858395666,30.3769336060138,QLD
10085,2011,February,2,75 to 84,30,26.8697154505512,15795,970,1166,189.933523266857,56.1622464898596,152.29044834308,96.8929655706996,29.9968696757479,30.5163440256214,32.110673454804,QLD
10085,2011,March,3,75 to 84,25,23.6552033497955,15720,970,1166,159.033078880407,189.933523266857,56.1622464898596,36.8052999631947,26.8697154505512,29.9968696757479,27.8472074923447,QLD
10085,2011,November,11,75 to 84,9,21.7100962709639,16337,970,1166,55.0896737467099,93.9672993798158,12.1550990640574,38.5356454720617,22.522327067516,18.2168085301288,23.8525858395666,QLD
10085,2011,December,12,75 to 84,14,29.1060325827266,16577,970,1166,84.4543644809073,55.0896737467099,93.9672993798158,152.29044834308,21.7100962709639,22.522327067516,30.5163440256214,QLD
10085,2012,January,1,75 to 84,5,31.2529312745933,16150,970,1166,30.9597523219814,84.4543644809073,55.0896737467099,56.1622464898596,29.1060325827266,21.7100962709639,29.9968696757479,QLD
10085,2012,February,2,75 to 84,12,31.4073378188289,16014,970,1166,74.9344323716748,30.9597523219814,84.4543644809073,189.933523266857,31.2529312745933,29.1060325827266,26.8697154505512,QLD
10085,2012,March,3,75 to 84,7,25.3584665774645,16002,970,1166,43.7445319335083,74.9344323716748,30.9597523219814,159.033078880407,31.4073378188289,31.2529312745933,23.6552033497955,QLD
10085,2012,November,11,75 to 84,7,26.6647293801941,16641,970,1166,42.0647797608317,18.3879865154766,12.190661952944,55.0896737467099,18.1993634216123,16.9849428393132,21.7100962709639,QLD
10085,2012,December,12,75 to 84,10,29.1002605914605,16626,970,1166,60.146758089739,42.0647797608317,18.3879865154766,84.4543644809073,26.6647293801941,18.1993634216123,29.1060325827266,QLD
10085,2013,January,1,75 to 84,32,32.1575443953085,16987,970,1166,188.379348913875,60.146758089739,42.0647797608317,30.9597523219814,29.1002605914605,26.6647293801941,31.2529312745933,QLD
10085,2013,February,2,75 to 84,41,29.047536321898,16925,970,1166,242.245199409158,188.379348913875,60.146758089739,74.9344323716748,32.1575443953085,29.1002605914605,31.4073378188289,QLD
10085,2013,March,3,75 to 84,42,25.2818905003506,15736,970,1166,266.903914590747,242.245199409158,188.379348913875,43.7445319335083,29.047536321898,32.1575443953085,25.3584665774645,QLD
10085,2013,November,11,75 to 84,12,24.2950243083305,16809,970,1166,71.3903266107442,35.6040826014716,24.9672305099557,42.0647797608317,22.6880898410592,18.7914850424676,26.6647293801941,QLD
10085,2013,December,12,75 to 84,61,27.0472126490253,16656,970,1166,366.234390009606,71.3903266107442,35.6040826014716,60.146758089739,24.2950243083305,22.6880898410592,29.1002605914605,QLD
10085,2014,January,1,75 to 84,25,29.8180390690456,16786,970,1166,148.933635172167,366.234390009606,71.3903266107442,188.379348913875,27.0472126490253,24.2950243083305,32.1575443953085,QLD
10085,2014,February,2,75 to 84,37,28.3512363592812,16433,970,1166,225.156696890403,148.933635172167,366.234390009606,242.245199409158,29.8180390690456,27.0472126490253,29.047536321898,QLD
10085,2014,March,3,75 to 84,14,25.2929051701877,16475,970,1166,84.9772382397572,225.156696890403,148.933635172167,266.903914590747,28.3512363592812,29.8180390690456,25.2818905003506,QLD
10085,2014,November,11,75 to 84,8,24.6525471691463,16651,970,1166,48.0451624527056,43.5512972064954,0,71.3903266107442,22.1137063343123,18.7482966076723,24.2950243083305,QLD
10085,2014,December,12,75 to 84,10,26.5001190649778,16725,970,1166,59.7907324364724,48.0451624527056,43.5512972064954,366.234390009606,24.6525471691463,22.1137063343123,27.0472126490253,QLD
10085,2015,January,1,75 to 84,13,30.955364197817,17721,970,1166,73.3592912363862,59.7907324364724,48.0451624527056,148.933635172167,26.5001190649778,24.6525471691463,29.8180390690456,QLD
10085,2015,February,2,75 to 84,26,27.6203494493608,16929,970,1166,153.582609722961,73.3592912363862,59.7907324364724,225.156696890403,30.955364197817,26.5001190649778,28.3512363592812,QLD
10085,2015,March,3,75 to 84,52,27.2658451741209,17423,970,1166,298.456063823681,153.582609722961,73.3592912363862,84.9772382397572,27.6203494493608,30.955364197817,25.2929051701877,QLD
10085,2015,November,11,75 to 84,33,27.8753501604163,16102,970,1166,204.943485281332,24.4125724748245,0,48.0451624527056,21.7379216118241,17.1999511929607,24.6525471691463,QLD
10085,2015,December,12,75 to 84,2,26.9020874431343,17084,970,1166,11.706860220089,204.943485281332,24.4125724748245,59.7907324364724,27.8753501604163,21.7379216118241,26.5001190649778,QLD
10085,2016,January,1,75 to 84,2,30.0142316589723,16836,970,1166,11.8793062485151,11.706860220089,204.943485281332,73.3592912363862,26.9020874431343,27.8753501604163,30.955364197817,QLD
10085,2016,February,2,75 to 84,1,27.364101494162,16860,970,1166,5.93119810201661,11.8793062485151,11.706860220089,153.582609722961,30.0142316589723,26.9020874431343,27.6203494493608,QLD
10085,2016,March,3,75 to 84,10,26.7014397182805,16943,970,1166,59.0214247771941,5.93119810201661,11.8793062485151,298.456063823681,27.364101494162,30.0142316589723,27.2658451741209,QLD
10085,2016,November,11,75 to 84,12,26.4525142876665,17130,970,1166,70.0525394045534,246.783007227217,64.8470199846725,204.943485281332,24.2980532742865,16.3408037019241,27.8753501604163,QLD
10085,2016,December,12,75 to 84,12,28.777318794687,16737,970,1166,71.6974368166338,70.0525394045534,246.783007227217,11.706860220089,26.4525142876665,24.2980532742865,26.9020874431343,QLD
10085,2011,January,1,85+,23,31.2240598944828,16417,970,1166,140.098678199427,153.205049638436,238.214643931795,268.336314847943,29.7939931657235,25.8166196994184,31.4258684086356,QLD
10085,2011,February,2,85+,164,30.0045686454798,16291,970,1166,1006.69081087717,140.098678199427,153.205049638436,178.681454097351,31.2240598944828,29.7939931657235,28.8652438324837,QLD
10085,2011,March,3,85+,66,26.292636794631,15969,970,1166,413.300770242345,1006.69081087717,140.098678199427,93.1329939153111,30.0045686454798,31.2240598944828,25.9909518372469,QLD
10085,2011,November,11,85+,56,23.9983389853966,16074,970,1166,348.388702252084,230.687698734335,62.1388181196794,238.214643931795,23.3057160362133,19.6188382490359,25.8166196994184,QLD
10085,2011,December,12,85+,54,30.0057621419369,15682,970,1166,344.343833694682,348.388702252084,230.687698734335,153.205049638436,23.9983389853966,23.3057160362133,29.7939931657235,QLD
10085,2012,January,1,85+,10,30.1119875454591,15934,970,1166,62.758880381574,344.343833694682,348.388702252084,140.098678199427,30.0057621419369,23.9983389853966,31.2240598944828,QLD
10085,2012,February,2,85+,26,31.6297010084262,16476,970,1166,157.805292546735,62.758880381574,344.343833694682,1006.69081087717,30.1119875454591,30.0057621419369,30.0045686454798,QLD
10085,2012,March,3,85+,34,24.7563709205848,16398,970,1166,207.342358824247,157.805292546735,62.758880381574,413.300770242345,31.6297010084262,30.1119875454591,26.292636794631,QLD
10085,2012,November,11,85+,106,25.8270585361546,16058,970,1166,660.107111720015,202.292650033715,111.028867505551,348.388702252084,21.9496287446353,18.7194681489672,23.9983389853966,QLD
10085,2012,December,12,85+,141,30.2276385996179,16162,970,1166,872.416780101473,660.107111720015,202.292650033715,344.343833694682,25.8270585361546,21.9496287446353,30.0057621419369,QLD
10085,2013,January,1,85+,31,31.0166885287652,16412,970,1166,188.886180843285,872.416780101473,660.107111720015,62.758880381574,30.2276385996179,25.8270585361546,30.1119875454591,QLD
10085,2013,February,2,85+,47,31.379360697253,16469,970,1166,285.384662092416,188.886180843285,872.416780101473,157.805292546735,31.0166885287652,30.2276385996179,31.6297010084262,QLD
10085,2013,March,3,85+,34,25.9131719533788,16215,970,1166,209.68239284613,285.384662092416,188.886180843285,207.342358824247,31.379360697253,31.0166885287652,24.7563709205848,QLD
10085,2013,November,11,85+,39,25.6750058444618,17021,970,1166,229.128723341754,109.16368488083,159.764040801278,660.107111720015,21.0219702385314,18.679652844334,25.8270585361546,QLD
10085,2013,December,12,85+,169,30.4273590198279,16539,970,1166,1021.82719632384,229.128723341754,109.16368488083,872.416780101473,25.6750058444618,21.0219702385314,30.2276385996179,QLD
10085,2014,January,1,85+,9,31.7896519934442,17063,970,1166,52.7457070855067,1021.82719632384,229.128723341754,188.886180843285,30.4273590198279,25.6750058444618,31.0166885287652,QLD
10085,2014,February,2,85+,36,27.1457526358458,16666,970,1166,216.008640345614,52.7457070855067,1021.82719632384,285.384662092416,31.7896519934442,30.4273590198279,31.379360697253,QLD
10085,2014,March,3,85+,47,28.6566402426115,16681,970,1166,281.757688387986,216.008640345614,52.7457070855067,209.68239284613,27.1457526358458,31.7896519934442,25.9131719533788,QLD
10085,2014,November,11,85+,10,23.681975334771,16221,970,1166,61.648480364959,47.2561876070648,95.2380952380952,229.128723341754,25.0797157752182,16.5937169793362,25.6750058444618,QLD
10085,2014,December,12,85+,31,30.354620711699,16472,970,1166,188.198154443905,61.648480364959,47.2561876070648,1021.82719632384,23.681975334771,25.0797157752182,30.4273590198279,QLD
10085,2015,January,1,85+,55,27.9073163713308,16667,970,1166,329.993400131997,188.198154443905,61.648480364959,52.7457070855067,30.354620711699,23.681975334771,31.7896519934442,QLD
10085,2015,February,2,85+,47,27.0809699358585,16725,970,1166,281.01644245142,329.993400131997,188.198154443905,216.008640345614,27.9073163713308,30.354620711699,27.1457526358458,QLD
10085,2015,March,3,85+,74,27.4657110300243,16514,970,1166,448.104638488555,281.01644245142,329.993400131997,281.757688387986,27.0809699358585,27.9073163713308,28.6566402426115,QLD
10085,2015,November,11,85+,26,24.3616673460421,16104,970,1166,161.450571286637,159.207500442243,162.591834276767,61.648480364959,21.2561346277106,19.8168316743517,23.681975334771,QLD
10085,2015,December,12,85+,55,28.8484845323222,17150,970,1166,320.699708454811,161.450571286637,159.207500442243,188.198154443905,24.3616673460421,21.2561346277106,30.354620711699,QLD
10085,2016,January,1,85+,15,31.6593366355857,17168,970,1166,87.3718546132339,320.699708454811,161.450571286637,329.993400131997,28.8484845323222,24.3616673460421,27.9073163713308,QLD
10085,2016,February,2,85+,28,29.2403736032716,17144,970,1166,163.322445170322,87.3718546132339,320.699708454811,281.01644245142,31.6593366355857,28.8484845323222,27.0809699358585,QLD
10085,2016,March,3,85+,98,25.1226564323754,16627,970,1166,589.402778613099,163.322445170322,87.3718546132339,448.104638488555,29.2403736032716,31.6593366355857,27.4657110300243,QLD
10085,2016,November,11,85+,28,27.0939576051365,16624,970,1166,168.431183830606,381.210034431874,254.068114451636,161.450571286637,22.5432074878863,17.6212168897281,24.3616673460421,QLD
10085,2016,December,12,85+,45,27.4954603955233,17011,970,1166,264.534712832873,168.431183830606,381.210034431874,320.699708454811,27.0939576051365,22.5432074878863,28.8484845323222,QLD
10086,2011,January,1,75 to 84,26,28.66661958037,16992,1012,1088,153.0131826742,114.005586273727,82.6836758799906,543.732460243218,28.2113778672701,29.2271312735029,31.1362645051722,QLD
10086,2011,February,2,75 to 84,36,28.3978761262037,16590,1012,1088,216.998191681736,153.0131826742,114.005586273727,422.957175585972,28.66661958037,28.2113778672701,29.6882248970299,QLD
10086,2011,March,3,75 to 84,11,28.0797421745688,16959,1012,1088,64.8623149949879,216.998191681736,153.0131826742,46.6200466200466,28.3978761262037,28.66661958037,26.2005030396403,QLD
10086,2011,November,11,75 to 84,18,26.2396384200328,17026,1012,1088,105.720662516152,108.212095707587,149.674745265097,82.6836758799906,22.9067152976012,17.269276045976,29.2271312735029,QLD
10086,2011,December,12,75 to 84,42,29.3422706873201,17339,1012,1088,242.228502220428,105.720662516152,108.212095707587,114.005586273727,26.2396384200328,22.9067152976012,28.2113778672701,QLD
10086,2012,January,1,75 to 84,30,30.1564244160602,17506,1012,1088,171.369816063064,242.228502220428,105.720662516152,153.0131826742,29.3422706873201,26.2396384200328,28.66661958037,QLD
10086,2012,February,2,75 to 84,19,29.4058202482393,17257,1012,1088,110.100249174248,171.369816063064,242.228502220428,216.998191681736,30.1564244160602,29.3422706873201,28.3978761262037,QLD
10086,2012,March,3,75 to 84,16,24.2071192210989,17435,1012,1088,91.7694293088615,110.100249174248,171.369816063064,64.8623149949879,29.4058202482393,30.1564244160602,28.0797421745688,QLD
10086,2012,November,11,75 to 84,28,29.2687018204411,17371,1012,1088,161.188187208566,23.2436515776629,5.85788764571496,105.720662516152,22.4387265111094,18.4885665241862,26.2396384200328,QLD
10086,2012,December,12,75 to 84,24,29.4056676784547,17291,1012,1088,138.800532068706,161.188187208566,23.2436515776629,242.228502220428,29.2687018204411,22.4387265111094,29.3422706873201,QLD
10086,2013,January,1,75 to 84,40,31.8743653879757,16912,1012,1088,236.518448438978,138.800532068706,161.188187208566,171.369816063064,29.4056676784547,29.2687018204411,30.1564244160602,QLD
10086,2013,February,2,75 to 84,11,29.7329424854822,16450,1012,1088,66.8693009118541,236.518448438978,138.800532068706,110.100249174248,31.8743653879757,29.4056676784547,29.4058202482393,QLD
10086,2013,March,3,75 to 84,16,25.4279895346654,17303,1012,1088,92.4695139571173,66.8693009118541,236.518448438978,91.7694293088615,29.7329424854822,31.8743653879757,24.2071192210989,QLD
10086,2013,November,11,75 to 84,5,26.7275592199427,17011,1012,1088,29.3927458703192,68.8942473303479,50.8417128008135,161.188187208566,20.531481546969,18.6181697944583,29.2687018204411,QLD
10086,2013,December,12,75 to 84,8,27.942075449048,17492,1012,1088,45.7351932311914,29.3927458703192,68.8942473303479,138.800532068706,26.7275592199427,20.531481546969,29.4056676784547,QLD
10086,2014,January,1,75 to 84,11,26.9857348882049,17826,1012,1088,61.7076180859419,45.7351932311914,29.3927458703192,236.518448438978,27.942075449048,26.7275592199427,31.8743653879757,QLD
10086,2014,February,2,75 to 84,12,29.0343343447742,17146,1012,1088,69.9871690190132,61.7076180859419,45.7351932311914,66.8693009118541,26.9857348882049,27.942075449048,29.7329424854822,QLD
10086,2014,March,3,75 to 84,22,28.1167941858384,17500,1012,1088,125.714285714286,69.9871690190132,61.7076180859419,92.4695139571173,29.0343343447742,26.9857348882049,25.4279895346654,QLD
10086,2014,November,11,75 to 84,5,25.831235509469,17486,1012,1088,28.5943040146403,89.4954692918671,87.586126357585,29.3927458703192,21.8657869836403,17.5560604543943,26.7275592199427,QLD
10086,2014,December,12,75 to 84,26,27.9447933904293,18003,1012,1088,144.420374382047,28.5943040146403,89.4954692918671,45.7351932311914,25.831235509469,21.8657869836403,27.942075449048,QLD
10086,2015,January,1,75 to 84,42,30.4384325395467,18024,1012,1088,233.022636484687,144.420374382047,28.5943040146403,61.7076180859419,27.9447933904293,25.831235509469,26.9857348882049,QLD
10086,2015,February,2,75 to 84,51,27.8778282467126,17540,1012,1088,290.763968072976,233.022636484687,144.420374382047,69.9871690190132,30.4384325395467,27.9447933904293,29.0343343447742,QLD
10086,2015,March,3,75 to 84,42,25.3916457684412,18152,1012,1088,231.379462318202,290.763968072976,233.022636484687,125.714285714286,27.8778282467126,30.4384325395467,28.1167941858384,QLD
10086,2015,November,11,75 to 84,49,23.5304222418274,17463,1012,1088,280.593254309111,96.0180739903982,28.5812278495484,28.5943040146403,23.2000857765376,16.6978269705095,25.831235509469,QLD
10086,2015,December,12,75 to 84,55,27.0697882373188,17548,1012,1088,313.426031456576,280.593254309111,96.0180739903982,144.420374382047,23.5304222418274,23.2000857765376,27.9447933904293,QLD
10086,2016,January,1,75 to 84,55,29.7393769045927,18482,1012,1088,297.586841250947,313.426031456576,280.593254309111,233.022636484687,27.0697882373188,23.5304222418274,30.4384325395467,QLD
10086,2016,February,2,75 to 84,42,26.8348188811371,17491,1012,1088,240.123492081642,297.586841250947,313.426031456576,290.763968072976,29.7393769045927,27.0697882373188,27.8778282467126,QLD
10086,2016,March,3,75 to 84,16,28.1103776836675,17650,1012,1088,90.6515580736544,240.123492081642,297.586841250947,231.379462318202,26.8348188811371,29.7393769045927,25.3916457684412,QLD
10086,2016,November,11,75 to 84,20,26.7438544821107,17807,1012,1088,112.315381591509,44.7152199429881,109.661147055598,280.593254309111,22.7056999109223,17.2536302664121,23.5304222418274,QLD
10086,2016,December,12,75 to 84,17,28.7724663022739,17584,1012,1088,96.6787989080983,112.315381591509,44.7152199429881,313.426031456576,26.7438544821107,22.7056999109223,27.0697882373188,QLD
10086,2011,January,1,85+,100,28.9728352583072,17139,1012,1088,583.464612871229,308.422301304864,107.066381156317,190.385530699667,28.8843602982424,26.0784639074701,28.720914037231,QLD
10086,2011,February,2,85+,63,28.6672474964421,17624,1012,1088,357.467090331366,583.464612871229,308.422301304864,154.037561466912,28.9728352583072,28.8843602982424,29.5798957944138,QLD
10086,2011,March,3,85+,28,23.5714635716035,17486,1012,1088,160.128102481986,357.467090331366,583.464612871229,478.943986916652,28.6672474964421,28.9728352583072,26.1895661084072,QLD
10086,2011,November,11,85+,17,28.9486356926962,16391,1012,1088,103.715453602587,17.9629962277708,131.196166790257,107.066381156317,21.2654576928085,21.6683123873938,26.0784639074701,QLD
10086,2011,December,12,85+,12,29.750764617889,17365,1012,1088,69.1045205873884,103.715453602587,17.9629962277708,308.422301304864,28.9486356926962,21.2654576928085,28.8843602982424,QLD
10086,2012,January,1,85+,50,29.27507868737,17020,1012,1088,293.772032902468,69.1045205873884,103.715453602587,583.464612871229,29.750764617889,28.9486356926962,28.9728352583072,QLD
10086,2012,February,2,85+,48,29.9290261961899,17207,1012,1088,278.956238740048,293.772032902468,69.1045205873884,357.467090331366,29.27507868737,29.750764617889,28.6672474964421,QLD
10086,2012,March,3,85+,15,27.9352901807748,17173,1012,1088,87.3464158854015,278.956238740048,293.772032902468,160.128102481986,29.9290261961899,29.27507868737,23.5714635716035,QLD
10086,2012,November,11,85+,47,24.8861186508533,17091,1012,1088,274.998537241823,84.5880561664693,223.057055646865,103.715453602587,22.5159307973666,17.8378492073241,28.9486356926962,QLD
10086,2012,December,12,85+,56,29.1031458040564,17792,1012,1088,314.748201438849,274.998537241823,84.5880561664693,69.1045205873884,24.8861186508533,22.5159307973666,29.750764617889,QLD
10086,2013,January,1,85+,7,32.9317165265035,17334,1012,1088,40.3830621899158,314.748201438849,274.998537241823,293.772032902468,29.1031458040564,24.8861186508533,29.27507868737,QLD
10086,2013,February,2,85+,5,27.1530325033572,17085,1012,1088,29.2654375182909,40.3830621899158,314.748201438849,278.956238740048,32.9317165265035,29.1031458040564,29.9290261961899,QLD
10086,2013,March,3,85+,18,25.358645056793,17222,1012,1088,104.517477644873,29.2654375182909,40.3830621899158,87.3464158854015,27.1530325033572,32.9317165265035,27.9352901807748,QLD
10086,2013,November,11,85+,45,28.5079828957501,17669,1012,1088,254.683343709321,86.695179748006,430.408049189491,274.998537241823,20.3742760679163,18.3785523095864,24.8861186508533,QLD
10086,2013,December,12,85+,97,29.4249539358781,17440,1012,1088,556.192660550459,254.683343709321,86.695179748006,314.748201438849,28.5079828957501,20.3742760679163,29.1031458040564,QLD
10086,2014,January,1,85+,23,28.9697342443319,17475,1012,1088,131.616595135908,556.192660550459,254.683343709321,40.3830621899158,29.4249539358781,28.5079828957501,32.9317165265035,QLD
10086,2014,February,2,85+,12,29.0470977284558,17594,1012,1088,68.2050699101967,131.616595135908,556.192660550459,29.2654375182909,28.9697342443319,29.4249539358781,27.1530325033572,QLD
10086,2014,March,3,85+,34,25.9860047496162,17545,1012,1088,193.787403818752,68.2050699101967,131.616595135908,104.517477644873,29.0470977284558,28.9697342443319,25.358645056793,QLD
10086,2014,November,11,85+,7,25.649975413269,18030,1012,1088,38.8241819190239,22.8297471605502,43.4404865334492,254.683343709321,23.2496285403484,17.8968798174635,28.5079828957501,QLD
10086,2014,December,12,85+,21,27.7453796384856,17540,1012,1088,119.726339794755,38.8241819190239,22.8297471605502,556.192660550459,25.649975413269,23.2496285403484,29.4249539358781,QLD
10086,2015,January,1,85+,12,30.543561496592,17502,1012,1088,68.5635927322592,119.726339794755,38.8241819190239,131.616595135908,27.7453796384856,25.649975413269,28.9697342443319,QLD
10086,2015,February,2,85+,39,27.8269375706017,17507,1012,1088,222.768035642886,68.5635927322592,119.726339794755,68.2050699101967,30.543561496592,27.7453796384856,29.0470977284558,QLD
10086,2015,March,3,85+,63,25.8962617782092,17771,1012,1088,354.510156997355,222.768035642886,68.5635927322592,193.787403818752,27.8269375706017,30.543561496592,25.9860047496162,QLD
10086,2015,November,11,85+,7,25.0899087331735,17699,1012,1088,39.550257076671,157.003476505551,171.517096381543,38.8241819190239,21.7649313690553,17.1508274937563,25.649975413269,QLD
10086,2015,December,12,85+,24,28.9617741647615,18257,1012,1088,131.456427671578,39.550257076671,157.003476505551,119.726339794755,25.0899087331735,21.7649313690553,27.7453796384856,QLD
10086,2016,January,1,85+,31,31.0808102220167,17686,1012,1088,175.279882392853,131.456427671578,39.550257076671,68.5635927322592,28.9617741647615,25.0899087331735,30.543561496592,QLD
10086,2016,February,2,85+,23,28.9878140125264,17755,1012,1088,129.540974373416,175.279882392853,131.456427671578,222.768035642886,31.0808102220167,28.9617741647615,27.8269375706017,QLD
10086,2016,March,3,85+,49,23.5198840757852,17194,1012,1088,284.983133651274,129.540974373416,175.279882392853,354.510156997355,28.9878140125264,31.0808102220167,25.8962617782092,QLD
10086,2016,November,11,85+,5,27.4985468662121,18442,1012,1088,27.1120268951307,34.3819838404676,11.2201963534362,39.550257076671,23.3573834120925,19.0090623316016,25.0899087331735,QLD
10086,2016,December,12,85+,59,29.2864248377464,18432,1012,1088,320.095486111111,27.1120268951307,34.3819838404676,131.456427671578,27.4985468662121,23.3573834120925,28.9617741647615,QLD
10087,2011,January,1,75 to 84,37,27.8698026332853,15805,953,949,234.103131920278,610.270726481854,121.188927159076,124.34554973822,27.6155623512203,27.7280390189526,28.8409586885782,QLD
10087,2011,February,2,75 to 84,5,28.9124914120236,16022,953,949,31.207090250905,234.103131920278,610.270726481854,204.5259616019,27.8698026332853,27.6155623512203,31.2093231687827,QLD
10087,2011,March,3,75 to 84,15,24.4959447734703,15913,953,949,94.2625526299252,31.207090250905,234.103131920278,165.584002037957,28.9124914120236,27.8698026332853,25.958605853456,QLD
10087,2011,November,11,75 to 84,42,25.8942432713274,15955,953,949,263.240363522407,394.829013564287,139.895714104032,121.188927159076,19.8834941539538,22.3900350570707,27.7280390189526,QLD
10087,2011,December,12,75 to 84,16,29.420581047226,15495,953,949,103.259115843821,263.240363522407,394.829013564287,610.270726481854,25.8942432713274,19.8834941539538,27.6155623512203,QLD
10087,2012,January,1,75 to 84,49,27.7262702439804,15753,953,949,311.05186313718,103.259115843821,263.240363522407,234.103131920278,29.420581047226,25.8942432713274,27.8698026332853,QLD
10087,2012,February,2,75 to 84,23,26.7731990267906,15688,953,949,146.608873023967,311.05186313718,103.259115843821,31.207090250905,27.7262702439804,29.420581047226,28.9124914120236,QLD
10087,2012,March,3,75 to 84,28,25.5662120551932,15773,953,949,177.518544347936,146.608873023967,311.05186313718,94.2625526299252,26.7731990267906,27.7262702439804,24.4959447734703,QLD
10087,2012,November,11,75 to 84,28,27.5013969093387,16339,953,949,171.369116837016,302.610011347875,138.445795461386,263.240363522407,19.2863951472905,19.3249639399693,25.8942432713274,QLD
10087,2012,December,12,75 to 84,26,28.4771932062408,16070,953,949,161.792159303049,171.369116837016,302.610011347875,103.259115843821,27.5013969093387,19.2863951472905,29.420581047226,QLD
10087,2013,January,1,75 to 84,33,26.6118819972336,16395,953,949,201.28087831656,161.792159303049,171.369116837016,311.05186313718,28.4771932062408,27.5013969093387,27.7262702439804,QLD
10087,2013,February,2,75 to 84,36,28.7619035137649,16653,953,949,216.177265357593,201.28087831656,161.792159303049,146.608873023967,26.6118819972336,28.4771932062408,26.7731990267906,QLD
10087,2013,March,3,75 to 84,34,27.7100012621527,15589,953,949,218.102508178844,216.177265357593,201.28087831656,177.518544347936,28.7619035137649,26.6118819972336,25.5662120551932,QLD
10087,2013,November,11,75 to 84,66,24.2507934144014,15734,953,949,419.473751112241,285.059180764702,160.513643659711,171.369116837016,22.485138198888,20.1250420156784,27.5013969093387,QLD
10087,2013,December,12,75 to 84,15,27.8648455911386,16337,953,949,91.8161229111832,419.473751112241,285.059180764702,161.792159303049,24.2507934144014,22.485138198888,28.4771932062408,QLD
10087,2014,January,1,75 to 84,9,30.1502710915105,16002,953,949,56.2429696287964,91.8161229111832,419.473751112241,201.28087831656,27.8648455911386,24.2507934144014,26.6118819972336,QLD
10087,2014,February,2,75 to 84,29,29.3056796491914,16056,953,949,180.61783756851,56.2429696287964,91.8161229111832,216.177265357593,30.1502710915105,27.8648455911386,28.7619035137649,QLD
10087,2014,March,3,75 to 84,16,25.854364315818,16098,953,949,99.3912287240651,180.61783756851,56.2429696287964,218.102508178844,29.3056796491914,30.1502710915105,27.7100012621527,QLD
10087,2014,November,11,75 to 84,68,26.0615204620347,16011,953,949,424.708013240897,74.9812546863284,44.0695039032989,419.473751112241,23.0620523819794,18.1765740146983,24.2507934144014,QLD
10087,2014,December,12,75 to 84,51,29.4157171290248,15919,953,949,320.371882655946,424.708013240897,74.9812546863284,91.8161229111832,26.0615204620347,23.0620523819794,27.8648455911386,QLD
10087,2015,January,1,75 to 84,13,30.4322716625999,16405,953,949,79.2441328863152,320.371882655946,424.708013240897,56.2429696287964,29.4157171290248,26.0615204620347,30.1502710915105,QLD
10087,2015,February,2,75 to 84,54,29.3325920547172,16343,953,949,330.416692161782,79.2441328863152,320.371882655946,180.61783756851,30.4322716625999,29.4157171290248,29.3056796491914,QLD
10087,2015,March,3,75 to 84,43,26.4771538287943,16281,953,949,264.111541060132,330.416692161782,79.2441328863152,99.3912287240651,29.3325920547172,30.4322716625999,25.854364315818,QLD
10087,2015,November,11,75 to 84,19,27.1770831451537,16390,953,949,115.924344112264,61.4514840533399,71.8950332514529,424.708013240897,21.2109674055563,16.0406330362653,26.0615204620347,QLD
10087,2015,December,12,75 to 84,10,27.6615572341893,16784,953,949,59.580552907531,115.924344112264,61.4514840533399,320.371882655946,27.1770831451537,21.2109674055563,29.4157171290248,QLD
10087,2016,January,1,75 to 84,7,27.8832504327773,16928,953,949,41.351606805293,59.580552907531,115.924344112264,79.2441328863152,27.6615572341893,27.1770831451537,30.4322716625999,QLD
10087,2016,February,2,75 to 84,28,27.8996830518806,16434,953,949,170.378483631496,41.351606805293,59.580552907531,330.416692161782,27.8832504327773,27.6615572341893,29.3325920547172,QLD
10087,2016,March,3,75 to 84,35,25.3305626578038,16804,953,949,208.283741966199,170.378483631496,41.351606805293,264.111541060132,27.8996830518806,27.8832504327773,26.4771538287943,QLD
10087,2016,November,11,75 to 84,33,27.6555311919437,16571,953,949,199.143081286585,180.449256424616,600.433302383163,115.924344112264,20.4316325968083,16.2214437025266,27.1770831451537,QLD
10087,2016,December,12,75 to 84,59,29.8217713839691,16609,953,949,355.229092660606,199.143081286585,180.449256424616,59.580552907531,27.6555311919437,20.4316325968083,27.6615572341893,QLD
10087,2011,January,1,85+,1,28.9916700346375,15656,953,949,6.38732754215636,61.6750955963982,247.54046334497,223.302246157888,31.4873739708612,23.623153494957,30.9208329088661,QLD
10087,2011,February,2,85+,30,28.3551147149153,15938,953,949,188.229388881917,6.38732754215636,61.6750955963982,230.134884612926,28.9916700346375,31.4873739708612,30.0763777534581,QLD
10087,2011,March,3,85+,67,28.6206324471701,15695,953,949,426.887543803759,188.229388881917,6.38732754215636,181.579112140755,28.3551147149153,28.9916700346375,24.0613866380641,QLD
10087,2011,November,11,85+,126,25.0889905816173,15628,953,949,806.245200921423,413.275686673449,297.261400290937,247.54046334497,22.8245324937251,18.4642469371682,23.623153494957,QLD
10087,2011,December,12,85+,11,29.7637480732515,15859,953,949,69.3612459802005,806.245200921423,413.275686673449,61.6750955963982,25.0889905816173,22.8245324937251,31.4873739708612,QLD
10087,2012,January,1,85+,43,28.646380966944,16082,953,949,267.379679144385,69.3612459802005,806.245200921423,6.38732754215636,29.7637480732515,25.0889905816173,28.9916700346375,QLD
10087,2012,February,2,85+,80,30.8336395280759,15866,953,949,504.222866506996,267.379679144385,69.3612459802005,188.229388881917,28.646380966944,29.7637480732515,28.3551147149153,QLD
10087,2012,March,3,85+,41,24.6667435264778,15669,953,949,261.663156551152,504.222866506996,267.379679144385,426.887543803759,30.8336395280759,28.646380966944,28.6206324471701,QLD
10087,2012,November,11,85+,34,25.6985354822951,15545,953,949,218.719845609521,151.257326526754,288.727090133066,806.245200921423,22.2587565950248,18.626052179657,25.0889905816173,QLD
10087,2012,December,12,85+,38,28.707053975991,15563,953,949,244.168862044593,218.719845609521,151.257326526754,69.3612459802005,25.6985354822951,22.2587565950248,29.7637480732515,QLD
10087,2013,January,1,85+,7,29.623186682235,15845,953,949,44.1779741243294,244.168862044593,218.719845609521,267.379679144385,28.707053975991,25.6985354822951,28.646380966944,QLD
10087,2013,February,2,85+,34,29.3144849630949,16185,953,949,210.071053444547,44.1779741243294,244.168862044593,504.222866506996,29.623186682235,28.707053975991,30.8336395280759,QLD
10087,2013,March,3,85+,39,26.6723270193594,16051,953,949,242.975515544203,210.071053444547,44.1779741243294,261.663156551152,29.3144849630949,29.623186682235,24.6667435264778,QLD
10087,2013,November,11,85+,66,22.4359411630867,16520,953,949,399.515738498789,337.622627086253,311.915159076731,218.719845609521,24.2312533418125,16.4177678143292,25.6985354822951,QLD
10087,2013,December,12,85+,57,29.9540815205777,15572,953,949,366.041613151811,399.515738498789,337.622627086253,244.168862044593,22.4359411630867,24.2312533418125,28.707053975991,QLD
10087,2014,January,1,85+,43,29.1892738011462,16231,953,949,264.925143244409,366.041613151811,399.515738498789,44.1779741243294,29.9540815205777,22.4359411630867,29.623186682235,QLD
10087,2014,February,2,85+,32,30.2464815108114,15920,953,949,201.005025125628,264.925143244409,366.041613151811,210.071053444547,29.1892738011462,29.9540815205777,29.3144849630949,QLD
10087,2014,March,3,85+,186,25.3469716838004,16076,953,949,1157.00422990794,201.005025125628,264.925143244409,242.975515544203,30.2464815108114,29.1892738011462,26.6723270193594,QLD
10087,2014,November,11,85+,65,26.6379513100026,16291,953,949,398.993309189123,66.8855648789979,108.383806184252,399.515738498789,22.1210237660282,17.9820071841784,22.4359411630867,QLD
10087,2014,December,12,85+,132,27.461488226164,15844,953,949,833.122948750316,398.993309189123,66.8855648789979,366.041613151811,26.6379513100026,22.1210237660282,29.9540815205777,QLD
10087,2015,January,1,85+,5,29.4316028764248,16083,953,949,31.0887272275073,833.122948750316,398.993309189123,264.925143244409,27.461488226164,26.6379513100026,29.1892738011462,QLD
10087,2015,February,2,85+,26,28.2759604839674,16665,953,949,156.015601560156,31.0887272275073,833.122948750316,201.005025125628,29.4316028764248,27.461488226164,30.2464815108114,QLD
10087,2015,March,3,85+,42,29.3448772170166,16471,953,949,254.993625159371,156.015601560156,31.0887272275073,1157.00422990794,28.2759604839674,29.4316028764248,25.3469716838004,QLD
10087,2015,November,11,85+,43,25.9506218545434,16363,953,949,262.787997311007,237.011164473274,186.729739823229,398.993309189123,20.4119050727025,17.7644178854585,26.6379513100026,QLD
10087,2015,December,12,85+,112,30.441360578925,16037,953,949,698.384984722829,262.787997311007,237.011164473274,833.122948750316,25.9506218545434,20.4119050727025,27.461488226164,QLD
10087,2016,January,1,85+,57,30.324897712132,16606,953,949,343.24942791762,698.384984722829,262.787997311007,31.0887272275073,30.441360578925,25.9506218545434,29.4316028764248,QLD
10087,2016,February,2,85+,80,30.3520148672518,16280,953,949,491.400491400491,343.24942791762,698.384984722829,156.015601560156,30.324897712132,30.441360578925,28.2759604839674,QLD
10087,2016,March,3,85+,45,25.3043679006321,16875,953,949,266.666666666667,491.400491400491,343.24942791762,254.993625159371,30.3520148672518,30.324897712132,29.3448772170166,QLD
10087,2016,November,11,85+,8,23.43994390123,16005,953,949,49.9843798812871,571.357595329773,123.13754463736,262.787997311007,21.5163757852884,18.5356571233432,25.9506218545434,QLD
10087,2016,December,12,85+,40,29.4782693030274,16700,953,949,239.520958083832,49.9843798812871,571.357595329773,698.384984722829,23.43994390123,21.5163757852884,30.441360578925,QLD
10088,2011,January,1,75 to 84,1,29.9053673763033,1665,1021,933,60.0600600600601,179.533213644524,59.9520383693046,0,32.2783255279784,23.2254157332244,31.5000149871336,QLD
10088,2011,February,2,75 to 84,5,27.879136766657,1720,1021,933,290.697674418605,60.0600600600601,179.533213644524,0,29.9053673763033,32.2783255279784,26.1564069703684,QLD
10088,2011,March,3,75 to 84,1,25.646870557901,1676,1021,933,59.6658711217184,290.697674418605,60.0600600600601,0,27.879136766657,29.9053673763033,25.3360320679586,QLD
10088,2011,November,11,75 to 84,1,24.2804380812718,1694,1021,933,59.0318772136954,175.849941383353,174.418604651163,59.9520383693046,20.7625447009574,17.457554049527,23.2254157332244,QLD
10088,2011,December,12,75 to 84,1,27.3249493315784,1705,1021,933,58.6510263929619,59.0318772136954,175.849941383353,179.533213644524,24.2804380812718,20.7625447009574,32.2783255279784,QLD
10088,2012,January,1,75 to 84,5,31.4229311300929,1716,1021,933,291.375291375291,58.6510263929619,59.0318772136954,60.0600600600601,27.3249493315784,24.2804380812718,29.9053673763033,QLD
10088,2012,February,2,75 to 84,4,27.4160874393459,1702,1021,933,235.017626321974,291.375291375291,58.6510263929619,290.697674418605,31.4229311300929,27.3249493315784,27.879136766657,QLD
10088,2012,March,3,75 to 84,2,26.1804113944697,1686,1021,933,118.623962040332,235.017626321974,291.375291375291,59.6658711217184,27.4160874393459,31.4229311300929,25.646870557901,QLD
10088,2012,November,11,75 to 84,9,26.5219478880582,1719,1021,933,523.560209424084,177.725118483412,176.056338028169,59.0318772136954,21.5297531055794,16.5662997225904,24.2804380812718,QLD
10088,2012,December,12,75 to 84,1,29.8037640522934,1654,1021,933,60.459492140266,523.560209424084,177.725118483412,58.6510263929619,26.5219478880582,21.5297531055794,27.3249493315784,QLD
10088,2013,January,1,75 to 84,2,27.2464147576679,1759,1021,933,113.700966458215,60.459492140266,523.560209424084,291.375291375291,29.8037640522934,26.5219478880582,31.4229311300929,QLD
10088,2013,February,2,75 to 84,1,28.6110371330621,1751,1021,933,57.1102227298687,113.700966458215,60.459492140266,235.017626321974,27.2464147576679,29.8037640522934,27.4160874393459,QLD
10088,2013,March,3,75 to 84,2,23.0179701198596,1655,1021,933,120.845921450151,57.1102227298687,113.700966458215,118.623962040332,28.6110371330621,27.2464147576679,26.1804113944697,QLD
10088,2013,November,11,75 to 84,7,24.4005861358716,1672,1021,933,418.66028708134,234.329232571763,0,523.560209424084,22.3991850647537,17.1816879315791,26.5219478880582,QLD
10088,2013,December,12,75 to 84,8,30.7360984728845,1647,1021,933,485.731633272617,418.66028708134,234.329232571763,60.459492140266,24.4005861358716,22.3991850647537,29.8037640522934,QLD
10088,2014,January,1,75 to 84,4,28.5825013346967,1757,1021,933,227.66078542971,485.731633272617,418.66028708134,113.700966458215,30.7360984728845,24.4005861358716,27.2464147576679,QLD
10088,2014,February,2,75 to 84,0,28.3404976497446,1728,1021,933,0,227.66078542971,485.731633272617,57.1102227298687,28.5825013346967,30.7360984728845,28.6110371330621,QLD
10088,2014,March,3,75 to 84,2,29.2961660660065,1731,1021,933,115.540150202195,0,227.66078542971,120.845921450151,28.3404976497446,28.5825013346967,23.0179701198596,QLD
10088,2014,November,11,75 to 84,1,25.5700598897743,1765,1021,933,56.657223796034,0,57.0125427594071,418.66028708134,19.138320152188,16.1067474036788,24.4005861358716,QLD
10088,2014,December,12,75 to 84,10,28.8871856274652,1742,1021,933,574.052812858783,56.657223796034,0,485.731633272617,25.5700598897743,19.138320152188,30.7360984728845,QLD
10088,2015,January,1,75 to 84,3,26.4794739727575,1802,1021,933,166.481687014428,574.052812858783,56.657223796034,227.66078542971,28.8871856274652,25.5700598897743,28.5825013346967,QLD
10088,2015,February,2,75 to 84,2,27.4808533893435,1766,1021,933,113.250283125708,166.481687014428,574.052812858783,0,26.4794739727575,28.8871856274652,28.3404976497446,QLD
10088,2015,March,3,75 to 84,4,26.785248978012,1758,1021,933,227.531285551763,113.250283125708,166.481687014428,115.540150202195,27.4808533893435,26.4794739727575,29.2961660660065,QLD
10088,2015,November,11,75 to 84,0,27.0130732911047,1769,1021,933,0,0,0,56.657223796034,21.3358091942513,15.851682023535,25.5700598897743,QLD
10088,2015,December,12,75 to 84,0,27.8417630891537,1703,1021,933,0,0,0,574.052812858783,27.0130732911047,21.3358091942513,28.8871856274652,QLD
10088,2016,January,1,75 to 84,0,28.7868913746354,1790,1021,933,0,0,0,166.481687014428,27.8417630891537,27.0130732911047,26.4794739727575,QLD
10088,2016,February,2,75 to 84,0,26.5662817698346,1783,1021,933,0,0,0,113.250283125708,28.7868913746354,27.8417630891537,27.4808533893435,QLD
10088,2016,March,3,75 to 84,1,27.7517572007218,1823,1021,933,54.8546352166758,0,0,227.531285551763,26.5662817698346,28.7868913746354,26.785248978012,QLD
10088,2016,November,11,75 to 84,3,24.9698824422711,1744,1021,933,172.018348623853,58.9622641509434,58.3771161704612,0,22.5548303160036,20.0224402193236,27.0130732911047,QLD
10088,2016,December,12,75 to 84,1,27.2376116825206,1786,1021,933,55.9910414333707,172.018348623853,58.9622641509434,0,24.9698824422711,22.5548303160036,27.8417630891537,QLD
10088,2011,January,1,85+,4,31.9554214905405,1643,1021,933,243.457090687766,293.083235638921,358.851674641148,59.41770647653,31.2232442773007,25.7013240161401,32.3189660986745,QLD
10088,2011,February,2,85+,4,29.6505421687045,1700,1021,933,235.294117647059,243.457090687766,293.083235638921,56.9151963574274,31.9554214905405,31.2232442773007,30.8437191108907,QLD
10088,2011,March,3,85+,5,27.053451664833,1671,1021,933,299.222022740874,235.294117647059,243.457090687766,59.3119810201661,29.6505421687045,31.9554214905405,24.9813015669789,QLD
10088,2011,November,11,85+,0,27.7608721957571,1640,1021,933,0,0,60.9013398294762,358.851674641148,24.6635074096848,17.8787641916502,25.7013240161401,QLD
10088,2011,December,12,85+,1,28.0224993488536,1716,1021,933,58.2750582750583,0,0,293.083235638921,27.7608721957571,24.6635074096848,31.2232442773007,QLD
10088,2012,January,1,85+,4,29.7994797782978,1738,1021,933,230.149597238205,58.2750582750583,0,243.457090687766,28.0224993488536,27.7608721957571,31.9554214905405,QLD
10088,2012,February,2,85+,7,27.2195280852302,1709,1021,933,409.596255119953,230.149597238205,58.2750582750583,235.294117647059,29.7994797782978,28.0224993488536,29.6505421687045,QLD
10088,2012,March,3,85+,1,24.4507124095164,1705,1021,933,58.6510263929619,409.596255119953,230.149597238205,299.222022740874,27.2195280852302,29.7994797782978,27.053451664833,QLD
10088,2012,November,11,85+,1,26.8550432409775,1714,1021,933,58.343057176196,117.508813160987,0,0,21.6796601172695,15.7963423677873,27.7608721957571,QLD
10088,2012,December,12,85+,4,30.3246734220671,1676,1021,933,238.663484486874,58.343057176196,117.508813160987,58.2750582750583,26.8550432409775,21.6796601172695,28.0224993488536,QLD
10088,2013,January,1,85+,18,29.5104609705114,1733,1021,933,1038.66128101558,238.663484486874,58.343057176196,230.149597238205,30.3246734220671,26.8550432409775,29.7994797782978,QLD
10088,2013,February,2,85+,2,31.9195035951097,1675,1021,933,119.402985074627,1038.66128101558,238.663484486874,409.596255119953,29.5104609705114,30.3246734220671,27.2195280852302,QLD
10088,2013,March,3,85+,1,24.2762276918991,1744,1021,933,57.3394495412844,119.402985074627,1038.66128101558,58.6510263929619,31.9195035951097,29.5104609705114,24.4507124095164,QLD
10088,2013,November,11,85+,6,28.6170477261099,1724,1021,933,348.027842227378,174.927113702624,0,58.343057176196,22.0420319461379,19.0013727182752,26.8550432409775,QLD
10088,2013,December,12,85+,8,27.6085820135233,1736,1021,933,460.829493087558,348.027842227378,174.927113702624,238.663484486874,28.6170477261099,22.0420319461379,30.3246734220671,QLD
10088,2014,January,1,85+,7,30.9361103107596,1753,1021,933,399.315459212778,460.829493087558,348.027842227378,1038.66128101558,27.6085820135233,28.6170477261099,29.5104609705114,QLD
10088,2014,February,2,85+,14,30.4672410306041,1712,1021,933,817.757009345794,399.315459212778,460.829493087558,119.402985074627,30.9361103107596,27.6085820135233,31.9195035951097,QLD
10088,2014,March,3,85+,0,25.4603160866458,1682,1021,933,0,817.757009345794,399.315459212778,57.3394495412844,30.4672410306041,30.9361103107596,24.2762276918991,QLD
10088,2014,November,11,85+,0,27.2724387796954,1773,1021,933,0,58.1057524694945,0,348.027842227378,23.3587304914368,14.4481931270319,28.6170477261099,QLD
10088,2014,December,12,85+,2,28.1898420807307,1752,1021,933,114.155251141553,0,58.1057524694945,460.829493087558,27.2724387796954,23.3587304914368,27.6085820135233,QLD
10088,2015,January,1,85+,3,27.2513745584277,1786,1021,933,167.973124300112,114.155251141553,0,399.315459212778,28.1898420807307,27.2724387796954,30.9361103107596,QLD
10088,2015,February,2,85+,7,31.7508688455334,1763,1021,933,397.050482132728,167.973124300112,114.155251141553,817.757009345794,27.2513745584277,28.1898420807307,30.4672410306041,QLD
10088,2015,March,3,85+,10,26.2149497256545,1741,1021,933,574.382538770821,397.050482132728,167.973124300112,0,31.7508688455334,27.2513745584277,25.4603160866458,QLD
10088,2015,November,11,85+,3,26.3481880193006,1730,1021,933,173.410404624277,0,0,0,23.3450290440659,18.7573429179819,27.2724387796954,QLD
10088,2015,December,12,85+,15,28.7796238320803,1804,1021,933,831.485587583149,173.410404624277,0,114.155251141553,26.3481880193006,23.3450290440659,28.1898420807307,QLD
10088,2016,January,1,85+,4,29.5424718952342,1859,1021,933,215.169445938677,831.485587583149,173.410404624277,167.973124300112,28.7796238320803,26.3481880193006,27.2513745584277,QLD
10088,2016,February,2,85+,2,30.813833541457,1757,1021,933,113.830392714855,215.169445938677,831.485587583149,397.050482132728,29.5424718952342,28.7796238320803,31.7508688455334,QLD
10088,2016,March,3,85+,4,28.838775732452,1768,1021,933,226.244343891403,113.830392714855,215.169445938677,574.382538770821,30.813833541457,29.5424718952342,26.2149497256545,QLD
10088,2016,November,11,85+,4,25.6171199518791,1772,1021,933,225.733634311512,161.637931034483,111.111111111111,173.410404624277,25.1962740545444,21.1474422152864,26.3481880193006,QLD
10088,2016,December,12,85+,3,29.9269513420591,1768,1021,933,169.683257918552,225.733634311512,161.637931034483,831.485587583149,25.6171199518791,25.1962740545444,28.7796238320803,QLD
10089,2011,January,1,75 to 84,1,30.5526726551742,5074,986,1083,19.7083169097359,0,0,198.688654877807,28.6801193867671,25.4722445809308,29.722549249674,QLD
10089,2011,February,2,75 to 84,2,28.80284541845,5419,986,1083,36.9071784462078,19.7083169097359,0,272.957691557809,30.5526726551742,28.6801193867671,25.7066543998378,QLD
10089,2011,March,3,75 to 84,3,24.2903485383234,5284,986,1083,56.775170325511,36.9071784462078,19.7083169097359,38.3582662063675,28.80284541845,30.5526726551742,27.2992690545035,QLD
10089,2011,November,11,75 to 84,0,26.1309059892203,5096,986,1083,0,95.3107129241327,73.7599114881062,0,22.3339682899169,16.3163999256477,25.4722445809308,QLD
10089,2011,December,12,75 to 84,1,27.2602187652975,5108,986,1083,19.5771339075959,0,95.3107129241327,0,26.1309059892203,22.3339682899169,28.6801193867671,QLD
10089,2012,January,1,75 to 84,0,29.105421014403,5274,986,1083,0,19.5771339075959,0,19.7083169097359,27.2602187652975,26.1309059892203,30.5526726551742,QLD
10089,2012,February,2,75 to 84,3,30.1013800160023,5322,986,1083,56.369785794814,0,19.5771339075959,36.9071784462078,29.105421014403,27.2602187652975,28.80284541845,QLD
10089,2012,March,3,75 to 84,6,28.1979564615173,5228,986,1083,114.766641162969,56.369785794814,0,56.775170325511,30.1013800160023,29.105421014403,24.2903485383234,QLD
10089,2012,November,11,75 to 84,3,25.4459243434864,5291,986,1083,56.7000567000567,38.0445120791326,56.1797752808989,0,20.9275777517112,17.3150204144066,26.1309059892203,QLD
10089,2012,December,12,75 to 84,7,28.5815245977867,5213,986,1083,134.27968540188,56.7000567000567,38.0445120791326,19.5771339075959,25.4459243434864,20.9275777517112,27.2602187652975,QLD
10089,2013,January,1,75 to 84,1,31.7304137255849,5363,986,1083,18.6462800671266,134.27968540188,56.7000567000567,0,28.5815245977867,25.4459243434864,29.105421014403,QLD
10089,2013,February,2,75 to 84,7,29.250424436059,5280,986,1083,132.575757575758,18.6462800671266,134.27968540188,56.369785794814,31.7304137255849,28.5815245977867,30.1013800160023,QLD
10089,2013,March,3,75 to 84,10,26.1977057480907,5284,986,1083,189.250567751703,132.575757575758,18.6462800671266,114.766641162969,29.250424436059,31.7304137255849,28.1979564615173,QLD
10089,2013,November,11,75 to 84,5,25.557776278371,5328,986,1083,93.8438438438438,114.329268292683,94.2151874882231,56.7000567000567,22.2309936165112,18.2716155194227,25.4459243434864,QLD
10089,2013,December,12,75 to 84,6,27.8089790364778,5544,986,1083,108.225108225108,93.8438438438438,114.329268292683,134.27968540188,25.557776278371,22.2309936165112,28.5815245977867,QLD
10089,2014,January,1,75 to 84,4,30.3265774893512,5474,986,1083,73.0727073438071,108.225108225108,93.8438438438438,18.6462800671266,27.8089790364778,25.557776278371,31.7304137255849,QLD
10089,2014,February,2,75 to 84,12,31.7408138208362,5498,986,1083,218.261185885777,73.0727073438071,108.225108225108,132.575757575758,30.3265774893512,27.8089790364778,29.250424436059,QLD
10089,2014,March,3,75 to 84,17,24.7849808155157,5381,986,1083,315.926407730905,218.261185885777,73.0727073438071,189.250567751703,31.7408138208362,30.3265774893512,26.1977057480907,QLD
10089,2014,November,11,75 to 84,12,26.2261676402093,5393,986,1083,222.510661969219,132.928218761869,17.9920834832674,93.8438438438438,21.5649607207727,20.7194308088153,25.557776278371,QLD
10089,2014,December,12,75 to 84,3,28.8693256718609,5516,986,1083,54.3872371283539,222.510661969219,132.928218761869,108.225108225108,26.2261676402093,21.5649607207727,27.8089790364778,QLD
10089,2015,January,1,75 to 84,17,29.8480140331302,5388,986,1083,315.515961395694,54.3872371283539,222.510661969219,73.0727073438071,28.8693256718609,26.2261676402093,30.3265774893512,QLD
10089,2015,February,2,75 to 84,4,28.6264642309629,5234,986,1083,76.4233855559801,315.515961395694,54.3872371283539,218.261185885777,29.8480140331302,28.8693256718609,31.7408138208362,QLD
10089,2015,March,3,75 to 84,7,25.5998805588,5505,986,1083,127.157129881926,76.4233855559801,315.515961395694,315.926407730905,28.6264642309629,29.8480140331302,24.7849808155157,QLD
10089,2015,November,11,75 to 84,1,25.482701460693,5578,986,1083,17.9275726066691,111.54489682097,37.2717107715244,222.510661969219,22.6520843888964,17.4913683115459,26.2261676402093,QLD
10089,2015,December,12,75 to 84,0,30.5821755862271,5356,986,1083,0,17.9275726066691,111.54489682097,54.3872371283539,25.482701460693,22.6520843888964,28.8693256718609,QLD
10089,2016,January,1,75 to 84,6,32.1500111464158,5454,986,1083,110.01100110011,0,17.9275726066691,315.515961395694,30.5821755862271,25.482701460693,29.8480140331302,QLD
10089,2016,February,2,75 to 84,11,30.5779163402029,5396,986,1083,203.854707190512,110.01100110011,0,76.4233855559801,32.1500111464158,30.5821755862271,28.6264642309629,QLD
10089,2016,March,3,75 to 84,1,25.3591703272225,5486,986,1083,18.22821728035,203.854707190512,110.01100110011,127.157129881926,30.5779163402029,32.1500111464158,25.5998805588,QLD
10089,2016,November,11,75 to 84,5,25.5024740542685,5406,986,1083,92.4898261191269,124.732715609408,217.470097861544,17.9275726066691,22.7071677255862,16.9369373271215,25.482701460693,QLD
10089,2016,December,12,75 to 84,8,27.9063030239493,5539,986,1083,144.430402599747,92.4898261191269,124.732715609408,0,25.5024740542685,22.7071677255862,30.5821755862271,QLD
10089,2011,January,1,85+,46,30.4262499610925,5424,986,1083,848.082595870207,744.368266405485,947.004188672373,358.28025477707,28.5187905507503,25.9545664862591,28.5219590953743,QLD
10089,2011,February,2,85+,31,28.6150537829397,5219,986,1083,593.983521747461,848.082595870207,744.368266405485,115.629215648487,30.4262499610925,28.5187905507503,29.8036716311814,QLD
10089,2011,March,3,85+,12,26.5680356742453,5326,986,1083,225.309800976343,593.983521747461,848.082595870207,59.3002569677802,28.6150537829397,30.4262499610925,23.9453128707041,QLD
10089,2011,November,11,85+,33,24.7655074343324,5224,986,1083,631.699846860643,112.317484088356,19.669551534225,947.004188672373,21.7344308972613,19.2229271630927,25.9545664862591,QLD
10089,2011,December,12,85+,15,28.4790281943822,5406,986,1083,277.469478357381,631.699846860643,112.317484088356,744.368266405485,24.7655074343324,21.7344308972613,28.5187905507503,QLD
10089,2012,January,1,85+,22,30.4935623646225,5280,986,1083,416.666666666667,277.469478357381,631.699846860643,848.082595870207,28.4790281943822,24.7655074343324,30.4262499610925,QLD
10089,2012,February,2,85+,10,28.4873657239046,5285,986,1083,189.214758751183,416.666666666667,277.469478357381,593.983521747461,30.4935623646225,28.4790281943822,28.6150537829397,QLD
10089,2012,March,3,85+,11,25.4741286177221,5345,986,1083,205.799812909261,189.214758751183,416.666666666667,225.309800976343,28.4873657239046,30.4935623646225,26.5680356742453,QLD
10089,2012,November,11,85+,5,28.5271262605405,5338,986,1083,93.6680404645935,205.838323353293,74.9203970781045,631.699846860643,20.0584598311101,19.4478737979761,24.7655074343324,QLD
10089,2012,December,12,85+,6,30.0696520379754,5192,986,1083,115.562403697997,93.6680404645935,205.838323353293,277.469478357381,28.5271262605405,20.0584598311101,28.4790281943822,QLD
10089,2013,January,1,85+,23,30.1710367424423,5350,986,1083,429.906542056075,115.562403697997,93.6680404645935,416.666666666667,30.0696520379754,28.5271262605405,30.4935623646225,QLD
10089,2013,February,2,85+,19,28.9160604487623,5277,986,1083,360.053060451014,429.906542056075,115.562403697997,189.214758751183,30.1710367424423,30.0696520379754,28.4873657239046,QLD
10089,2013,March,3,85+,20,27.3100751183669,5416,986,1083,369.276218611521,360.053060451014,429.906542056075,205.799812909261,28.9160604487623,30.1710367424423,25.4741286177221,QLD
10089,2013,November,11,85+,11,24.9467180334689,5231,986,1083,210.284840374689,428.015564202335,76.1324704986677,93.6680404645935,22.0304905067712,18.9990642201902,28.5271262605405,QLD
10089,2013,December,12,85+,7,28.2509153479449,5245,986,1083,133.460438512869,210.284840374689,428.015564202335,115.562403697997,24.9467180334689,22.0304905067712,30.0696520379754,QLD
10089,2014,January,1,85+,0,28.547934144673,5482,986,1083,0,133.460438512869,210.284840374689,429.906542056075,28.2509153479449,24.9467180334689,30.1710367424423,QLD
10089,2014,February,2,85+,0,30.1560176592488,5411,986,1083,0,0,133.460438512869,360.053060451014,28.547934144673,28.2509153479449,28.9160604487623,QLD
10089,2014,March,3,85+,0,28.3431089628674,5304,986,1083,0,0,0,369.276218611521,30.1560176592488,28.547934144673,27.3100751183669,QLD
10089,2014,November,11,85+,7,26.4961988086797,5290,986,1083,132.325141776938,38.3729854182655,93.1098696461825,210.284840374689,19.9679431535532,15.8041024017043,24.9467180334689,QLD
10089,2014,December,12,85+,14,27.8835908087907,5405,986,1083,259.019426456984,132.325141776938,38.3729854182655,133.460438512869,26.4961988086797,19.9679431535532,28.2509153479449,QLD
10089,2015,January,1,85+,6,29.2776563973139,5394,986,1083,111.234705228031,259.019426456984,132.325141776938,0,27.8835908087907,26.4961988086797,28.547934144673,QLD
10089,2015,February,2,85+,7,26.3196966793449,5483,986,1083,127.667335400328,111.234705228031,259.019426456984,0,29.2776563973139,27.8835908087907,30.1560176592488,QLD
10089,2015,March,3,85+,9,27.2302957184414,5546,986,1083,162.279120086549,127.667335400328,111.234705228031,0,26.3196966793449,29.2776563973139,28.3431089628674,QLD
10089,2015,November,11,85+,6,28.6722778631252,5419,986,1083,110.721535338623,109.649122807018,653.961136023916,132.325141776938,22.0554543290919,17.6570632918662,26.4961988086797,QLD
10089,2015,December,12,85+,20,29.0505413507716,5639,986,1083,354.672814328782,110.721535338623,109.649122807018,259.019426456984,28.6722778631252,22.0554543290919,27.8835908087907,QLD
10089,2016,January,1,85+,22,27.860503285974,5410,986,1083,406.654343807763,354.672814328782,110.721535338623,111.234705228031,29.0505413507716,28.6722778631252,29.2776563973139,QLD
10089,2016,February,2,85+,15,31.5865904546944,5478,986,1083,273.822562979189,406.654343807763,354.672814328782,127.667335400328,27.860503285974,29.0505413507716,26.3196966793449,QLD
10089,2016,March,3,85+,15,26.6491687082726,5610,986,1083,267.379679144385,273.822562979189,406.654343807763,162.279120086549,31.5865904546944,27.860503285974,27.2302957184414,QLD
10089,2016,November,11,85+,12,26.9056803375958,5410,986,1083,221.81146025878,144.482571789778,143.240823634736,110.721535338623,22.7321065041322,17.5956666348498,28.6722778631252,QLD
10089,2016,December,12,85+,11,28.1760738636209,5407,986,1083,203.439985204365,221.81146025878,144.482571789778,354.672814328782,26.9056803375958,22.7321065041322,29.0505413507716,QLD
