lga_code,year,month,month_num,age_group,deaths,tmean,erp,IRSD,IRSAD,mortality_rate,mortality_lag1,mortality_lag2,mortality_lag12,tmean_lag1,tmean_lag2,tmean_lag12,state
10090,2011,January,1,75 to 84,17,31.1367423567227,7536,1048,1032,225.583864118896,214.511041009464,51.7397490622171,274.581589958159,27.7116108190773,27.4014057984968,29.6105013068305,SA
10090,2011,February,2,75 to 84,4,29.9488354021916,7699,1048,1032,51.9547993245876,225.583864118896,214.511041009464,253.773206891946,31.1367423567227,27.7116108190773,28.0772203773978,SA
10090,2011,March,3,75 to 84,10,24.7666056189364,7824,1048,1032,127.811860940695,51.9547993245876,225.583864118896,363.24498856451,29.9488354021916,31.1367423567227,25.473413784476,SA
10090,2011,November,11,75 to 84,12,30.2552565385366,7798,1048,1032,153.885611695307,64.6412411118294,77.962577962578,51.7397490622171,24.4704292611744,20.1752347417034,27.4014057984968,SA
10090,2011,December,12,75 to 84,11,30.323937575942,7915,1048,1032,138.976626658244,153.885611695307,64.6412411118294,214.511041009464,30.2552565385366,24.4704292611744,27.7116108190773,SA
10090,2012,January,1,75 to 84,10,30.2528035633456,8125,1048,1032,123.076923076923,138.976626658244,153.885611695307,225.583864118896,30.323937575942,30.2552565385366,31.1367423567227,SA
10090,2012,February,2,75 to 84,14,30.2521825615008,8030,1048,1032,174.346201743462,123.076923076923,138.976626658244,51.9547993245876,30.2528035633456,30.323937575942,29.9488354021916,SA
10090,2012,March,3,75 to 84,33,26.4635478424263,7796,1048,1032,423.293996921498,174.346201743462,123.076923076923,127.811860940695,30.2521825615008,30.2528035633456,24.7666056189364,SA
10090,2012,November,11,75 to 84,4,26.5172906897487,7809,1048,1032,51.2229478806505,12.7469725940089,50.8259212198221,153.885611695307,17.0697033017999,18.2467225427395,30.2552565385366,SA
10090,2012,December,12,75 to 84,10,28.3918995583059,7969,1048,1032,125.486259254612,51.2229478806505,12.7469725940089,138.976626658244,26.5172906897487,17.0697033017999,30.323937575942,SA
10090,2013,January,1,75 to 84,26,30.6091303212421,7946,1048,1032,327.2086584445,125.486259254612,51.2229478806505,123.076923076923,28.3918995583059,26.5172906897487,30.2528035633456,SA
10090,2013,February,2,75 to 84,3,29.5780547985349,8215,1048,1032,36.5185636031649,327.2086584445,125.486259254612,174.346201743462,30.6091303212421,28.3918995583059,30.2521825615008,SA
10090,2013,March,3,75 to 84,11,27.3200069706747,7781,1048,1032,141.370003855546,36.5185636031649,327.2086584445,423.293996921498,29.5780547985349,30.6091303212421,26.4635478424263,SA
10090,2013,November,11,75 to 84,21,24.755077244254,8057,1048,1032,260.642919200695,166.346769033909,85.2099817407182,51.2229478806505,18.6229957951408,18.5121847642902,26.5172906897487,SA
10090,2013,December,12,75 to 84,11,27.3196106352575,7792,1048,1032,141.170431211499,260.642919200695,166.346769033909,125.486259254612,24.755077244254,18.6229957951408,28.3918995583059,SA
10090,2014,January,1,75 to 84,30,29.7785068339512,8210,1048,1032,365.408038976857,141.170431211499,260.642919200695,327.2086584445,27.3196106352575,24.755077244254,30.6091303212421,SA
10090,2014,February,2,75 to 84,31,29.4030511724896,8083,1048,1032,383.520969936905,365.408038976857,141.170431211499,36.5185636031649,29.7785068339512,27.3196106352575,29.5780547985349,SA
10090,2014,March,3,75 to 84,19,24.1517128785155,7966,1048,1032,238.513683153402,383.520969936905,365.408038976857,141.370003855546,29.4030511724896,29.7785068339512,27.3200069706747,SA
10090,2014,November,11,75 to 84,22,27.0642035933046,8012,1048,1032,274.588117823265,50.1567398119122,149.458213974343,260.642919200695,21.3658204389188,19.4662705052245,24.755077244254,SA
10090,2014,December,12,75 to 84,11,29.447356053534,7959,1048,1032,138.208317627843,274.588117823265,50.1567398119122,141.170431211499,27.0642035933046,21.3658204389188,27.3196106352575,SA
10090,2015,January,1,75 to 84,9,31.652298282507,7867,1048,1032,114.40193212152,138.208317627843,274.588117823265,365.408038976857,29.447356053534,27.0642035933046,29.7785068339512,SA
10090,2015,February,2,75 to 84,1,30.861202806692,8082,1048,1032,12.3731749566939,114.40193212152,138.208317627843,383.520969936905,31.652298282507,29.447356053534,29.4030511724896,SA
10090,2015,March,3,75 to 84,13,25.7357454578435,8141,1048,1032,159.685542316669,12.3731749566939,114.40193212152,238.513683153402,30.861202806692,31.652298282507,24.1517128785155,SA
10090,2015,November,11,75 to 84,2,24.349058215424,8155,1048,1032,24.5248313917842,279.329608938548,36.8867576540022,274.588117823265,22.010953320037,16.9151691657852,27.0642035933046,SA
10090,2015,December,12,75 to 84,8,30.0095979320745,8274,1048,1032,96.688421561518,24.5248313917842,279.329608938548,138.208317627843,24.349058215424,22.010953320037,29.447356053534,SA
10090,2016,January,1,75 to 84,6,26.835347731216,8084,1048,1032,74.220682830282,96.688421561518,24.5248313917842,114.40193212152,30.0095979320745,24.349058215424,31.652298282507,SA
10090,2016,February,2,75 to 84,10,28.6103647899841,8071,1048,1032,123.900384091191,74.220682830282,96.688421561518,12.3731749566939,26.835347731216,30.0095979320745,30.861202806692,SA
10090,2016,March,3,75 to 84,7,23.6475440130385,8129,1048,1032,86.1114528232255,123.900384091191,74.220682830282,159.685542316669,28.6103647899841,26.835347731216,25.7357454578435,SA
10090,2016,November,11,75 to 84,8,24.7425288178646,8179,1048,1032,97.8114683946693,150.791656195024,12.5281884239539,24.5248313917842,21.7411342312322,17.3076642853001,24.349058215424,SA
10090,2016,December,12,75 to 84,8,28.6293295085839,8014,1048,1032,99.8253057149988,97.8114683946693,150.791656195024,96.688421561518,24.7425288178646,21.7411342312322,30.0095979320745,SA
10090,2011,January,1,85+,20,29.6710225320764,8038,1048,1032,248.818113958696,66.392245385739,477.111540941328,224.927229425774,27.4116731659453,23.0886067535962,30.947364258331,SA
10090,2011,February,2,85+,28,28.9437275096558,7777,1048,1032,360.03600360036,248.818113958696,66.392245385739,50.6842372022301,29.6710225320764,27.4116731659453,25.7057817491208,SA
10090,2011,March,3,85+,15,28.1611044068731,7759,1048,1032,193.323881943549,360.03600360036,248.818113958696,25.783163594173,28.9437275096558,29.6710225320764,27.5932689598324,SA
10090,2011,November,11,85+,6,25.1109546079895,7939,1048,1032,75.5762690515178,235.294117647059,77.5795190069822,477.111540941328,19.5795347106862,19.2868243960408,23.0886067535962,SA
10090,2011,December,12,85+,1,27.6261722223888,7671,1048,1032,13.0361100247686,75.5762690515178,235.294117647059,66.392245385739,25.1109546079895,19.5795347106862,27.4116731659453,SA
10090,2012,January,1,85+,4,28.4320279692013,7997,1048,1032,50.0187570338877,13.0361100247686,75.5762690515178,248.818113958696,27.6261722223888,25.1109546079895,29.6710225320764,SA
10090,2012,February,2,85+,24,28.8095325732617,7652,1048,1032,313.643491897543,50.0187570338877,13.0361100247686,360.03600360036,28.4320279692013,27.6261722223888,28.9437275096558,SA
10090,2012,March,3,85+,0,27.5999235395708,7940,1048,1032,0,313.643491897543,50.0187570338877,193.323881943549,28.8095325732617,28.4320279692013,28.1611044068731,SA
10090,2012,November,11,85+,28,26.287848239843,7913,1048,1032,353.848098066473,142.394822006473,151.476899772785,75.5762690515178,22.3475345099761,17.5877540042442,25.1109546079895,SA
10090,2012,December,12,85+,5,29.7566779307416,7541,1048,1032,66.3042036865137,353.848098066473,142.394822006473,13.0361100247686,26.287848239843,22.3475345099761,27.6261722223888,SA
10090,2013,January,1,85+,43,30.6123221191926,7831,1048,1032,549.099731835015,66.3042036865137,353.848098066473,50.0187570338877,29.7566779307416,26.287848239843,28.4320279692013,SA
10090,2013,February,2,85+,23,29.4436923954791,7798,1048,1032,294.947422416004,549.099731835015,66.3042036865137,313.643491897543,30.6123221191926,29.7566779307416,28.8095325732617,SA
10090,2013,March,3,85+,20,26.0388400767971,7934,1048,1032,252.079657171666,294.947422416004,549.099731835015,0,29.4436923954791,30.6123221191926,27.5999235395708,SA
10090,2013,November,11,85+,6,27.3497657230152,8133,1048,1032,73.7735153080044,425.312540275809,264.410364886304,353.848098066473,23.3618684412466,16.0598415371665,26.287848239843,SA
10090,2013,December,12,85+,11,29.1711019969138,7725,1048,1032,142.394822006473,73.7735153080044,425.312540275809,66.3042036865137,27.3497657230152,23.3618684412466,29.7566779307416,SA
10090,2014,January,1,85+,35,28.5868834076626,8031,1048,1032,435.811231478023,142.394822006473,73.7735153080044,549.099731835015,29.1711019969138,27.3497657230152,30.6123221191926,SA
10090,2014,February,2,85+,8,29.5527022764109,8013,1048,1032,99.8377636340946,435.811231478023,142.394822006473,294.947422416004,28.5868834076626,29.1711019969138,29.4436923954791,SA
10090,2014,March,3,85+,4,27.1035463295519,8233,1048,1032,48.5849629539658,99.8377636340946,435.811231478023,252.079657171666,29.5527022764109,28.5868834076626,26.0388400767971,SA
10090,2014,November,11,85+,5,29.6467127383124,8182,1048,1032,61.1097531165974,375.113180701074,422.307787852441,73.7735153080044,20.6474376247911,19.1543075242834,27.3497657230152,SA
10090,2014,December,12,85+,9,28.6230177244303,8188,1048,1032,109.916951636541,61.1097531165974,375.113180701074,142.394822006473,29.6467127383124,20.6474376247911,29.1711019969138,SA
10090,2015,January,1,85+,33,30.5593675236989,8162,1048,1032,404.312668463612,109.916951636541,61.1097531165974,435.811231478023,28.6230177244303,29.6467127383124,28.5868834076626,SA
10090,2015,February,2,85+,17,27.3160003303818,8185,1048,1032,207.697006719609,404.312668463612,109.916951636541,99.8377636340946,30.5593675236989,28.6230177244303,29.5527022764109,SA
10090,2015,March,3,85+,17,25.5157212651456,8296,1048,1032,204.918032786885,207.697006719609,404.312668463612,48.5849629539658,27.3160003303818,30.5593675236989,27.1035463295519,SA
10090,2015,November,11,85+,29,25.2470004786609,7845,1048,1032,369.662205226259,239.11401963252,368.394308943089,61.1097531165974,22.1584180963505,16.736323770591,29.6467127383124,SA
10090,2015,December,12,85+,8,29.6563386096749,8047,1048,1032,99.4159314030073,369.662205226259,239.11401963252,109.916951636541,25.2470004786609,22.1584180963505,28.6230177244303,SA
10090,2016,January,1,85+,16,29.0416306616721,7995,1048,1032,200.125078173859,99.4159314030073,369.662205226259,404.312668463612,29.6563386096749,25.2470004786609,30.5593675236989,SA
10090,2016,February,2,85+,29,28.7446734128493,8236,1048,1032,352.112676056338,200.125078173859,99.4159314030073,207.697006719609,29.0416306616721,29.6563386096749,27.3160003303818,SA
10090,2016,March,3,85+,22,23.459831091099,8007,1048,1032,274.759585362808,352.112676056338,200.125078173859,204.918032786885,28.7446734128493,29.0416306616721,25.5157212651456,SA
10090,2016,November,11,85+,9,24.63302730443,8149,1048,1032,110.442999140999,216.615698267074,398.158516859525,369.662205226259,22.9348658400583,14.8090346989373,25.2470004786609,SA
10090,2016,December,12,85+,12,28.6164016524871,8253,1048,1032,145.401672119229,110.442999140999,216.615698267074,99.4159314030073,24.63302730443,22.9348658400583,29.6563386096749,SA
10091,2011,January,1,75 to 84,31,30.2491349930757,16404,1067,964,188.978297976103,72.0461095100865,156.910078455039,410.652817199106,30.0032086081774,24.0321451696497,32.0290710607334,SA
10091,2011,February,2,75 to 84,65,29.0990498890257,17090,1067,964,380.339379754242,188.978297976103,72.0461095100865,145.394778431001,30.2491349930757,30.0032086081774,28.5810647457353,SA
10091,2011,March,3,75 to 84,41,26.1987161445349,16759,1067,964,244.644668536309,380.339379754242,188.978297976103,87.2219799389446,29.0990498890257,30.2491349930757,28.6158713923159,SA
10091,2011,November,11,75 to 84,35,25.0520234692187,16836,1067,964,207.887859349014,303.582270795386,310.521188504627,156.910078455039,25.392148449199,18.035067767473,24.0321451696497,SA
10091,2011,December,12,75 to 84,14,28.174366356568,15980,1067,964,87.6095118898623,207.887859349014,303.582270795386,72.0461095100865,25.0520234692187,25.392148449199,30.0032086081774,SA
10091,2012,January,1,75 to 84,19,31.0956808183061,16472,1067,964,115.34725594949,87.6095118898623,207.887859349014,188.978297976103,28.174366356568,25.0520234692187,30.2491349930757,SA
10091,2012,February,2,75 to 84,30,27.4687032255164,16945,1067,964,177.043375627029,115.34725594949,87.6095118898623,380.339379754242,31.0956808183061,28.174366356568,29.0990498890257,SA
10091,2012,March,3,75 to 84,21,24.7491733127369,16778,1067,964,125.16390511384,177.043375627029,115.34725594949,244.644668536309,27.4687032255164,31.0956808183061,26.1987161445349,SA
10091,2012,November,11,75 to 84,6,25.7137260696255,17054,1067,964,35.1823619092295,48.2596368462327,11.5373521776752,207.887859349014,21.2216853683987,14.9787794374184,25.0520234692187,SA
10091,2012,December,12,75 to 84,17,30.3510090805507,16954,1067,964,100.271322401793,35.1823619092295,48.2596368462327,87.6095118898623,25.7137260696255,21.2216853683987,28.174366356568,SA
10091,2013,January,1,75 to 84,10,31.4229848585454,16763,1067,964,59.6551929845493,100.271322401793,35.1823619092295,115.34725594949,30.3510090805507,25.7137260696255,31.0956808183061,SA
10091,2013,February,2,75 to 84,20,31.3756942282931,16948,1067,964,118.008024545669,59.6551929845493,100.271322401793,177.043375627029,31.4229848585454,30.3510090805507,27.4687032255164,SA
10091,2013,March,3,75 to 84,23,28.6740063444095,16983,1067,964,135.429547194253,118.008024545669,59.6551929845493,125.16390511384,31.3756942282931,31.4229848585454,24.7491733127369,SA
10091,2013,November,11,75 to 84,10,24.2538563505908,16980,1067,964,58.8928150765607,100.645314072583,105.534709193246,35.1823619092295,21.8981086160937,17.3872999048194,25.7137260696255,SA
10091,2013,December,12,75 to 84,29,27.7301553980221,16861,1067,964,171.994543621375,58.8928150765607,100.645314072583,100.271322401793,24.2538563505908,21.8981086160937,30.3510090805507,SA
10091,2014,January,1,75 to 84,22,30.6603335731682,16938,1067,964,129.88546463573,171.994543621375,58.8928150765607,59.6551929845493,27.7301553980221,24.2538563505908,31.4229848585454,SA
10091,2014,February,2,75 to 84,49,29.1720435320071,16699,1067,964,293.430744355949,129.88546463573,171.994543621375,118.008024545669,30.6603335731682,27.7301553980221,31.3756942282931,SA
10091,2014,March,3,75 to 84,31,22.1321029955497,16842,1067,964,184.063650397815,293.430744355949,129.88546463573,135.429547194253,29.1720435320071,30.6603335731682,28.6740063444095,SA
10091,2014,November,11,75 to 84,31,26.1806629761594,16807,1067,964,184.446956625216,108.188133469992,47.4636606348265,58.8928150765607,24.2272276965365,19.0553810683017,24.2538563505908,SA
10091,2014,December,12,75 to 84,28,27.9867277153364,17772,1067,964,157.551204141346,184.446956625216,108.188133469992,171.994543621375,26.1806629761594,24.2272276965365,27.7301553980221,SA
10091,2015,January,1,75 to 84,11,30.7976359874517,17237,1067,964,63.8162093171666,157.551204141346,184.446956625216,129.88546463573,27.9867277153364,26.1806629761594,30.6603335731682,SA
10091,2015,February,2,75 to 84,20,29.5100689190148,17422,1067,964,114.797382619676,63.8162093171666,157.551204141346,293.430744355949,30.7976359874517,27.9867277153364,29.1720435320071,SA
10091,2015,March,3,75 to 84,14,29.1055859525486,16789,1067,964,83.3879325749002,114.797382619676,63.8162093171666,184.063650397815,29.5100689190148,30.7976359874517,22.1321029955497,SA
10091,2015,November,11,75 to 84,9,27.3420096062582,17157,1067,964,52.4567232033572,22.6269940038466,17.5008750437522,184.446956625216,21.8305715184543,20.1901649492263,26.1806629761594,SA
10091,2015,December,12,75 to 84,49,31.0000316534665,17322,1067,964,282.87726590463,52.4567232033572,22.6269940038466,157.551204141346,27.3420096062582,21.8305715184543,27.9867277153364,SA
10091,2016,January,1,75 to 84,33,29.1302214453283,17356,1067,964,190.135976031344,282.87726590463,52.4567232033572,63.8162093171666,31.0000316534665,27.3420096062582,30.7976359874517,SA
10091,2016,February,2,75 to 84,34,29.795702320745,17235,1067,964,197.272991006672,190.135976031344,282.87726590463,114.797382619676,29.1302214453283,31.0000316534665,29.5100689190148,SA
10091,2016,March,3,75 to 84,12,25.6042250219785,17307,1067,964,69.3361067776045,197.272991006672,190.135976031344,83.3879325749002,29.795702320745,29.1302214453283,29.1055859525486,SA
10091,2016,November,11,75 to 84,8,27.960765304101,17275,1067,964,46.3096960926194,83.6120401337793,5.64812199943519,52.4567232033572,21.9590003508496,18.7540016899708,27.3420096062582,SA
10091,2016,December,12,75 to 84,8,29.7151764178381,17418,1067,964,45.9294982202319,46.3096960926194,83.6120401337793,282.87726590463,27.960765304101,21.9590003508496,31.0000316534665,SA
10091,2011,January,1,85+,18,29.3067906895738,16596,1067,964,108.459869848156,248.725282925009,388.113305914383,241.995532390171,27.9986838833298,27.0140221581064,30.14170382654,SA
10091,2011,February,2,85+,14,30.6539714283411,16454,1067,964,85.0856934484016,108.459869848156,248.725282925009,211.569848274195,29.3067906895738,27.9986838833298,28.701184377142,SA
10091,2011,March,3,85+,74,25.6998052534748,16668,1067,964,443.964482841373,85.0856934484016,108.459869848156,518.907312417989,30.6539714283411,29.3067906895738,25.7550091112474,SA
10091,2011,November,11,85+,12,27.2534331723325,16896,1067,964,71.0227272727273,100.77059869591,132.578040255514,388.113305914383,21.5714459603915,16.9504605978038,27.0140221581064,SA
10091,2011,December,12,85+,10,28.1007178336971,16416,1067,964,60.916179337232,71.0227272727273,100.77059869591,248.725282925009,27.2534331723325,21.5714459603915,27.9986838833298,SA
10091,2012,January,1,85+,9,29.1077145666425,17021,1067,964,52.8758592327125,60.916179337232,71.0227272727273,108.459869848156,28.1007178336971,27.2534331723325,29.3067906895738,SA
10091,2012,February,2,85+,80,29.9874138552266,16502,1067,964,484.789722457884,52.8758592327125,60.916179337232,85.0856934484016,29.1077145666425,28.1007178336971,30.6539714283411,SA
10091,2012,March,3,85+,14,29.842243042471,17217,1067,964,81.3149793808445,484.789722457884,52.8758592327125,443.964482841373,29.9874138552266,29.1077145666425,25.6998052534748,SA
10091,2012,November,11,85+,12,26.5573247184259,16623,1067,964,72.189135535102,176.128691363823,361.58861885003,71.0227272727273,21.0796951519638,20.0288367941286,27.2534331723325,SA
10091,2012,December,12,85+,10,29.2477555350548,16813,1067,964,59.4777850472848,72.189135535102,176.128691363823,60.916179337232,26.5573247184259,21.0796951519638,28.1007178336971,SA
10091,2013,January,1,85+,37,26.9956001935962,16590,1067,964,223.025919228451,59.4777850472848,72.189135535102,52.8758592327125,29.2477555350548,26.5573247184259,29.1077145666425,SA
10091,2013,February,2,85+,50,27.0748217521315,17381,1067,964,287.670444738508,223.025919228451,59.4777850472848,484.789722457884,26.9956001935962,29.2477555350548,29.9874138552266,SA
10091,2013,March,3,85+,6,26.002622281248,16841,1067,964,35.6273380440591,287.670444738508,223.025919228451,81.3149793808445,27.0748217521315,26.9956001935962,29.842243042471,SA
10091,2013,November,11,85+,47,25.2430983246534,16892,1067,964,278.238219275397,52.7117254304791,35.2319436288902,72.189135535102,21.2189869360203,18.0282895001686,26.5573247184259,SA
10091,2013,December,12,85+,48,27.9667459472229,16585,1067,964,289.418148929756,278.238219275397,52.7117254304791,59.4777850472848,25.2430983246534,21.2189869360203,29.2477555350548,SA
10091,2014,January,1,85+,110,28.6497313986439,17037,1067,964,645.653577507777,289.418148929756,278.238219275397,223.025919228451,27.9667459472229,25.2430983246534,26.9956001935962,SA
10091,2014,February,2,85+,33,28.780160199729,17001,1067,964,194.10622904535,645.653577507777,289.418148929756,287.670444738508,28.6497313986439,27.9667459472229,27.0748217521315,SA
10091,2014,March,3,85+,36,22.8798959389959,17322,1067,964,207.828195358504,194.10622904535,645.653577507777,35.6273380440591,28.780160199729,28.6497313986439,26.002622281248,SA
10091,2014,November,11,85+,79,25.6071346468781,17503,1067,964,451.351196937668,176.970942512987,242.172634492302,278.238219275397,21.6841726221403,15.9218970676522,25.2430983246534,SA
10091,2014,December,12,85+,59,29.6236630992199,16413,1067,964,359.471150916956,451.351196937668,176.970942512987,289.418148929756,25.6071346468781,21.6841726221403,27.9667459472229,SA
10091,2015,January,1,85+,57,31.9501274600904,17165,1067,964,332.071074861637,359.471150916956,451.351196937668,645.653577507777,29.6236630992199,25.6071346468781,28.6497313986439,SA
10091,2015,February,2,85+,84,28.3430643630565,17386,1067,964,483.147359944783,332.071074861637,359.471150916956,194.10622904535,31.9501274600904,29.6236630992199,28.780160199729,SA
10091,2015,March,3,85+,102,25.2929713568433,17487,1067,964,583.290444330074,483.147359944783,332.071074861637,207.828195358504,28.3430643630565,31.9501274600904,22.8798959389959,SA
10091,2015,November,11,85+,76,24.7068665143854,16822,1067,964,451.789323504934,602.836879432624,223.726159181162,451.351196937668,19.8777164274237,17.5335869590684,25.6071346468781,SA
10091,2015,December,12,85+,173,30.3088685674639,17459,1067,964,990.892949195258,451.789323504934,602.836879432624,359.471150916956,24.7068665143854,19.8777164274237,29.6236630992199,SA
10091,2016,January,1,85+,144,28.7238209745229,17458,1067,964,824.836751059686,990.892949195258,451.789323504934,332.071074861637,30.3088685674639,24.7068665143854,31.9501274600904,SA
10091,2016,February,2,85+,41,29.4111109862596,17507,1067,964,234.192037470726,824.836751059686,990.892949195258,483.147359944783,28.7238209745229,30.3088685674639,28.3430643630565,SA
10091,2016,March,3,85+,131,25.7154188350453,17440,1067,964,751.146788990826,234.192037470726,824.836751059686,583.290444330074,29.4111109862596,28.7238209745229,25.2929713568433,SA
10091,2016,November,11,85+,8,25.1512060469168,17139,1067,964,46.6771690296984,84.784083201447,151.549169286035,451.789323504934,22.5434192292718,18.6910256542068,24.7068665143854,SA
10091,2016,December,12,85+,69,31.1016530259771,17869,1067,964,386.143600649169,46.6771690296984,84.784083201447,990.892949195258,25.1512060469168,22.5434192292718,30.3088685674639,SA
10092,2011,January,1,75 to 84,5,31.1698223524084,2076,1286,861,240.847784200385,243.664717348928,337.024554646124,288.600288600289,27.9786227406367,26.7442603753987,28.9456864611199,SA
10092,2011,February,2,75 to 84,1,30.1261980063459,2107,1286,861,47.4608448030375,240.847784200385,243.664717348928,97.4184120798831,31.1698223524084,27.9786227406367,30.296413735357,SA
10092,2011,March,3,75 to 84,6,24.1375741808479,2098,1286,861,285.986653956149,47.4608448030375,240.847784200385,382.409177820268,30.1261980063459,31.1698223524084,24.8537294992165,SA
10092,2011,November,11,75 to 84,2,25.2343774734889,2025,1286,861,98.7654320987654,0,0,337.024554646124,20.4579576728703,20.1178275611231,26.7442603753987,SA
10092,2011,December,12,75 to 84,1,29.8486869458068,1987,1286,861,50.3271263210871,98.7654320987654,0,243.664717348928,25.2343774734889,20.4579576728703,27.9786227406367,SA
10092,2012,January,1,75 to 84,3,28.2223346125409,2073,1286,861,144.717800289436,50.3271263210871,98.7654320987654,240.847784200385,29.8486869458068,25.2343774734889,31.1698223524084,SA
10092,2012,February,2,75 to 84,1,29.56175931491,2132,1286,861,46.9043151969981,144.717800289436,50.3271263210871,47.4608448030375,28.2223346125409,29.8486869458068,30.1261980063459,SA
10092,2012,March,3,75 to 84,11,29.1344460872142,2068,1286,861,531.914893617021,46.9043151969981,144.717800289436,285.986653956149,29.56175931491,28.2223346125409,24.1375741808479,SA
10092,2012,November,11,75 to 84,1,25.3284458713062,2108,1286,861,47.438330170778,47.9156684235745,244.738130200685,98.7654320987654,21.6947898798013,17.9377137874274,25.2343774734889,SA
10092,2012,December,12,75 to 84,2,30.4491490030114,2071,1286,861,96.5717044905843,47.438330170778,47.9156684235745,50.3271263210871,25.3284458713062,21.6947898798013,29.8486869458068,SA
10092,2013,January,1,75 to 84,1,31.1779401983866,2103,1286,861,47.5511174512601,96.5717044905843,47.438330170778,144.717800289436,30.4491490030114,25.3284458713062,28.2223346125409,SA
10092,2013,February,2,75 to 84,1,27.0402494113885,2093,1286,861,47.7783086478739,47.5511174512601,96.5717044905843,46.9043151969981,31.1779401983866,30.4491490030114,29.56175931491,SA
10092,2013,March,3,75 to 84,2,24.8725669224894,2129,1286,861,93.9408172851104,47.7783086478739,47.5511174512601,531.914893617021,27.0402494113885,31.1779401983866,29.1344460872142,SA
10092,2013,November,11,75 to 84,5,25.9047950773678,2112,1286,861,236.742424242424,47.6644423260248,545.206724216265,47.438330170778,23.0227730007178,17.4294781091109,25.3284458713062,SA
10092,2013,December,12,75 to 84,0,29.9229825896864,2132,1286,861,0,236.742424242424,47.6644423260248,96.5717044905843,25.9047950773678,23.0227730007178,30.4491490030114,SA
10092,2014,January,1,75 to 84,2,30.0625042475138,2137,1286,861,93.5891436593355,0,236.742424242424,47.5511174512601,29.9229825896864,25.9047950773678,31.1779401983866,SA
10092,2014,February,2,75 to 84,2,28.0944372814476,2102,1286,861,95.1474785918173,93.5891436593355,0,47.7783086478739,30.0625042475138,29.9229825896864,27.0402494113885,SA
10092,2014,March,3,75 to 84,0,25.6303973752794,2142,1286,861,0,95.1474785918173,93.5891436593355,93.9408172851104,28.0944372814476,30.0625042475138,24.8725669224894,SA
10092,2014,November,11,75 to 84,1,27.2117080579797,2073,1286,861,48.2392667631452,0,46.3821892393321,236.742424242424,22.9757042917207,18.0170622625697,25.9047950773678,SA
10092,2014,December,12,75 to 84,0,28.4552710090509,2168,1286,861,0,48.2392667631452,0,0,27.2117080579797,22.9757042917207,29.9229825896864,SA
10092,2015,January,1,75 to 84,1,31.0375988470437,2171,1286,861,46.0617227084293,0,48.2392667631452,93.5891436593355,28.4552710090509,27.2117080579797,30.0625042475138,SA
10092,2015,February,2,75 to 84,0,28.7029645866262,2182,1286,861,0,46.0617227084293,0,95.1474785918173,31.0375988470437,28.4552710090509,28.0944372814476,SA
10092,2015,March,3,75 to 84,0,27.6260514449428,2108,1286,861,0,0,46.0617227084293,0,28.7029645866262,31.0375988470437,25.6303973752794,SA
10092,2015,November,11,75 to 84,1,25.1071238966401,2179,1286,861,45.8926112895824,47.0145745181006,46.0617227084293,48.2392667631452,22.6968652182912,18.593929907327,27.2117080579797,SA
10092,2015,December,12,75 to 84,5,30.0345981859255,2220,1286,861,225.225225225225,45.8926112895824,47.0145745181006,0,25.1071238966401,22.6968652182912,28.4552710090509,SA
10092,2016,January,1,75 to 84,2,31.7288580996093,2215,1286,861,90.293453724605,225.225225225225,45.8926112895824,46.0617227084293,30.0345981859255,25.1071238966401,31.0375988470437,SA
10092,2016,February,2,75 to 84,0,29.6085190887764,2160,1286,861,0,90.293453724605,225.225225225225,0,31.7288580996093,30.0345981859255,28.7029645866262,SA
10092,2016,March,3,75 to 84,0,23.8688206767048,2170,1286,861,0,0,90.293453724605,0,29.6085190887764,31.7288580996093,27.6260514449428,SA
10092,2016,November,11,75 to 84,1,28.2869670580373,2193,1286,861,45.5996352029184,47.0588235294118,46.4252553389044,45.8926112895824,20.5347142895507,18.0526124129712,25.1071238966401,SA
10092,2016,December,12,75 to 84,1,27.4733469085586,2173,1286,861,46.0193281178095,45.5996352029184,47.0588235294118,225.225225225225,28.2869670580373,20.5347142895507,30.0345981859255,SA
10092,2011,January,1,85+,17,29.8794752140491,2102,1286,861,808.753568030447,491.400491400491,390.243902439024,98.0392156862745,30.4074523255058,26.2514236379891,31.2767714054724,SA
10092,2011,February,2,85+,4,30.2693877777423,2125,1286,861,188.235294117647,808.753568030447,491.400491400491,48.8758553274682,29.8794752140491,30.4074523255058,28.3717929665619,SA
10092,2011,March,3,85+,2,27.6658654098902,2037,1286,861,98.1836033382425,188.235294117647,808.753568030447,347.222222222222,30.2693877777423,29.8794752140491,25.1040097155521,SA
10092,2011,November,11,85+,3,26.253192315149,1987,1286,861,150.981378963261,96.8992248062015,195.790504160548,390.243902439024,23.8295240851648,18.8414476981517,26.2514236379891,SA
10092,2011,December,12,85+,11,30.7532723423345,1996,1286,861,551.102204408818,150.981378963261,96.8992248062015,491.400491400491,26.253192315149,23.8295240851648,30.4074523255058,SA
10092,2012,January,1,85+,28,27.6290386086855,2001,1286,861,1399.30034982509,551.102204408818,150.981378963261,808.753568030447,30.7532723423345,26.253192315149,29.8794752140491,SA
10092,2012,February,2,85+,5,29.3567513739451,2102,1286,861,237.868696479543,1399.30034982509,551.102204408818,188.235294117647,27.6290386086855,30.7532723423345,30.2693877777423,SA
10092,2012,March,3,85+,5,25.9877901757794,2124,1286,861,235.404896421846,237.868696479543,1399.30034982509,98.1836033382425,29.3567513739451,27.6290386086855,27.6658654098902,SA
10092,2012,November,11,85+,6,25.4083318829633,2045,1286,861,293.398533007335,0,95.2834683182468,150.981378963261,21.1222891632491,17.541508074377,26.253192315149,SA
10092,2012,December,12,85+,4,29.8398840931285,2058,1286,861,194.363459669582,293.398533007335,0,551.102204408818,25.4083318829633,21.1222891632491,30.7532723423345,SA
10092,2013,January,1,85+,9,27.8540666581824,2092,1286,861,430.210325047801,194.363459669582,293.398533007335,1399.30034982509,29.8398840931285,25.4083318829633,27.6290386086855,SA
10092,2013,February,2,85+,11,29.8231142795887,2163,1286,861,508.552935737402,430.210325047801,194.363459669582,237.868696479543,27.8540666581824,29.8398840931285,29.3567513739451,SA
10092,2013,March,3,85+,5,23.7128324822438,2134,1286,861,234.301780693533,508.552935737402,430.210325047801,235.404896421846,29.8231142795887,27.8540666581824,25.9877901757794,SA
10092,2013,November,11,85+,3,23.5071152198959,2117,1286,861,141.709966934341,48.1000481000481,92.5069380203515,293.398533007335,20.9250575463524,16.0659625414946,25.4083318829633,SA
10092,2013,December,12,85+,4,33.1970091960312,2106,1286,861,189.933523266857,141.709966934341,48.1000481000481,194.363459669582,23.5071152198959,20.9250575463524,29.8398840931285,SA
10092,2014,January,1,85+,0,31.7274599245906,2172,1286,861,0,189.933523266857,141.709966934341,430.210325047801,33.1970091960312,23.5071152198959,27.8540666581824,SA
10092,2014,February,2,85+,3,30.6933739605706,2126,1286,861,141.110065851364,0,189.933523266857,508.552935737402,31.7274599245906,33.1970091960312,29.8231142795887,SA
10092,2014,March,3,85+,4,22.9418582602976,2202,1286,861,181.653042688465,141.110065851364,0,234.301780693533,30.6933739605706,31.7274599245906,23.7128324822438,SA
10092,2014,November,11,85+,2,28.1756842253887,2110,1286,861,94.7867298578199,94.2063118228921,98.135426889107,141.709966934341,19.6213463213209,18.0040430679184,23.5071152198959,SA
10092,2014,December,12,85+,9,30.3040113376378,2093,1286,861,430.004777830865,94.7867298578199,94.2063118228921,189.933523266857,28.1756842253887,19.6213463213209,33.1970091960312,SA
10092,2015,January,1,85+,5,29.7199767755632,2129,1286,861,234.852043212776,430.004777830865,94.7867298578199,0,30.3040113376378,28.1756842253887,31.7274599245906,SA
10092,2015,February,2,85+,0,29.0077710600213,2145,1286,861,0,234.852043212776,430.004777830865,141.110065851364,29.7199767755632,30.3040113376378,30.6933739605706,SA
10092,2015,March,3,85+,0,26.3888666791695,2097,1286,861,0,0,234.852043212776,181.653042688465,29.0077710600213,29.7199767755632,22.9418582602976,SA
10092,2015,November,11,85+,8,28.2911106271882,2113,1286,861,378.608613345954,315.884476534296,91.4076782449726,94.7867298578199,23.665191400287,17.8791618867961,28.1756842253887,SA
10092,2015,December,12,85+,14,27.1010604232001,2141,1286,861,653.900046707146,378.608613345954,315.884476534296,430.004777830865,28.2911106271882,23.665191400287,30.3040113376378,SA
10092,2016,January,1,85+,1,29.3359779459509,2251,1286,861,44.4247001332741,653.900046707146,378.608613345954,234.852043212776,27.1010604232001,28.2911106271882,29.7199767755632,SA
10092,2016,February,2,85+,8,29.3901153744086,2180,1286,861,366.97247706422,44.4247001332741,653.900046707146,0,29.3359779459509,27.1010604232001,29.0077710600213,SA
10092,2016,March,3,85+,3,25.5743159492775,2218,1286,861,135.256988277728,366.97247706422,44.4247001332741,0,29.3901153744086,29.3359779459509,26.3888666791695,SA
10092,2016,November,11,85+,3,25.3275009707904,2141,1286,861,140.121438580103,182.232346241458,225.5299954894,378.608613345954,23.5519116482661,18.6804544350401,28.2911106271882,SA
10092,2016,December,12,85+,9,27.4480411566995,2145,1286,861,419.58041958042,140.121438580103,182.232346241458,653.900046707146,25.3275009707904,23.5519116482661,27.1010604232001,SA
10093,2011,January,1,75 to 84,0,30.5481215028987,1576,1122,913,0,0,122.850122850123,127.307447485678,31.7163371001342,26.2905834795913,26.6895239434396,SA
10093,2011,February,2,75 to 84,0,28.009965879562,1563,1122,913,0,0,0,420.168067226891,30.5481215028987,31.7163371001342,29.525294858037,SA
10093,2011,March,3,75 to 84,0,27.0924621112699,1623,1122,913,0,0,0,127.226463104326,28.009965879562,30.5481215028987,26.6393548069163,SA
10093,2011,November,11,75 to 84,1,25.7651130511719,1560,1122,913,64.1025641025641,0,0,122.850122850123,21.9104537401196,20.4087314586377,26.2905834795913,SA
10093,2011,December,12,75 to 84,0,30.5578333730866,1590,1122,913,0,64.1025641025641,0,0,25.7651130511719,21.9104537401196,31.7163371001342,SA
10093,2012,January,1,75 to 84,0,29.956584209003,1611,1122,913,0,0,64.1025641025641,0,30.5578333730866,25.7651130511719,30.5481215028987,SA
10093,2012,February,2,75 to 84,0,29.8769745679919,1562,1122,913,0,0,0,0,29.956584209003,30.5578333730866,28.009965879562,SA
10093,2012,March,3,75 to 84,0,25.8930834750222,1611,1122,913,0,0,0,0,29.8769745679919,29.956584209003,27.0924621112699,SA
10093,2012,November,11,75 to 84,1,25.8106874100954,1566,1122,913,63.8569604086846,0,0,64.1025641025641,24.8131323920067,13.7525013956584,25.7651130511719,SA
10093,2012,December,12,75 to 84,0,25.8564567095557,1652,1122,913,0,63.8569604086846,0,0,25.8106874100954,24.8131323920067,30.5578333730866,SA
10093,2013,January,1,75 to 84,0,30.1217831058099,1636,1122,913,0,0,63.8569604086846,0,25.8564567095557,25.8106874100954,29.956584209003,SA
10093,2013,February,2,75 to 84,0,30.0655594631259,1625,1122,913,0,0,0,0,30.1217831058099,25.8564567095557,29.8769745679919,SA
10093,2013,March,3,75 to 84,1,24.6373713167001,1636,1122,913,61.1246943765281,0,0,0,30.0655594631259,30.1217831058099,25.8930834750222,SA
10093,2013,November,11,75 to 84,2,26.3218267819858,1639,1122,913,122.02562538133,0,61.652281134402,63.8569604086846,21.3889187131463,16.9940351335328,25.8106874100954,SA
10093,2013,December,12,75 to 84,0,28.7090560194086,1552,1122,913,0,122.02562538133,0,0,26.3218267819858,21.3889187131463,25.8564567095557,SA
10093,2014,January,1,75 to 84,1,32.1297577604737,1713,1122,913,58.3771161704612,0,122.02562538133,0,28.7090560194086,26.3218267819858,30.1217831058099,SA
10093,2014,February,2,75 to 84,1,28.4143063044564,1682,1122,913,59.4530321046373,58.3771161704612,0,0,32.1297577604737,28.7090560194086,30.0655594631259,SA
10093,2014,March,3,75 to 84,0,26.3997680738295,1596,1122,913,0,59.4530321046373,58.3771161704612,61.1246943765281,28.4143063044564,32.1297577604737,24.6373713167001,SA
10093,2014,November,11,75 to 84,0,26.7658948630947,1638,1122,913,0,0,62.0347394540943,122.02562538133,20.4970290839588,16.5544362335297,26.3218267819858,SA
10093,2014,December,12,75 to 84,4,29.4156171568034,1609,1122,913,248.601615910503,0,0,0,26.7658948630947,20.4970290839588,28.7090560194086,SA
10093,2015,January,1,75 to 84,3,30.6346284946269,1644,1122,913,182.481751824818,248.601615910503,0,58.3771161704612,29.4156171568034,26.7658948630947,32.1297577604737,SA
10093,2015,February,2,75 to 84,6,31.6909426303556,1663,1122,913,360.793746241732,182.481751824818,248.601615910503,59.4530321046373,30.6346284946269,29.4156171568034,28.4143063044564,SA
10093,2015,March,3,75 to 84,1,25.6432592984966,1663,1122,913,60.1322910402886,360.793746241732,182.481751824818,0,31.6909426303556,30.6346284946269,26.3997680738295,SA
10093,2015,November,11,75 to 84,4,25.0113613425715,1704,1122,913,234.741784037559,59.9161174355902,60.1322910402886,0,21.3301913847066,17.3732091871121,26.7658948630947,SA
10093,2015,December,12,75 to 84,0,30.6329928849578,1678,1122,913,0,234.741784037559,59.9161174355902,248.601615910503,25.0113613425715,21.3301913847066,29.4156171568034,SA
10093,2016,January,1,75 to 84,1,28.3229557009301,1658,1122,913,60.313630880579,0,234.741784037559,182.481751824818,30.6329928849578,25.0113613425715,30.6346284946269,SA
10093,2016,February,2,75 to 84,0,29.902111369013,1645,1122,913,0,60.313630880579,0,360.793746241732,28.3229557009301,30.6329928849578,31.6909426303556,SA
10093,2016,March,3,75 to 84,2,28.3576191066529,1689,1122,913,118.413262285376,0,60.313630880579,60.1322910402886,29.902111369013,28.3229557009301,25.6432592984966,SA
10093,2016,November,11,75 to 84,1,25.1710662547319,1671,1122,913,59.8444045481748,0,0,234.741784037559,20.570446927281,16.0252204547858,25.0113613425715,SA
10093,2016,December,12,75 to 84,9,29.1490573845853,1586,1122,913,567.465321563682,59.8444045481748,0,0,25.1710662547319,20.570446927281,30.6329928849578,SA
10093,2011,January,1,85+,0,32.3732325662547,1609,1122,913,0,0,0,249.843847595253,29.0132944037567,27.8995849383153,30.87058382657,SA
10093,2011,February,2,85+,3,29.6217457251717,1608,1122,913,186.567164179104,0,0,379.506641366224,32.3732325662547,29.0132944037567,26.5413803511412,SA
10093,2011,March,3,85+,0,24.6214409816823,1601,1122,913,0,186.567164179104,0,728.476821192053,29.6217457251717,32.3732325662547,27.003322398263,SA
10093,2011,November,11,85+,1,25.8847019397933,1594,1122,913,62.7352572145546,124.455507156192,0,0,20.9702036380921,17.2932114821139,27.8995849383153,SA
10093,2011,December,12,85+,1,31.4838749642664,1535,1122,913,65.1465798045603,62.7352572145546,124.455507156192,0,25.8847019397933,20.9702036380921,29.0132944037567,SA
10093,2012,January,1,85+,2,29.0096493486184,1576,1122,913,126.903553299492,65.1465798045603,62.7352572145546,0,31.4838749642664,25.8847019397933,32.3732325662547,SA
10093,2012,February,2,85+,3,29.4761770462854,1610,1122,913,186.335403726708,126.903553299492,65.1465798045603,186.567164179104,29.0096493486184,31.4838749642664,29.6217457251717,SA
10093,2012,March,3,85+,0,23.8334904084489,1562,1122,913,0,186.335403726708,126.903553299492,0,29.4761770462854,29.0096493486184,24.6214409816823,SA
10093,2012,November,11,85+,0,26.1392171925406,1644,1122,913,0,315.855969677827,64.26735218509,62.7352572145546,22.9879414863107,19.9510481057611,25.8847019397933,SA
10093,2012,December,12,85+,0,26.7085807932367,1610,1122,913,0,0,315.855969677827,65.1465798045603,26.1392171925406,22.9879414863107,31.4838749642664,SA
10093,2013,January,1,85+,0,29.6355846054562,1621,1122,913,0,0,0,126.903553299492,26.7085807932367,26.1392171925406,29.0096493486184,SA
10093,2013,February,2,85+,0,31.030697978725,1600,1122,913,0,0,0,186.335403726708,29.6355846054562,26.7085807932367,29.4761770462854,SA
10093,2013,March,3,85+,1,26.4040773935917,1641,1122,913,60.9384521633151,0,0,0,31.030697978725,29.6355846054562,23.8334904084489,SA
10093,2013,November,11,85+,3,25.835346700917,1609,1122,913,186.451211932878,119.904076738609,736.648250460405,0,20.1134156396601,17.3551596013945,26.1392171925406,SA
10093,2013,December,12,85+,2,25.2500240685345,1636,1122,913,122.249388753056,186.451211932878,119.904076738609,0,25.835346700917,20.1134156396601,26.7085807932367,SA
10093,2014,January,1,85+,5,28.9192595127542,1608,1122,913,310.945273631841,122.249388753056,186.451211932878,0,25.2500240685345,25.835346700917,29.6355846054562,SA
10093,2014,February,2,85+,8,27.5002447366066,1610,1122,913,496.894409937888,310.945273631841,122.249388753056,0,28.9192595127542,25.2500240685345,31.030697978725,SA
10093,2014,March,3,85+,7,23.8677535573262,1600,1122,913,437.5,496.894409937888,310.945273631841,60.9384521633151,27.5002447366066,28.9192595127542,26.4040773935917,SA
10093,2014,November,11,85+,3,27.0726282049133,1656,1122,913,181.159420289855,240.096038415366,122.624156958921,186.451211932878,23.5098394202918,16.1430012218878,25.835346700917,SA
10093,2014,December,12,85+,1,26.6863345323763,1606,1122,913,62.266500622665,181.159420289855,240.096038415366,122.249388753056,27.0726282049133,23.5098394202918,25.2500240685345,SA
10093,2015,January,1,85+,3,30.9148113642186,1616,1122,913,185.643564356436,62.266500622665,181.159420289855,310.945273631841,26.6863345323763,27.0726282049133,28.9192595127542,SA
10093,2015,February,2,85+,1,29.7621482536496,1667,1122,913,59.9880023995201,185.643564356436,62.266500622665,496.894409937888,30.9148113642186,26.6863345323763,27.5002447366066,SA
10093,2015,March,3,85+,1,26.9231722899455,1612,1122,913,62.0347394540943,59.9880023995201,185.643564356436,437.5,29.7621482536496,30.9148113642186,23.8677535573262,SA
10093,2015,November,11,85+,6,25.5128676342649,1648,1122,913,364.077669902913,61.576354679803,0,181.159420289855,24.8105859353956,15.3619302108629,27.0726282049133,SA
10093,2015,December,12,85+,3,29.157109785587,1697,1122,913,176.782557454331,364.077669902913,61.576354679803,62.266500622665,25.5128676342649,24.8105859353956,26.6863345323763,SA
10093,2016,January,1,85+,1,30.0785714984356,1671,1122,913,59.8444045481748,176.782557454331,364.077669902913,185.643564356436,29.157109785587,25.5128676342649,30.9148113642186,SA
10093,2016,February,2,85+,0,27.0566861092071,1694,1122,913,0,59.8444045481748,176.782557454331,59.9880023995201,30.0785714984356,29.157109785587,29.7621482536496,SA
10093,2016,March,3,85+,1,25.8793551375283,1665,1122,913,60.0600600600601,0,59.8444045481748,62.0347394540943,27.0566861092071,30.0785714984356,26.9231722899455,SA
10093,2016,November,11,85+,5,29.4334528959285,1595,1122,913,313.479623824451,117.577895355673,0,364.077669902913,24.6919542582689,16.3150158653665,25.5128676342649,SA
10093,2016,December,12,85+,1,31.1313993229842,1694,1122,913,59.0318772136954,313.479623824451,117.577895355673,176.782557454331,29.4334528959285,24.6919542582689,29.157109785587,SA
10094,2011,January,1,75 to 84,16,27.29668500518,3540,957,992,451.977401129944,53.4188034188034,110.711320232494,276.548672566372,29.2554337796196,25.4096070896873,32.3836263913083,SA
10094,2011,February,2,75 to 84,7,30.0845873880563,3816,957,992,183.438155136268,451.977401129944,53.4188034188034,84.0807174887893,27.29668500518,29.2554337796196,29.437070726539,SA
10094,2011,March,3,75 to 84,8,26.2267277293581,3543,957,992,225.797346881174,183.438155136268,451.977401129944,166.527893422148,30.0845873880563,27.29668500518,25.599924413837,SA
10094,2011,November,11,75 to 84,2,25.0966984190017,3617,957,992,55.2944429084877,26.9396551724138,54.5404963185165,110.711320232494,21.1702936142793,16.4211648458276,25.4096070896873,SA
10094,2011,December,12,75 to 84,5,29.6588861842346,3678,957,992,135.943447525829,55.2944429084877,26.9396551724138,53.4188034188034,25.0966984190017,21.1702936142793,29.2554337796196,SA
10094,2012,January,1,75 to 84,3,29.953357172056,3656,957,992,82.0568927789934,135.943447525829,55.2944429084877,451.977401129944,29.6588861842346,25.0966984190017,27.29668500518,SA
10094,2012,February,2,75 to 84,5,30.3320556206845,3704,957,992,134.989200863931,82.0568927789934,135.943447525829,183.438155136268,29.953357172056,29.6588861842346,30.0845873880563,SA
10094,2012,March,3,75 to 84,5,25.7098437744283,3727,957,992,134.156157767642,134.989200863931,82.0568927789934,225.797346881174,30.3320556206845,29.953357172056,26.2267277293581,SA
10094,2012,November,11,75 to 84,0,24.2073375163067,3690,957,992,0,133.654103180968,78.0843310775638,55.2944429084877,20.8119743920779,15.5651047615234,25.0966984190017,SA
10094,2012,December,12,75 to 84,2,28.9943159763121,3729,957,992,53.633681952266,0,133.654103180968,135.943447525829,24.2073375163067,20.8119743920779,29.6588861842346,SA
10094,2013,January,1,75 to 84,0,29.4076628046886,3684,957,992,0,53.633681952266,0,82.0568927789934,28.9943159763121,24.2073375163067,29.953357172056,SA
10094,2013,February,2,75 to 84,0,29.9621349919072,3744,957,992,0,0,53.633681952266,134.989200863931,29.4076628046886,28.9943159763121,30.3320556206845,SA
10094,2013,March,3,75 to 84,0,23.9164382649561,3547,957,992,0,0,0,134.156157767642,29.9621349919072,29.4076628046886,25.7098437744283,SA
10094,2013,November,11,75 to 84,2,24.4383787389976,3763,957,992,53.1490831783152,54.0102619497705,82.8500414250207,0,25.3333895216076,15.6887078414542,24.2073375163067,SA
10094,2013,December,12,75 to 84,6,31.5303833246727,3748,957,992,160.08537886873,53.1490831783152,54.0102619497705,53.633681952266,24.4383787389976,25.3333895216076,28.9943159763121,SA
10094,2014,January,1,75 to 84,6,30.8009761233437,3830,957,992,156.657963446475,160.08537886873,53.1490831783152,0,31.5303833246727,24.4383787389976,29.4076628046886,SA
10094,2014,February,2,75 to 84,12,27.5884507868211,3684,957,992,325.732899022801,156.657963446475,160.08537886873,0,30.8009761233437,31.5303833246727,29.9621349919072,SA
10094,2014,March,3,75 to 84,5,23.8404536435557,3913,957,992,127.779197546639,325.732899022801,156.657963446475,0,27.5884507868211,30.8009761233437,23.9164382649561,SA
10094,2014,November,11,75 to 84,1,23.4976371258983,3705,957,992,26.9905533063428,162.118346392867,54.4365813826892,53.1490831783152,20.0055168602141,16.1603456930763,24.4383787389976,SA
10094,2014,December,12,75 to 84,6,30.1608945112592,3690,957,992,162.60162601626,26.9905533063428,162.118346392867,160.08537886873,23.4976371258983,20.0055168602141,31.5303833246727,SA
10094,2015,January,1,75 to 84,1,29.7787347393987,3917,957,992,25.5297421496043,162.60162601626,26.9905533063428,156.657963446475,30.1608945112592,23.4976371258983,30.8009761233437,SA
10094,2015,February,2,75 to 84,12,29.3929905834891,3851,957,992,311.607374707868,25.5297421496043,162.60162601626,325.732899022801,29.7787347393987,30.1608945112592,27.5884507868211,SA
10094,2015,March,3,75 to 84,6,26.9970169651894,3954,957,992,151.745068285281,311.607374707868,25.5297421496043,127.779197546639,29.3929905834891,29.7787347393987,23.8404536435557,SA
10094,2015,November,11,75 to 84,17,24.9164788414527,3872,957,992,439.04958677686,53.276505061268,26.4131008980454,26.9905533063428,21.9746066302276,18.9630942722127,23.4976371258983,SA
10094,2015,December,12,75 to 84,3,29.1389241278624,3880,957,992,77.319587628866,439.04958677686,53.276505061268,162.60162601626,24.9164788414527,21.9746066302276,30.1608945112592,SA
10094,2016,January,1,75 to 84,3,29.9613936287475,3779,957,992,79.3860809738026,77.319587628866,439.04958677686,25.5297421496043,29.1389241278624,24.9164788414527,29.7787347393987,SA
10094,2016,February,2,75 to 84,4,27.4443702893573,3760,957,992,106.382978723404,79.3860809738026,77.319587628866,311.607374707868,29.9613936287475,29.1389241278624,29.3929905834891,SA
10094,2016,March,3,75 to 84,6,24.8585090167412,3875,957,992,154.838709677419,106.382978723404,79.3860809738026,151.745068285281,27.4443702893573,29.9613936287475,26.9970169651894,SA
10094,2016,November,11,75 to 84,11,28.0848813183819,3999,957,992,275.068767191798,103.788271925272,103.252452245741,439.04958677686,20.5237304266045,14.4950576675284,24.9164788414527,SA
10094,2016,December,12,75 to 84,6,28.4304389912281,3800,957,992,157.894736842105,275.068767191798,103.788271925272,77.319587628866,28.0848813183819,20.5237304266045,29.1389241278624,SA
10094,2011,January,1,85+,11,30.7331994754874,3680,957,992,298.913043478261,143.266475644699,112.549240292628,716.253443526171,27.7223866581579,24.1584878735241,31.3362279391999,SA
10094,2011,February,2,85+,3,28.3614640477486,3692,957,992,81.2567713976165,298.913043478261,143.266475644699,197.963800904977,30.7331994754874,27.7223866581579,28.2144875236529,SA
10094,2011,March,3,85+,22,25.1011925812669,3691,957,992,596.044432403143,81.2567713976165,298.913043478261,476.59097280628,28.3614640477486,30.7331994754874,27.73513027034,SA
10094,2011,November,11,85+,13,26.2771611412182,3658,957,992,355.385456533625,106.241699867198,134.336378291241,112.549240292628,22.3685651570175,18.9505353066254,24.1584878735241,SA
10094,2011,December,12,85+,9,30.4288019573872,3563,957,992,252.596126859388,355.385456533625,106.241699867198,143.266475644699,26.2771611412182,22.3685651570175,27.7223866581579,SA
10094,2012,January,1,85+,3,31.2288003849185,3817,957,992,78.5957558291852,252.596126859388,355.385456533625,298.913043478261,30.4288019573872,26.2771611412182,30.7331994754874,SA
10094,2012,February,2,85+,10,28.5822220495189,3732,957,992,267.952840300107,78.5957558291852,252.596126859388,81.2567713976165,31.2288003849185,30.4288019573872,28.3614640477486,SA
10094,2012,March,3,85+,12,25.4863582984053,3849,957,992,311.769290724864,267.952840300107,78.5957558291852,596.044432403143,28.5822220495189,31.2288003849185,25.1011925812669,SA
10094,2012,November,11,85+,10,25.4828709629294,3570,957,992,280.112044817927,137.627305257363,187.516742566301,355.385456533625,23.828934006687,19.7528674496598,26.2771611412182,SA
10094,2012,December,12,85+,7,29.4329195121714,3747,957,992,186.816119562317,280.112044817927,137.627305257363,252.596126859388,25.4828709629294,23.828934006687,30.4288019573872,SA
10094,2013,January,1,85+,11,29.4976046726606,3834,957,992,286.906624934794,186.816119562317,280.112044817927,78.5957558291852,29.4329195121714,25.4828709629294,31.2288003849185,SA
10094,2013,February,2,85+,5,29.4644346211607,3725,957,992,134.228187919463,286.906624934794,186.816119562317,267.952840300107,29.4976046726606,29.4329195121714,28.5822220495189,SA
10094,2013,March,3,85+,18,26.8560045701399,3672,957,992,490.196078431373,134.228187919463,286.906624934794,311.769290724864,29.4644346211607,29.4976046726606,25.4863582984053,SA
10094,2013,November,11,85+,2,25.8486840591638,3697,957,992,54.0979172301866,346.481876332623,134.264232008593,280.112044817927,21.1599436798994,18.6968044215101,25.4828709629294,SA
10094,2013,December,12,85+,6,31.1427273710831,3774,957,992,158.982511923688,54.0979172301866,346.481876332623,186.816119562317,25.8486840591638,21.1599436798994,29.4329195121714,SA
10094,2014,January,1,85+,12,30.7180141450753,3745,957,992,320.427236315087,158.982511923688,54.0979172301866,286.906624934794,31.1427273710831,25.8486840591638,29.4976046726606,SA
10094,2014,February,2,85+,4,26.4746240279677,3869,957,992,103.385887826312,320.427236315087,158.982511923688,134.228187919463,30.7180141450753,31.1427273710831,29.4644346211607,SA
10094,2014,March,3,85+,14,26.0398392717667,3781,957,992,370.272414705104,103.385887826312,320.427236315087,490.196078431373,26.4746240279677,30.7180141450753,26.8560045701399,SA
10094,2014,November,11,85+,6,23.9757203226574,3881,957,992,154.59933006957,132.837407013815,131.337010769635,54.0979172301866,21.7001046509086,15.682212405532,25.8486840591638,SA
10094,2014,December,12,85+,13,27.784772757784,3781,957,992,343.824385083311,154.59933006957,132.837407013815,158.982511923688,23.9757203226574,21.7001046509086,31.1427273710831,SA
10094,2015,January,1,85+,4,30.5329011744552,3810,957,992,104.98687664042,343.824385083311,154.59933006957,320.427236315087,27.784772757784,23.9757203226574,30.7180141450753,SA
10094,2015,February,2,85+,30,32.704960795969,3955,957,992,758.533501896334,104.98687664042,343.824385083311,103.385887826312,30.5329011744552,27.784772757784,26.4746240279677,SA
10094,2015,March,3,85+,7,27.6250650434133,3779,957,992,185.234188938873,758.533501896334,104.98687664042,370.272414705104,32.704960795969,30.5329011744552,26.0398392717667,SA
10094,2015,November,11,85+,19,25.1588450673486,3937,957,992,482.60096520193,1024.15966386555,559.850706478272,154.59933006957,23.8789910760827,18.4942390196721,23.9757203226574,SA
10094,2015,December,12,85+,24,26.7115873616839,3826,957,992,627.286983795086,482.60096520193,1024.15966386555,343.824385083311,25.1588450673486,23.8789910760827,27.784772757784,SA
10094,2016,January,1,85+,16,29.4159232974144,3774,957,992,423.953365129836,627.286983795086,482.60096520193,104.98687664042,26.7115873616839,25.1588450673486,30.5329011744552,SA
10094,2016,February,2,85+,9,29.5412670614717,3839,957,992,234.436051054962,423.953365129836,627.286983795086,758.533501896334,29.4159232974144,26.7115873616839,32.704960795969,SA
10094,2016,March,3,85+,3,25.493118833318,3897,957,992,76.9822940723634,234.436051054962,423.953365129836,185.234188938873,29.5412670614717,29.4159232974144,27.6250650434133,SA
10094,2016,November,11,85+,16,26.4775162315704,3782,957,992,423.056583818086,467.168440176486,338.806359134741,482.60096520193,22.2194126157711,20.3420629461595,25.1588450673486,SA
10094,2016,December,12,85+,10,29.2219091084588,3760,957,992,265.957446808511,423.056583818086,467.168440176486,627.286983795086,26.4775162315704,22.2194126157711,26.7115873616839,SA
10095,2011,January,1,75 to 84,1,29.7477330608751,1896,993,984,52.7426160337553,104.220948410631,53.0222693531283,325.20325203252,29.5765019570489,25.1943926552571,29.7156570732826,SA
10095,2011,February,2,75 to 84,6,28.4940855972874,1888,993,984,317.796610169492,52.7426160337553,104.220948410631,158.814187400741,29.7477330608751,29.5765019570489,29.8404979064227,SA
10095,2011,March,3,75 to 84,1,25.9367098240575,1926,993,984,51.9210799584631,317.796610169492,52.7426160337553,102.880658436214,28.4940855972874,29.7477330608751,25.6121584365523,SA
10095,2011,November,11,75 to 84,4,28.6488555786281,1929,993,984,207.361327112494,153.139356814701,263.713080168776,53.0222693531283,21.8887300622823,17.7913301879443,25.1943926552571,SA
10095,2011,December,12,75 to 84,6,27.910261858759,1875,993,984,320,207.361327112494,153.139356814701,104.220948410631,28.6488555786281,21.8887300622823,29.5765019570489,SA
10095,2012,January,1,75 to 84,8,29.6996693282843,1955,993,984,409.20716112532,320,207.361327112494,52.7426160337553,27.910261858759,28.6488555786281,29.7477330608751,SA
10095,2012,February,2,75 to 84,1,31.1885632988244,1967,993,984,50.8388408744281,409.20716112532,320,317.796610169492,29.6996693282843,27.910261858759,28.4940855972874,SA
10095,2012,March,3,75 to 84,4,26.4899927893241,1884,993,984,212.314225053079,50.8388408744281,409.20716112532,51.9210799584631,31.1885632988244,29.6996693282843,25.9367098240575,SA
10095,2012,November,11,75 to 84,5,26.9931722875179,1902,993,984,262.881177707676,361.944157187177,250.25025025025,207.361327112494,20.8298583449971,17.5096914960174,28.6488555786281,SA
10095,2012,December,12,75 to 84,6,27.7587637693267,1936,993,984,309.917355371901,262.881177707676,361.944157187177,320,26.9931722875179,20.8298583449971,27.910261858759,SA
10095,2013,January,1,75 to 84,6,29.7144911973195,1957,993,984,306.591722023505,309.917355371901,262.881177707676,409.20716112532,27.7587637693267,26.9931722875179,29.6996693282843,SA
10095,2013,February,2,75 to 84,8,27.2910520971765,1978,993,984,404.448938321537,306.591722023505,309.917355371901,50.8388408744281,29.7144911973195,27.7587637693267,31.1885632988244,SA
10095,2013,March,3,75 to 84,1,24.4092354961111,2004,993,984,49.9001996007984,404.448938321537,306.591722023505,212.314225053079,27.2910520971765,29.7144911973195,26.4899927893241,SA
10095,2013,November,11,75 to 84,0,26.4436851760805,1927,993,984,0,0,50.8130081300813,262.881177707676,22.5019401933761,19.5150710731122,26.9931722875179,SA
10095,2013,December,12,75 to 84,1,27.9706461561318,2000,993,984,50,0,0,309.917355371901,26.4436851760805,22.5019401933761,27.7587637693267,SA
10095,2014,January,1,75 to 84,1,31.1672718947364,1940,993,984,51.5463917525773,50,0,306.591722023505,27.9706461561318,26.4436851760805,29.7144911973195,SA
10095,2014,February,2,75 to 84,3,28.6335896169515,2010,993,984,149.253731343284,51.5463917525773,50,404.448938321537,31.1672718947364,27.9706461561318,27.2910520971765,SA
10095,2014,March,3,75 to 84,1,27.1857205665067,2001,993,984,49.9750124937531,149.253731343284,51.5463917525773,49.9001996007984,28.6335896169515,31.1672718947364,24.4092354961111,SA
10095,2014,November,11,75 to 84,0,26.1456918239327,1905,993,984,0,0,249.252243270189,0,22.3735763099047,17.576080709114,26.4436851760805,SA
10095,2014,December,12,75 to 84,1,29.2889268477698,2004,993,984,49.9001996007984,0,0,50,26.1456918239327,22.3735763099047,27.9706461561318,SA
10095,2015,January,1,75 to 84,0,31.301687883795,1992,993,984,0,49.9001996007984,0,51.5463917525773,29.2889268477698,26.1456918239327,31.1672718947364,SA
10095,2015,February,2,75 to 84,0,26.9357747526993,1935,993,984,0,0,49.9001996007984,149.253731343284,31.301687883795,29.2889268477698,28.6335896169515,SA
10095,2015,March,3,75 to 84,0,27.1127543625774,2080,993,984,0,0,0,49.9750124937531,26.9357747526993,31.301687883795,27.1857205665067,SA
10095,2015,November,11,75 to 84,1,28.336234914796,1994,993,984,50.1504513540622,0,149.551345962114,0,24.2524065582423,19.1336643109684,26.1456918239327,SA
10095,2015,December,12,75 to 84,4,28.8131831282082,2002,993,984,199.8001998002,50.1504513540622,0,49.9001996007984,28.336234914796,24.2524065582423,29.2889268477698,SA
10095,2016,January,1,75 to 84,1,28.9854209397776,2007,993,984,49.825610363727,199.8001998002,50.1504513540622,0,28.8131831282082,28.336234914796,31.301687883795,SA
10095,2016,February,2,75 to 84,2,25.65831223146,2011,993,984,99.4530084535057,49.825610363727,199.8001998002,0,28.9854209397776,28.8131831282082,26.9357747526993,SA
10095,2016,March,3,75 to 84,1,28.7215179868315,2018,993,984,49.5540138751239,99.4530084535057,49.825610363727,0,25.65831223146,28.9854209397776,27.1127543625774,SA
10095,2016,November,11,75 to 84,6,22.2292376385546,1982,993,984,302.724520686176,48.5672656629432,47.8468899521531,50.1504513540622,24.4293598776723,16.7519344568609,28.336234914796,SA
10095,2016,December,12,75 to 84,4,29.6800435435814,2002,993,984,199.8001998002,302.724520686176,48.5672656629432,199.8001998002,22.2292376385546,24.4293598776723,28.8131831282082,SA
10095,2011,January,1,85+,0,30.4944809633041,1896,993,984,0,111.731843575419,202.634245187437,160.427807486631,29.5537831855628,27.0845335811778,31.1279372722752,SA
10095,2011,February,2,85+,2,26.8874686510977,1947,993,984,102.722136620442,0,111.731843575419,842.548709847288,30.4944809633041,29.5537831855628,30.4114820769166,SA
10095,2011,March,3,85+,2,26.6014380462259,1918,993,984,104.275286757039,102.722136620442,0,217.155266015201,26.8874686510977,30.4944809633041,28.4829498502354,SA
10095,2011,November,11,85+,15,22.1887091074675,1891,993,984,793.231094658911,512.820512820513,106.213489113117,202.634245187437,22.0657904106513,16.3701436956087,27.0845335811778,SA
10095,2011,December,12,85+,8,30.2897944456796,1967,993,984,406.710726995425,793.231094658911,512.820512820513,111.731843575419,22.1887091074675,22.0657904106513,29.5537831855628,SA
10095,2012,January,1,85+,1,30.06005598113,1884,993,984,53.0785562632697,406.710726995425,793.231094658911,0,30.2897944456796,22.1887091074675,30.4944809633041,SA
10095,2012,February,2,85+,7,30.3550259314182,1907,993,984,367.068694284216,53.0785562632697,406.710726995425,102.722136620442,30.06005598113,30.2897944456796,26.8874686510977,SA
10095,2012,March,3,85+,6,25.2458596700401,1950,993,984,307.692307692308,367.068694284216,53.0785562632697,104.275286757039,30.3550259314182,30.06005598113,26.6014380462259,SA
10095,2012,November,11,85+,1,26.131706523785,1886,993,984,53.0222693531283,257.201646090535,51.0204081632653,793.231094658911,22.1032243915285,18.642838798266,22.1887091074675,SA
10095,2012,December,12,85+,14,26.4459999139243,1953,993,984,716.845878136201,53.0222693531283,257.201646090535,406.710726995425,26.131706523785,22.1032243915285,30.2897944456796,SA
10095,2013,January,1,85+,10,29.4102327061709,1965,993,984,508.905852417303,716.845878136201,53.0222693531283,53.0785562632697,26.4459999139243,26.131706523785,30.06005598113,SA
10095,2013,February,2,85+,3,28.3670345205798,2008,993,984,149.402390438247,508.905852417303,716.845878136201,367.068694284216,29.4102327061709,26.4459999139243,30.3550259314182,SA
10095,2013,March,3,85+,8,29.125993968092,1996,993,984,400.801603206413,149.402390438247,508.905852417303,307.692307692308,28.3670345205798,29.4102327061709,25.2458596700401,SA
10095,2013,November,11,85+,11,27.9870393619216,1966,993,984,559.511698880977,101.419878296146,50.8388408744281,53.0222693531283,21.034696954556,16.3671189267031,26.131706523785,SA
10095,2013,December,12,85+,1,26.1629462756737,1963,993,984,50.9424350483953,559.511698880977,101.419878296146,716.845878136201,27.9870393619216,21.034696954556,26.4459999139243,SA
10095,2014,January,1,85+,3,27.7242881454341,2019,993,984,148.588410104012,50.9424350483953,559.511698880977,508.905852417303,26.1629462756737,27.9870393619216,29.4102327061709,SA
10095,2014,February,2,85+,4,28.2851578053867,1953,993,984,204.813108038914,148.588410104012,50.9424350483953,149.402390438247,27.7242881454341,26.1629462756737,28.3670345205798,SA
10095,2014,March,3,85+,7,27.2870422432098,1982,993,984,353.178607467205,204.813108038914,148.588410104012,400.801603206413,28.2851578053867,27.7242881454341,29.125993968092,SA
10095,2014,November,11,85+,0,26.3985696148165,1937,993,984,0,50.7872016251905,196.753566158387,559.511698880977,21.9500913269228,19.0677450628325,27.9870393619216,SA
10095,2014,December,12,85+,0,30.1762492767752,1910,993,984,0,0,50.7872016251905,50.9424350483953,26.3985696148165,21.9500913269228,26.1629462756737,SA
10095,2015,January,1,85+,3,32.4105257802161,1977,993,984,151.745068285281,0,0,148.588410104012,30.1762492767752,26.3985696148165,27.7242881454341,SA
10095,2015,February,2,85+,6,29.2499579154249,2004,993,984,299.40119760479,151.745068285281,0,204.813108038914,32.4105257802161,30.1762492767752,28.2851578053867,SA
10095,2015,March,3,85+,4,23.7106657945716,1954,993,984,204.708290685773,299.40119760479,151.745068285281,353.178607467205,29.2499579154249,32.4105257802161,27.2870422432098,SA
10095,2015,November,11,85+,1,26.8363056185259,1984,993,984,50.4032258064516,296.442687747036,294.550810014728,0,21.5775354700301,16.8565723995728,26.3985696148165,SA
10095,2015,December,12,85+,0,28.4108341184006,1995,993,984,0,50.4032258064516,296.442687747036,0,26.8363056185259,21.5775354700301,30.1762492767752,SA
10095,2016,January,1,85+,2,30.9779658074154,2041,993,984,97.9911807937286,0,50.4032258064516,151.745068285281,28.4108341184006,26.8363056185259,32.4105257802161,SA
10095,2016,February,2,85+,4,30.927149261664,2013,993,984,198.708395429707,97.9911807937286,0,299.40119760479,30.9779658074154,28.4108341184006,29.2499579154249,SA
10095,2016,March,3,85+,6,26.9664941071498,1951,993,984,307.534597642235,198.708395429707,97.9911807937286,204.708290685773,30.927149261664,30.9779658074154,23.7106657945716,SA
10095,2016,November,11,85+,6,26.868004768882,2027,993,984,296.00394671929,149.85014985015,258.79917184265,50.4032258064516,18.7421437446938,20.0982396242351,26.8363056185259,SA
10095,2016,December,12,85+,0,28.8376884097991,2030,993,984,0,296.00394671929,149.85014985015,0,26.868004768882,18.7421437446938,28.4108341184006,SA
10096,2011,January,1,75 to 84,22,30.5908877632451,18731,1137,1025,117.452351716406,40.4297100612221,97.0507359680811,91.194072385295,30.3348112546491,27.1652548462512,31.8930709600195,SA
10096,2011,February,2,75 to 84,54,27.6822868069225,17190,1137,1025,314.13612565445,117.452351716406,40.4297100612221,161.86648805537,30.5908877632451,30.3348112546491,27.994537645765,SA
10096,2011,March,3,75 to 84,41,25.9918490923918,17750,1137,1025,230.985915492958,314.13612565445,117.452351716406,258.710849342214,27.6822868069225,30.5908877632451,24.5002453115967,SA
10096,2011,November,11,75 to 84,26,27.5768068628566,18227,1137,1025,142.645525868217,32.4079075294372,90.3648480740992,97.0507359680811,22.2303185434839,17.5432020546973,27.1652548462512,SA
10096,2011,December,12,75 to 84,48,27.4475355030352,18748,1137,1025,256.027309579689,142.645525868217,32.4079075294372,40.4297100612221,27.5768068628566,22.2303185434839,30.3348112546491,SA
10096,2012,January,1,75 to 84,47,30.1779609393138,18615,1137,1025,252.484555466022,256.027309579689,142.645525868217,117.452351716406,27.4475355030352,27.5768068628566,30.5908877632451,SA
10096,2012,February,2,75 to 84,16,28.7059466209437,17532,1137,1025,91.2616929044034,252.484555466022,256.027309579689,314.13612565445,30.1779609393138,27.4475355030352,27.6822868069225,SA
10096,2012,March,3,75 to 84,28,28.6876694978391,18077,1137,1025,154.892957902307,91.2616929044034,252.484555466022,230.985915492958,28.7059466209437,30.1779609393138,25.9918490923918,SA
10096,2012,November,11,75 to 84,13,28.1242331169859,18171,1137,1025,71.5425678278576,206.865705020687,60.9553363626288,142.645525868217,23.448321796848,19.6593539478812,27.5768068628566,SA
10096,2012,December,12,75 to 84,18,28.2555852714052,18551,1137,1025,97.0298097137621,71.5425678278576,206.865705020687,256.027309579689,28.1242331169859,23.448321796848,27.4475355030352,SA
10096,2013,January,1,75 to 84,29,30.7959284231522,18321,1137,1025,158.288303040227,97.0298097137621,71.5425678278576,252.484555466022,28.2555852714052,28.1242331169859,30.1779609393138,SA
10096,2013,February,2,75 to 84,30,30.4699054647844,18060,1137,1025,166.112956810631,158.288303040227,97.0298097137621,91.2616929044034,30.7959284231522,28.2555852714052,28.7059466209437,SA
10096,2013,March,3,75 to 84,65,26.6648327956089,18080,1137,1025,359.513274336283,166.112956810631,158.288303040227,154.892957902307,30.4699054647844,30.7959284231522,28.6876694978391,SA
10096,2013,November,11,75 to 84,33,25.9673079743503,18772,1137,1025,175.793735350522,289.141143713857,234.524134169621,71.5425678278576,20.3175404560489,19.2007860996901,28.1242331169859,SA
10096,2013,December,12,75 to 84,34,27.9967533591602,18000,1137,1025,188.888888888889,175.793735350522,289.141143713857,97.0298097137621,25.9673079743503,20.3175404560489,28.2555852714052,SA
10096,2014,January,1,75 to 84,67,29.3596090798731,18591,1137,1025,360.389435748481,188.888888888889,175.793735350522,158.288303040227,27.9967533591602,25.9673079743503,30.7959284231522,SA
10096,2014,February,2,75 to 84,55,28.8085178488009,18419,1137,1025,298.604701666757,360.389435748481,188.888888888889,166.112956810631,29.3596090798731,27.9967533591602,30.4699054647844,SA
10096,2014,March,3,75 to 84,15,26.33085853506,18636,1137,1025,80.4893754024469,298.604701666757,360.389435748481,359.513274336283,28.8085178488009,29.3596090798731,26.6648327956089,SA
10096,2014,November,11,75 to 84,27,28.1951387460457,18157,1137,1025,148.702979567109,289.2065917276,295.388654887588,175.793735350522,19.4749902484994,21.6912286542507,25.9673079743503,SA
10096,2014,December,12,75 to 84,13,29.2596563847193,18167,1137,1025,71.5583200308251,148.702979567109,289.2065917276,188.888888888889,28.1951387460457,19.4749902484994,27.9967533591602,SA
10096,2015,January,1,75 to 84,35,27.9270034156424,18525,1137,1025,188.933873144399,71.5583200308251,148.702979567109,360.389435748481,29.2596563847193,28.1951387460457,29.3596090798731,SA
10096,2015,February,2,75 to 84,26,26.5229462471891,18457,1137,1025,140.86796337433,188.933873144399,71.5583200308251,298.604701666757,27.9270034156424,29.2596563847193,28.8085178488009,SA
10096,2015,March,3,75 to 84,31,28.3158025719377,18685,1137,1025,165.908482740166,140.86796337433,188.933873144399,80.4893754024469,26.5229462471891,27.9270034156424,26.33085853506,SA
10096,2015,November,11,75 to 84,23,24.4968838605616,19250,1137,1025,119.480519480519,302.146832759078,138.364110478421,148.702979567109,20.683357750186,18.2988720336582,28.1951387460457,SA
10096,2015,December,12,75 to 84,12,30.8714088737267,18824,1137,1025,63.7484062898428,119.480519480519,302.146832759078,71.5583200308251,24.4968838605616,20.683357750186,29.2596563847193,SA
10096,2016,January,1,75 to 84,24,31.6321243484142,18710,1137,1025,128.273650454303,63.7484062898428,119.480519480519,188.933873144399,30.8714088737267,24.4968838605616,27.9270034156424,SA
10096,2016,February,2,75 to 84,28,29.1746855703176,18543,1137,1025,151.000377500944,128.273650454303,63.7484062898428,140.86796337433,31.6321243484142,30.8714088737267,26.5229462471891,SA
10096,2016,March,3,75 to 84,18,25.4312128829471,19279,1137,1025,93.3658384770994,151.000377500944,128.273650454303,165.908482740166,29.1746855703176,31.6321243484142,28.3158025719377,SA
10096,2016,November,11,75 to 84,20,24.6398185229396,18967,1137,1025,105.446301470976,36.8207879648624,26.7236771779797,119.480519480519,22.5083279265852,18.1080087315374,24.4968838605616,SA
10096,2016,December,12,75 to 84,57,30.7305227102668,18918,1137,1025,301.300348874088,105.446301470976,36.8207879648624,63.7484062898428,24.6398185229396,22.5083279265852,30.8714088737267,SA
10096,2011,January,1,85+,3,33.2055606873051,17786,1137,1025,16.8671989204993,235.126859142607,229.075874399374,349.10783553142,30.1664168025613,23.4951491734129,32.1175265165139,SA
10096,2011,February,2,85+,31,29.0977957675069,18274,1137,1025,169.639925577323,16.8671989204993,235.126859142607,803.526588918029,33.2055606873051,30.1664168025613,28.0418091336153,SA
10096,2011,March,3,85+,79,26.8998153890383,17787,1137,1025,444.144599988756,169.639925577323,16.8671989204993,705.739648232894,29.0977957675069,33.2055606873051,28.9046497426916,SA
10096,2011,November,11,85+,33,26.6018697252872,18082,1137,1025,182.50193562659,82.8088771116264,629.95669047753,229.075874399374,23.1371699149943,17.6164541090733,23.4951491734129,SA
10096,2011,December,12,85+,77,25.3313732685674,17674,1137,1025,435.668213194523,182.50193562659,82.8088771116264,235.126859142607,26.6018697252872,23.1371699149943,30.1664168025613,SA
10096,2012,January,1,85+,62,29.0418784310183,18435,1137,1025,336.316788717114,435.668213194523,182.50193562659,16.8671989204993,25.3313732685674,26.6018697252872,33.2055606873051,SA
10096,2012,February,2,85+,14,30.7504837594378,18118,1137,1025,77.271221989182,336.316788717114,435.668213194523,169.639925577323,29.0418784310183,25.3313732685674,29.0977957675069,SA
10096,2012,March,3,85+,79,26.3933191039803,19296,1137,1025,409.41127694859,77.271221989182,336.316788717114,444.144599988756,30.7504837594378,29.0418784310183,26.8998153890383,SA
10096,2012,November,11,85+,38,24.560567537284,18052,1137,1025,210.502991358298,649.85558764719,324.185344586664,182.50193562659,22.8903988985325,17.2440857428956,26.6018697252872,SA
10096,2012,December,12,85+,32,26.1922571355234,17986,1137,1025,177.916157011009,210.502991358298,649.85558764719,435.668213194523,24.560567537284,22.8903988985325,25.3313732685674,SA
10096,2013,January,1,85+,77,28.4359353038755,17998,1137,1025,427.825313923769,177.916157011009,210.502991358298,336.316788717114,26.1922571355234,24.560567537284,29.0418784310183,SA
10096,2013,February,2,85+,46,28.812373962212,18096,1137,1025,254.19982316534,427.825313923769,177.916157011009,77.271221989182,28.4359353038755,26.1922571355234,30.7504837594378,SA
10096,2013,March,3,85+,37,25.808177843136,18275,1137,1025,202.462380300958,254.19982316534,427.825313923769,409.41127694859,28.812373962212,28.4359353038755,26.3933191039803,SA
10096,2013,November,11,85+,5,25.3096302559237,18126,1137,1025,27.5846849828975,441.348505796022,628.559149027614,210.502991358298,21.058339346089,19.7705547344604,24.560567537284,SA
10096,2013,December,12,85+,29,28.7341611184391,18855,1137,1025,153.805356669319,27.5846849828975,441.348505796022,177.916157011009,25.3096302559237,21.058339346089,26.1922571355234,SA
10096,2014,January,1,85+,74,28.5454696573815,19361,1137,1025,382.211662620732,153.805356669319,27.5846849828975,427.825313923769,28.7341611184391,25.3096302559237,28.4359353038755,SA
10096,2014,February,2,85+,51,29.8714729038918,18739,1137,1025,272.159667004643,382.211662620732,153.805356669319,254.19982316534,28.5454696573815,28.7341611184391,28.812373962212,SA
10096,2014,March,3,85+,5,25.703220258659,19077,1137,1025,26.2095717355978,272.159667004643,382.211662620732,202.462380300958,29.8714729038918,28.5454696573815,25.808177843136,SA
10096,2014,November,11,85+,19,26.5255929878253,18626,1137,1025,102.0079458821,96.6952960582447,226.3296869106,27.5846849828975,20.7708385579459,17.4189948151805,25.3096302559237,SA
10096,2014,December,12,85+,91,28.4221866555561,18867,1137,1025,482.323633858059,102.0079458821,96.6952960582447,153.805356669319,26.5255929878253,20.7708385579459,28.7341611184391,SA
10096,2015,January,1,85+,120,30.1353087095676,18576,1137,1025,645.994832041344,482.323633858059,102.0079458821,382.211662620732,28.4221866555561,26.5255929878253,28.5454696573815,SA
10096,2015,February,2,85+,37,28.7885058937045,19663,1137,1025,188.170675888725,645.994832041344,482.323633858059,272.159667004643,30.1353087095676,28.4221866555561,29.8714729038918,SA
10096,2015,March,3,85+,1,27.1803043305897,18264,1137,1025,5.47525186158563,188.170675888725,645.994832041344,26.2095717355978,28.7885058937045,30.1353087095676,25.703220258659,SA
10096,2015,November,11,85+,132,28.6436421393207,19027,1137,1025,693.750985441741,128.438403082522,488.083493431642,102.0079458821,22.091630094231,16.7026782564809,26.5255929878253,SA
10096,2015,December,12,85+,54,26.7957992541723,18957,1137,1025,284.855198607375,693.750985441741,128.438403082522,482.323633858059,28.6436421393207,22.091630094231,28.4221866555561,SA
10096,2016,January,1,85+,6,29.5249752943465,18963,1137,1025,31.640563202025,284.855198607375,693.750985441741,645.994832041344,26.7957992541723,28.6436421393207,30.1353087095676,SA
10096,2016,February,2,85+,59,30.3859690999051,18869,1137,1025,312.682177115904,31.640563202025,284.855198607375,188.170675888725,29.5249752943465,26.7957992541723,28.7885058937045,SA
10096,2016,March,3,85+,18,24.6421069243957,19055,1137,1025,94.4633954342692,312.682177115904,31.640563202025,5.47525186158563,30.3859690999051,29.5249752943465,27.1803043305897,SA
10096,2016,November,11,85+,118,24.3849805568527,19118,1137,1025,617.219374411549,64.8648648648649,265.211404090376,693.750985441741,21.464373209277,19.1319800457174,28.6436421393207,SA
10096,2016,December,12,85+,23,29.0557136364654,19406,1137,1025,118.5200453468,617.219374411549,64.8648648648649,284.855198607375,24.3849805568527,21.464373209277,26.7957992541723,SA
10097,2011,January,1,75 to 84,13,29.3005297534264,18137,993,927,71.6766830236533,5.39927649694941,232.716539902373,192.614605690386,29.2335587240361,25.7918758306939,32.8958505295477,SA
10097,2011,February,2,75 to 84,36,29.2418542303929,18368,993,927,195.993031358885,71.6766830236533,5.39927649694941,113.33585190782,29.3005297534264,29.2335587240361,27.0243909980018,SA
10097,2011,March,3,75 to 84,35,26.0788213527384,18929,993,927,184.901473928892,195.993031358885,71.6766830236533,68.3332384260577,29.2418542303929,29.3005297534264,25.205923502215,SA
10097,2011,November,11,75 to 84,71,25.9557327799851,17908,993,927,396.470851016306,97.1484084804846,76.6535260621989,232.716539902373,23.57658141237,17.8527288361087,25.7918758306939,SA
10097,2011,December,12,75 to 84,35,27.6199839649798,18650,993,927,187.667560321716,396.470851016306,97.1484084804846,5.39927649694941,25.9557327799851,23.57658141237,29.2335587240361,SA
10097,2012,January,1,75 to 84,25,27.3099714047662,17823,993,927,140.268192784604,187.667560321716,396.470851016306,71.6766830236533,27.6199839649798,25.9557327799851,29.3005297534264,SA
10097,2012,February,2,75 to 84,19,32.290461961417,18642,993,927,101.920394807424,140.268192784604,187.667560321716,195.993031358885,27.3099714047662,27.6199839649798,29.2418542303929,SA
10097,2012,March,3,75 to 84,20,24.0970597964454,18566,993,927,107.723796186578,101.920394807424,140.268192784604,184.901473928892,32.290461961417,27.3099714047662,26.0788213527384,SA
10097,2012,November,11,75 to 84,16,26.081874209607,17118,993,927,93.4688631849515,64.246707356248,0,396.470851016306,21.7794823308125,17.2196348097235,25.9557327799851,SA
10097,2012,December,12,75 to 84,14,26.8124665264019,18531,993,927,75.5490799201338,93.4688631849515,64.246707356248,187.667560321716,26.081874209607,21.7794823308125,27.6199839649798,SA
10097,2013,January,1,75 to 84,27,31.6509782505201,18861,993,927,143.152536981072,75.5490799201338,93.4688631849515,140.268192784604,26.8124665264019,26.081874209607,27.3099714047662,SA
10097,2013,February,2,75 to 84,57,28.322150444663,17890,993,927,318.613750698714,143.152536981072,75.5490799201338,101.920394807424,31.6509782505201,26.8124665264019,32.290461961417,SA
10097,2013,March,3,75 to 84,44,27.0623485229227,19133,993,927,229.96916322584,318.613750698714,143.152536981072,107.723796186578,28.322150444663,31.6509782505201,24.0970597964454,SA
10097,2013,November,11,75 to 84,59,27.732820204469,19177,993,927,307.660217969443,483.72911169745,79.3776789966661,93.4688631849515,20.7621312519105,17.2727788909876,26.081874209607,SA
10097,2013,December,12,75 to 84,84,31.392438832763,18646,993,927,450.498766491473,307.660217969443,483.72911169745,75.5490799201338,27.732820204469,20.7621312519105,26.8124665264019,SA
10097,2014,January,1,75 to 84,9,27.7904013257674,18201,993,927,49.4478325366738,450.498766491473,307.660217969443,143.152536981072,31.392438832763,27.732820204469,31.6509782505201,SA
10097,2014,February,2,75 to 84,82,27.5088099041074,19300,993,927,424.870466321244,49.4478325366738,450.498766491473,318.613750698714,27.7904013257674,31.392438832763,28.322150444663,SA
10097,2014,March,3,75 to 84,29,28.2196036519702,18103,993,927,160.194442910015,424.870466321244,49.4478325366738,229.96916322584,27.5088099041074,27.7904013257674,27.0623485229227,SA
10097,2014,November,11,75 to 84,25,31.1115688752394,19042,993,927,131.288730175402,75.0026786670953,26.4228716376896,307.660217969443,22.3040614382145,20.2861080324716,27.732820204469,SA
10097,2014,December,12,75 to 84,7,30.4363078379868,18490,993,927,37.8583017847485,131.288730175402,75.0026786670953,450.498766491473,31.1115688752394,22.3040614382145,31.392438832763,SA
10097,2015,January,1,75 to 84,31,30.6382130853163,18847,993,927,164.482410993792,37.8583017847485,131.288730175402,49.4478325366738,30.4363078379868,31.1115688752394,27.7904013257674,SA
10097,2015,February,2,75 to 84,19,31.1551004258436,19011,993,927,99.9421387617695,164.482410993792,37.8583017847485,424.870466321244,30.6382130853163,30.4363078379868,27.5088099041074,SA
10097,2015,March,3,75 to 84,26,24.0012037358886,18318,993,927,141.936892673873,99.9421387617695,164.482410993792,160.194442910015,31.1551004258436,30.6382130853163,28.2196036519702,SA
10097,2015,November,11,75 to 84,19,27.668798899488,19098,993,927,99.4868572625406,61.7474529175672,124.063065391574,131.288730175402,19.3041734612621,17.2663669171031,31.1115688752394,SA
10097,2015,December,12,75 to 84,18,28.700923187184,19603,993,927,91.8226802020099,99.4868572625406,61.7474529175672,37.8583017847485,27.668798899488,19.3041734612621,30.4363078379868,SA
10097,2016,January,1,75 to 84,59,32.4070364582678,19463,993,927,303.139289934748,91.8226802020099,99.4868572625406,164.482410993792,28.700923187184,27.668798899488,30.6382130853163,SA
10097,2016,February,2,75 to 84,10,27.7872209383884,19703,993,927,50.7536923311171,303.139289934748,91.8226802020099,99.9421387617695,32.4070364582678,28.700923187184,31.1551004258436,SA
10097,2016,March,3,75 to 84,4,26.0415907945212,19216,993,927,20.8159866777685,50.7536923311171,303.139289934748,141.936892673873,27.7872209383884,32.4070364582678,24.0012037358886,SA
10097,2016,November,11,75 to 84,25,26.8647880339929,19121,993,927,130.746299879713,88.5831900369965,20.708221163802,99.4868572625406,19.2062075247579,17.8236060345064,27.668798899488,SA
10097,2016,December,12,75 to 84,63,28.5480973696194,19238,993,927,327.47686869737,130.746299879713,88.5831900369965,91.8226802020099,26.8647880339929,19.2062075247579,28.700923187184,SA
10097,2011,January,1,85+,19,32.2930808776426,18032,993,927,105.368234250222,209.933152864483,5.5994176605633,218.245307725884,27.502195450376,25.3428998973251,28.4905905004458,SA
10097,2011,February,2,85+,67,28.5490193702924,18084,993,927,370.493253704933,105.368234250222,209.933152864483,447.984071677451,32.2930808776426,27.502195450376,29.9368736222669,SA
10097,2011,March,3,85+,30,28.3129286167473,17883,993,927,167.757087736957,370.493253704933,105.368234250222,161.082474226804,28.5490193702924,32.2930808776426,23.6323136599004,SA
10097,2011,November,11,85+,27,26.9923813238358,19231,993,927,140.398315220217,82.2097994080895,483.432916892993,5.5994176605633,22.6840350237713,19.3399138207543,25.3428998973251,SA
10097,2011,December,12,85+,168,29.1242134645186,17855,993,927,940.912909549146,140.398315220217,82.2097994080895,209.933152864483,26.9923813238358,22.6840350237713,27.502195450376,SA
10097,2012,January,1,85+,83,28.236218602378,18059,993,927,459.604629270724,940.912909549146,140.398315220217,105.368234250222,29.1242134645186,26.9923813238358,32.2930808776426,SA
10097,2012,February,2,85+,52,28.2562597317904,18478,993,927,281.415737633943,459.604629270724,940.912909549146,370.493253704933,28.236218602378,29.1242134645186,28.5490193702924,SA
10097,2012,March,3,85+,29,26.2669074957035,17861,993,927,162.364929175298,281.415737633943,459.604629270724,167.757087736957,28.2562597317904,28.236218602378,28.3129286167473,SA
10097,2012,November,11,85+,31,26.6096347598153,18421,993,927,168.286195103415,80.0982538580659,337.240159221583,140.398315220217,19.8201851657374,16.4821071945258,26.9923813238358,SA
10097,2012,December,12,85+,50,27.2341519401262,18369,993,927,272.197724427024,168.286195103415,80.0982538580659,940.912909549146,26.6096347598153,19.8201851657374,29.1242134645186,SA
10097,2013,January,1,85+,87,29.8615016346357,18447,993,927,471.62140185396,272.197724427024,168.286195103415,459.604629270724,27.2341519401262,26.6096347598153,28.236218602378,SA
10097,2013,February,2,85+,9,30.1416161793581,18501,993,927,48.6460191341009,471.62140185396,272.197724427024,281.415737633943,29.8615016346357,27.2341519401262,28.2562597317904,SA
10097,2013,March,3,85+,13,24.7497084139834,18591,993,927,69.9263084288096,48.6460191341009,471.62140185396,162.364929175298,30.1416161793581,29.8615016346357,26.2669074957035,SA
10097,2013,November,11,85+,31,24.6700416803536,18086,993,927,171.403295366582,276.331172281858,53.7547707359028,168.286195103415,19.9837927025163,15.1406868353177,26.6096347598153,SA
10097,2013,December,12,85+,26,30.8090288154589,18309,993,927,142.00666338959,171.403295366582,276.331172281858,272.197724427024,24.6700416803536,19.9837927025163,27.2341519401262,SA
10097,2014,January,1,85+,13,28.8266509358602,19291,993,927,67.3889378466643,142.00666338959,171.403295366582,471.62140185396,30.8090288154589,24.6700416803536,29.8615016346357,SA
10097,2014,February,2,85+,47,29.333021665787,19008,993,927,247.26430976431,67.3889378466643,142.00666338959,48.6460191341009,28.8266509358602,30.8090288154589,30.1416161793581,SA
10097,2014,March,3,85+,13,28.6009475424827,18151,993,927,71.6213982700678,247.26430976431,67.3889378466643,69.9263084288096,29.333021665787,28.8266509358602,24.7497084139834,SA
10097,2014,November,11,85+,51,25.5138476344821,18342,993,927,278.050376185803,32.8137817883511,68.3922558922559,171.403295366582,21.6530859291095,18.9081891671693,24.6700416803536,SA
10097,2014,December,12,85+,31,29.9768180987199,18275,993,927,169.630642954856,278.050376185803,32.8137817883511,142.00666338959,25.5138476344821,21.6530859291095,30.8090288154589,SA
10097,2015,January,1,85+,14,29.4810946784368,18796,993,927,74.4839327516493,169.630642954856,278.050376185803,67.3889378466643,29.9768180987199,25.5138476344821,28.8266509358602,SA
10097,2015,February,2,85+,28,28.320236199898,18882,993,927,148.28937612541,74.4839327516493,169.630642954856,247.26430976431,29.4810946784368,29.9768180987199,29.333021665787,SA
10097,2015,March,3,85+,58,25.8693952630238,19176,993,927,302.461410095953,148.28937612541,74.4839327516493,71.6213982700678,28.320236199898,29.4810946784368,28.6009475424827,SA
10097,2015,November,11,85+,40,25.412904243315,19721,993,927,202.829471122154,225.496879752478,62.0443617186288,278.050376185803,21.3811026320575,17.9819080163975,25.5138476344821,SA
10097,2015,December,12,85+,51,28.2643423641346,19520,993,927,261.270491803279,202.829471122154,225.496879752478,169.630642954856,25.412904243315,21.3811026320575,29.9768180987199,SA
10097,2016,January,1,85+,97,31.7162276372392,19428,993,927,499.279390570311,261.270491803279,202.829471122154,74.4839327516493,28.2643423641346,25.412904243315,29.4810946784368,SA
10097,2016,February,2,85+,130,28.6907329102225,19144,993,927,679.063936481404,499.279390570311,261.270491803279,148.28937612541,31.7162276372392,28.2643423641346,28.320236199898,SA
10097,2016,March,3,85+,109,28.6212035622993,18683,993,927,583.418080608039,679.063936481404,499.279390570311,302.461410095953,28.6907329102225,31.7162276372392,25.8693952630238,SA
10097,2016,November,11,85+,62,24.2567771399918,19682,993,927,315.008637333604,259.235255994815,345.563573533896,202.829471122154,19.9552354010308,19.2707693187477,25.412904243315,SA
10097,2016,December,12,85+,47,29.2871638435424,19030,993,927,246.978455070941,315.008637333604,259.235255994815,261.270491803279,24.2567771399918,19.9552354010308,28.2643423641346,SA
10098,2011,January,1,75 to 84,16,29.8615888753575,10382,855,1024,154.112887690233,125.18054886856,337.414441338089,500.441566087724,30.0559323061714,27.4712860979231,28.7490546826691,SA
10098,2011,February,2,75 to 84,3,27.5745717314057,10161,855,1024,29.5246530853263,154.112887690233,125.18054886856,66.9920566561394,29.8615888753575,30.0559323061714,29.5002939265612,SA
10098,2011,March,3,75 to 84,11,26.4910292995234,10089,855,1024,109.029636237486,29.5246530853263,154.112887690233,90.5432595573441,27.5745717314057,29.8615888753575,27.3768068047183,SA
10098,2011,November,11,75 to 84,20,26.4625841665735,10348,855,1024,193.274062620796,87.8134452141672,191.570881226054,337.414441338089,22.3882076688868,16.0359472019847,27.4712860979231,SA
10098,2011,December,12,75 to 84,10,28.8984242789208,10807,855,1024,92.5326177477561,193.274062620796,87.8134452141672,125.18054886856,26.4625841665735,22.3882076688868,30.0559323061714,SA
10098,2012,January,1,75 to 84,36,31.106384446321,10394,855,1024,346.353665576294,92.5326177477561,193.274062620796,154.112887690233,28.8984242789208,26.4625841665735,29.8615888753575,SA
10098,2012,February,2,75 to 84,20,29.6535726821736,10032,855,1024,199.362041467305,346.353665576294,92.5326177477561,29.5246530853263,31.106384446321,28.8984242789208,27.5745717314057,SA
10098,2012,March,3,75 to 84,7,24.9054854701277,10687,855,1024,65.5001403574436,199.362041467305,346.353665576294,109.029636237486,29.6535726821736,31.106384446321,26.4910292995234,SA
10098,2012,November,11,75 to 84,8,22.6850244283474,10221,855,1024,78.2702279620389,56.5770862800566,468.887369346488,193.274062620796,22.7727114059249,19.9629092915293,26.4625841665735,SA
10098,2012,December,12,75 to 84,14,27.1170423528917,10645,855,1024,131.517144199155,78.2702279620389,56.5770862800566,92.5326177477561,22.6850244283474,22.7727114059249,28.8984242789208,SA
10098,2013,January,1,75 to 84,17,33.3629745543113,10447,855,1024,162.726141476022,131.517144199155,78.2702279620389,346.353665576294,27.1170423528917,22.6850244283474,31.106384446321,SA
10098,2013,February,2,75 to 84,7,28.5651042271853,10923,855,1024,64.0849583447771,162.726141476022,131.517144199155,199.362041467305,33.3629745543113,27.1170423528917,29.6535726821736,SA
10098,2013,March,3,75 to 84,8,26.5103240000783,10375,855,1024,77.1084337349398,64.0849583447771,162.726141476022,65.5001403574436,28.5651042271853,33.3629745543113,24.9054854701277,SA
10098,2013,November,11,75 to 84,11,26.6548127469348,10931,855,1024,100.631232275181,110.977527050772,287.649624199685,78.2702279620389,23.1803839223398,17.8485762860804,22.6850244283474,SA
10098,2013,December,12,75 to 84,14,29.4628243714916,10420,855,1024,134.357005758157,100.631232275181,110.977527050772,131.517144199155,26.6548127469348,23.1803839223398,27.1170423528917,SA
10098,2014,January,1,75 to 84,10,27.55927021034,10597,855,1024,94.3663300934227,134.357005758157,100.631232275181,162.726141476022,29.4628243714916,26.6548127469348,33.3629745543113,SA
10098,2014,February,2,75 to 84,16,30.4297523583232,10739,855,1024,148.989663842071,94.3663300934227,134.357005758157,64.0849583447771,27.55927021034,29.4628243714916,28.5651042271853,SA
10098,2014,March,3,75 to 84,11,25.4249563799382,10518,855,1024,104.582620270013,148.989663842071,94.3663300934227,77.1084337349398,30.4297523583232,27.55927021034,26.5103240000783,SA
10098,2014,November,11,75 to 84,26,27.4108723937806,10874,855,1024,239.10244620195,168.523546484412,366.782657763566,100.631232275181,21.6694538825569,20.9633127715327,26.6548127469348,SA
10098,2014,December,12,75 to 84,28,27.2732553261718,10812,855,1024,258.971513133555,239.10244620195,168.523546484412,134.357005758157,27.4108723937806,21.6694538825569,29.4628243714916,SA
10098,2015,January,1,75 to 84,32,28.6453775993714,10258,855,1024,311.951647494638,258.971513133555,239.10244620195,94.3663300934227,27.2732553261718,27.4108723937806,27.55927021034,SA
10098,2015,February,2,75 to 84,15,30.0166032046764,10519,855,1024,142.599106378933,311.951647494638,258.971513133555,148.989663842071,28.6453775993714,27.2732553261718,30.4297523583232,SA
10098,2015,March,3,75 to 84,13,26.033618684789,10461,855,1024,124.271102189083,142.599106378933,311.951647494638,104.582620270013,30.0166032046764,28.6453775993714,25.4249563799382,SA
10098,2015,November,11,75 to 84,25,27.4192779614162,10770,855,1024,232.126276694522,64.2732531447985,155.672309787896,239.10244620195,23.5334643064988,21.0199048634046,27.4108723937806,SA
10098,2015,December,12,75 to 84,21,27.213767842991,10990,855,1024,191.082802547771,232.126276694522,64.2732531447985,258.971513133555,27.4192779614162,23.5334643064988,27.2732553261718,SA
10098,2016,January,1,75 to 84,18,30.2760416208609,10649,855,1024,169.0299558644,191.082802547771,232.126276694522,311.951647494638,27.213767842991,27.4192779614162,28.6453775993714,SA
10098,2016,February,2,75 to 84,15,28.3050427710938,10607,855,1024,141.416046007354,169.0299558644,191.082802547771,142.599106378933,30.2760416208609,27.213767842991,30.0166032046764,SA
10098,2016,March,3,75 to 84,41,27.8679943243107,10674,855,1024,384.110923739929,141.416046007354,169.0299558644,124.271102189083,28.3050427710938,30.2760416208609,26.033618684789,SA
10098,2016,November,11,75 to 84,18,24.556106035115,10852,855,1024,165.868042757095,123.527175978715,179.726815240834,232.126276694522,22.1467416981832,17.6078647372086,27.4192779614162,SA
10098,2016,December,12,75 to 84,31,27.1337108364268,10967,855,1024,282.66618035926,165.868042757095,123.527175978715,191.082802547771,24.556106035115,22.1467416981832,27.213767842991,SA
10098,2011,January,1,85+,14,29.0506492523035,10403,855,1024,134.576564452562,156.356884589075,514.545814367703,262.620367668515,26.7392886657093,26.5767707645818,31.2089917468076,SA
10098,2011,February,2,85+,27,31.3151960919333,10429,855,1024,258.893470131364,134.576564452562,156.356884589075,260.416666666667,29.0506492523035,26.7392886657093,25.1794179985168,SA
10098,2011,March,3,85+,39,23.7746595722743,10124,855,1024,385.223231924141,258.893470131364,134.576564452562,150.255434238205,31.3151960919333,29.0506492523035,25.4284277848951,SA
10098,2011,November,11,85+,15,29.8936279476942,10332,855,1024,145.180023228804,78.6936848317922,337.642292108817,514.545814367703,21.2712819945972,16.9307548536217,26.5767707645818,SA
10098,2011,December,12,85+,18,26.912386509554,10170,855,1024,176.991150442478,145.180023228804,78.6936848317922,156.356884589075,29.8936279476942,21.2712819945972,26.7392886657093,SA
10098,2012,January,1,85+,29,28.2970413161123,10635,855,1024,272.684532204984,176.991150442478,145.180023228804,134.576564452562,26.912386509554,29.8936279476942,29.0506492523035,SA
10098,2012,February,2,85+,43,27.7660605977982,10167,855,1024,422.936952886791,272.684532204984,176.991150442478,258.893470131364,28.2970413161123,26.912386509554,31.3151960919333,SA
10098,2012,March,3,85+,3,21.7657256367513,10501,855,1024,28.5687077421198,422.936952886791,272.684532204984,385.223231924141,27.7660605977982,28.2970413161123,23.7746595722743,SA
10098,2012,November,11,85+,60,23.0260259844414,10305,855,1024,582.241630276565,179.601096511958,28.9379762708595,145.180023228804,22.0009962587899,17.9177477636627,29.8936279476942,SA
10098,2012,December,12,85+,85,28.4663935590931,10377,855,1024,819.119205936205,582.241630276565,179.601096511958,176.991150442478,23.0260259844414,22.0009962587899,26.912386509554,SA
10098,2013,January,1,85+,5,27.746217501044,10761,855,1024,46.4640832636372,819.119205936205,582.241630276565,272.684532204984,28.4663935590931,23.0260259844414,28.2970413161123,SA
10098,2013,February,2,85+,1,31.0987599914189,10792,855,1024,9.26612305411416,46.4640832636372,819.119205936205,422.936952886791,27.746217501044,28.4663935590931,27.7660605977982,SA
10098,2013,March,3,85+,3,26.04292228428,10441,855,1024,28.7328799923379,9.26612305411416,46.4640832636372,28.5687077421198,31.0987599914189,27.746217501044,21.7657256367513,SA
10098,2013,November,11,85+,32,28.3474319897632,10288,855,1024,311.04199066874,56.6786321556773,238.390388099552,582.241630276565,20.100381357474,18.7521004997601,23.0260259844414,SA
10098,2013,December,12,85+,28,29.3063496426262,10197,855,1024,274.590565852702,311.04199066874,56.6786321556773,819.119205936205,28.3474319897632,20.100381357474,28.4663935590931,SA
10098,2014,January,1,85+,19,31.3879511762358,10643,855,1024,178.521093676595,274.590565852702,311.04199066874,46.4640832636372,29.3063496426262,28.3474319897632,27.746217501044,SA
10098,2014,February,2,85+,21,28.5850341661607,10742,855,1024,195.494321355427,178.521093676595,274.590565852702,9.26612305411416,31.3879511762358,29.3063496426262,31.0987599914189,SA
10098,2014,March,3,85+,13,26.0104454212764,10448,855,1024,124.425727411945,195.494321355427,178.521093676595,28.7328799923379,28.5850341661607,31.3879511762358,26.04292228428,SA
10098,2014,November,11,85+,29,26.9878421795208,10705,855,1024,270.901447921532,302.696752889378,366.231571039534,311.04199066874,22.7757097992223,17.007180168988,28.3474319897632,SA
10098,2014,December,12,85+,20,27.8659808133389,10544,855,1024,189.681335356601,270.901447921532,302.696752889378,274.590565852702,26.9878421795208,22.7757097992223,29.3063496426262,SA
10098,2015,January,1,85+,9,30.1611402922878,10554,855,1024,85.2757248436612,189.681335356601,270.901447921532,178.521093676595,27.8659808133389,26.9878421795208,31.3879511762358,SA
10098,2015,February,2,85+,23,28.851393149671,10653,855,1024,215.901623955693,85.2757248436612,189.681335356601,195.494321355427,30.1611402922878,27.8659808133389,28.5850341661607,SA
10098,2015,March,3,85+,4,23.8247478851817,10658,855,1024,37.5304935259899,215.901623955693,85.2757248436612,124.425727411945,28.851393149671,30.1611402922878,26.0104454212764,SA
10098,2015,November,11,85+,7,25.859503107506,10803,855,1024,64.7968156993428,9.44554642486068,209.603658536585,270.901447921532,19.7016366113126,19.6252424919996,26.9878421795208,SA
10098,2015,December,12,85+,17,30.7515765031353,10723,855,1024,158.537722652243,64.7968156993428,9.44554642486068,189.681335356601,25.859503107506,19.7016366113126,27.8659808133389,SA
10098,2016,January,1,85+,19,30.3920624938332,10781,855,1024,176.235970689175,158.537722652243,64.7968156993428,85.2757248436612,30.7515765031353,25.859503107506,30.1611402922878,SA
10098,2016,February,2,85+,45,26.731524333904,10940,855,1024,411.334552102377,176.235970689175,158.537722652243,215.901623955693,30.3920624938332,30.7515765031353,28.851393149671,SA
10098,2016,March,3,85+,28,27.3911045459398,10640,855,1024,263.157894736842,411.334552102377,176.235970689175,37.5304935259899,26.731524333904,30.3920624938332,23.8247478851817,SA
10098,2016,November,11,85+,8,24.1624536833577,10620,855,1024,75.3295668549906,27.9876854184159,75.3934596173782,64.7968156993428,21.9737260331011,14.4038931927877,25.859503107506,SA
10098,2016,December,12,85+,6,27.725064025721,10886,855,1024,55.1166636046298,75.3295668549906,27.9876854184159,158.537722652243,24.1624536833577,21.9737260331011,30.7515765031353,SA
10099,2011,January,1,75 to 84,1,31.1742064353606,13744,1030,1125,7.27590221187427,36.9877200769345,144.560896277557,380.014074595355,28.3434661189967,25.7756465985845,31.0339787289149,SA
10099,2011,February,2,75 to 84,10,31.1767706353979,14073,1030,1125,71.0580544304697,7.27590221187427,36.9877200769345,111.366842378796,31.1742064353606,28.3434661189967,27.8683378788752,SA
10099,2011,March,3,75 to 84,3,25.7318979762256,13547,1030,1125,22.1451243817819,71.0580544304697,7.27590221187427,50.0107165821247,31.1767706353979,31.1742064353606,25.8835543553357,SA
10099,2011,November,11,75 to 84,6,25.7835505886468,13774,1030,1125,43.5603310585161,50.0321635337002,141.372729200537,144.560896277557,24.8770455492956,18.2747691923515,25.7756465985845,SA
10099,2011,December,12,75 to 84,14,27.5421650190058,13888,1030,1125,100.806451612903,43.5603310585161,50.0321635337002,36.9877200769345,25.7835505886468,24.8770455492956,28.3434661189967,SA
10099,2012,January,1,75 to 84,15,28.6163638184555,14367,1030,1125,104.405930256839,100.806451612903,43.5603310585161,7.27590221187427,27.5421650190058,25.7835505886468,31.1742064353606,SA
10099,2012,February,2,75 to 84,50,28.7093043065933,14347,1030,1125,348.504913919286,104.405930256839,100.806451612903,71.0580544304697,28.6163638184555,27.5421650190058,31.1767706353979,SA
10099,2012,March,3,75 to 84,12,25.449967129873,13929,1030,1125,86.1511953478355,348.504913919286,104.405930256839,22.1451243817819,28.7093043065933,28.6163638184555,25.7318979762256,SA
10099,2012,November,11,75 to 84,23,25.1519028638454,13934,1030,1125,165.063872541984,65.1371498878194,50.9239051360396,43.5603310585161,23.7012512361163,17.254025484079,25.7835505886468,SA
10099,2012,December,12,75 to 84,36,30.2574075393047,13810,1030,1125,260.680666183925,165.063872541984,65.1371498878194,100.806451612903,25.1519028638454,23.7012512361163,27.5421650190058,SA
10099,2013,January,1,75 to 84,26,29.296446808092,14086,1030,1125,184.580434473946,260.680666183925,165.063872541984,104.405930256839,30.2574075393047,25.1519028638454,28.6163638184555,SA
10099,2013,February,2,75 to 84,19,28.4092893540225,14054,1030,1125,135.192827664722,184.580434473946,260.680666183925,348.504913919286,29.296446808092,30.2574075393047,28.7093043065933,SA
10099,2013,March,3,75 to 84,10,27.9907356457402,14070,1030,1125,71.0732054015636,135.192827664722,184.580434473946,86.1511953478355,28.4092893540225,29.296446808092,25.449967129873,SA
10099,2013,November,11,75 to 84,26,28.6305970539553,14195,1030,1125,183.163085593519,142.379155691607,50.0178635226867,165.063872541984,21.613002774217,13.4126439301778,25.1519028638454,SA
10099,2013,December,12,75 to 84,31,29.0071216722287,14096,1030,1125,219.920544835414,183.163085593519,142.379155691607,260.680666183925,28.6305970539553,21.613002774217,30.2574075393047,SA
10099,2014,January,1,75 to 84,26,29.2171782770907,14419,1030,1125,180.317636451904,219.920544835414,183.163085593519,184.580434473946,29.0071216722287,28.6305970539553,29.296446808092,SA
10099,2014,February,2,75 to 84,62,25.8869814127519,14528,1030,1125,426.762114537445,180.317636451904,219.920544835414,135.192827664722,29.2171782770907,29.0071216722287,28.4092893540225,SA
10099,2014,March,3,75 to 84,9,23.1037140925712,14081,1030,1125,63.9159150628507,426.762114537445,180.317636451904,71.0732054015636,25.8869814127519,29.2171782770907,27.9907356457402,SA
10099,2014,November,11,75 to 84,15,26.7446549364633,14250,1030,1125,105.263157894737,48.7397298426403,14.6327187591455,183.163085593519,25.3647134998406,19.2123814492978,28.6305970539553,SA
10099,2014,December,12,75 to 84,22,29.2531411566111,14723,1030,1125,149.426068056782,105.263157894737,48.7397298426403,219.920544835414,26.7446549364633,25.3647134998406,29.0071216722287,SA
10099,2015,January,1,75 to 84,55,29.6168928121785,14329,1030,1125,383.836973968874,149.426068056782,105.263157894737,180.317636451904,29.2531411566111,26.7446549364633,29.2171782770907,SA
10099,2015,February,2,75 to 84,10,31.0820786236556,14552,1030,1125,68.719076415613,383.836973968874,149.426068056782,426.762114537445,29.6168928121785,29.2531411566111,25.8869814127519,SA
10099,2015,March,3,75 to 84,3,23.9736911573666,14462,1030,1125,20.7440188079104,68.719076415613,383.836973968874,63.9159150628507,31.0820786236556,29.6168928121785,23.1037140925712,SA
10099,2015,November,11,75 to 84,24,28.2417661937389,14194,1030,1125,169.085529096801,116.294978793269,27.6491325084676,105.263157894737,21.8157359045485,17.1182066639074,26.7446549364633,SA
10099,2015,December,12,75 to 84,38,28.0078644658944,14693,1030,1125,258.626556863813,169.085529096801,116.294978793269,149.426068056782,28.2417661937389,21.8157359045485,29.2531411566111,SA
10099,2016,January,1,75 to 84,78,30.2614068245424,14388,1030,1125,542.118432026689,258.626556863813,169.085529096801,383.836973968874,28.0078644658944,28.2417661937389,29.6168928121785,SA
10099,2016,February,2,75 to 84,58,28.9589013173884,14778,1030,1125,392.475301123291,542.118432026689,258.626556863813,68.719076415613,30.2614068245424,28.0078644658944,31.0820786236556,SA
10099,2016,March,3,75 to 84,42,24.4060080452617,14513,1030,1125,289.39571418728,392.475301123291,542.118432026689,20.7440188079104,28.9589013173884,30.2614068245424,23.9736911573666,SA
10099,2016,November,11,75 to 84,13,30.388141158421,14208,1030,1125,91.4977477477477,47.9550592587518,35.2112676056338,169.085529096801,22.8751716482731,12.6246391711138,28.2417661937389,SA
10099,2016,December,12,75 to 84,50,30.0545016661391,14926,1030,1125,334.985930590915,91.4977477477477,47.9550592587518,258.626556863813,30.388141158421,22.8751716482731,28.0078644658944,SA
10099,2011,January,1,85+,11,29.9779824888359,13611,1030,1125,80.8169862611123,88.7770955093586,369.404606692742,331.969427931753,27.3290381811867,26.9812890220447,31.0037538915102,SA
10099,2011,February,2,85+,18,30.8261941320128,14062,1030,1125,128.004551272934,80.8169862611123,88.7770955093586,430.062041737169,29.9779824888359,27.3290381811867,28.8986659620141,SA
10099,2011,March,3,85+,4,27.5383065966023,13869,1030,1125,28.8413007426635,128.004551272934,80.8169862611123,86.3806507342355,30.8261941320128,29.9779824888359,26.907446558181,SA
10099,2011,November,11,85+,4,23.2920871064924,13931,1030,1125,28.7129423587682,228.800228800229,247.506733639077,369.404606692742,22.1398202584678,17.3253224612884,26.9812890220447,SA
10099,2011,December,12,85+,13,30.1840700983803,13887,1030,1125,93.6127313314611,28.7129423587682,228.800228800229,88.7770955093586,23.2920871064924,22.1398202584678,27.3290381811867,SA
10099,2012,January,1,85+,28,30.9730891943008,14342,1030,1125,195.230790684702,93.6127313314611,28.7129423587682,80.8169862611123,30.1840700983803,23.2920871064924,29.9779824888359,SA
10099,2012,February,2,85+,58,29.7138050615664,14019,1030,1125,413.724231400243,195.230790684702,93.6127313314611,128.004551272934,30.9730891943008,30.1840700983803,30.8261941320128,SA
10099,2012,March,3,85+,23,25.6985154319298,14141,1030,1125,162.647620394597,413.724231400243,195.230790684702,28.8413007426635,29.7138050615664,30.9730891943008,27.5383065966023,SA
10099,2012,November,11,85+,14,27.1794363960725,14022,1030,1125,99.8431036941948,69.8763189155195,288.691733558654,28.7129423587682,20.0923098531047,18.2441423763263,23.2920871064924,SA
10099,2012,December,12,85+,17,31.314894317467,13828,1030,1125,122.938964420017,99.8431036941948,69.8763189155195,93.6127313314611,27.1794363960725,20.0923098531047,30.1840700983803,SA
10099,2013,January,1,85+,10,30.4294905576278,14298,1030,1125,69.9398517275143,122.938964420017,99.8431036941948,195.230790684702,31.314894317467,27.1794363960725,30.9730891943008,SA
10099,2013,February,2,85+,11,29.836414087196,14286,1030,1125,76.9984600307994,69.9398517275143,122.938964420017,413.724231400243,30.4294905576278,31.314894317467,29.7138050615664,SA
10099,2013,March,3,85+,17,27.4403143287982,14277,1030,1125,119.072634306927,76.9984600307994,69.9398517275143,162.647620394597,29.836414087196,30.4294905576278,25.6985154319298,SA
10099,2013,November,11,85+,94,26.8003065943169,14007,1030,1125,671.093024916114,133.831091075579,57.0409982174688,99.8431036941948,21.0594929626755,17.966585535448,27.1794363960725,SA
10099,2013,December,12,85+,65,30.0507087093156,14258,1030,1125,455.884415766587,671.093024916114,133.831091075579,122.938964420017,26.8003065943169,21.0594929626755,31.314894317467,SA
10099,2014,January,1,85+,4,29.6613242015926,14791,1030,1125,27.0434723818538,455.884415766587,671.093024916114,69.9398517275143,30.0507087093156,26.8003065943169,30.4294905576278,SA
10099,2014,February,2,85+,21,33.2111650466466,14033,1030,1125,149.647260029929,27.0434723818538,455.884415766587,76.9984600307994,29.6613242015926,30.0507087093156,29.836414087196,SA
10099,2014,March,3,85+,8,25.2715635169916,14741,1030,1125,54.2704022793569,149.647260029929,27.0434723818538,119.072634306927,33.2111650466466,29.6613242015926,27.4403143287982,SA
10099,2014,November,11,85+,13,28.4856699872629,14223,1030,1125,91.4012514940589,14.2429853297251,136.553111973552,671.093024916114,22.2950859415532,18.293640881775,26.8003065943169,SA
10099,2014,December,12,85+,21,27.3778035238001,14208,1030,1125,147.804054054054,91.4012514940589,14.2429853297251,455.884415766587,28.4856699872629,22.2950859415532,30.0507087093156,SA
10099,2015,January,1,85+,39,26.2857609221913,14561,1030,1125,267.838747338782,147.804054054054,91.4012514940589,27.0434723818538,27.3778035238001,28.4856699872629,29.6613242015926,SA
10099,2015,February,2,85+,5,28.7061877352583,14642,1030,1125,34.148340390657,267.838747338782,147.804054054054,149.647260029929,26.2857609221913,27.3778035238001,33.2111650466466,SA
10099,2015,March,3,85+,3,25.6074860396803,14389,1030,1125,20.8492598512753,34.148340390657,267.838747338782,54.2704022793569,28.7061877352583,26.2857609221913,25.2715635169916,SA
10099,2015,November,11,85+,11,28.2911132434648,14645,1030,1125,75.1109593717993,64.5438898450947,229.341858364028,91.4012514940589,21.362749410469,19.1772692794175,28.4856699872629,SA
10099,2015,December,12,85+,8,27.8676270801382,14595,1030,1125,54.8132922233642,75.1109593717993,64.5438898450947,147.804054054054,28.2911132434648,21.362749410469,27.3778035238001,SA
10099,2016,January,1,85+,19,28.3960015177577,14898,1030,1125,127.533897167405,54.8132922233642,75.1109593717993,267.838747338782,27.8676270801382,28.2911132434648,26.2857609221913,SA
10099,2016,February,2,85+,35,29.1405677057915,13893,1030,1125,251.925430072699,127.533897167405,54.8132922233642,34.148340390657,28.3960015177577,27.8676270801382,28.7061877352583,SA
10099,2016,March,3,85+,30,25.6802205146185,14766,1030,1125,203.169443315725,251.925430072699,127.533897167405,20.8492598512753,29.1405677057915,28.3960015177577,25.6074860396803,SA
10099,2016,November,11,85+,10,25.593837248812,14806,1030,1125,67.5401864109145,74.7333378626265,228.706078037286,75.1109593717993,18.8731923219942,16.64970907482,28.2911132434648,SA
10099,2016,December,12,85+,11,30.6135314140109,14798,1030,1125,74.3343695093932,67.5401864109145,74.7333378626265,54.8132922233642,25.593837248812,18.8731923219942,27.8676270801382,SA
10100,2011,January,1,75 to 84,42,29.9515189027758,19684,985,1107,213.371266002845,74.2942050520059,61.7156963587739,155.740497396214,30.4632253710569,27.8240976950444,29.0747020611762,SA
10100,2011,February,2,75 to 84,46,29.1025204163187,19897,985,1107,231.190631753531,213.371266002845,74.2942050520059,122.137404580153,29.9515189027758,30.4632253710569,29.1108384183633,SA
10100,2011,March,3,75 to 84,6,27.1391822676789,20769,985,1107,28.8892098801098,231.190631753531,213.371266002845,107.033639143731,29.1025204163187,29.9515189027758,25.4045325877007,SA
10100,2011,November,11,75 to 84,9,26.35924295093,20652,985,1107,43.5793143521209,20.3097232800203,173.993142623203,61.7156963587739,22.2561263652435,17.3187566231743,27.8240976950444,SA
10100,2011,December,12,75 to 84,34,29.3642611013929,19919,985,1107,170.691299764044,43.5793143521209,20.3097232800203,74.2942050520059,26.35924295093,22.2561263652435,30.4632253710569,SA
10100,2012,January,1,75 to 84,71,33.3622462481861,21145,985,1107,335.776779380468,170.691299764044,43.5793143521209,213.371266002845,29.3642611013929,26.35924295093,29.9515189027758,SA
10100,2012,February,2,75 to 84,9,29.5976346059829,19930,985,1107,45.1580531861515,335.776779380468,170.691299764044,231.190631753531,33.3622462481861,29.3642611013929,29.1025204163187,SA
10100,2012,March,3,75 to 84,41,26.4706454391036,19577,985,1107,209.429432497318,45.1580531861515,335.776779380468,28.8892098801098,29.5976346059829,33.3622462481861,27.1391822676789,SA
10100,2012,November,11,75 to 84,33,26.0248792444108,20625,985,1107,160,430.663221360896,164.290891519691,43.5793143521209,19.8104585877178,19.2342179677157,26.35924295093,SA
10100,2012,December,12,75 to 84,6,29.4509866159064,20862,985,1107,28.7604256542997,160,430.663221360896,170.691299764044,26.0248792444108,19.8104585877178,29.3642611013929,SA
10100,2013,January,1,75 to 84,4,28.1890186062481,19829,985,1107,20.1724746583287,28.7604256542997,160,335.776779380468,29.4509866159064,26.0248792444108,33.3622462481861,SA
10100,2013,February,2,75 to 84,12,29.3083235021434,19546,985,1107,61.3936355264504,20.1724746583287,28.7604256542997,45.1580531861515,28.1890186062481,29.4509866159064,29.5976346059829,SA
10100,2013,March,3,75 to 84,59,25.9039785234896,19750,985,1107,298.73417721519,61.3936355264504,20.1724746583287,209.429432497318,29.3083235021434,28.1890186062481,26.4706454391036,SA
10100,2013,November,11,75 to 84,9,26.6229857831443,20293,985,1107,44.3502685655152,81.2388931200812,65.1708407038451,160,23.3729659182316,18.5973345336751,26.0248792444108,SA
10100,2013,December,12,75 to 84,24,30.3624226427472,20447,985,1107,117.376632268793,44.3502685655152,81.2388931200812,28.7604256542997,26.6229857831443,23.3729659182316,29.4509866159064,SA
10100,2014,January,1,75 to 84,61,27.5840205947046,21091,985,1107,289.222891280641,117.376632268793,44.3502685655152,20.1724746583287,30.3624226427472,26.6229857831443,28.1890186062481,SA
10100,2014,February,2,75 to 84,117,26.1387731778626,20965,985,1107,558.072978774147,289.222891280641,117.376632268793,61.3936355264504,27.5840205947046,30.3624226427472,29.3083235021434,SA
10100,2014,March,3,75 to 84,12,27.4999714417562,21051,985,1107,57.0044178423828,558.072978774147,289.222891280641,298.73417721519,26.1387731778626,27.5840205947046,25.9039785234896,SA
10100,2014,November,11,75 to 84,36,24.7249160578442,20704,985,1107,173.879443585781,158.753066820609,33.8098918083462,44.3502685655152,20.9270222925247,17.2231952922309,26.6229857831443,SA
10100,2014,December,12,75 to 84,9,28.0270233042901,20860,985,1107,43.1447746883989,173.879443585781,158.753066820609,117.376632268793,24.7249160578442,20.9270222925247,30.3624226427472,SA
10100,2015,January,1,75 to 84,37,31.7170028325284,20404,985,1107,181.33699274652,43.1447746883989,173.879443585781,289.222891280641,28.0270233042901,24.7249160578442,27.5840205947046,SA
10100,2015,February,2,75 to 84,127,30.4335677573578,20594,985,1107,616.684471205205,181.33699274652,43.1447746883989,558.072978774147,31.7170028325284,28.0270233042901,26.1387731778626,SA
10100,2015,March,3,75 to 84,2,26.2056602207622,21318,985,1107,9.38174312787316,616.684471205205,181.33699274652,57.0044178423828,30.4335677573578,31.7170028325284,27.4999714417562,SA
10100,2015,November,11,75 to 84,11,27.9324061631167,21118,985,1107,52.0882659342741,233.273774071868,47.6530855372885,173.879443585781,20.1453395102236,20.874435862868,24.7249160578442,SA
10100,2015,December,12,75 to 84,22,29.9433826039836,22076,985,1107,99.6557347345534,52.0882659342741,233.273774071868,43.1447746883989,27.9324061631167,20.1453395102236,28.0270233042901,SA
10100,2016,January,1,75 to 84,22,32.6183572527375,21139,985,1107,104.073040351956,99.6557347345534,52.0882659342741,181.33699274652,29.9433826039836,27.9324061631167,31.7170028325284,SA
10100,2016,February,2,75 to 84,29,28.4285545467102,20503,985,1107,141.442715700141,104.073040351956,99.6557347345534,616.684471205205,32.6183572527375,29.9433826039836,30.4335677573578,SA
10100,2016,March,3,75 to 84,10,25.801891724117,21240,985,1107,47.0809792843691,141.442715700141,104.073040351956,9.38174312787316,28.4285545467102,32.6183572527375,26.2056602207622,SA
10100,2016,November,11,75 to 84,42,27.1746700766193,20316,985,1107,206.733608978145,47.4203338391502,42.4488255824922,52.0882659342741,21.4621628801348,19.5126626422156,27.9324061631167,SA
10100,2016,December,12,75 to 84,42,27.7694807633802,20115,985,1107,208.799403430276,206.733608978145,47.4203338391502,99.6557347345534,27.1746700766193,21.4621628801348,29.9433826039836,SA
10100,2011,January,1,85+,88,31.3865911887407,19505,985,1107,451.166367598052,494.666872777864,196.523053665911,316.233309908644,30.0123773890246,27.7402568725085,30.9529160595472,SA
10100,2011,February,2,85+,3,30.2568348271355,19616,985,1107,15.2936378466558,451.166367598052,494.666872777864,282.628444534168,31.3865911887407,30.0123773890246,27.042533664519,SA
10100,2011,March,3,85+,13,27.6402747240102,20177,985,1107,64.4297963027209,15.2936378466558,451.166367598052,331.262939958592,30.2568348271355,31.3865911887407,22.678645104697,SA
10100,2011,November,11,85+,200,27.332639011021,19321,985,1107,1035.14310853475,497.257394781361,220.584549054996,196.523053665911,22.0040915129771,18.633006858699,27.7402568725085,SA
10100,2011,December,12,85+,100,28.9364435736748,19825,985,1107,504.413619167718,1035.14310853475,497.257394781361,494.666872777864,27.332639011021,22.0040915129771,30.0123773890246,SA
10100,2012,January,1,85+,18,30.6581627095559,20350,985,1107,88.4520884520885,504.413619167718,1035.14310853475,451.166367598052,28.9364435736748,27.332639011021,31.3865911887407,SA
10100,2012,February,2,85+,7,28.6256489141914,20076,985,1107,34.8675034867503,88.4520884520885,504.413619167718,15.2936378466558,30.6581627095559,28.9364435736748,30.2568348271355,SA
10100,2012,March,3,85+,22,27.4116128547272,20585,985,1107,106.873937333009,34.8675034867503,88.4520884520885,64.4297963027209,28.6256489141914,30.6581627095559,27.6402747240102,SA
10100,2012,November,11,85+,22,25.8595722937221,20101,985,1107,109.447291179543,134.268238102342,308.219178082192,1035.14310853475,17.8314076031126,17.1096538528774,27.332639011021,SA
10100,2012,December,12,85+,25,30.5039952216486,19920,985,1107,125.502008032129,109.447291179543,134.268238102342,504.413619167718,25.8595722937221,17.8314076031126,28.9364435736748,SA
10100,2013,January,1,85+,25,31.9342845988513,20506,985,1107,121.915536916025,125.502008032129,109.447291179543,88.4520884520885,30.5039952216486,25.8595722937221,30.6581627095559,SA
10100,2013,February,2,85+,13,31.1550832803392,20558,985,1107,63.2357233193891,121.915536916025,125.502008032129,34.8675034867503,31.9342845988513,30.5039952216486,28.6256489141914,SA
10100,2013,March,3,85+,19,26.5745504757671,20532,985,1107,92.5384765244496,63.2357233193891,121.915536916025,106.873937333009,31.1550832803392,31.9342845988513,27.4116128547272,SA
10100,2013,November,11,85+,49,26.1246843015617,20596,985,1107,237.910273839581,160.53858104609,289.114826772033,109.447291179543,21.0543088316608,16.6075256928257,25.8595722937221,SA
10100,2013,December,12,85+,40,30.4403913824023,19645,985,1107,203.614151183507,237.910273839581,160.53858104609,125.502008032129,26.1246843015617,21.0543088316608,30.5039952216486,SA
10100,2014,January,1,85+,30,29.6064330673159,20227,985,1107,148.316606516043,203.614151183507,237.910273839581,121.915536916025,30.4403913824023,26.1246843015617,31.9342845988513,SA
10100,2014,February,2,85+,61,28.5000058439308,21368,985,1107,285.473605391239,148.316606516043,203.614151183507,63.2357233193891,29.6064330673159,30.4403913824023,31.1550832803392,SA
10100,2014,March,3,85+,3,24.8182255035111,20477,985,1107,14.6505835815793,285.473605391239,148.316606516043,92.5384765244496,28.5000058439308,29.6064330673159,26.5745504757671,SA
10100,2014,November,11,85+,36,28.0195128972474,19845,985,1107,181.40589569161,360.160687075772,19.2873330440233,237.910273839581,21.4867869040394,19.5698701733015,26.1246843015617,SA
10100,2014,December,12,85+,8,29.2740568348126,20747,985,1107,38.5597917771244,181.40589569161,360.160687075772,203.614151183507,28.0195128972474,21.4867869040394,30.4403913824023,SA
10100,2015,January,1,85+,33,31.8009118304772,20678,985,1107,159.589902311636,38.5597917771244,181.40589569161,148.316606516043,29.2740568348126,28.0195128972474,29.6064330673159,SA
10100,2015,February,2,85+,31,29.6966625693731,20458,985,1107,151.529963828331,159.589902311636,38.5597917771244,285.473605391239,31.8009118304772,29.2740568348126,28.5000058439308,SA
10100,2015,March,3,85+,4,23.4251256932686,20827,985,1107,19.2058385749268,151.529963828331,159.589902311636,14.6505835815793,29.6966625693731,31.8009118304772,24.8182255035111,SA
10100,2015,November,11,85+,34,25.7704528967486,21178,985,1107,160.543960713948,196.560196560197,86.7595314985299,181.40589569161,18.551308392702,18.9012647343354,28.0195128972474,SA
10100,2015,December,12,85+,27,30.6552466731167,20347,985,1107,132.697694991891,160.543960713948,196.560196560197,38.5597917771244,25.7704528967486,18.551308392702,29.2740568348126,SA
10100,2016,January,1,85+,42,29.0623962952957,20857,985,1107,201.371242268783,132.697694991891,160.543960713948,159.589902311636,30.6552466731167,25.7704528967486,31.8009118304772,SA
10100,2016,February,2,85+,20,28.3959044273685,20448,985,1107,97.8090766823161,201.371242268783,132.697694991891,151.529963828331,29.0623962952957,30.6552466731167,29.6966625693731,SA
10100,2016,March,3,85+,5,26.3569561026451,21358,985,1107,23.4104316883603,97.8090766823161,201.371242268783,19.2058385749268,28.3959044273685,29.0623962952957,23.4251256932686,SA
10100,2016,November,11,85+,19,25.732129982784,20954,985,1107,90.6748114918393,27.8706800445931,97.1675654666472,160.543960713948,21.9565276591736,21.5551189790106,25.7704528967486,SA
10100,2016,December,12,85+,73,27.38943482581,21587,985,1107,338.166489090656,90.6748114918393,27.8706800445931,132.697694991891,25.732129982784,21.9565276591736,30.6552466731167,SA
10101,2011,January,1,75 to 84,0,31.1153767281907,694,1103,982,0,141.643059490085,0,429.184549356223,26.9583785518248,27.3642494942803,30.5225225321212,SA
10101,2011,February,2,75 to 84,0,27.4385872269621,707,1103,982,0,0,141.643059490085,0,31.1153767281907,26.9583785518248,30.7661943012031,SA
10101,2011,March,3,75 to 84,1,25.7780151128663,736,1103,982,135.869565217391,0,0,142.857142857143,27.4385872269621,31.1153767281907,25.9486108008671,SA
10101,2011,November,11,75 to 84,0,29.0775295362911,705,1103,982,0,0,0,0,22.8476460955099,17.681330997468,27.3642494942803,SA
10101,2011,December,12,75 to 84,0,31.2685681296398,710,1103,982,0,0,0,141.643059490085,29.0775295362911,22.8476460955099,26.9583785518248,SA
10101,2012,January,1,75 to 84,0,28.8349792820573,738,1103,982,0,0,0,0,31.2685681296398,29.0775295362911,31.1153767281907,SA
10101,2012,February,2,75 to 84,0,26.7396659322671,699,1103,982,0,0,0,0,28.8349792820573,31.2685681296398,27.4385872269621,SA
10101,2012,March,3,75 to 84,0,23.6432714818426,723,1103,982,0,0,0,135.869565217391,26.7396659322671,28.8349792820573,25.7780151128663,SA
10101,2012,November,11,75 to 84,0,23.7653992561006,718,1103,982,0,0,0,0,20.1012184524423,16.3852919037535,29.0775295362911,SA
10101,2012,December,12,75 to 84,0,28.1383893761765,694,1103,982,0,0,0,0,23.7653992561006,20.1012184524423,31.2685681296398,SA
10101,2013,January,1,75 to 84,0,31.5723180677395,709,1103,982,0,0,0,0,28.1383893761765,23.7653992561006,28.8349792820573,SA
10101,2013,February,2,75 to 84,0,30.2889349787315,727,1103,982,0,0,0,0,31.5723180677395,28.1383893761765,26.7396659322671,SA
10101,2013,March,3,75 to 84,0,24.9843012073357,712,1103,982,0,0,0,0,30.2889349787315,31.5723180677395,23.6432714818426,SA
10101,2013,November,11,75 to 84,0,25.5173700566002,724,1103,982,0,0,0,0,21.9337382202996,18.353490510689,23.7653992561006,SA
10101,2013,December,12,75 to 84,0,26.4817987276557,718,1103,982,0,0,0,0,25.5173700566002,21.9337382202996,28.1383893761765,SA
10101,2014,January,1,75 to 84,1,32.8270897783685,756,1103,982,132.275132275132,0,0,0,26.4817987276557,25.5173700566002,31.5723180677395,SA
10101,2014,February,2,75 to 84,1,29.0752414105648,711,1103,982,140.646976090014,132.275132275132,0,0,32.8270897783685,26.4817987276557,30.2889349787315,SA
10101,2014,March,3,75 to 84,0,23.8129938820382,715,1103,982,0,140.646976090014,132.275132275132,0,29.0752414105648,32.8270897783685,24.9843012073357,SA
10101,2014,November,11,75 to 84,0,22.9792888062008,729,1103,982,0,0,0,0,21.2106442517325,18.2642254750184,25.5173700566002,SA
10101,2014,December,12,75 to 84,0,27.4258776202212,726,1103,982,0,0,0,0,22.9792888062008,21.2106442517325,26.4817987276557,SA
10101,2015,January,1,75 to 84,0,31.0772092896816,743,1103,982,0,0,0,132.275132275132,27.4258776202212,22.9792888062008,32.8270897783685,SA
10101,2015,February,2,75 to 84,0,30.1181902533753,709,1103,982,0,0,0,140.646976090014,31.0772092896816,27.4258776202212,29.0752414105648,SA
10101,2015,March,3,75 to 84,1,26.763991900563,738,1103,982,135.50135501355,0,0,0,30.1181902533753,31.0772092896816,23.8129938820382,SA
10101,2015,November,11,75 to 84,1,26.5231010765696,740,1103,982,135.135135135135,0,0,0,19.1699733502888,19.7515825551514,22.9792888062008,SA
10101,2015,December,12,75 to 84,0,27.3688141345124,714,1103,982,0,135.135135135135,0,0,26.5231010765696,19.1699733502888,27.4258776202212,SA
10101,2016,January,1,75 to 84,0,26.6943524696196,748,1103,982,0,0,135.135135135135,0,27.3688141345124,26.5231010765696,31.0772092896816,SA
10101,2016,February,2,75 to 84,0,30.2403867028416,746,1103,982,0,0,0,0,26.6943524696196,27.3688141345124,30.1181902533753,SA
10101,2016,March,3,75 to 84,0,26.073364327212,770,1103,982,0,0,0,135.50135501355,30.2403867028416,26.6943524696196,26.763991900563,SA
10101,2016,November,11,75 to 84,0,28.7334330933127,762,1103,982,0,0,0,135.135135135135,20.4125563064954,17.6233982271029,26.5231010765696,SA
10101,2016,December,12,75 to 84,0,29.5303665318978,744,1103,982,0,0,0,0,28.7334330933127,20.4125563064954,27.3688141345124,SA
10101,2011,January,1,85+,0,28.8811784322137,713,1103,982,0,0,0,720.461095100865,29.5434756758082,26.4467707384641,29.3268027618782,SA
10101,2011,February,2,85+,0,29.3976739744445,710,1103,982,0,0,0,286.532951289398,28.8811784322137,29.5434756758082,26.8339611629507,SA
10101,2011,March,3,85+,1,25.7642343408627,708,1103,982,141.242937853107,0,0,142.247510668563,29.3976739744445,28.8811784322137,24.367068058169,SA
10101,2011,November,11,85+,0,24.6257715170558,726,1103,982,0,0,0,0,24.5799176727486,18.3422259105583,26.4467707384641,SA
10101,2011,December,12,85+,0,26.5518691376159,719,1103,982,0,0,0,0,24.6257715170558,24.5799176727486,29.5434756758082,SA
10101,2012,January,1,85+,0,30.2575651600183,707,1103,982,0,0,0,0,26.5518691376159,24.6257715170558,28.8811784322137,SA
10101,2012,February,2,85+,0,29.5140532580899,735,1103,982,0,0,0,0,30.2575651600183,26.5518691376159,29.3976739744445,SA
10101,2012,March,3,85+,3,25.2472803963038,706,1103,982,424.929178470255,0,0,141.242937853107,29.5140532580899,30.2575651600183,25.7642343408627,SA
10101,2012,November,11,85+,0,27.5098201065254,735,1103,982,0,0,136.612021857924,0,19.7516411121141,17.7418051227976,24.6257715170558,SA
10101,2012,December,12,85+,0,28.0890267463636,703,1103,982,0,0,0,0,27.5098201065254,19.7516411121141,26.5518691376159,SA
10101,2013,January,1,85+,0,27.2997670432859,709,1103,982,0,0,0,0,28.0890267463636,27.5098201065254,30.2575651600183,SA
10101,2013,February,2,85+,0,25.9683351812106,720,1103,982,0,0,0,0,27.2997670432859,28.0890267463636,29.5140532580899,SA
10101,2013,March,3,85+,0,24.7946515937438,715,1103,982,0,0,0,424.929178470255,25.9683351812106,27.2997670432859,25.2472803963038,SA
10101,2013,November,11,85+,2,25.0796925108715,720,1103,982,277.777777777778,131.752305665349,0,0,22.8312045046696,18.708970938254,27.5098201065254,SA
10101,2013,December,12,85+,8,34.0395497614369,726,1103,982,1101.92837465565,277.777777777778,131.752305665349,0,25.0796925108715,22.8312045046696,28.0890267463636,SA
10101,2014,January,1,85+,3,27.3206875936638,732,1103,982,409.836065573771,1101.92837465565,277.777777777778,0,34.0395497614369,25.0796925108715,27.2997670432859,SA
10101,2014,February,2,85+,0,31.8668891958657,729,1103,982,0,409.836065573771,1101.92837465565,0,27.3206875936638,34.0395497614369,25.9683351812106,SA
10101,2014,March,3,85+,0,24.4938751671066,740,1103,982,0,0,409.836065573771,0,31.8668891958657,27.3206875936638,24.7946515937438,SA
10101,2014,November,11,85+,2,21.4398971891098,735,1103,982,272.108843537415,0,0,277.777777777778,21.8073163741797,17.359765793316,25.0796925108715,SA
10101,2014,December,12,85+,0,29.2309929504073,747,1103,982,0,272.108843537415,0,1101.92837465565,21.4398971891098,21.8073163741797,34.0395497614369,SA
10101,2015,January,1,85+,2,32.3136229402882,731,1103,982,273.59781121751,0,272.108843537415,409.836065573771,29.2309929504073,21.4398971891098,27.3206875936638,SA
10101,2015,February,2,85+,1,30.5980559557686,724,1103,982,138.121546961326,273.59781121751,0,0,32.3136229402882,29.2309929504073,31.8668891958657,SA
10101,2015,March,3,85+,0,24.6534429672086,724,1103,982,0,138.121546961326,273.59781121751,0,30.5980559557686,32.3136229402882,24.4938751671066,SA
10101,2015,November,11,85+,1,25.5782860796155,736,1103,982,135.869565217391,132.978723404255,0,272.108843537415,21.3040012063476,19.7868450943207,21.4398971891098,SA
10101,2015,December,12,85+,0,31.1793449893453,749,1103,982,0,135.869565217391,132.978723404255,0,25.5782860796155,21.3040012063476,29.2309929504073,SA
10101,2016,January,1,85+,0,32.5628967886185,750,1103,982,0,0,135.869565217391,273.59781121751,31.1793449893453,25.5782860796155,32.3136229402882,SA
10101,2016,February,2,85+,1,27.4554487334236,764,1103,982,130.890052356021,0,0,138.121546961326,32.5628967886185,31.1793449893453,30.5980559557686,SA
10101,2016,March,3,85+,1,27.864848806756,747,1103,982,133.868808567604,130.890052356021,0,0,27.4554487334236,32.5628967886185,24.6534429672086,SA
10101,2016,November,11,85+,0,26.004811782059,747,1103,982,0,0,0,135.869565217391,22.9597176299614,17.9958876588465,25.5782860796155,SA
10101,2016,December,12,85+,0,28.9232240620083,755,1103,982,0,0,0,0,26.004811782059,22.9597176299614,31.1793449893453,SA
10102,2011,January,1,75 to 84,3,30.4618642155177,4221,1057,1075,71.0732054015636,191.708602923556,114.233493260224,262.279446828803,29.2763793347415,24.8118414488696,29.5916810632457,SA
10102,2011,February,2,75 to 84,4,29.7769011681516,4310,1057,1075,92.8074245939675,71.0732054015636,191.708602923556,93.2835820895522,30.4618642155177,29.2763793347415,27.2395735955804,SA
10102,2011,March,3,75 to 84,1,24.0261685702474,4274,1057,1075,23.3972859148339,92.8074245939675,71.0732054015636,45.4959053685168,29.7769011681516,30.4618642155177,24.3912583316803,SA
10102,2011,November,11,75 to 84,4,24.8233886058181,4193,1057,1075,95.3970903887431,343.642611683849,95.3743443013829,114.233493260224,23.2175792878899,17.6592948763296,24.8118414488696,SA
10102,2011,December,12,75 to 84,16,29.4062371928363,4191,1057,1075,381.770460510618,95.3970903887431,343.642611683849,191.708602923556,24.8233886058181,23.2175792878899,29.2763793347415,SA
10102,2012,January,1,75 to 84,13,30.1080851394522,4313,1057,1075,301.414328773476,381.770460510618,95.3970903887431,71.0732054015636,29.4062371928363,24.8233886058181,30.4618642155177,SA
10102,2012,February,2,75 to 84,8,25.7030019706079,4304,1057,1075,185.873605947955,301.414328773476,381.770460510618,92.8074245939675,30.1080851394522,29.4062371928363,29.7769011681516,SA
10102,2012,March,3,75 to 84,11,25.5722167145157,4327,1057,1075,254.217702796395,185.873605947955,301.414328773476,23.3972859148339,25.7030019706079,30.1080851394522,24.0261685702474,SA
10102,2012,November,11,75 to 84,1,24.5041630043422,4293,1057,1075,23.2937339855579,45.8926112895824,161.849710982659,95.3970903887431,20.2134115644074,16.4092401634901,24.8233886058181,SA
10102,2012,December,12,75 to 84,8,27.0228268504125,4406,1057,1075,181.570585565138,23.2937339855579,45.8926112895824,381.770460510618,24.5041630043422,20.2134115644074,29.4062371928363,SA
10102,2013,January,1,75 to 84,7,30.0958781548177,4317,1057,1075,162.149640954366,181.570585565138,23.2937339855579,301.414328773476,27.0228268504125,24.5041630043422,30.1080851394522,SA
10102,2013,February,2,75 to 84,17,27.1992883055339,4415,1057,1075,385.050962627407,162.149640954366,181.570585565138,185.873605947955,30.0958781548177,27.0228268504125,25.7030019706079,SA
10102,2013,March,3,75 to 84,20,25.9724655810092,4474,1057,1075,447.027268663388,385.050962627407,162.149640954366,254.217702796395,27.1992883055339,30.0958781548177,25.5722167145157,SA
10102,2013,November,11,75 to 84,2,26.2426100660533,4446,1057,1075,44.9842555105713,45.6725279744234,157.303370786517,23.2937339855579,22.5807516176511,15.1029409345241,24.5041630043422,SA
10102,2013,December,12,75 to 84,3,29.1671614790706,4627,1057,1075,64.8368273179166,44.9842555105713,45.6725279744234,181.570585565138,26.2426100660533,22.5807516176511,27.0228268504125,SA
10102,2014,January,1,75 to 84,5,31.5532191915887,4438,1057,1075,112.663361874718,64.8368273179166,44.9842555105713,162.149640954366,29.1671614790706,26.2426100660533,30.0958781548177,SA
10102,2014,February,2,75 to 84,7,29.3323226080226,4345,1057,1075,161.104718066743,112.663361874718,64.8368273179166,385.050962627407,31.5532191915887,29.1671614790706,27.1992883055339,SA
10102,2014,March,3,75 to 84,1,26.4904271988058,4517,1057,1075,22.1385875581138,161.104718066743,112.663361874718,447.027268663388,29.3323226080226,31.5532191915887,25.9724655810092,SA
10102,2014,November,11,75 to 84,6,25.849937999201,4420,1057,1075,135.746606334842,66.9344042838019,23.0308613542146,44.9842555105713,21.7273341799208,17.8107695914758,26.2426100660533,SA
10102,2014,December,12,75 to 84,14,31.1022394071198,4474,1057,1075,312.919088064372,135.746606334842,66.9344042838019,64.8368273179166,25.849937999201,21.7273341799208,29.1671614790706,SA
10102,2015,January,1,75 to 84,9,31.3082401341552,4623,1057,1075,194.678780012979,312.919088064372,135.746606334842,112.663361874718,31.1022394071198,25.849937999201,31.5532191915887,SA
10102,2015,February,2,75 to 84,5,28.5496138429165,4390,1057,1075,113.895216400911,194.678780012979,312.919088064372,161.104718066743,31.3082401341552,31.1022394071198,29.3323226080226,SA
10102,2015,March,3,75 to 84,3,27.3298086159402,4475,1057,1075,67.0391061452514,113.895216400911,194.678780012979,22.1385875581138,28.5496138429165,31.3082401341552,26.4904271988058,SA
10102,2015,November,11,75 to 84,0,29.0826515580355,4505,1057,1075,0,66.5335994677312,45.4648783814503,135.746606334842,22.4097006424005,19.7696688341497,25.849937999201,SA
10102,2015,December,12,75 to 84,0,27.9733413013629,4408,1057,1075,0,0,66.5335994677312,312.919088064372,29.0826515580355,22.4097006424005,31.1022394071198,SA
10102,2016,January,1,75 to 84,1,31.2077352055412,4531,1057,1075,22.0701831825204,0,0,194.678780012979,27.9733413013629,29.0826515580355,31.3082401341552,SA
10102,2016,February,2,75 to 84,1,28.9234861039869,4553,1057,1075,21.9635405227323,22.0701831825204,0,113.895216400911,31.2077352055412,27.9733413013629,28.5496138429165,SA
10102,2016,March,3,75 to 84,5,24.9388393125946,4464,1057,1075,112.007168458781,21.9635405227323,22.0701831825204,67.0391061452514,28.9234861039869,31.2077352055412,27.3298086159402,SA
10102,2016,November,11,75 to 84,2,27.6714536354979,4515,1057,1075,44.296788482835,21.944261575598,154.867256637168,0,23.8419614196349,20.4779251165359,29.0826515580355,SA
10102,2016,December,12,75 to 84,0,27.9600462264772,4503,1057,1075,0,44.296788482835,21.944261575598,0,27.6714536354979,23.8419614196349,27.9733413013629,SA
10102,2011,January,1,85+,12,31.4793748031745,4305,1057,1075,278.745644599303,166.90510252742,307.838029836609,582.207731718677,29.659460347057,26.4764797698466,29.8923073152392,SA
10102,2011,February,2,85+,8,30.5246865752467,4319,1057,1075,185.228062051401,278.745644599303,166.90510252742,434.782608695652,31.4793748031745,29.659460347057,25.8089383885586,SA
10102,2011,March,3,85+,3,24.8442190984421,4232,1057,1075,70.8884688090737,185.228062051401,278.745644599303,319.780721790772,30.5246865752467,31.4793748031745,27.549733903843,SA
10102,2011,November,11,85+,27,27.2387009346017,4428,1057,1075,609.756097560976,548.795036984013,307.183364839319,307.838029836609,23.3870808575649,17.1204683626807,26.4764797698466,SA
10102,2011,December,12,85+,7,28.0416967009158,4313,1057,1075,162.300023185718,609.756097560976,548.795036984013,166.90510252742,27.2387009346017,23.3870808575649,29.659460347057,SA
10102,2012,January,1,85+,3,31.8479060197604,4306,1057,1075,69.6702275894101,162.300023185718,609.756097560976,278.745644599303,28.0416967009158,27.2387009346017,31.4793748031745,SA
10102,2012,February,2,85+,9,27.1663030947958,4332,1057,1075,207.756232686981,69.6702275894101,162.300023185718,185.228062051401,31.8479060197604,28.0416967009158,30.5246865752467,SA
10102,2012,March,3,85+,18,25.5466326217132,4280,1057,1075,420.560747663551,207.756232686981,69.6702275894101,70.8884688090737,27.1663030947958,31.8479060197604,24.8442190984421,SA
10102,2012,November,11,85+,1,24.5237852051737,4391,1057,1075,22.7738556137554,0,278.422273781903,609.756097560976,23.6322185335154,14.9323597928533,27.2387009346017,SA
10102,2012,December,12,85+,1,29.9522477713107,4408,1057,1075,22.6860254083485,22.7738556137554,0,162.300023185718,24.5237852051737,23.6322185335154,28.0416967009158,SA
10102,2013,January,1,85+,5,30.6470330176558,4496,1057,1075,111.209964412811,22.6860254083485,22.7738556137554,69.6702275894101,29.9522477713107,24.5237852051737,31.8479060197604,SA
10102,2013,February,2,85+,10,29.2545988029683,4355,1057,1075,229.621125143513,111.209964412811,22.6860254083485,207.756232686981,30.6470330176558,29.9522477713107,27.1663030947958,SA
10102,2013,March,3,85+,25,27.9370307890677,4486,1057,1075,557.289344627731,229.621125143513,111.209964412811,420.560747663551,29.2545988029683,30.6470330176558,25.5466326217132,SA
10102,2013,November,11,85+,1,23.9238915954304,4398,1057,1075,22.737608003638,23.3045910044279,45.2796015395065,22.7738556137554,23.2604310277665,18.1662066538884,24.5237852051737,SA
10102,2013,December,12,85+,5,26.5228743255323,4319,1057,1075,115.767538782126,22.737608003638,23.3045910044279,22.6860254083485,23.9238915954304,23.2604310277665,29.9522477713107,SA
10102,2014,January,1,85+,3,30.4107912737893,4346,1057,1075,69.0289921767142,115.767538782126,22.737608003638,111.209964412811,26.5228743255323,23.9238915954304,30.6470330176558,SA
10102,2014,February,2,85+,6,28.4151445795904,4346,1057,1075,138.057984353428,69.0289921767142,115.767538782126,229.621125143513,30.4107912737893,26.5228743255323,29.2545988029683,SA
10102,2014,March,3,85+,12,27.2111918018768,4442,1057,1075,270.148581719946,138.057984353428,69.0289921767142,557.289344627731,28.4151445795904,30.4107912737893,27.9370307890677,SA
10102,2014,November,11,85+,8,25.6360195224486,4450,1057,1075,179.775280898876,135.074290859973,22.3015165031222,22.737608003638,21.1452392547691,16.3556074190419,23.9238915954304,SA
10102,2014,December,12,85+,23,27.9629865771566,4496,1057,1075,511.565836298932,179.775280898876,135.074290859973,115.767538782126,25.6360195224486,21.1452392547691,26.5228743255323,SA
10102,2015,January,1,85+,9,29.8782811954743,4539,1057,1075,198.281559814937,511.565836298932,179.775280898876,69.0289921767142,27.9629865771566,25.6360195224486,30.4107912737893,SA
10102,2015,February,2,85+,29,29.8744308614829,4469,1057,1075,648.914746028194,198.281559814937,511.565836298932,138.057984353428,29.8782811954743,27.9629865771566,28.4151445795904,SA
10102,2015,March,3,85+,14,24.8178548580794,4371,1057,1075,320.292839167239,648.914746028194,198.281559814937,270.148581719946,29.8744308614829,29.8782811954743,27.2111918018768,SA
10102,2015,November,11,85+,2,25.6339965395351,4608,1057,1075,43.4027777777778,65.9775676270068,23.0043708304578,179.775280898876,19.7970163962423,19.8263601747422,25.6360195224486,SA
10102,2015,December,12,85+,27,29.9278497249228,4313,1057,1075,626.014375144911,43.4027777777778,65.9775676270068,511.565836298932,25.6339965395351,19.7970163962423,27.9629865771566,SA
10102,2016,January,1,85+,3,31.1661385024542,4571,1057,1075,65.6311529205863,626.014375144911,43.4027777777778,198.281559814937,29.9278497249228,25.6339965395351,29.8782811954743,SA
10102,2016,February,2,85+,17,28.8964358709025,4657,1057,1075,365.041872450075,65.6311529205863,626.014375144911,648.914746028194,31.1661385024542,29.9278497249228,29.8744308614829,SA
10102,2016,March,3,85+,13,26.2941365678545,4640,1057,1075,280.172413793103,365.041872450075,65.6311529205863,320.292839167239,28.8964358709025,31.1661385024542,24.8178548580794,SA
10102,2016,November,11,85+,8,25.5731123840267,4435,1057,1075,180.383314543405,170.212765957447,43.8212094653813,43.4027777777778,22.4773804721103,18.5814426187167,25.6339965395351,SA
10102,2016,December,12,85+,27,29.584859880611,4514,1057,1075,598.139122729287,180.383314543405,170.212765957447,626.014375144911,25.5731123840267,22.4773804721103,29.9278497249228,SA
10103,2011,January,1,75 to 84,4,30.9278802326798,8295,975,859,48.2218203737191,12.1462407384914,164.203612479475,25.2206809583859,31.6880676785162,25.9605688591127,31.6088130772213,SA
10103,2011,February,2,75 to 84,2,30.9149785050904,8019,975,859,24.9407656815064,48.2218203737191,12.1462407384914,24.8292985723153,30.9278802326798,31.6880676785162,27.7632772974478,SA
10103,2011,March,3,75 to 84,12,23.8406647562865,8099,975,859,148.166440301272,24.9407656815064,48.2218203737191,98.255956767379,30.9149785050904,30.9278802326798,24.8123531816311,SA
10103,2011,November,11,75 to 84,0,25.5225811285967,7903,975,859,0,263.189376719703,49.2914356130622,164.203612479475,22.7739025836622,17.4136458004585,25.9605688591127,SA
10103,2011,December,12,75 to 84,11,28.5178816268742,7817,975,859,140.718945887169,0,263.189376719703,12.1462407384914,25.5225811285967,22.7739025836622,31.6880676785162,SA
10103,2012,January,1,75 to 84,11,31.2421309610241,8222,975,859,133.78739965945,140.718945887169,0,48.2218203737191,28.5178816268742,25.5225811285967,30.9278802326798,SA
10103,2012,February,2,75 to 84,43,28.7443782660026,8211,975,859,523.687735963951,133.78739965945,140.718945887169,24.9407656815064,31.2421309610241,28.5178816268742,30.9149785050904,SA
10103,2012,March,3,75 to 84,9,28.4624637783277,8302,975,859,108.407612623464,523.687735963951,133.78739965945,148.166440301272,28.7443782660026,31.2421309610241,23.8406647562865,SA
10103,2012,November,11,75 to 84,18,28.5671013086198,8244,975,859,218.340611353712,50.9683995922528,192.284581180147,0,22.3966053846343,15.5108211562332,25.5225811285967,SA
10103,2012,December,12,75 to 84,17,27.331491824988,8085,975,859,210.265924551639,218.340611353712,50.9683995922528,140.718945887169,28.5671013086198,22.3966053846343,28.5178816268742,SA
10103,2013,January,1,75 to 84,12,28.7407547020969,8266,975,859,145.172997822405,210.265924551639,218.340611353712,133.78739965945,27.331491824988,28.5671013086198,31.2421309610241,SA
10103,2013,February,2,75 to 84,8,29.5681746681671,8234,975,859,97.1581248481905,145.172997822405,210.265924551639,523.687735963951,28.7407547020969,27.331491824988,28.7443782660026,SA
10103,2013,March,3,75 to 84,7,25.5198732686684,8474,975,859,82.6056171819684,97.1581248481905,145.172997822405,108.407612623464,29.5681746681671,28.7407547020969,28.4624637783277,SA
10103,2013,November,11,75 to 84,32,22.8311924318865,8118,975,859,394.185760039419,266.279351246672,358.245830759728,218.340611353712,22.9907870347878,16.5668365236547,28.5671013086198,SA
10103,2013,December,12,75 to 84,29,27.0861031825806,8149,975,859,355.871886120996,394.185760039419,266.279351246672,210.265924551639,22.8311924318865,22.9907870347878,27.331491824988,SA
10103,2014,January,1,75 to 84,30,30.5884675693643,8549,975,859,350.918236051,355.871886120996,394.185760039419,145.172997822405,27.0861031825806,22.8311924318865,28.7407547020969,SA
10103,2014,February,2,75 to 84,11,31.0563016948349,8391,975,859,131.092837564057,350.918236051,355.871886120996,97.1581248481905,30.5884675693643,27.0861031825806,29.5681746681671,SA
10103,2014,March,3,75 to 84,10,26.068480750641,8270,975,859,120.918984280532,131.092837564057,350.918236051,82.6056171819684,31.0563016948349,30.5884675693643,25.5198732686684,SA
10103,2014,November,11,75 to 84,35,25.2199810638055,8306,975,859,421.382133397544,84.6740050804403,205.338809034908,394.185760039419,21.7923899096923,19.4093787815952,22.8311924318865,SA
10103,2014,December,12,75 to 84,33,29.711467999573,8162,975,859,404.312668463612,421.382133397544,84.6740050804403,355.871886120996,25.2199810638055,21.7923899096923,27.0861031825806,SA
10103,2015,January,1,75 to 84,11,28.9921315924935,8536,975,859,128.865979381443,404.312668463612,421.382133397544,350.918236051,29.711467999573,25.2199810638055,30.5884675693643,SA
10103,2015,February,2,75 to 84,12,29.0782451511139,8275,975,859,145.015105740181,128.865979381443,404.312668463612,131.092837564057,28.9921315924935,29.711467999573,31.0563016948349,SA
10103,2015,March,3,75 to 84,14,27.8689187109703,8249,975,859,169.717541520184,145.015105740181,128.865979381443,120.918984280532,29.0782451511139,28.9921315924935,26.068480750641,SA
10103,2015,November,11,75 to 84,6,24.7412779583354,8436,975,859,71.1237553342817,23.2207128758853,23.5349493998588,421.382133397544,24.3698003076875,18.0064869024548,25.2199810638055,SA
10103,2015,December,12,75 to 84,17,26.5530016283573,8341,975,859,203.812492506894,71.1237553342817,23.2207128758853,404.312668463612,24.7412779583354,24.3698003076875,29.711467999573,SA
10103,2016,January,1,75 to 84,47,30.1512530610811,8550,975,859,549.707602339181,203.812492506894,71.1237553342817,128.865979381443,26.5530016283573,24.7412779583354,28.9921315924935,SA
10103,2016,February,2,75 to 84,13,29.1928309295182,8465,975,859,153.573538098051,549.707602339181,203.812492506894,145.015105740181,30.1512530610811,26.5530016283573,29.0782451511139,SA
10103,2016,March,3,75 to 84,6,24.4570156134408,8571,975,859,70.0035001750088,153.573538098051,549.707602339181,169.717541520184,29.1928309295182,30.1512530610811,27.8689187109703,SA
10103,2016,November,11,75 to 84,3,24.1891275363596,8353,975,859,35.9152400335209,58.4043920102792,140.236064041136,71.1237553342817,21.2070100587101,17.2061576736913,24.7412779583354,SA
10103,2016,December,12,75 to 84,17,27.333604423484,8675,975,859,195.965417867435,35.9152400335209,58.4043920102792,203.812492506894,24.1891275363596,21.2070100587101,26.5530016283573,SA
10103,2011,January,1,85+,13,31.7454833106751,7910,975,859,164.348925410872,950.594121325829,100.225507391631,127.48597654258,30.4572812226959,27.6396738309411,27.8488043630918,SA
10103,2011,February,2,85+,9,30.4624212055694,8082,975,859,111.358574610245,164.348925410872,950.594121325829,78.1860828772479,31.7454833106751,30.4572812226959,28.233629689739,SA
10103,2011,March,3,85+,14,25.728336648235,8127,975,859,172.265288544358,111.358574610245,164.348925410872,387.83935943951,30.4624212055694,31.7454833106751,24.3080859301943,SA
10103,2011,November,11,85+,23,26.21015885261,8069,975,859,285.041516916594,112.598523708245,235.003092145949,100.225507391631,22.868067797017,18.9680680266348,27.6396738309411,SA
10103,2011,December,12,85+,16,29.4298947110178,8051,975,859,198.733076636443,285.041516916594,112.598523708245,950.594121325829,26.21015885261,22.868067797017,30.4572812226959,SA
10103,2012,January,1,85+,11,30.7486902250793,8523,975,859,129.062536665493,198.733076636443,285.041516916594,164.348925410872,29.4298947110178,26.21015885261,31.7454833106751,SA
10103,2012,February,2,85+,28,29.587938216799,8304,975,859,337.18689788054,129.062536665493,198.733076636443,111.358574610245,30.7486902250793,29.4298947110178,30.4624212055694,SA
10103,2012,March,3,85+,89,24.6819578996217,8251,975,859,1078.65713246879,337.18689788054,129.062536665493,172.265288544358,29.587938216799,30.7486902250793,25.728336648235,SA
10103,2012,November,11,85+,9,28.0477987036221,7952,975,859,113.17907444668,440.852314474651,107.296137339056,285.041516916594,28.1661711869243,19.8576833060784,26.21015885261,SA
10103,2012,December,12,85+,26,30.5184982743587,8041,975,859,323.342867802512,113.17907444668,440.852314474651,198.733076636443,28.0477987036221,28.1661711869243,29.4298947110178,SA
10103,2013,January,1,85+,52,27.46256699439,8012,975,859,649.026460309536,323.342867802512,113.17907444668,129.062536665493,30.5184982743587,28.0477987036221,30.7486902250793,SA
10103,2013,February,2,85+,13,28.0688330719086,8367,975,859,155.372295924465,649.026460309536,323.342867802512,337.18689788054,27.46256699439,30.5184982743587,29.587938216799,SA
10103,2013,March,3,85+,20,25.9297005730744,8047,975,859,248.539828507518,155.372295924465,649.026460309536,1078.65713246879,28.0688330719086,27.46256699439,24.6819578996217,SA
10103,2013,November,11,85+,16,25.9366527359632,8325,975,859,192.192192192192,572.96111178837,318.471337579618,113.17907444668,20.1418705835027,17.5131905218049,28.0477987036221,SA
10103,2013,December,12,85+,32,29.7541450121598,8484,975,859,377.180575200377,192.192192192192,572.96111178837,323.342867802512,25.9366527359632,20.1418705835027,30.5184982743587,SA
10103,2014,January,1,85+,52,29.6574032568092,8296,975,859,626.808100289296,377.180575200377,192.192192192192,649.026460309536,29.7541450121598,25.9366527359632,27.46256699439,SA
10103,2014,February,2,85+,42,25.395487123628,8447,975,859,497.217947200189,626.808100289296,377.180575200377,155.372295924465,29.6574032568092,29.7541450121598,28.0688330719086,SA
10103,2014,March,3,85+,63,22.9928995395438,8357,975,859,753.859040325476,497.217947200189,626.808100289296,248.539828507518,25.395487123628,29.6574032568092,25.9297005730744,SA
10103,2014,November,11,85+,38,26.808943119308,8343,975,859,455.471652882656,182.882223847842,121.610117961814,192.192192192192,24.7954537013443,17.5160684392916,25.9366527359632,SA
10103,2014,December,12,85+,14,29.1681037747946,8360,975,859,167.464114832536,455.471652882656,182.882223847842,377.180575200377,26.808943119308,24.7954537013443,29.7541450121598,SA
10103,2015,January,1,85+,58,30.132597864265,8328,975,859,696.445725264169,167.464114832536,455.471652882656,626.808100289296,29.1681037747946,26.808943119308,29.6574032568092,SA
10103,2015,February,2,85+,21,28.7201757437197,8258,975,859,254.298861709857,696.445725264169,167.464114832536,497.217947200189,30.132597864265,29.1681037747946,25.395487123628,SA
10103,2015,March,3,85+,21,27.8823303362592,8095,975,859,259.419394688079,254.298861709857,696.445725264169,753.859040325476,28.7201757437197,30.132597864265,22.9928995395438,SA
10103,2015,November,11,85+,7,26.8036201607869,8324,975,859,84.0941854877463,36.0317079029546,138.969310943833,455.471652882656,22.3462465799166,18.8559567355156,26.808943119308,SA
10103,2015,December,12,85+,45,27.5942108988331,8050,975,859,559.006211180124,84.0941854877463,36.0317079029546,167.464114832536,26.8036201607869,22.3462465799166,29.1681037747946,SA
10103,2016,January,1,85+,128,33.1173107995209,8288,975,859,1544.40154440154,559.006211180124,84.0941854877463,696.445725264169,27.5942108988331,26.8036201607869,30.132597864265,SA
10103,2016,February,2,85+,39,27.7843461485564,8721,975,859,447.196422428621,1544.40154440154,559.006211180124,254.298861709857,33.1173107995209,27.5942108988331,28.7201757437197,SA
10103,2016,March,3,85+,59,27.9865672701,8465,975,859,696.987595983461,447.196422428621,1544.40154440154,259.419394688079,27.7843461485564,33.1173107995209,27.8823303362592,SA
10103,2016,November,11,85+,23,28.1458670777999,8495,975,859,270.747498528546,162.60162601626,204.720616570328,84.0941854877463,21.3741926419213,17.4473148953023,26.8036201607869,SA
10103,2016,December,12,85+,77,31.8009851698338,8579,975,859,897.540505886467,270.747498528546,162.60162601626,559.006211180124,28.1458670777999,21.3741926419213,27.5942108988331,SA
10104,2011,January,1,75 to 84,12,30.7763283883687,18045,1038,845,66.5004156275977,129.402498030832,51.6291877007802,348.181717696474,28.4432639452997,28.000929360303,29.9212639284541,SA
10104,2011,February,2,75 to 84,18,28.5095989389074,17533,1038,845,102.663548736668,66.5004156275977,129.402498030832,102.307604865295,30.7763283883687,28.4432639452997,30.7473147956399,SA
10104,2011,March,3,75 to 84,75,24.3515521697185,18382,1038,845,408.007833750408,102.663548736668,66.5004156275977,116.353481877945,28.5095989389074,30.7763283883687,23.3774898371842,SA
10104,2011,November,11,75 to 84,52,26.5082644799448,18923,1038,845,274.797865031972,229.191123036503,467.895597271549,51.6291877007802,24.8498964752646,15.5574631609774,28.000929360303,SA
10104,2011,December,12,75 to 84,62,29.9772597891513,17856,1038,845,347.222222222222,274.797865031972,229.191123036503,129.402498030832,26.5082644799448,24.8498964752646,28.4432639452997,SA
10104,2012,January,1,75 to 84,48,30.3484060447649,17566,1038,845,273.255151998178,347.222222222222,274.797865031972,66.5004156275977,29.9772597891513,26.5082644799448,30.7763283883687,SA
10104,2012,February,2,75 to 84,28,29.4270924943493,17895,1038,845,156.46828723107,273.255151998178,347.222222222222,102.663548736668,30.3484060447649,29.9772597891513,28.5095989389074,SA
10104,2012,March,3,75 to 84,51,25.9953732022562,18400,1038,845,277.173913043478,156.46828723107,273.255151998178,408.007833750408,29.4270924943493,30.3484060447649,24.3515521697185,SA
10104,2012,November,11,75 to 84,6,27.8920945204067,17271,1038,845,34.7403161368769,247.920224781004,319.540727902946,274.797865031972,21.8819395970208,18.163128017407,26.5082644799448,SA
10104,2012,December,12,75 to 84,34,29.7264349318609,17714,1038,845,191.938579654511,34.7403161368769,247.920224781004,347.222222222222,27.8920945204067,21.8819395970208,29.9772597891513,SA
10104,2013,January,1,75 to 84,25,31.1633947008308,18255,1038,845,136.948781155848,191.938579654511,34.7403161368769,273.255151998178,29.7264349318609,27.8920945204067,30.3484060447649,SA
10104,2013,February,2,75 to 84,9,28.0934829010149,17680,1038,845,50.9049773755656,136.948781155848,191.938579654511,156.46828723107,31.1633947008308,29.7264349318609,29.4270924943493,SA
10104,2013,March,3,75 to 84,13,25.0260267138216,18380,1038,845,70.7290533188248,50.9049773755656,136.948781155848,277.173913043478,28.0934829010149,31.1633947008308,25.9953732022562,SA
10104,2013,November,11,75 to 84,6,25.5568400722388,17768,1038,845,33.7685727149933,369.645575125027,436.363636363636,34.7403161368769,24.0525627824609,19.9074803032619,27.8920945204067,SA
10104,2013,December,12,75 to 84,34,28.534644943017,18424,1038,845,184.54190186713,33.7685727149933,369.645575125027,191.938579654511,25.5568400722388,24.0525627824609,29.7264349318609,SA
10104,2014,January,1,75 to 84,18,28.124484426834,18171,1038,845,99.0589400693413,184.54190186713,33.7685727149933,136.948781155848,28.534644943017,25.5568400722388,31.1633947008308,SA
10104,2014,February,2,75 to 84,11,27.0251365704132,18027,1038,845,61.0195817385034,99.0589400693413,184.54190186713,50.9049773755656,28.124484426834,28.534644943017,28.0934829010149,SA
10104,2014,March,3,75 to 84,23,25.207177261553,18265,1038,845,125.923898165891,61.0195817385034,99.0589400693413,70.7290533188248,27.0251365704132,28.124484426834,25.0260267138216,SA
10104,2014,November,11,75 to 84,46,24.897896947728,18443,1038,845,249.417123027707,308.842652795839,21.6017713452503,33.7685727149933,21.6392540568065,18.7405412817268,25.5568400722388,SA
10104,2014,December,12,75 to 84,32,30.8662193066644,18096,1038,845,176.83465959328,249.417123027707,308.842652795839,184.54190186713,24.897896947728,21.6392540568065,28.534644943017,SA
10104,2015,January,1,75 to 84,16,29.7950504232116,18994,1038,845,84.2371275139518,176.83465959328,249.417123027707,99.0589400693413,30.8662193066644,24.897896947728,28.124484426834,SA
10104,2015,February,2,75 to 84,16,29.6932657396516,18635,1038,845,85.8599409712906,84.2371275139518,176.83465959328,61.0195817385034,29.7950504232116,30.8662193066644,27.0251365704132,SA
10104,2015,March,3,75 to 84,33,25.6849435795726,18641,1038,845,177.029129338555,85.8599409712906,84.2371275139518,125.923898165891,29.6932657396516,29.7950504232116,25.207177261553,SA
10104,2015,November,11,75 to 84,4,27.2329300273408,19098,1038,845,20.9446015289559,190.196717748071,143.877224768198,249.417123027707,20.3845580505618,20.1989151273121,24.897896947728,SA
10104,2015,December,12,75 to 84,14,30.1322727461417,18638,1038,845,75.1153557248632,20.9446015289559,190.196717748071,176.83465959328,27.2329300273408,20.3845580505618,30.8662193066644,SA
10104,2016,January,1,75 to 84,7,31.9939755626775,19150,1038,845,36.5535248041775,75.1153557248632,20.9446015289559,84.2371275139518,30.1322727461417,27.2329300273408,29.7950504232116,SA
10104,2016,February,2,75 to 84,33,28.9924171736356,18442,1038,845,178.939377507862,36.5535248041775,75.1153557248632,85.8599409712906,31.9939755626775,30.1322727461417,29.6932657396516,SA
10104,2016,March,3,75 to 84,34,23.6778958072277,19144,1038,845,177.601337233598,178.939377507862,36.5535248041775,177.029129338555,28.9924171736356,31.9939755626775,25.6849435795726,SA
10104,2016,November,11,75 to 84,7,26.2597357158379,18843,1038,845,37.1490739266571,73.7307773330524,107.089312486614,20.9446015289559,23.2091574162276,16.8983884107732,27.2329300273408,SA
10104,2016,December,12,75 to 84,26,29.6629375186507,18903,1038,845,137.544305136751,37.1490739266571,73.7307773330524,75.1153557248632,26.2597357158379,23.2091574162276,30.1322727461417,SA
10104,2011,January,1,85+,57,28.8735108449344,18097,1038,845,314.96933193347,645.198127212516,364.820115619914,222.56462934429,28.4593969061867,27.9105787614417,32.1622580046525,SA
10104,2011,February,2,85+,68,30.1371140342144,18512,1038,845,367.32929991357,314.96933193347,645.198127212516,0,28.8735108449344,28.4593969061867,28.1401835772585,SA
10104,2011,March,3,85+,35,26.0564194449799,18214,1038,845,192.159877017679,367.32929991357,314.96933193347,71.3032031592804,30.1371140342144,28.8735108449344,25.0076762271412,SA
10104,2011,November,11,85+,135,25.232985914375,18220,1038,845,740.944017563118,64.1539695268645,78.003120124805,364.820115619914,20.2518997109225,20.8561160776985,27.9105787614417,SA
10104,2011,December,12,85+,81,29.843469179526,17822,1038,845,454.494445067894,740.944017563118,64.1539695268645,645.198127212516,25.232985914375,20.2518997109225,28.4593969061867,SA
10104,2012,January,1,85+,85,31.4698701269914,17890,1038,845,475.125768585802,454.494445067894,740.944017563118,314.96933193347,29.843469179526,25.232985914375,28.8735108449344,SA
10104,2012,February,2,85+,46,29.2912833825824,18229,1038,845,252.345164298645,475.125768585802,454.494445067894,367.32929991357,31.4698701269914,29.843469179526,30.1371140342144,SA
10104,2012,March,3,85+,48,28.0252627607685,17983,1038,845,266.918756603459,252.345164298645,475.125768585802,192.159877017679,29.2912833825824,31.4698701269914,26.0564194449799,SA
10104,2012,November,11,85+,37,29.1439258281057,18461,1038,845,200.422512323276,87.6952589750617,387.414886123503,740.944017563118,19.4934313618668,16.905202969066,25.232985914375,SA
10104,2012,December,12,85+,60,26.1170271928937,18235,1038,845,329.037565122018,200.422512323276,87.6952589750617,454.494445067894,29.1439258281057,19.4934313618668,29.843469179526,SA
10104,2013,January,1,85+,166,30.2474654901094,18330,1038,845,905.619203491544,329.037565122018,200.422512323276,475.125768585802,26.1170271928937,29.1439258281057,31.4698701269914,SA
10104,2013,February,2,85+,84,30.2457799993518,18524,1038,845,453.465774130857,905.619203491544,329.037565122018,252.345164298645,30.2474654901094,26.1170271928937,29.2912833825824,SA
10104,2013,March,3,85+,22,25.3029232783516,18196,1038,845,120.905693559024,453.465774130857,905.619203491544,266.918756603459,30.2457799993518,30.2474654901094,28.0252627607685,SA
10104,2013,November,11,85+,35,24.2860190677834,17885,1038,845,195.694716242661,143.250688705234,860.462567138003,200.422512323276,20.2131476647008,17.6824261349429,29.1439258281057,SA
10104,2013,December,12,85+,35,30.298676230526,18678,1038,845,187.386229789057,195.694716242661,143.250688705234,329.037565122018,24.2860190677834,20.2131476647008,26.1170271928937,SA
10104,2014,January,1,85+,69,31.3695918916913,17831,1038,845,386.966518983792,187.386229789057,195.694716242661,905.619203491544,30.298676230526,24.2860190677834,30.2474654901094,SA
10104,2014,February,2,85+,79,29.323105185905,19151,1038,845,412.511096026317,386.966518983792,187.386229789057,453.465774130857,31.3695918916913,30.298676230526,30.2457799993518,SA
10104,2014,March,3,85+,114,25.1004580144679,18019,1038,845,632.665519729175,412.511096026317,386.966518983792,120.905693559024,29.323105185905,31.3695918916913,25.3029232783516,SA
10104,2014,November,11,85+,104,27.2267379387315,18980,1038,845,547.945205479452,581.711427639448,856.760374832664,195.694716242661,22.7581509537733,17.9693659365493,24.2860190677834,SA
10104,2014,December,12,85+,23,28.2346393112061,17985,1038,845,127.884348067834,547.945205479452,581.711427639448,187.386229789057,27.2267379387315,22.7581509537733,30.298676230526,SA
10104,2015,January,1,85+,94,33.3519452293794,19021,1038,845,494.190631407392,127.884348067834,547.945205479452,386.966518983792,28.2346393112061,27.2267379387315,31.3695918916913,SA
10104,2015,February,2,85+,21,27.0352004844775,18078,1038,845,116.163292399602,494.190631407392,127.884348067834,412.511096026317,33.3519452293794,28.2346393112061,29.323105185905,SA
10104,2015,March,3,85+,45,21.2932623628344,18458,1038,845,243.796727706144,116.163292399602,494.190631407392,632.665519729175,27.0352004844775,33.3519452293794,25.1004580144679,SA
10104,2015,November,11,85+,77,29.837392079659,19173,1038,845,401.606425702811,72.0660790509452,197.228144989339,547.945205479452,20.8388023282621,19.9004710864706,27.2267379387315,SA
10104,2015,December,12,85+,32,29.2303421804967,18929,1038,845,169.052776163559,401.606425702811,72.0660790509452,127.884348067834,29.837392079659,20.8388023282621,28.2346393112061,SA
10104,2016,January,1,85+,82,30.0949878159853,19223,1038,845,426.57233522343,169.052776163559,401.606425702811,494.190631407392,29.2303421804967,29.837392079659,33.3519452293794,SA
10104,2016,February,2,85+,61,31.3248707995828,18438,1038,845,330.83848573598,426.57233522343,169.052776163559,116.163292399602,30.0949878159853,29.2303421804967,27.0352004844775,SA
10104,2016,March,3,85+,129,27.8060133719092,19108,1038,845,675.10990161189,330.83848573598,426.57233522343,243.796727706144,31.3248707995828,30.0949878159853,21.2932623628344,SA
10104,2016,November,11,85+,18,25.7665147514861,19121,1038,845,94.1373359133936,262.833234994368,113.476710256133,401.606425702811,22.9897260136948,18.561703246939,29.837392079659,SA
10104,2016,December,12,85+,108,29.4173304360775,18576,1038,845,581.395348837209,94.1373359133936,262.833234994368,169.052776163559,25.7665147514861,22.9897260136948,29.2303421804967,SA
10105,2011,January,1,75 to 84,6,31.6236521969003,13457,1096,997,44.5864605781378,73.3030347456385,0,358.501609599064,32.5564061252174,25.81515736531,31.5058677350312,SA
10105,2011,February,2,75 to 84,24,27.465641647407,14136,1096,997,169.779286926995,44.5864605781378,73.3030347456385,134.428678117999,31.6236521969003,32.5564061252174,29.1604588993982,SA
10105,2011,March,3,75 to 84,4,26.2031111855445,13309,1096,997,30.0548501014351,169.779286926995,44.5864605781378,166.618371486526,27.465641647407,31.6236521969003,25.1414964969219,SA
10105,2011,November,11,75 to 84,27,27.1996308603192,13732,1096,997,196.621031168075,212.065813528336,131.21546961326,0,20.4723500370903,16.5599990969498,25.81515736531,SA
10105,2011,December,12,75 to 84,52,31.3069889808865,13201,1096,997,393.909552306643,196.621031168075,212.065813528336,73.3030347456385,27.1996308603192,20.4723500370903,32.5564061252174,SA
10105,2012,January,1,75 to 84,35,31.3481610544728,14015,1096,997,249.732429539779,393.909552306643,196.621031168075,44.5864605781378,31.3069889808865,27.1996308603192,31.6236521969003,SA
10105,2012,February,2,75 to 84,17,26.5798553919879,14092,1096,997,120.635821742833,249.732429539779,393.909552306643,169.779286926995,31.3481610544728,31.3069889808865,27.465641647407,SA
10105,2012,March,3,75 to 84,13,26.111514381456,14078,1096,997,92.3426623099872,120.635821742833,249.732429539779,30.0548501014351,26.5798553919879,31.3481610544728,26.2031111855445,SA
10105,2012,November,11,75 to 84,20,25.0125458793822,13820,1096,997,144.717800289436,243.100243100243,183.13676653725,196.621031168075,21.515871069744,16.0556471319515,27.1996308603192,SA
10105,2012,December,12,75 to 84,5,28.2481199138319,13584,1096,997,36.8080094228504,144.717800289436,243.100243100243,393.909552306643,25.0125458793822,21.515871069744,31.3069889808865,SA
10105,2013,January,1,75 to 84,5,31.0002861047306,14222,1096,997,35.1567993249895,36.8080094228504,144.717800289436,249.732429539779,28.2481199138319,25.0125458793822,31.3481610544728,SA
10105,2013,February,2,75 to 84,7,29.3102703283064,13803,1096,997,50.7136129826849,35.1567993249895,36.8080094228504,120.635821742833,31.0002861047306,28.2481199138319,26.5798553919879,SA
10105,2013,March,3,75 to 84,2,27.8457873904415,13818,1096,997,14.4738746562455,50.7136129826849,35.1567993249895,92.3426623099872,29.3102703283064,31.0002861047306,26.111514381456,SA
10105,2013,November,11,75 to 84,1,23.0628838729751,14488,1096,997,6.90226394257317,125.981917889432,141.663125088539,144.717800289436,19.9540549756153,16.779102267168,25.0125458793822,SA
10105,2013,December,12,75 to 84,25,28.7485355978328,14144,1096,997,176.753393665158,6.90226394257317,125.981917889432,36.8080094228504,23.0628838729751,19.9540549756153,28.2481199138319,SA
10105,2014,January,1,75 to 84,16,31.0699781609703,13941,1096,997,114.76938526648,176.753393665158,6.90226394257317,35.1567993249895,28.7485355978328,23.0628838729751,31.0002861047306,SA
10105,2014,February,2,75 to 84,9,31.093775378706,14090,1096,997,63.875088715401,114.76938526648,176.753393665158,50.7136129826849,31.0699781609703,28.7485355978328,29.3102703283064,SA
10105,2014,March,3,75 to 84,20,26.4219618274339,13885,1096,997,144.040331292762,63.875088715401,114.76938526648,14.4738746562455,31.093775378706,31.0699781609703,27.8457873904415,SA
10105,2014,November,11,75 to 84,13,23.5532067211335,14112,1096,997,92.1201814058957,139.849845429118,83.4550385979554,6.90226394257317,19.9590175458281,17.3448225937815,23.0628838729751,SA
10105,2014,December,12,75 to 84,29,29.0436948180565,14236,1096,997,203.708906996347,92.1201814058957,139.849845429118,176.753393665158,23.5532067211335,19.9590175458281,28.7485355978328,SA
10105,2015,January,1,75 to 84,35,30.4687126313217,13752,1096,997,254.508435136707,203.708906996347,92.1201814058957,114.76938526648,29.0436948180565,23.5532067211335,31.0699781609703,SA
10105,2015,February,2,75 to 84,18,26.9832942781567,14884,1096,997,120.935232464391,254.508435136707,203.708906996347,63.875088715401,30.4687126313217,29.0436948180565,31.093775378706,SA
10105,2015,March,3,75 to 84,26,27.7790114486527,14269,1096,997,182.213189431635,120.935232464391,254.508435136707,144.040331292762,26.9832942781567,30.4687126313217,26.4219618274339,SA
10105,2015,November,11,75 to 84,18,24.5779099668296,14271,1096,997,126.129913811226,268.931351733899,308.080100826215,92.1201814058957,21.9776382252611,18.478944529945,23.5532067211335,SA
10105,2015,December,12,75 to 84,38,28.5465094148741,14381,1096,997,264.237535637299,126.129913811226,268.931351733899,203.708906996347,24.5779099668296,21.9776382252611,29.0436948180565,SA
10105,2016,January,1,75 to 84,24,29.3618863421165,14522,1096,997,165.266492218703,264.237535637299,126.129913811226,254.508435136707,28.5465094148741,24.5779099668296,30.4687126313217,SA
10105,2016,February,2,75 to 84,9,30.087958170035,14485,1096,997,62.133241284087,165.266492218703,264.237535637299,120.935232464391,29.3618863421165,28.5465094148741,26.9832942781567,SA
10105,2016,March,3,75 to 84,19,24.9866166937512,14170,1096,997,134.08609738885,62.133241284087,165.266492218703,182.213189431635,30.087958170035,29.3618863421165,27.7790114486527,SA
10105,2016,November,11,75 to 84,9,25.6681245929329,14141,1096,997,63.6447210239729,217.909431392577,299.714225970586,126.129913811226,23.7833232129397,19.332801008733,24.5779099668296,SA
10105,2016,December,12,75 to 84,6,25.2160058062183,14432,1096,997,41.5742793791574,63.6447210239729,217.909431392577,264.237535637299,25.6681245929329,23.7833232129397,28.5465094148741,SA
10105,2011,January,1,85+,101,29.6895091978654,14067,1096,997,717.99246463354,196.420776953296,493.015612161052,841.067285382831,29.4678545065426,26.7194404742426,29.1864704576853,SA
10105,2011,February,2,85+,109,28.7127083513408,14067,1096,997,774.863154901543,717.99246463354,196.420776953296,904.19967120012,29.6895091978654,29.4678545065426,29.3446644632604,SA
10105,2011,March,3,85+,54,25.6472167693192,13870,1096,997,389.329488103821,774.863154901543,717.99246463354,236.96682464455,28.7127083513408,29.6895091978654,25.917097622987,SA
10105,2011,November,11,85+,22,27.2750938472444,14066,1096,997,156.40551684914,417.070082669249,462.962962962963,493.015612161052,18.4031329772236,18.109034396384,26.7194404742426,SA
10105,2011,December,12,85+,55,30.5991261973688,13888,1096,997,396.02534562212,156.40551684914,417.070082669249,196.420776953296,27.2750938472444,18.4031329772236,29.4678545065426,SA
10105,2012,January,1,85+,85,31.2354192340552,13827,1096,997,614.739278223765,396.02534562212,156.40551684914,717.99246463354,30.5991261973688,27.2750938472444,29.6895091978654,SA
10105,2012,February,2,85+,39,28.5764063588334,13626,1096,997,286.217525319243,614.739278223765,396.02534562212,774.863154901543,31.2354192340552,30.5991261973688,28.7127083513408,SA
10105,2012,March,3,85+,159,25.347372268639,14136,1096,997,1124.78777589134,286.217525319243,614.739278223765,389.329488103821,28.5764063588334,31.2354192340552,25.6472167693192,SA
10105,2012,November,11,85+,59,24.6765292359163,13953,1096,997,422.848133017989,381.679389312977,158.879179605691,156.40551684914,19.6368008086583,19.8000684669446,27.2750938472444,SA
10105,2012,December,12,85+,45,29.2590022332348,13644,1096,997,329.815303430079,422.848133017989,381.679389312977,396.02534562212,24.6765292359163,19.6368008086583,30.5991261973688,SA
10105,2013,January,1,85+,51,31.2335224740434,14381,1096,997,354.634587302691,329.815303430079,422.848133017989,614.739278223765,29.2590022332348,24.6765292359163,31.2354192340552,SA
10105,2013,February,2,85+,65,26.4703330591053,13531,1096,997,480.37839036287,354.634587302691,329.815303430079,286.217525319243,31.2335224740434,29.2590022332348,28.5764063588334,SA
10105,2013,March,3,85+,18,24.7077310191763,13892,1096,997,129.570976101353,480.37839036287,354.634587302691,1124.78777589134,26.4703330591053,31.2335224740434,25.347372268639,SA
10105,2013,November,11,85+,35,28.8954781336022,13710,1096,997,255.28811086798,138.665888191505,28.3728188395517,422.848133017989,23.0809693788427,18.3287331643645,24.6765292359163,SA
10105,2013,December,12,85+,26,27.2505533998883,13533,1096,997,192.122958693564,255.28811086798,138.665888191505,329.815303430079,28.8954781336022,23.0809693788427,29.2590022332348,SA
10105,2014,January,1,85+,61,30.5685106668445,14078,1096,997,433.300184685325,192.122958693564,255.28811086798,354.634587302691,27.2505533998883,28.8954781336022,31.2335224740434,SA
10105,2014,February,2,85+,50,29.7626705518661,13507,1096,997,370.178426001333,433.300184685325,192.122958693564,480.37839036287,30.5685106668445,27.2505533998883,26.4703330591053,SA
10105,2014,March,3,85+,54,25.6843565186672,13972,1096,997,386.487260234755,370.178426001333,433.300184685325,129.570976101353,29.7626705518661,30.5685106668445,24.7077310191763,SA
10105,2014,November,11,85+,15,26.9654141318592,13789,1096,997,108.782362752919,103.770321687997,35.6480821331812,255.28811086798,22.3524904024438,18.2123612946652,28.8954781336022,SA
10105,2014,December,12,85+,83,27.2447981502533,13923,1096,997,596.135890253537,108.782362752919,103.770321687997,192.122958693564,26.9654141318592,22.3524904024438,27.2505533998883,SA
10105,2015,January,1,85+,22,29.9170152006763,13792,1096,997,159.512761020882,596.135890253537,108.782362752919,433.300184685325,27.2447981502533,26.9654141318592,30.5685106668445,SA
10105,2015,February,2,85+,15,30.2650875587758,14405,1096,997,104.1305102395,159.512761020882,596.135890253537,370.178426001333,29.9170152006763,27.2447981502533,29.7626705518661,SA
10105,2015,March,3,85+,46,26.5504424267268,14073,1096,997,326.867050380161,104.1305102395,159.512761020882,386.487260234755,30.2650875587758,29.9170152006763,25.6843565186672,SA
10105,2015,November,11,85+,30,27.6246349782355,13959,1096,997,214.91510853213,243.207560280731,28.0997541271514,108.782362752919,21.117854095114,20.5223357022927,26.9654141318592,SA
10105,2015,December,12,85+,48,27.8479677132305,14044,1096,997,341.782967815437,214.91510853213,243.207560280731,596.135890253537,27.6246349782355,21.117854095114,27.2447981502533,SA
10105,2016,January,1,85+,26,27.8880448571058,14274,1096,997,182.149362477231,341.782967815437,214.91510853213,159.512761020882,27.8479677132305,27.6246349782355,29.9170152006763,SA
10105,2016,February,2,85+,24,28.1106704907776,14319,1096,997,167.609469935051,182.149362477231,341.782967815437,104.1305102395,27.8880448571058,27.8479677132305,30.2650875587758,SA
10105,2016,March,3,85+,14,25.0992485042579,14524,1096,997,96.3921784632333,167.609469935051,182.149362477231,326.867050380161,28.1106704907776,27.8880448571058,26.5504424267268,SA
10105,2016,November,11,85+,30,25.0411906715696,14090,1096,997,212.91696238467,56.5490916802149,178.240899431,214.91510853213,24.4008347716009,17.2353003784367,27.6246349782355,SA
10105,2016,December,12,85+,65,31.6267695585416,14197,1096,997,457.843206311193,212.91696238467,56.5490916802149,341.782967815437,25.0411906715696,24.4008347716009,27.8479677132305,SA
10106,2011,January,1,75 to 84,2,30.1460949371484,6035,1058,982,33.1400165700083,270.72758037225,298.319987439158,553.412711722288,30.1797976987275,26.4198723053683,28.3964662520943,SA
10106,2011,February,2,75 to 84,5,28.2681693903806,6028,1058,982,82.9462508294625,33.1400165700083,270.72758037225,182.754610400399,30.1460949371484,30.1797976987275,28.1396200262298,SA
10106,2011,March,3,75 to 84,12,25.3529602065953,6351,1058,982,188.946622579121,82.9462508294625,33.1400165700083,132.340777502068,28.2681693903806,30.1460949371484,26.4481312524543,SA
10106,2011,November,11,75 to 84,7,27.9959820821533,6073,1058,982,115.26428453812,32.520325203252,556.117290192113,298.319987439158,21.7041021004085,18.5045514457166,26.4198723053683,SA
10106,2011,December,12,75 to 84,2,26.5117758221958,6164,1058,982,32.4464633354964,115.26428453812,32.520325203252,270.72758037225,27.9959820821533,21.7041021004085,30.1797976987275,SA
10106,2012,January,1,75 to 84,8,30.7712248799757,6219,1058,982,128.638044701721,32.4464633354964,115.26428453812,33.1400165700083,26.5117758221958,27.9959820821533,30.1460949371484,SA
10106,2012,February,2,75 to 84,10,30.5027013611324,6037,1058,982,165.645188007288,128.638044701721,32.4464633354964,82.9462508294625,30.7712248799757,26.5117758221958,28.2681693903806,SA
10106,2012,March,3,75 to 84,12,25.261317989634,6152,1058,982,195.058517555267,165.645188007288,128.638044701721,188.946622579121,30.5027013611324,30.7712248799757,25.3529602065953,SA
10106,2012,November,11,75 to 84,3,26.5967029744634,6182,1058,982,48.527984471045,48.2936252414681,16.1655350792111,115.26428453812,22.8702022058822,16.5833439165494,27.9959820821533,SA
10106,2012,December,12,75 to 84,19,31.0759632771085,6145,1058,982,309.194467046379,48.527984471045,48.2936252414681,32.4464633354964,26.5967029744634,22.8702022058822,26.5117758221958,SA
10106,2013,January,1,75 to 84,6,27.8988045166067,6129,1058,982,97.8952520802741,309.194467046379,48.527984471045,128.638044701721,31.0759632771085,26.5967029744634,30.7712248799757,SA
10106,2013,February,2,75 to 84,21,29.5114574362901,6389,1058,982,328.689935827203,97.8952520802741,309.194467046379,165.645188007288,27.8988045166067,31.0759632771085,30.5027013611324,SA
10106,2013,March,3,75 to 84,9,21.9520589610661,6146,1058,982,146.436706801172,328.689935827203,97.8952520802741,195.058517555267,29.5114574362901,27.8988045166067,25.261317989634,SA
10106,2013,November,11,75 to 84,5,25.7297749626501,6194,1058,982,80.7232805941233,31.8775900541919,115.11264594639,48.527984471045,21.8821264429641,17.0497822115042,26.5967029744634,SA
10106,2013,December,12,75 to 84,18,30.5625233393966,6241,1058,982,288.415318058004,80.7232805941233,31.8775900541919,309.194467046379,25.7297749626501,21.8821264429641,31.0759632771085,SA
10106,2014,January,1,75 to 84,12,30.8128374277526,6362,1058,982,188.619930839359,288.415318058004,80.7232805941233,97.8952520802741,30.5625233393966,25.7297749626501,27.8988045166067,SA
10106,2014,February,2,75 to 84,20,31.8889284110575,6296,1058,982,317.662007623888,188.619930839359,288.415318058004,328.689935827203,30.8128374277526,30.5625233393966,29.5114574362901,SA
10106,2014,March,3,75 to 84,11,26.5283814176775,6276,1058,982,175.270873167623,317.662007623888,188.619930839359,146.436706801172,31.8889284110575,30.8128374277526,21.9520589610661,SA
10106,2014,November,11,75 to 84,5,27.4115716680172,6102,1058,982,81.9403474270731,184.729064039409,92.4072077622055,80.7232805941233,21.4598093582777,16.420618073865,25.7297749626501,SA
10106,2014,December,12,75 to 84,4,28.0129315367068,6618,1058,982,60.4412209126624,81.9403474270731,184.729064039409,288.415318058004,27.4115716680172,21.4598093582777,30.5625233393966,SA
10106,2015,January,1,75 to 84,4,29.9843423144973,6316,1058,982,63.3312222925903,60.4412209126624,81.9403474270731,188.619930839359,28.0129315367068,27.4115716680172,30.8128374277526,SA
10106,2015,February,2,75 to 84,11,29.0221899517146,6374,1058,982,172.576090367116,63.3312222925903,60.4412209126624,317.662007623888,29.9843423144973,28.0129315367068,31.8889284110575,SA
10106,2015,March,3,75 to 84,3,26.8644013991903,6392,1058,982,46.9336670838548,172.576090367116,63.3312222925903,175.270873167623,29.0221899517146,29.9843423144973,26.5283814176775,SA
10106,2015,November,11,75 to 84,1,27.5881531863598,6278,1058,982,15.9286396941701,230.026069621224,240.500240500241,81.9403474270731,20.7577736103962,15.5775581799088,27.4115716680172,SA
10106,2015,December,12,75 to 84,1,31.0428209856848,6293,1058,982,15.890672175433,15.9286396941701,230.026069621224,60.4412209126624,27.5881531863598,20.7577736103962,28.0129315367068,SA
10106,2016,January,1,75 to 84,7,29.1848454292071,6331,1058,982,110.567051018796,15.890672175433,15.9286396941701,63.3312222925903,31.0428209856848,27.5881531863598,29.9843423144973,SA
10106,2016,February,2,75 to 84,2,28.7620601947389,6329,1058,982,31.6005688102386,110.567051018796,15.890672175433,172.576090367116,29.1848454292071,31.0428209856848,29.0221899517146,SA
10106,2016,March,3,75 to 84,2,23.3285594759441,6331,1058,982,31.5905860053704,31.6005688102386,110.567051018796,46.9336670838548,28.7620601947389,29.1848454292071,26.8644013991903,SA
10106,2016,November,11,75 to 84,11,26.4348967601177,6445,1058,982,170.674941815361,155.763239875389,454.063871651279,15.9286396941701,19.5322607235035,20.4737801656065,27.5881531863598,SA
10106,2016,December,12,75 to 84,2,29.5543608689906,6401,1058,982,31.2451179503203,170.674941815361,155.763239875389,15.890672175433,26.4348967601177,19.5322607235035,31.0428209856848,SA
10106,2011,January,1,85+,7,30.7454677906271,5964,1058,982,117.370892018779,164.90765171504,305.914343983685,150.27550509267,28.186315197661,22.643542108402,28.8669391544383,SA
10106,2011,February,2,85+,12,29.8976547064603,6290,1058,982,190.779014308426,117.370892018779,164.90765171504,268.006700167504,30.7454677906271,28.186315197661,28.7166143725306,SA
10106,2011,March,3,85+,13,26.5111651025025,6044,1058,982,215.089344804765,190.779014308426,117.370892018779,437.415881561238,29.8976547064603,30.7454677906271,26.1801844670781,SA
10106,2011,November,11,85+,29,27.1774702406635,5994,1058,982,483.817150483817,169.779286926995,287.17294192725,305.914343983685,21.3335728789335,20.0644307593794,22.643542108402,SA
10106,2011,December,12,85+,46,29.1841613390407,5996,1058,982,767.178118745831,483.817150483817,169.779286926995,164.90765171504,27.1774702406635,21.3335728789335,28.186315197661,SA
10106,2012,January,1,85+,16,30.5809428875764,6085,1058,982,262.941659819228,767.178118745831,483.817150483817,117.370892018779,29.1841613390407,27.1774702406635,30.7454677906271,SA
10106,2012,February,2,85+,22,28.9477492834012,6136,1058,982,358.539765319426,262.941659819228,767.178118745831,190.779014308426,30.5809428875764,29.1841613390407,29.8976547064603,SA
10106,2012,March,3,85+,13,28.735025055254,6509,1058,982,199.723459824858,358.539765319426,262.941659819228,215.089344804765,28.9477492834012,30.5809428875764,26.5111651025025,SA
10106,2012,November,11,85+,17,23.4107119250731,6217,1058,982,273.443783175165,0,33.178500331785,483.817150483817,24.045236380047,18.7645712804611,27.1774702406635,SA
10106,2012,December,12,85+,52,28.1088423633946,6312,1058,982,823.82762991128,273.443783175165,0,767.178118745831,23.4107119250731,24.045236380047,29.1841613390407,SA
10106,2013,January,1,85+,11,30.7198844988119,6096,1058,982,180.446194225722,823.82762991128,273.443783175165,262.941659819228,28.1088423633946,23.4107119250731,30.5809428875764,SA
10106,2013,February,2,85+,8,27.8899004991208,6385,1058,982,125.293657008614,180.446194225722,823.82762991128,358.539765319426,30.7198844988119,28.1088423633946,28.9477492834012,SA
10106,2013,March,3,85+,5,28.1320048349831,6395,1058,982,78.1860828772479,125.293657008614,180.446194225722,199.723459824858,27.8899004991208,30.7198844988119,28.735025055254,SA
10106,2013,November,11,85+,40,24.9295173844924,6248,1058,982,640.204865556978,252.326131524996,426.229508196721,273.443783175165,19.7185172376401,18.1039074979712,23.4107119250731,SA
10106,2013,December,12,85+,13,30.2482784757559,6294,1058,982,206.545916746107,640.204865556978,252.326131524996,823.82762991128,24.9295173844924,19.7185172376401,28.1088423633946,SA
10106,2014,January,1,85+,1,28.8019620683407,6455,1058,982,15.4918667699458,206.545916746107,640.204865556978,180.446194225722,30.2482784757559,24.9295173844924,30.7198844988119,SA
10106,2014,February,2,85+,9,28.4642904320727,6325,1058,982,142.292490118577,15.4918667699458,206.545916746107,125.293657008614,28.8019620683407,30.2482784757559,27.8899004991208,SA
10106,2014,March,3,85+,27,27.5030936299317,6053,1058,982,446.059805055345,142.292490118577,15.4918667699458,78.1860828772479,28.4642904320727,28.8019620683407,28.1320048349831,SA
10106,2014,November,11,85+,18,24.4111951945402,6171,1058,982,291.686922702966,295.214418893723,79.8339453935814,640.204865556978,23.7069690438664,17.3278637726439,24.9295173844924,SA
10106,2014,December,12,85+,2,27.4605227582677,6332,1058,982,31.5855969677827,291.686922702966,295.214418893723,206.545916746107,24.4111951945402,23.7069690438664,30.2482784757559,SA
10106,2015,January,1,85+,2,31.613094001421,6457,1058,982,30.9741365959424,31.5855969677827,291.686922702966,15.4918667699458,27.4605227582677,24.4111951945402,28.8019620683407,SA
10106,2015,February,2,85+,20,26.6053985062373,6406,1058,982,312.207305650952,30.9741365959424,31.5855969677827,142.292490118577,31.613094001421,27.4605227582677,28.4642904320727,SA
10106,2015,March,3,85+,40,27.6954684585989,6398,1058,982,625.195373554236,312.207305650952,30.9741365959424,446.059805055345,26.6053985062373,31.613094001421,27.5030936299317,SA
10106,2015,November,11,85+,0,25.421110339784,6535,1058,982,0,301.826846703733,155.666251556663,291.686922702966,20.9900042578685,18.3902845782255,24.4111951945402,SA
10106,2015,December,12,85+,4,30.757524780005,6257,1058,982,63.9284001917852,0,301.826846703733,31.5855969677827,25.421110339784,20.9900042578685,27.4605227582677,SA
10106,2016,January,1,85+,47,29.0217335137897,6573,1058,982,715.04640194736,63.9284001917852,0,30.9741365959424,30.757524780005,25.421110339784,31.613094001421,SA
10106,2016,February,2,85+,5,29.3496088073834,6512,1058,982,76.7813267813268,715.04640194736,63.9284001917852,312.207305650952,29.0217335137897,30.757524780005,26.6053985062373,SA
10106,2016,March,3,85+,7,25.5289088713158,6416,1058,982,109.102244389027,76.7813267813268,715.04640194736,625.195373554236,29.3496088073834,29.0217335137897,27.6954684585989,SA
10106,2016,November,11,85+,2,25.5434511777574,6330,1058,982,31.5955766192733,190.234622701332,63.724709256014,0,21.3175505730296,16.4610016388261,25.421110339784,SA
10106,2016,December,12,85+,9,28.74970956244,6593,1058,982,136.508418019111,31.5955766192733,190.234622701332,63.9284001917852,25.5434511777574,21.3175505730296,30.757524780005,SA
10107,2011,January,1,75 to 84,46,30.7965890046277,12774,898,1034,360.10646625959,413.793103448276,280.458632351728,436.715277236216,31.7973605694437,26.2100099790298,29.2648900252452,SA
10107,2011,February,2,75 to 84,21,31.2073085610321,12917,898,1034,162.576449640009,360.10646625959,413.793103448276,56.5885206143897,30.7965890046277,31.7973605694437,29.8100294225812,SA
10107,2011,March,3,75 to 84,18,24.9865544483647,12689,898,1034,141.855150130034,162.576449640009,360.10646625959,63.5525897680331,31.2073085610321,30.7965890046277,27.0333690774014,SA
10107,2011,November,11,75 to 84,12,28.3415810864004,12956,898,1034,92.6211793763507,117.610161517955,85.8101255948202,280.458632351728,20.8427714231111,16.8877869066944,26.2100099790298,SA
10107,2011,December,12,75 to 84,33,30.0430013871741,13211,898,1034,249.791840133222,92.6211793763507,117.610161517955,413.793103448276,28.3415810864004,20.8427714231111,31.7973605694437,SA
10107,2012,January,1,75 to 84,33,29.8554333266702,13469,898,1034,245.007053233351,249.791840133222,92.6211793763507,360.10646625959,30.0430013871741,28.3415810864004,30.7965890046277,SA
10107,2012,February,2,75 to 84,19,29.3304756650796,12843,898,1034,147.940512341353,245.007053233351,249.791840133222,162.576449640009,29.8554333266702,30.0430013871741,31.2073085610321,SA
10107,2012,March,3,75 to 84,10,25.8622071258323,13031,898,1034,76.7400813444862,147.940512341353,245.007053233351,141.855150130034,29.3304756650796,29.8554333266702,24.9865544483647,SA
10107,2012,November,11,75 to 84,22,28.4483182621443,13056,898,1034,168.504901960784,83.7457175485345,23.5165007446892,92.6211793763507,21.6657702085836,18.6138513754209,28.3415810864004,SA
10107,2012,December,12,75 to 84,9,26.6695928222819,12695,898,1034,70.8940527766837,168.504901960784,83.7457175485345,249.791840133222,28.4483182621443,21.6657702085836,30.0430013871741,SA
10107,2013,January,1,75 to 84,3,29.5111070247205,13389,898,1034,22.4064530584808,70.8940527766837,168.504901960784,245.007053233351,26.6695928222819,28.4483182621443,29.8554333266702,SA
10107,2013,February,2,75 to 84,15,28.9929825124159,13366,898,1034,112.225048630854,22.4064530584808,70.8940527766837,147.940512341353,29.5111070247205,26.6695928222819,29.3304756650796,SA
10107,2013,March,3,75 to 84,3,25.3352181732298,12936,898,1034,23.1910946196661,112.225048630854,22.4064530584808,76.7400813444862,28.9929825124159,29.5111070247205,25.8622071258323,SA
10107,2013,November,11,75 to 84,7,27.0438075744575,13203,898,1034,53.0182534272514,15.1205866787631,67.0091579182488,168.504901960784,20.3661109442048,19.6129961378969,28.4483182621443,SA
10107,2013,December,12,75 to 84,23,27.962395364986,13296,898,1034,172.984356197353,53.0182534272514,15.1205866787631,70.8940527766837,27.0438075744575,20.3661109442048,26.6695928222819,SA
10107,2014,January,1,75 to 84,33,31.2801620777853,13153,898,1034,250.893332319623,172.984356197353,53.0182534272514,22.4064530584808,27.962395364986,27.0438075744575,29.5111070247205,SA
10107,2014,February,2,75 to 84,10,29.940763217904,13306,898,1034,75.1540658349617,250.893332319623,172.984356197353,112.225048630854,31.2801620777853,27.962395364986,28.9929825124159,SA
10107,2014,March,3,75 to 84,20,27.1937192923643,13585,898,1034,147.221199852779,75.1540658349617,250.893332319623,23.1910946196661,29.940763217904,31.2801620777853,25.3352181732298,SA
10107,2014,November,11,75 to 84,1,26.6305763986576,13442,898,1034,7.4393691414968,59.2417061611375,196.163905841325,53.0182534272514,24.5791497328343,17.1830979752169,27.0438075744575,SA
10107,2014,December,12,75 to 84,12,28.172444576486,13476,898,1034,89.0471950133571,7.4393691414968,59.2417061611375,172.984356197353,26.6305763986576,24.5791497328343,27.962395364986,SA
10107,2015,January,1,75 to 84,30,30.9914366884154,13425,898,1034,223.463687150838,89.0471950133571,7.4393691414968,250.893332319623,28.172444576486,26.6305763986576,31.2801620777853,SA
10107,2015,February,2,75 to 84,69,32.0689003823244,13612,898,1034,506.905671466353,223.463687150838,89.0471950133571,75.1540658349617,30.9914366884154,28.172444576486,29.940763217904,SA
10107,2015,March,3,75 to 84,29,30.3978866244689,13607,898,1034,213.12559711913,506.905671466353,223.463687150838,147.221199852779,32.0689003823244,30.9914366884154,27.1937192923643,SA
10107,2015,November,11,75 to 84,7,27.5183252144389,13360,898,1034,52.3952095808383,29.312619082515,58.8841454438393,7.4393691414968,21.6199797889583,17.2587422573792,26.6305763986576,SA
10107,2015,December,12,75 to 84,34,24.8148990112931,13055,898,1034,260.436614324014,52.3952095808383,29.312619082515,89.0471950133571,27.5183252144389,21.6199797889583,28.172444576486,SA
10107,2016,January,1,75 to 84,39,28.8744754457024,13654,898,1034,285.630584444119,260.436614324014,52.3952095808383,223.463687150838,24.8148990112931,27.5183252144389,30.9914366884154,SA
10107,2016,February,2,75 to 84,110,29.6940466429421,13120,898,1034,838.414634146342,285.630584444119,260.436614324014,506.905671466353,28.8744754457024,24.8148990112931,32.0689003823244,SA
10107,2016,March,3,75 to 84,34,24.8856551652803,13316,898,1034,255.331931510964,838.414634146342,285.630584444119,213.12559711913,29.6940466429421,28.8744754457024,30.3978866244689,SA
10107,2016,November,11,75 to 84,5,26.4005688781878,13728,898,1034,36.4219114219114,151.438667339727,235.744806247237,52.3952095808383,23.1381914202614,17.2692945829463,27.5183252144389,SA
10107,2016,December,12,75 to 84,18,27.8218648873088,13820,898,1034,130.246020260492,36.4219114219114,151.438667339727,260.436614324014,26.4005688781878,23.1381914202614,24.8148990112931,SA
10107,2011,January,1,85+,60,27.5757444436181,12803,898,1034,468.640162461923,305.882352941176,1051.47520401758,95.7014115958211,28.764927681763,28.2922123023781,31.7578793589021,SA
10107,2011,February,2,85+,44,28.1887311576389,12571,898,1034,350.011932224962,468.640162461923,305.882352941176,330.110822919123,27.5757444436181,28.764927681763,27.2745418403579,SA
10107,2011,March,3,85+,30,22.9879058223699,12873,898,1034,233.045910044279,350.011932224962,468.640162461923,70.1371571072319,28.1887311576389,27.5757444436181,28.3195654817334,SA
10107,2011,November,11,85+,30,25.1962042388143,13058,898,1034,229.744218103844,23.1231694157546,186.668740763786,1051.47520401758,20.6785987377689,18.4733035718896,28.2922123023781,SA
10107,2011,December,12,85+,35,27.2720090755544,13136,898,1034,266.443361753959,229.744218103844,23.1231694157546,305.882352941176,25.1962042388143,20.6785987377689,28.764927681763,SA
10107,2012,January,1,85+,17,28.1317555050545,12958,898,1034,131.193085352678,266.443361753959,229.744218103844,468.640162461923,27.2720090755544,25.1962042388143,27.5757444436181,SA
10107,2012,February,2,85+,114,29.6252460151376,12994,898,1034,877.327997537325,131.193085352678,266.443361753959,350.011932224962,28.1317555050545,27.2720090755544,28.1887311576389,SA
10107,2012,March,3,85+,57,25.9823697668484,12735,898,1034,447.585394581861,877.327997537325,131.193085352678,233.045910044279,29.6252460151376,28.1317555050545,22.9879058223699,SA
10107,2012,November,11,85+,2,25.889223003282,12800,898,1034,15.625,117.887456774599,317.141089108911,229.744218103844,22.4211723938567,18.0801188466991,25.1962042388143,SA
10107,2012,December,12,85+,22,28.8159227310916,12957,898,1034,169.792390213784,15.625,117.887456774599,266.443361753959,25.889223003282,22.4211723938567,27.2720090755544,SA
10107,2013,January,1,85+,38,31.4109809734172,13298,898,1034,285.757256730335,169.792390213784,15.625,131.193085352678,28.8159227310916,25.889223003282,28.1317555050545,SA
10107,2013,February,2,85+,13,27.7772933915515,13113,898,1034,99.1382597422405,285.757256730335,169.792390213784,877.327997537325,31.4109809734172,28.8159227310916,29.6252460151376,SA
10107,2013,March,3,85+,30,25.1239015714961,13210,898,1034,227.100681302044,99.1382597422405,285.757256730335,447.585394581861,27.7772933915515,31.4109809734172,25.9823697668484,SA
10107,2013,November,11,85+,41,25.834462444767,13201,898,1034,310.582531626392,80.965699985279,103.780578206079,15.625,26.6393791562839,16.5881712505834,25.889223003282,SA
10107,2013,December,12,85+,20,28.002792710071,13157,898,1034,152.010336702896,310.582531626392,80.965699985279,169.792390213784,25.834462444767,26.6393791562839,28.8159227310916,SA
10107,2014,January,1,85+,31,30.6395944820373,13270,898,1034,233.609645817634,152.010336702896,310.582531626392,285.757256730335,28.002792710071,25.834462444767,31.4109809734172,SA
10107,2014,February,2,85+,28,27.7504643083447,13055,898,1034,214.477211796247,233.609645817634,152.010336702896,99.1382597422405,30.6395944820373,28.002792710071,27.7772933915515,SA
10107,2014,March,3,85+,62,24.1309886897631,13249,898,1034,467.959846026115,214.477211796247,233.609645817634,227.100681302044,27.7504643083447,30.6395944820373,25.1239015714961,SA
10107,2014,November,11,85+,7,25.5059741298579,13173,898,1034,53.138996432096,14.7547030616009,211.24104111656,310.582531626392,23.2983753135564,18.9308852235863,25.834462444767,SA
10107,2014,December,12,85+,22,30.7155060309147,13300,898,1034,165.413533834586,53.138996432096,14.7547030616009,152.010336702896,25.5059741298579,23.2983753135564,28.002792710071,SA
10107,2015,January,1,85+,28,29.8466395500712,13201,898,1034,212.105143549731,165.413533834586,53.138996432096,233.609645817634,30.7155060309147,25.5059741298579,30.6395944820373,SA
10107,2015,February,2,85+,21,30.0341072301214,13157,898,1034,159.610853538041,212.105143549731,165.413533834586,214.477211796247,29.8466395500712,30.7155060309147,27.7504643083447,SA
10107,2015,March,3,85+,14,26.4773013127352,13598,898,1034,102.956317105457,159.610853538041,212.105143549731,467.959846026115,30.0341072301214,29.8466395500712,24.1309886897631,SA
10107,2015,November,11,85+,8,22.7475044084365,13856,898,1034,57.7367205542725,65.6886358659952,59.2900022233751,53.138996432096,21.3016738305108,16.0879692276907,25.5059741298579,SA
10107,2015,December,12,85+,40,27.0625421825302,13479,898,1034,296.757919726983,57.7367205542725,65.6886358659952,165.413533834586,22.7475044084365,21.3016738305108,30.7155060309147,SA
10107,2016,January,1,85+,9,30.2618858646954,13358,898,1034,67.3753555921545,296.757919726983,57.7367205542725,212.105143549731,27.0625421825302,22.7475044084365,29.8466395500712,SA
10107,2016,February,2,85+,33,29.0483996498839,13282,898,1034,248.456557747327,67.3753555921545,296.757919726983,159.610853538041,30.2618858646954,27.0625421825302,30.0341072301214,SA
10107,2016,March,3,85+,22,25.1766261962671,13450,898,1034,163.568773234201,248.456557747327,67.3753555921545,102.956317105457,29.0483996498839,30.2618858646954,26.4773013127352,SA
10107,2016,November,11,85+,9,27.3752569084427,13414,898,1034,67.0940808110929,297.641193541186,134.932533733133,57.7367205542725,21.1907323294554,16.747274572547,22.7475044084365,SA
10107,2016,December,12,85+,14,29.4740297231434,12932,898,1034,108.258583359109,67.0940808110929,297.641193541186,296.757919726983,27.3752569084427,21.1907323294554,27.0625421825302,SA
10108,2011,January,1,75 to 84,29,31.989804024453,17214,789,1072,168.467526431974,40.7782826517535,277.476173241646,208.780374644783,30.1056088803042,28.0257510025347,30.774098745231,SA
10108,2011,February,2,75 to 84,48,28.6385477661152,17248,789,1072,278.293135435993,168.467526431974,40.7782826517535,195.985271409906,31.989804024453,30.1056088803042,28.0459700697202,SA
10108,2011,March,3,75 to 84,28,28.2124567239761,17224,789,1072,162.56386437529,278.293135435993,168.467526431974,159.952606635071,28.6385477661152,31.989804024453,24.4328555802185,SA
10108,2011,November,11,75 to 84,16,26.9878444631025,16675,789,1072,95.952023988006,46.8082616581827,62.9831090752935,277.476173241646,22.4260883967214,18.3449313964562,28.0257510025347,SA
10108,2011,December,12,75 to 84,35,27.5580215537098,17144,789,1072,204.153056462902,95.952023988006,46.8082616581827,40.7782826517535,26.9878444631025,22.4260883967214,30.1056088803042,SA
10108,2012,January,1,75 to 84,29,30.553746719173,17028,789,1072,170.307728447263,204.153056462902,95.952023988006,168.467526431974,27.5580215537098,26.9878444631025,31.989804024453,SA
10108,2012,February,2,75 to 84,17,28.6515642291533,17629,789,1072,96.4320154291225,170.307728447263,204.153056462902,278.293135435993,30.553746719173,27.5580215537098,28.6385477661152,SA
10108,2012,March,3,75 to 84,23,25.319414655058,17224,789,1072,133.534602879703,96.4320154291225,170.307728447263,162.56386437529,28.6515642291533,30.553746719173,28.2124567239761,SA
10108,2012,November,11,75 to 84,9,26.5777259189964,17072,789,1072,52.717900656045,113.304311527223,17.8348492955235,95.952023988006,21.3170397917443,18.1357110375026,26.9878444631025,SA
10108,2012,December,12,75 to 84,7,30.6393116770702,17125,789,1072,40.8759124087591,52.717900656045,113.304311527223,204.153056462902,26.5777259189964,21.3170397917443,27.5580215537098,SA
10108,2013,January,1,75 to 84,16,31.0374113406172,17384,789,1072,92.038656235619,40.8759124087591,52.717900656045,170.307728447263,30.6393116770702,26.5777259189964,30.553746719173,SA
10108,2013,February,2,75 to 84,12,30.6977526561302,16881,789,1072,71.0858361471477,92.038656235619,40.8759124087591,96.4320154291225,31.0374113406172,30.6393116770702,28.6515642291533,SA
10108,2013,March,3,75 to 84,46,26.1432383571464,17837,789,1072,257.890900936256,71.0858361471477,92.038656235619,133.534602879703,30.6977526561302,31.0374113406172,25.319414655058,SA
10108,2013,November,11,75 to 84,11,25.2349515308103,17268,789,1072,63.701644660644,91.0591315235331,75.8105901562864,52.717900656045,22.4369152287353,16.4076930584016,26.5777259189964,SA
10108,2013,December,12,75 to 84,57,30.1099432949753,17004,789,1072,335.215243472124,63.701644660644,91.0591315235331,40.8759124087591,25.2349515308103,22.4369152287353,30.6393116770702,SA
10108,2014,January,1,75 to 84,33,31.3348558729113,16939,789,1072,194.816695200425,335.215243472124,63.701644660644,92.038656235619,30.1099432949753,25.2349515308103,31.0374113406172,SA
10108,2014,February,2,75 to 84,28,27.9733772887819,17436,789,1072,160.587290662996,194.816695200425,335.215243472124,71.0858361471477,31.3348558729113,30.1099432949753,30.6977526561302,SA
10108,2014,March,3,75 to 84,29,27.1031873652941,17161,789,1072,168.987821222539,160.587290662996,194.816695200425,257.890900936256,27.9733772887819,31.3348558729113,26.1432383571464,SA
10108,2014,November,11,75 to 84,5,23.1495623975376,17254,789,1072,28.9787875275299,69.9994166715278,46.0564191134139,63.701644660644,22.9765582813797,16.3310089569811,25.2349515308103,SA
10108,2014,December,12,75 to 84,38,31.8923896041374,17545,789,1072,216.585921915076,28.9787875275299,69.9994166715278,335.215243472124,23.1495623975376,22.9765582813797,30.1099432949753,SA
10108,2015,January,1,75 to 84,14,28.867596598329,17571,789,1072,79.6767400830915,216.585921915076,28.9787875275299,194.816695200425,31.8923896041374,23.1495623975376,31.3348558729113,SA
10108,2015,February,2,75 to 84,55,28.9216950069764,17205,789,1072,319.6745132229,79.6767400830915,216.585921915076,160.587290662996,28.867596598329,31.8923896041374,27.9733772887819,SA
10108,2015,March,3,75 to 84,35,25.5291576558083,17589,789,1072,198.988003866053,319.6745132229,79.6767400830915,168.987821222539,28.9216950069764,28.867596598329,27.1031873652941,SA
10108,2015,November,11,75 to 84,13,26.0200202940274,16807,789,1072,77.3487237460582,206.076307112577,121.205125245296,28.9787875275299,23.1589882900567,20.2940545434651,23.1495623975376,SA
10108,2015,December,12,75 to 84,31,28.909469963035,17519,789,1072,176.950739197443,77.3487237460582,206.076307112577,216.585921915076,26.0200202940274,23.1589882900567,31.8923896041374,SA
10108,2016,January,1,75 to 84,22,30.8004453873386,17985,789,1072,122.324159021407,176.950739197443,77.3487237460582,79.6767400830915,28.909469963035,26.0200202940274,28.867596598329,SA
10108,2016,February,2,75 to 84,13,29.3646197560065,17401,789,1072,74.7083500948221,122.324159021407,176.950739197443,319.6745132229,30.8004453873386,28.909469963035,28.9216950069764,SA
10108,2016,March,3,75 to 84,35,23.9921065122979,17694,789,1072,197.807166271052,74.7083500948221,122.324159021407,198.988003866053,29.3646197560065,30.8004453873386,25.5291576558083,SA
10108,2016,November,11,75 to 84,47,26.8018514979316,17542,789,1072,267.928400410444,107.393172055166,21.8364450267497,77.3487237460582,21.8430318610511,18.1475641619775,26.0200202940274,SA
10108,2016,December,12,75 to 84,60,29.1355625710267,17502,789,1072,342.817963661296,267.928400410444,107.393172055166,176.950739197443,26.8018514979316,21.8430318610511,28.909469963035,SA
10108,2011,January,1,85+,38,30.6780159577156,17217,789,1072,220.712086890864,5.97300203082069,71.9856028794241,629.420932741877,28.0259023732268,25.0568704541354,31.5307561556468,SA
10108,2011,February,2,85+,30,25.4923953778723,16815,789,1072,178.412132024978,220.712086890864,5.97300203082069,436.263670591048,30.6780159577156,28.0259023732268,28.536749227284,SA
10108,2011,March,3,85+,33,26.0925656126071,16919,789,1072,195.046988592706,178.412132024978,220.712086890864,209.320938250323,25.4923953778723,30.6780159577156,25.6257507975073,SA
10108,2011,November,11,85+,65,26.3350998961564,17096,789,1072,380.205896116051,238.969516815294,344.65780403742,71.9856028794241,22.9711096145499,16.283135028909,25.0568704541354,SA
10108,2011,December,12,85+,38,28.6232432150808,17116,789,1072,222.014489366675,380.205896116051,238.969516815294,5.97300203082069,26.3350998961564,22.9711096145499,28.0259023732268,SA
10108,2012,January,1,85+,55,32.2684431781785,16666,789,1072,330.013200528021,222.014489366675,380.205896116051,220.712086890864,28.6232432150808,26.3350998961564,30.6780159577156,SA
10108,2012,February,2,85+,133,30.0873028934742,16992,789,1072,782.721280602637,330.013200528021,222.014489366675,178.412132024978,32.2684431781785,28.6232432150808,25.4923953778723,SA
10108,2012,March,3,85+,61,26.2941628453043,16934,789,1072,360.222038502421,782.721280602637,330.013200528021,195.046988592706,30.0873028934742,32.2684431781785,26.0925656126071,SA
10108,2012,November,11,85+,81,26.4040680006489,17520,789,1072,462.328767123288,105.479050688544,179.180394196867,380.205896116051,21.3031614602447,18.1834620830972,26.3350998961564,SA
10108,2012,December,12,85+,60,29.6139772574903,17460,789,1072,343.642611683849,462.328767123288,105.479050688544,222.014489366675,26.4040680006489,21.3031614602447,28.6232432150808,SA
10108,2013,January,1,85+,184,29.395311481921,16972,789,1072,1084.13858119255,343.642611683849,462.328767123288,330.013200528021,29.6139772574903,26.4040680006489,32.2684431781785,SA
10108,2013,February,2,85+,62,29.8777916725778,17665,789,1072,350.976507217662,1084.13858119255,343.642611683849,782.721280602637,29.395311481921,29.6139772574903,30.0873028934742,SA
10108,2013,March,3,85+,94,26.5965425567427,16786,789,1072,559.990468247349,350.976507217662,1084.13858119255,360.222038502421,29.8777916725778,29.395311481921,26.2941628453043,SA
10108,2013,November,11,85+,21,26.1959905725012,17112,789,1072,122.720897615708,370.308028951355,227.25948371307,462.328767123288,20.0605370917798,19.7711159368831,26.4040680006489,SA
10108,2013,December,12,85+,25,30.7162625448168,17083,789,1072,146.34431891354,122.720897615708,370.308028951355,343.642611683849,26.1959905725012,20.0605370917798,29.6139772574903,SA
10108,2014,January,1,85+,147,32.609350706038,17305,789,1072,849.465472406819,146.34431891354,122.720897615708,1084.13858119255,30.7162625448168,26.1959905725012,29.395311481921,SA
10108,2014,February,2,85+,36,28.7376682913106,17263,789,1072,208.538492730116,849.465472406819,146.34431891354,350.976507217662,32.609350706038,30.7162625448168,29.8777916725778,SA
10108,2014,March,3,85+,55,26.6138445838814,17876,789,1072,307.675095099575,208.538492730116,849.465472406819,559.990468247349,28.7376682913106,32.609350706038,26.5965425567427,SA
10108,2014,November,11,85+,102,24.5324187703923,17809,789,1072,572.744118142512,331.694604039566,113.417262107293,122.720897615708,21.1102858487026,18.2263813567991,26.1959905725012,SA
10108,2014,December,12,85+,57,30.5537264616529,17192,789,1072,331.549557933923,572.744118142512,331.694604039566,146.34431891354,24.5324187703923,21.1102858487026,30.7162625448168,SA
10108,2015,January,1,85+,107,30.4352345214641,17487,789,1072,611.883113169783,331.549557933923,572.744118142512,849.465472406819,30.5537264616529,24.5324187703923,32.609350706038,SA
10108,2015,February,2,85+,74,31.7626653425109,18045,789,1072,410.085896370186,611.883113169783,331.549557933923,208.538492730116,30.4352345214641,30.5537264616529,28.7376682913106,SA
10108,2015,March,3,85+,25,26.7617873100579,17430,789,1072,143.430866322433,410.085896370186,611.883113169783,307.675095099575,31.7626653425109,30.4352345214641,26.6138445838814,SA
10108,2015,November,11,85+,20,27.3825744232883,17024,789,1072,117.481203007519,80.0869515473943,177.082143265166,572.744118142512,21.4560459092948,18.3240018454131,24.5324187703923,SA
10108,2015,December,12,85+,128,28.4528302855529,17939,789,1072,713.529182228664,117.481203007519,80.0869515473943,331.549557933923,27.3825744232883,21.4560459092948,30.5537264616529,SA
10108,2016,January,1,85+,118,31.7985566732281,17794,789,1072,663.144880296729,713.529182228664,117.481203007519,611.883113169783,28.4528302855529,27.3825744232883,30.4352345214641,SA
10108,2016,February,2,85+,45,30.6235547650058,17606,789,1072,255.59468363058,663.144880296729,713.529182228664,410.085896370186,31.7985566732281,28.4528302855529,31.7626653425109,SA
10108,2016,March,3,85+,54,24.9196223801703,17947,789,1072,300.885941940157,255.59468363058,663.144880296729,143.430866322433,30.6235547650058,31.7985566732281,26.7617873100579,SA
10108,2016,November,11,85+,61,27.6051096767955,18316,789,1072,333.042148940817,307.902839548409,538.929021901158,117.481203007519,21.9394531419836,17.4109599949214,27.3825744232883,SA
10108,2016,December,12,85+,59,27.6823153120406,18130,789,1072,325.427468284611,333.042148940817,307.902839548409,713.529182228664,27.6051096767955,21.9394531419836,28.4528302855529,SA
10109,2011,January,1,75 to 84,9,29.5214827667472,2476,1007,1101,363.489499192246,118.670886075949,0,361.881785283474,26.7973539614854,25.9558723560258,29.0080172016008,SA
10109,2011,February,2,75 to 84,7,28.0872488163534,2558,1007,1101,273.651290070368,363.489499192246,118.670886075949,444.264943457189,29.5214827667472,26.7973539614854,29.9906564964125,SA
10109,2011,March,3,75 to 84,6,25.9265409555127,2507,1007,1101,239.329876346231,273.651290070368,363.489499192246,203.417412530513,28.0872488163534,29.5214827667472,24.6184716108154,SA
10109,2011,November,11,75 to 84,1,25.4218948914252,2432,1007,1101,41.1184210526316,161.355385235982,122.100122100122,0,20.4850573249597,17.1982800721009,25.9558723560258,SA
10109,2011,December,12,75 to 84,3,29.1193437834436,2579,1007,1101,116.324156649864,41.1184210526316,161.355385235982,118.670886075949,25.4218948914252,20.4850573249597,26.7973539614854,SA
10109,2012,January,1,75 to 84,5,29.7161012579183,2584,1007,1101,193.498452012384,116.324156649864,41.1184210526316,363.489499192246,29.1193437834436,25.4218948914252,29.5214827667472,SA
10109,2012,February,2,75 to 84,3,27.6439958676961,2431,1007,1101,123.406005758947,193.498452012384,116.324156649864,273.651290070368,29.7161012579183,29.1193437834436,28.0872488163534,SA
10109,2012,March,3,75 to 84,8,26.3620605234208,2544,1007,1101,314.465408805031,123.406005758947,193.498452012384,239.329876346231,27.6439958676961,29.7161012579183,25.9265409555127,SA
10109,2012,November,11,75 to 84,0,25.3047918769903,2486,1007,1101,0,278.108859753675,154.978690430066,41.1184210526316,20.9679321870636,17.6773691478437,25.4218948914252,SA
10109,2012,December,12,75 to 84,0,28.2178142207293,2453,1007,1101,0,0,278.108859753675,116.324156649864,25.3047918769903,20.9679321870636,29.1193437834436,SA
10109,2013,January,1,75 to 84,0,29.0757033434077,2560,1007,1101,0,0,0,193.498452012384,28.2178142207293,25.3047918769903,29.7161012579183,SA
10109,2013,February,2,75 to 84,4,32.0925616855227,2646,1007,1101,151.171579743008,0,0,123.406005758947,29.0757033434077,28.2178142207293,27.6439958676961,SA
10109,2013,March,3,75 to 84,8,25.7538861910418,2509,1007,1101,318.852132323635,151.171579743008,0,314.465408805031,32.0925616855227,29.0757033434077,26.3620605234208,SA
10109,2013,November,11,75 to 84,0,25.0783652973265,2530,1007,1101,0,0,0,0,21.5783213800349,17.3766524084417,25.3047918769903,SA
10109,2013,December,12,75 to 84,1,26.505907232763,2519,1007,1101,39.6982929734021,0,0,0,25.0783652973265,21.5783213800349,28.2178142207293,SA
10109,2014,January,1,75 to 84,2,29.3977505904989,2510,1007,1101,79.6812749003984,39.6982929734021,0,0,26.505907232763,25.0783652973265,29.0757033434077,SA
10109,2014,February,2,75 to 84,7,28.1325510705079,2498,1007,1101,280.224179343475,79.6812749003984,39.6982929734021,151.171579743008,29.3977505904989,26.505907232763,32.0925616855227,SA
10109,2014,March,3,75 to 84,16,28.8965826468716,2510,1007,1101,637.450199203187,280.224179343475,79.6812749003984,318.852132323635,28.1325510705079,29.3977505904989,25.7538861910418,SA
10109,2014,November,11,75 to 84,0,23.9972116453023,2512,1007,1101,0,0,79.4596742153357,0,21.6019365104428,18.5714502021225,25.0783652973265,SA
10109,2014,December,12,75 to 84,2,28.2763850821026,2619,1007,1101,76.3650248186331,0,0,39.6982929734021,23.9972116453023,21.6019365104428,26.505907232763,SA
10109,2015,January,1,75 to 84,2,30.0679660992333,2597,1007,1101,77.0119368502118,76.3650248186331,0,79.6812749003984,28.2763850821026,23.9972116453023,29.3977505904989,SA
10109,2015,February,2,75 to 84,5,30.9285634429347,2615,1007,1101,191.204588910134,77.0119368502118,76.3650248186331,280.224179343475,30.0679660992333,28.2763850821026,28.1325510705079,SA
10109,2015,March,3,75 to 84,7,25.701732011155,2692,1007,1101,260.029717682021,191.204588910134,77.0119368502118,637.450199203187,30.9285634429347,30.0679660992333,28.8965826468716,SA
10109,2015,November,11,75 to 84,0,23.0804398705542,2579,1007,1101,0,38.5951370127364,0,0,23.7967630125952,16.6712577755735,23.9972116453023,SA
10109,2015,December,12,75 to 84,1,28.4086430775032,2493,1007,1101,40.1123144805455,0,38.5951370127364,76.3650248186331,23.0804398705542,23.7967630125952,28.2763850821026,SA
10109,2016,January,1,75 to 84,4,29.6813885865935,2650,1007,1101,150.943396226415,40.1123144805455,0,77.0119368502118,28.4086430775032,23.0804398705542,30.0679660992333,SA
10109,2016,February,2,75 to 84,4,27.7126045348589,2527,1007,1101,158.290462999604,150.943396226415,40.1123144805455,191.204588910134,29.6813885865935,28.4086430775032,30.9285634429347,SA
10109,2016,March,3,75 to 84,2,28.0421175922327,2587,1007,1101,77.3096250483185,158.290462999604,150.943396226415,260.029717682021,27.7126045348589,29.6813885865935,25.701732011155,SA
10109,2016,November,11,75 to 84,4,27.5246629701551,2609,1007,1101,153.315446531238,39.1083300743058,0,0,23.4711059770823,19.4987668314169,23.0804398705542,SA
10109,2016,December,12,75 to 84,0,27.4771789847967,2584,1007,1101,0,153.315446531238,39.1083300743058,40.1123144805455,27.5246629701551,23.4711059770823,28.4086430775032,SA
10109,2011,January,1,85+,7,27.551095772828,2486,1007,1101,281.576830249397,244.897959183673,347.222222222222,208.333333333333,30.5543113292756,24.7074722138875,29.5858562621662,SA
10109,2011,February,2,85+,6,29.1179711053472,2486,1007,1101,241.351568785197,281.576830249397,244.897959183673,196.69551534225,27.551095772828,30.5543113292756,29.7178016289108,SA
10109,2011,March,3,85+,10,25.7139837162008,2509,1007,1101,398.565165404544,241.351568785197,281.576830249397,584.55114822547,29.1179711053472,27.551095772828,27.32656828415,SA
10109,2011,November,11,85+,12,23.4745519646484,2416,1007,1101,496.688741721854,695.012264922322,39.0777647518562,347.222222222222,22.686513633961,17.2573049548529,24.7074722138875,SA
10109,2011,December,12,85+,10,28.4580808863544,2560,1007,1101,390.625,496.688741721854,695.012264922322,244.897959183673,23.4745519646484,22.686513633961,30.5543113292756,SA
10109,2012,January,1,85+,5,31.618025248682,2511,1007,1101,199.123855037834,390.625,496.688741721854,281.576830249397,28.4580808863544,23.4745519646484,27.551095772828,SA
10109,2012,February,2,85+,12,29.8411832770154,2572,1007,1101,466.56298600311,199.123855037834,390.625,241.351568785197,31.618025248682,28.4580808863544,29.1179711053472,SA
10109,2012,March,3,85+,15,24.9981126821907,2489,1007,1101,602.65166733628,466.56298600311,199.123855037834,398.565165404544,29.8411832770154,31.618025248682,25.7139837162008,SA
10109,2012,November,11,85+,10,26.4475174772162,2539,1007,1101,393.855848759354,40.5350628293474,38.4615384615385,496.688741721854,22.8627726670734,17.3455654920742,23.4745519646484,SA
10109,2012,December,12,85+,0,28.2868896514057,2489,1007,1101,0,393.855848759354,40.5350628293474,390.625,26.4475174772162,22.8627726670734,28.4580808863544,SA
10109,2013,January,1,85+,2,33.5780849676804,2558,1007,1101,78.1860828772479,0,393.855848759354,199.123855037834,28.2868896514057,26.4475174772162,31.618025248682,SA
10109,2013,February,2,85+,16,27.7135552384436,2485,1007,1101,643.863179074447,78.1860828772479,0,466.56298600311,33.5780849676804,28.2868896514057,29.8411832770154,SA
10109,2013,March,3,85+,9,24.2336803404056,2422,1007,1101,371.59372419488,643.863179074447,78.1860828772479,602.65166733628,27.7135552384436,33.5780849676804,24.9981126821907,SA
10109,2013,November,11,85+,11,23.4802781692998,2539,1007,1101,433.24143363529,117.1875,115.340253748558,393.855848759354,22.6666216235708,15.6329358763517,26.4475174772162,SA
10109,2013,December,12,85+,1,26.5457605286524,2460,1007,1101,40.650406504065,433.24143363529,117.1875,0,23.4802781692998,22.6666216235708,28.2868896514057,SA
10109,2014,January,1,85+,3,27.4995643913306,2650,1007,1101,113.207547169811,40.650406504065,433.24143363529,78.1860828772479,26.5457605286524,23.4802781692998,33.5780849676804,SA
10109,2014,February,2,85+,2,28.925663514182,2589,1007,1101,77.2499034376207,113.207547169811,40.650406504065,643.863179074447,27.4995643913306,26.5457605286524,27.7135552384436,SA
10109,2014,March,3,85+,3,26.0783015374186,2587,1007,1101,115.964437572478,77.2499034376207,113.207547169811,371.59372419488,28.925663514182,27.4995643913306,24.2336803404056,SA
10109,2014,November,11,85+,7,22.8806935164444,2586,1007,1101,270.688321732405,279.552715654952,510.604870384918,433.24143363529,22.478792184235,19.7117628965972,23.4802781692998,SA
10109,2014,December,12,85+,4,30.4083037960438,2591,1007,1101,154.380548050946,270.688321732405,279.552715654952,40.650406504065,22.8806935164444,22.478792184235,26.5457605286524,SA
10109,2015,January,1,85+,3,27.4159272397949,2581,1007,1101,116.234017822549,154.380548050946,270.688321732405,113.207547169811,30.4083037960438,22.8806935164444,27.4995643913306,SA
10109,2015,February,2,85+,1,28.9573636856385,2633,1007,1101,37.9794910748196,116.234017822549,154.380548050946,77.2499034376207,27.4159272397949,30.4083037960438,28.925663514182,SA
10109,2015,March,3,85+,2,24.8431877667001,2592,1007,1101,77.1604938271605,37.9794910748196,116.234017822549,115.964437572478,28.9573636856385,27.4159272397949,26.0783015374186,SA
10109,2015,November,11,85+,6,27.778753784218,2541,1007,1101,236.127508854782,382.995021064726,275.049115913556,270.688321732405,21.4494927845074,18.7716230017427,22.8806935164444,SA
10109,2015,December,12,85+,4,30.3581455034876,2600,1007,1101,153.846153846154,236.127508854782,382.995021064726,154.380548050946,27.778753784218,21.4494927845074,30.4083037960438,SA
10109,2016,January,1,85+,5,31.9009591081392,2572,1007,1101,194.401244167963,153.846153846154,236.127508854782,116.234017822549,30.3581455034876,27.778753784218,27.4159272397949,SA
10109,2016,February,2,85+,3,29.5620821532191,2621,1007,1101,114.46012972148,194.401244167963,153.846153846154,37.9794910748196,31.9009591081392,30.3581455034876,28.9573636856385,SA
10109,2016,March,3,85+,0,25.5897714911558,2657,1007,1101,0,114.46012972148,194.401244167963,77.1604938271605,29.5620821532191,31.9009591081392,24.8431877667001,SA
10109,2016,November,11,85+,1,27.7036975548773,2517,1007,1101,39.7298371076679,0,0,236.127508854782,23.4939526466063,18.1041790794667,27.778753784218,SA
10109,2016,December,12,85+,5,30.6980926142656,2623,1007,1101,190.621425848265,39.7298371076679,0,153.846153846154,27.7036975548773,23.4939526466063,30.3581455034876,SA
