lga_code,year,month,month_num,age_group,deaths,tmean,erp,IRSD,IRSAD,mortality_rate,mortality_lag1,mortality_lag2,mortality_lag12,tmean_lag1,tmean_lag2,tmean_lag12,state
10000,2011,January,1,75 to 84,18,28.4266602846202,6025,1064,1095,298.755186721992,371.747211895911,66.8002672010688,16.5672630881378,29.2855226114666,26.8236451034533,27.4656665039568,NSW
10000,2011,February,2,75 to 84,32,30.8703481121517,5727,1064,1095,558.756766195216,298.755186721992,371.747211895911,80.8015513897867,28.4266602846202,29.2855226114666,30.7874470592731,NSW
10000,2011,March,3,75 to 84,21,27.2383097658115,5908,1064,1095,355.450236966825,558.756766195216,298.755186721992,198.774225608746,30.8703481121517,28.4266602846202,25.8365510415268,NSW
10000,2011,November,11,75 to 84,8,27.6059158074071,6077,1064,1095,131.643903241731,151.642796967144,16.6861338227933,66.8002672010688,21.8718651033488,16.3714512970456,26.8236451034533,NSW
10000,2011,December,12,75 to 84,6,28.7101129037865,5872,1064,1095,102.179836512262,131.643903241731,151.642796967144,371.747211895911,27.6059158074071,21.8718651033488,29.2855226114666,NSW
10000,2012,January,1,75 to 84,21,28.2516827281651,6225,1064,1095,337.349397590361,102.179836512262,131.643903241731,298.755186721992,28.7101129037865,27.6059158074071,28.4266602846202,NSW
10000,2012,February,2,75 to 84,6,27.7004296465058,6192,1064,1095,96.8992248062015,337.349397590361,102.179836512262,558.756766195216,28.2516827281651,28.7101129037865,30.8703481121517,NSW
10000,2012,March,3,75 to 84,12,27.0274041168876,5934,1064,1095,202.224469160768,96.8992248062015,337.349397590361,355.450236966825,27.7004296465058,28.2516827281651,27.2383097658115,NSW
10000,2012,November,11,75 to 84,8,21.1590157553487,5894,1064,1095,135.731252120801,32.927230819888,65.7678395264716,131.643903241731,22.4946868011366,17.7729060564963,27.6059158074071,NSW
10000,2012,December,12,75 to 84,11,27.7705155734063,6186,1064,1095,177.820885871322,135.731252120801,32.927230819888,102.179836512262,21.1590157553487,22.4946868011366,28.7101129037865,NSW
10000,2013,January,1,75 to 84,6,30.4298228510314,6059,1064,1095,99.0262419541179,177.820885871322,135.731252120801,337.349397590361,27.7705155734063,21.1590157553487,28.2516827281651,NSW
10000,2013,February,2,75 to 84,10,27.0974352567263,6271,1064,1095,159.464200287036,99.0262419541179,177.820885871322,96.8992248062015,30.4298228510314,27.7705155734063,27.7004296465058,NSW
10000,2013,March,3,75 to 84,16,26.6518255656695,6080,1064,1095,263.157894736842,159.464200287036,99.0262419541179,202.224469160768,27.0974352567263,30.4298228510314,27.0274041168876,NSW
10000,2013,November,11,75 to 84,14,24.0215935946951,6187,1064,1095,226.280911588815,32.5626831650928,0,135.731252120801,20.6703449253748,18.6054471835459,21.1590157553487,NSW
10000,2013,December,12,75 to 84,7,28.9714690930502,6384,1064,1095,109.649122807018,226.280911588815,32.5626831650928,177.820885871322,24.0215935946951,20.6703449253748,27.7705155734063,NSW
10000,2014,January,1,75 to 84,7,29.351805309793,6063,1064,1095,115.454395513772,109.649122807018,226.280911588815,99.0262419541179,28.9714690930502,24.0215935946951,30.4298228510314,NSW
10000,2014,February,2,75 to 84,6,31.4630120082439,6114,1064,1095,98.135426889107,115.454395513772,109.649122807018,159.464200287036,29.351805309793,28.9714690930502,27.0974352567263,NSW
10000,2014,March,3,75 to 84,5,27.8425891732046,6164,1064,1095,81.1161583387411,98.135426889107,115.454395513772,263.157894736842,31.4630120082439,29.351805309793,26.6518255656695,NSW
10000,2014,November,11,75 to 84,2,25.2976992820393,6100,1064,1095,32.7868852459016,47.4683544303798,80.9192425958893,226.280911588815,21.6374653483916,20.5288308663077,24.0215935946951,NSW
10000,2014,December,12,75 to 84,2,27.7687358880041,6144,1064,1095,32.5520833333333,32.7868852459016,47.4683544303798,109.649122807018,25.2976992820393,21.6374653483916,28.9714690930502,NSW
10000,2015,January,1,75 to 84,3,33.2248790036334,6357,1064,1095,47.192071731949,32.5520833333333,32.7868852459016,115.454395513772,27.7687358880041,25.2976992820393,29.351805309793,NSW
10000,2015,February,2,75 to 84,7,26.9266727879645,6012,1064,1095,116.43379906853,47.192071731949,32.5520833333333,98.135426889107,33.2248790036334,27.7687358880041,31.4630120082439,NSW
10000,2015,March,3,75 to 84,14,26.7438057199957,6258,1064,1095,223.713646532438,116.43379906853,47.192071731949,81.1161583387411,26.9266727879645,33.2248790036334,27.8425891732046,NSW
10000,2015,November,11,75 to 84,1,24.8974607663236,6426,1064,1095,15.5617802676626,188.946622579121,110.270951480781,32.7868852459016,20.6488123741293,17.6566562773038,25.2976992820393,NSW
10000,2015,December,12,75 to 84,5,26.7866745548853,6195,1064,1095,80.7102502017756,15.5617802676626,188.946622579121,32.5520833333333,24.8974607663236,20.6488123741293,27.7687358880041,NSW
10000,2016,January,1,75 to 84,1,30.9289253022741,6227,1064,1095,16.0590974787217,80.7102502017756,15.5617802676626,47.192071731949,26.7866745548853,24.8974607663236,33.2248790036334,NSW
10000,2016,February,2,75 to 84,12,28.9189058368711,6259,1064,1095,191.723917558715,16.0590974787217,80.7102502017756,116.43379906853,30.9289253022741,26.7866745548853,26.9266727879645,NSW
10000,2016,March,3,75 to 84,5,24.9714397314605,6417,1064,1095,77.9180302321957,191.723917558715,16.0590974787217,223.713646532438,28.9189058368711,30.9289253022741,26.7438057199957,NSW
10000,2016,November,11,75 to 84,9,25.0611336303925,6379,1064,1095,141.087944818937,48.7250284229333,47.5586556753329,15.5617802676626,20.8472895955904,18.1268156520762,24.8974607663236,NSW
10000,2016,December,12,75 to 84,21,27.5768969474186,6437,1064,1095,326.238931179121,141.087944818937,48.7250284229333,80.7102502017756,25.0611336303925,20.8472895955904,26.7866745548853,NSW
10000,2011,January,1,85+,9,31.0098807950323,6005,1064,1095,149.875104079933,303.611377436881,657.439446366782,256.805341551104,30.983209221232,25.3328270324945,28.2206901220294,NSW
10000,2011,February,2,85+,18,29.0364533588977,6013,1064,1095,299.351405288542,149.875104079933,303.611377436881,169.033130493577,31.0098807950323,30.983209221232,29.0798219573684,NSW
10000,2011,March,3,85+,3,23.738364023695,6075,1064,1095,49.3827160493827,299.351405288542,149.875104079933,16.8463611859838,29.0364533588977,31.0098807950323,26.7994839302397,NSW
10000,2011,November,11,85+,3,26.572138744177,6059,1064,1095,49.5131209770589,32.8137817883511,187.649266461958,657.439446366782,21.6606670278364,16.4415653395394,25.3328270324945,NSW
10000,2011,December,12,85+,7,27.7529295467559,5917,1064,1095,118.303194186243,49.5131209770589,32.8137817883511,303.611377436881,26.572138744177,21.6606670278364,30.983209221232,NSW
10000,2012,January,1,85+,1,30.8744871085201,6111,1064,1095,16.3639338897071,118.303194186243,49.5131209770589,149.875104079933,27.7529295467559,26.572138744177,31.0098807950323,NSW
10000,2012,February,2,85+,6,26.953437627798,6174,1064,1095,97.1817298347911,16.3639338897071,118.303194186243,299.351405288542,30.8744871085201,27.7529295467559,29.0364533588977,NSW
10000,2012,March,3,85+,0,21.7853379815592,6211,1064,1095,0,97.1817298347911,16.3639338897071,49.3827160493827,26.953437627798,30.8744871085201,23.738364023695,NSW
10000,2012,November,11,85+,9,27.7717713371578,6129,1064,1095,146.842878120411,148.760330578512,452.781371280724,49.5131209770589,19.0877224359391,17.8092770897615,26.572138744177,NSW
10000,2012,December,12,85+,12,31.7180695225903,6132,1064,1095,195.694716242661,146.842878120411,148.760330578512,118.303194186243,27.7717713371578,19.0877224359391,27.7529295467559,NSW
10000,2013,January,1,85+,6,31.611018390423,6020,1064,1095,99.6677740863787,195.694716242661,146.842878120411,16.3639338897071,31.7180695225903,27.7717713371578,30.8744871085201,NSW
10000,2013,February,2,85+,9,28.8871827806549,5938,1064,1095,151.566183900303,99.6677740863787,195.694716242661,97.1817298347911,31.611018390423,31.7180695225903,26.953437627798,NSW
10000,2013,March,3,85+,10,25.9500044865861,6221,1064,1095,160.745860794085,151.566183900303,99.6677740863787,0,28.8871827806549,31.611018390423,21.7853379815592,NSW
10000,2013,November,11,85+,35,25.4044542195082,6351,1064,1095,551.094315855771,511.018843819866,198.117880138683,146.842878120411,20.7264082974749,17.5503562550306,27.7717713371578,NSW
10000,2013,December,12,85+,24,27.1018032486301,6249,1064,1095,384.061449831973,551.094315855771,511.018843819866,195.694716242661,25.4044542195082,20.7264082974749,31.7180695225903,NSW
10000,2014,January,1,85+,7,32.5313842244185,5972,1064,1095,117.213663764233,384.061449831973,551.094315855771,99.6677740863787,27.1018032486301,25.4044542195082,31.611018390423,NSW
10000,2014,February,2,85+,5,28.9041994394636,6371,1064,1095,78.4806152880239,117.213663764233,384.061449831973,151.566183900303,32.5313842244185,27.1018032486301,28.8871827806549,NSW
10000,2014,March,3,85+,8,27.6124176159086,6197,1064,1095,129.094723253187,78.4806152880239,117.213663764233,160.745860794085,28.9041994394636,32.5313842244185,25.9500044865861,NSW
10000,2014,November,11,85+,12,27.2696544283695,6488,1064,1095,184.956843403206,284.720025308447,15.9033078880407,551.094315855771,22.477585390612,15.8770771203458,25.4044542195082,NSW
10000,2014,December,12,85+,10,29.1954885129025,6283,1064,1095,159.159637116027,184.956843403206,284.720025308447,384.061449831973,27.2696544283695,22.477585390612,27.1018032486301,NSW
10000,2015,January,1,85+,43,28.6871167837567,6288,1064,1095,683.842239185751,159.159637116027,184.956843403206,117.213663764233,29.1954885129025,27.2696544283695,32.5313842244185,NSW
10000,2015,February,2,85+,19,30.3399519403618,6000,1064,1095,316.666666666667,683.842239185751,159.159637116027,78.4806152880239,28.6871167837567,29.1954885129025,28.9041994394636,NSW
10000,2015,March,3,85+,11,26.2558821227613,6584,1064,1095,167.071688942892,316.666666666667,683.842239185751,129.094723253187,30.3399519403618,28.6871167837567,27.6124176159086,NSW
10000,2015,November,11,85+,2,23.9692484964161,6241,1064,1095,32.0461464508893,15.9007791381778,110.689437065149,184.956843403206,22.4653453840913,18.7998890441305,27.2696544283695,NSW
10000,2015,December,12,85+,1,26.0137686099026,6249,1064,1095,16.0025604096655,32.0461464508893,15.9007791381778,159.159637116027,23.9692484964161,22.4653453840913,29.1954885129025,NSW
10000,2016,January,1,85+,10,29.8255462242621,6444,1064,1095,155.183116076971,16.0025604096655,32.0461464508893,683.842239185751,26.0137686099026,23.9692484964161,28.6871167837567,NSW
10000,2016,February,2,85+,20,30.6372976678396,6299,1064,1095,317.510715986665,155.183116076971,16.0025604096655,316.666666666667,29.8255462242621,26.0137686099026,30.3399519403618,NSW
10000,2016,March,3,85+,13,26.9541860527732,6080,1064,1095,213.815789473684,317.510715986665,155.183116076971,167.071688942892,30.6372976678396,29.8255462242621,26.2558821227613,NSW
10000,2016,November,11,85+,5,24.7537827089956,6475,1064,1095,77.2200772200772,15.5327741534638,141.353855819067,32.0461464508893,23.3490310798047,17.4063030745667,23.9692484964161,NSW
10000,2016,December,12,85+,3,28.4323861800956,6296,1064,1095,47.6493011435832,77.2200772200772,15.5327741534638,16.0025604096655,24.7537827089956,23.3490310798047,26.0137686099026,NSW
10001,2011,January,1,75 to 84,0,31.3775117565325,2329,953,1027,0,0,0,132.567388422448,27.5909208687441,24.4645646166804,29.323598029415,NSW
10001,2011,February,2,75 to 84,1,28.2491522605132,2256,953,1027,44.3262411347518,0,0,224.517287831163,31.3775117565325,27.5909208687441,29.6995484106215,NSW
10001,2011,March,3,75 to 84,6,23.3774415799952,2292,953,1027,261.780104712042,44.3262411347518,0,172.265288544358,28.2491522605132,31.3775117565325,25.4984929217453,NSW
10001,2011,November,11,75 to 84,2,27.5609347293718,2211,953,1027,90.4568068747173,91.743119266055,172.711571675302,0,22.6586955825828,18.6664305771173,24.4645646166804,NSW
10001,2011,December,12,75 to 84,4,29.6543523122043,2226,953,1027,179.694519317161,90.4568068747173,91.743119266055,0,27.5609347293718,22.6586955825828,27.5909208687441,NSW
10001,2012,January,1,75 to 84,3,29.6326743313612,2229,953,1027,134.589502018843,179.694519317161,90.4568068747173,0,29.6543523122043,27.5609347293718,31.3775117565325,NSW
10001,2012,February,2,75 to 84,6,30.3021913171858,2320,953,1027,258.620689655172,134.589502018843,179.694519317161,44.3262411347518,29.6326743313612,29.6543523122043,28.2491522605132,NSW
10001,2012,March,3,75 to 84,3,27.2009335347647,2256,953,1027,132.978723404255,258.620689655172,134.589502018843,261.780104712042,30.3021913171858,29.6326743313612,23.3774415799952,NSW
10001,2012,November,11,75 to 84,0,26.2418395269893,2317,953,1027,0,0,169.923534409516,90.4568068747173,20.0200052102696,18.1258960192725,27.5609347293718,NSW
10001,2012,December,12,75 to 84,0,27.9908106489626,2263,953,1027,0,0,0,179.694519317161,26.2418395269893,20.0200052102696,29.6543523122043,NSW
10001,2013,January,1,75 to 84,1,31.4357464112887,2412,953,1027,41.4593698175788,0,0,134.589502018843,27.9908106489626,26.2418395269893,29.6326743313612,NSW
10001,2013,February,2,75 to 84,0,32.5649369420178,2316,953,1027,0,41.4593698175788,0,258.620689655172,31.4357464112887,27.9908106489626,30.3021913171858,NSW
10001,2013,March,3,75 to 84,0,24.6260311344698,2241,953,1027,0,0,41.4593698175788,132.978723404255,32.5649369420178,31.4357464112887,27.2009335347647,NSW
10001,2013,November,11,75 to 84,1,23.8447348345133,2360,953,1027,42.3728813559322,130.94718463553,168.847615027438,0,21.0352078126095,14.9918132726456,26.2418395269893,NSW
10001,2013,December,12,75 to 84,1,31.0211733886946,2388,953,1027,41.8760469011725,42.3728813559322,130.94718463553,0,23.8447348345133,21.0352078126095,27.9908106489626,NSW
10001,2014,January,1,75 to 84,4,29.7139448510327,2311,953,1027,173.085244482908,41.8760469011725,42.3728813559322,41.4593698175788,31.0211733886946,23.8447348345133,31.4357464112887,NSW
10001,2014,February,2,75 to 84,6,28.141196431071,2317,953,1027,258.955545964609,173.085244482908,41.8760469011725,0,29.7139448510327,31.0211733886946,32.5649369420178,NSW
10001,2014,March,3,75 to 84,0,30.7760667110995,2376,953,1027,0,258.955545964609,173.085244482908,0,28.141196431071,29.7139448510327,24.6260311344698,NSW
10001,2014,November,11,75 to 84,8,24.5264440460932,2364,953,1027,338.409475465313,549.45054945055,758.21398483572,42.3728813559322,22.7027876837952,17.85575519838,23.8447348345133,NSW
10001,2014,December,12,75 to 84,2,27.3937274670536,2405,953,1027,83.1600831600832,338.409475465313,549.45054945055,41.8760469011725,24.5264440460932,22.7027876837952,31.0211733886946,NSW
10001,2015,January,1,75 to 84,6,28.9598780050857,2324,953,1027,258.175559380379,83.1600831600832,338.409475465313,173.085244482908,27.3937274670536,24.5264440460932,29.7139448510327,NSW
10001,2015,February,2,75 to 84,1,27.7762188706363,2319,953,1027,43.122035360069,258.175559380379,83.1600831600832,258.955545964609,28.9598780050857,27.3937274670536,28.141196431071,NSW
10001,2015,March,3,75 to 84,0,27.9485749500254,2396,953,1027,0,43.122035360069,258.175559380379,0,27.7762188706363,28.9598780050857,30.7760667110995,NSW
10001,2015,November,11,75 to 84,2,24.8799815884306,2417,953,1027,82.7472072817542,126.475548060708,212.314225053079,338.409475465313,22.4350515816484,18.1453563505516,24.5264440460932,NSW
10001,2015,December,12,75 to 84,7,27.657858647045,2388,953,1027,293.132328308208,82.7472072817542,126.475548060708,83.1600831600832,24.8799815884306,22.4350515816484,27.3937274670536,NSW
10001,2016,January,1,75 to 84,3,31.7956164956191,2456,953,1027,122.14983713355,293.132328308208,82.7472072817542,258.175559380379,27.657858647045,24.8799815884306,28.9598780050857,NSW
10001,2016,February,2,75 to 84,5,28.1052621886205,2391,953,1027,209.117524048515,122.14983713355,293.132328308208,43.122035360069,31.7956164956191,27.657858647045,27.7762188706363,NSW
10001,2016,March,3,75 to 84,2,26.4545685428382,2442,953,1027,81.9000819000819,209.117524048515,122.14983713355,0,28.1052621886205,31.7956164956191,27.9485749500254,NSW
10001,2016,November,11,75 to 84,0,26.4174423699581,2434,953,1027,0,41.7710944026734,41.6319733555371,82.7472072817542,21.5026813626987,18.1761893769405,24.8799815884306,NSW
10001,2016,December,12,75 to 84,0,27.1498157567225,2386,953,1027,0,0,41.7710944026734,293.132328308208,26.4174423699581,21.5026813626987,27.657858647045,NSW
10001,2011,January,1,85+,3,30.7585501978959,2269,953,1027,132.216835610401,314.465408805031,312.5,216.169476869866,28.2773542055406,28.6468189948632,31.891552404697,NSW
10001,2011,February,2,85+,6,28.1378002482095,2262,953,1027,265.25198938992,132.216835610401,314.465408805031,343.642611683849,30.7585501978959,28.2773542055406,27.7150705128322,NSW
10001,2011,March,3,85+,13,25.5521256722727,2328,953,1027,558.419243986254,265.25198938992,132.216835610401,308.370044052863,28.1378002482095,30.7585501978959,26.9380272813,NSW
10001,2011,November,11,85+,0,24.3483773874212,2318,953,1027,0,0,0,312.5,24.6856363123646,20.8029832505006,28.6468189948632,NSW
10001,2011,December,12,85+,0,28.6760419471106,2216,953,1027,0,0,0,314.465408805031,24.3483773874212,24.6856363123646,28.2773542055406,NSW
10001,2012,January,1,85+,3,32.0629129570687,2377,953,1027,126.20950778292,0,0,132.216835610401,28.6760419471106,24.3483773874212,30.7585501978959,NSW
10001,2012,February,2,85+,0,30.4256382648538,2294,953,1027,0,126.20950778292,0,265.25198938992,32.0629129570687,28.6760419471106,28.1378002482095,NSW
10001,2012,March,3,85+,5,27.9149024281187,2352,953,1027,212.585034013605,0,126.20950778292,558.419243986254,30.4256382648538,32.0629129570687,25.5521256722727,NSW
10001,2012,November,11,85+,4,24.5129047812035,2363,953,1027,169.276343630978,45.1263537906137,0,0,21.4308763027285,17.394434523057,24.3483773874212,NSW
10001,2012,December,12,85+,9,31.3621929239107,2364,953,1027,380.710659898477,169.276343630978,45.1263537906137,0,24.5129047812035,21.4308763027285,28.6760419471106,NSW
10001,2013,January,1,85+,0,30.1342698416441,2272,953,1027,0,380.710659898477,169.276343630978,126.20950778292,31.3621929239107,24.5129047812035,32.0629129570687,NSW
10001,2013,February,2,85+,0,29.3170301540971,2345,953,1027,0,0,380.710659898477,0,30.1342698416441,31.3621929239107,30.4256382648538,NSW
10001,2013,March,3,85+,1,26.3144492495916,2277,953,1027,43.9174352217831,0,0,212.585034013605,29.3170301540971,30.1342698416441,27.9149024281187,NSW
10001,2013,November,11,85+,6,26.1607832248506,2253,953,1027,266.311584553928,342.026507054297,526.315789473684,169.276343630978,20.3819817059915,16.3854049575924,24.5129047812035,NSW
10001,2013,December,12,85+,15,31.3259345527626,2205,953,1027,680.272108843537,266.311584553928,342.026507054297,380.710659898477,26.1607832248506,20.3819817059915,31.3621929239107,NSW
10001,2014,January,1,85+,6,27.7270137839026,2413,953,1027,248.653128885205,680.272108843537,266.311584553928,0,31.3259345527626,26.1607832248506,30.1342698416441,NSW
10001,2014,February,2,85+,12,29.5787172611704,2449,953,1027,489.995916700694,248.653128885205,680.272108843537,0,27.7270137839026,31.3259345527626,29.3170301540971,NSW
10001,2014,March,3,85+,4,27.3493171299816,2326,953,1027,171.969045571797,489.995916700694,248.653128885205,43.9174352217831,29.5787172611704,27.7270137839026,26.3144492495916,NSW
10001,2014,November,11,85+,3,25.1665206650912,2330,953,1027,128.755364806867,0,176.600441501104,266.311584553928,21.9099801200001,18.4615901868159,26.1607832248506,NSW
10001,2014,December,12,85+,0,28.7202807010842,2283,953,1027,0,128.755364806867,0,680.272108843537,25.1665206650912,21.9099801200001,31.3259345527626,NSW
10001,2015,January,1,85+,0,32.8242596885797,2360,953,1027,0,0,128.755364806867,248.653128885205,28.7202807010842,25.1665206650912,27.7270137839026,NSW
10001,2015,February,2,85+,3,30.2387062496846,2363,953,1027,126.957257723233,0,0,489.995916700694,32.8242596885797,28.7202807010842,29.5787172611704,NSW
10001,2015,March,3,85+,6,24.6281043907586,2417,953,1027,248.241621845263,126.957257723233,0,171.969045571797,30.2387062496846,32.8242596885797,27.3493171299816,NSW
10001,2015,November,11,85+,13,24.3189822510629,2343,953,1027,554.844216816048,42.0521446593776,204.582651391162,128.755364806867,21.7999444169157,19.323351851727,25.1665206650912,NSW
10001,2015,December,12,85+,0,29.6199919115932,2394,953,1027,0,554.844216816048,42.0521446593776,0,24.3189822510629,21.7999444169157,28.7202807010842,NSW
10001,2016,January,1,85+,1,32.2862142152682,2439,953,1027,41.0004100041,0,554.844216816048,0,29.6199919115932,24.3189822510629,32.8242596885797,NSW
10001,2016,February,2,85+,8,29.5799056774748,2500,953,1027,320,41.0004100041,0,126.957257723233,32.2862142152682,29.6199919115932,30.2387062496846,NSW
10001,2016,March,3,85+,0,26.2880005567084,2303,953,1027,0,320,41.0004100041,248.241621845263,29.5799056774748,32.2862142152682,24.6281043907586,NSW
10001,2016,November,11,85+,8,24.1754790381622,2432,953,1027,328.947368421053,124.275062137531,254.668930390492,554.844216816048,25.5475832980042,17.9481097413014,24.3189822510629,NSW
10001,2016,December,12,85+,1,29.1845627152991,2449,953,1027,40.8329930583912,328.947368421053,124.275062137531,0,24.1754790381622,25.5475832980042,29.6199919115932,NSW
10002,2011,January,1,75 to 84,18,31.3559267978748,10218,1068,949,176.159718144451,250.699064699643,148.500148500149,19.4495769717009,26.8237853012284,26.5240937340879,31.3511726496846,NSW
10002,2011,February,2,75 to 84,14,29.1997328224892,10382,1068,949,134.848776728954,176.159718144451,250.699064699643,106.827231232398,31.3559267978748,26.8237853012284,30.3761750636913,NSW
10002,2011,March,3,75 to 84,12,29.8818138857017,9939,1068,949,120.73649260489,134.848776728954,176.159718144451,128.789379829602,29.1997328224892,31.3559267978748,22.9035274186083,NSW
10002,2011,November,11,75 to 84,17,24.4035512817104,9997,1068,949,170.051015304591,97.9431929480901,47.7646159724876,148.500148500149,23.9127154596497,16.7654589327112,26.5240937340879,NSW
10002,2011,December,12,75 to 84,8,29.0895734791638,10288,1068,949,77.7604976671851,170.051015304591,97.9431929480901,250.699064699643,24.4035512817104,23.9127154596497,26.8237853012284,NSW
10002,2012,January,1,75 to 84,27,30.8002306563848,10489,1068,949,257.412527409667,77.7604976671851,170.051015304591,176.159718144451,29.0895734791638,24.4035512817104,31.3559267978748,NSW
10002,2012,February,2,75 to 84,16,29.9934895193809,10156,1068,949,157.542339503742,257.412527409667,77.7604976671851,134.848776728954,30.8002306563848,29.0895734791638,29.1997328224892,NSW
10002,2012,March,3,75 to 84,6,29.2200343675847,10329,1068,949,58.0888759802498,157.542339503742,257.412527409667,120.73649260489,29.9934895193809,30.8002306563848,29.8818138857017,NSW
10002,2012,November,11,75 to 84,8,24.3042910210585,9895,1068,949,80.8489135927236,97.6944118796405,9.56754688097972,170.051015304591,23.1834300007047,15.0887889447485,24.4035512817104,NSW
10002,2012,December,12,75 to 84,7,29.7882751902011,10471,1068,949,66.8513036004202,80.8489135927236,97.6944118796405,77.7604976671851,24.3042910210585,23.1834300007047,29.0895734791638,NSW
10002,2013,January,1,75 to 84,15,28.5976021630374,10861,1068,949,138.108829757849,66.8513036004202,80.8489135927236,257.412527409667,29.7882751902011,24.3042910210585,30.8002306563848,NSW
10002,2013,February,2,75 to 84,13,28.3132022424718,10714,1068,949,121.336568975173,138.108829757849,66.8513036004202,157.542339503742,28.5976021630374,29.7882751902011,29.9934895193809,NSW
10002,2013,March,3,75 to 84,11,26.2353665919756,10382,1068,949,105.952610287035,121.336568975173,138.108829757849,58.0888759802498,28.3132022424718,28.5976021630374,29.2200343675847,NSW
10002,2013,November,11,75 to 84,30,27.6906039733658,10522,1068,949,285.116897928151,106.85836409559,272.607633013724,80.8489135927236,19.4472235347196,18.3281434862673,24.3042910210585,NSW
10002,2013,December,12,75 to 84,10,29.3458947816849,10569,1068,949,94.6163307786924,285.116897928151,106.85836409559,66.8513036004202,27.6906039733658,19.4472235347196,29.7882751902011,NSW
10002,2014,January,1,75 to 84,10,31.245812230395,10900,1068,949,91.743119266055,94.6163307786924,285.116897928151,138.108829757849,29.3458947816849,27.6906039733658,28.5976021630374,NSW
10002,2014,February,2,75 to 84,33,29.7162701823255,9971,1068,949,330.959783371778,91.743119266055,94.6163307786924,121.336568975173,31.245812230395,29.3458947816849,28.3132022424718,NSW
10002,2014,March,3,75 to 84,28,25.9911282942745,10484,1068,949,267.073636016788,330.959783371778,91.743119266055,105.952610287035,29.7162701823255,31.245812230395,26.2353665919756,NSW
10002,2014,November,11,75 to 84,34,26.6631945890545,10813,1068,949,314.436326643855,239.877182882364,74.6477559018382,285.116897928151,22.2399216993113,17.0419110092356,27.6906039733658,NSW
10002,2014,December,12,75 to 84,32,25.5608983282857,10833,1068,949,295.393704421675,314.436326643855,239.877182882364,94.6163307786924,26.6631945890545,22.2399216993113,29.3458947816849,NSW
10002,2015,January,1,75 to 84,33,28.7671332412418,10695,1068,949,308.555399719495,295.393704421675,314.436326643855,91.743119266055,25.5608983282857,26.6631945890545,31.245812230395,NSW
10002,2015,February,2,75 to 84,7,27.4334532490425,10756,1068,949,65.0799553737449,308.555399719495,295.393704421675,330.959783371778,28.7671332412418,25.5608983282857,29.7162701823255,NSW
10002,2015,March,3,75 to 84,1,26.4375847600412,11076,1068,949,9.02853015529072,65.0799553737449,308.555399719495,267.073636016788,27.4334532490425,28.7671332412418,25.9911282942745,NSW
10002,2015,November,11,75 to 84,2,26.5905793263325,10908,1068,949,18.3351668500183,174.311926605505,64.8028142936493,314.436326643855,19.6102755945972,18.9706214837481,26.6631945890545,NSW
10002,2015,December,12,75 to 84,15,27.5765879376496,10692,1068,949,140.291806958474,18.3351668500183,174.311926605505,295.393704421675,26.5905793263325,19.6102755945972,25.5608983282857,NSW
10002,2016,January,1,75 to 84,13,28.3025644644753,10809,1068,949,120.270145249329,140.291806958474,18.3351668500183,308.555399719495,27.5765879376496,26.5905793263325,28.7671332412418,NSW
10002,2016,February,2,75 to 84,11,28.935733428677,10753,1068,949,102.297033386032,120.270145249329,140.291806958474,65.0799553737449,28.3025644644753,27.5765879376496,27.4334532490425,NSW
10002,2016,March,3,75 to 84,2,27.7097086545367,10797,1068,949,18.5236639807354,102.297033386032,120.270145249329,9.02853015529072,28.935733428677,28.3025644644753,26.4375847600412,NSW
10002,2016,November,11,75 to 84,11,24.4923049269129,10731,1068,949,102.506756127108,38.306837770542,82.3723228995058,18.3351668500183,21.7544846558754,20.0677285223796,26.5905793263325,NSW
10002,2016,December,12,75 to 84,15,29.8935840600612,10902,1068,949,137.589433131536,102.506756127108,38.306837770542,140.291806958474,24.4923049269129,21.7544846558754,27.5765879376496,NSW
10002,2011,January,1,85+,29,29.9607791764419,9854,1068,949,294.296732291455,208.478109798471,255.676007363469,472.208558780128,27.2971889199394,26.6954960448951,29.833582261883,NSW
10002,2011,February,2,85+,38,28.7636897722927,10418,1068,949,364.753311576118,294.296732291455,208.478109798471,648.561005269558,29.9607791764419,27.2971889199394,29.5146282102798,NSW
10002,2011,March,3,85+,26,26.8513716462239,9928,1068,949,261.885576148268,364.753311576118,294.296732291455,86.6718027734977,28.7636897722927,29.9607791764419,26.6005586134362,NSW
10002,2011,November,11,85+,35,27.7750980487207,10352,1068,949,338.098918083462,382.690609361201,176.004693458492,255.676007363469,22.4582593622325,19.6862677889572,26.6954960448951,NSW
10002,2011,December,12,85+,23,28.9733011476907,10375,1068,949,221.686746987952,338.098918083462,382.690609361201,208.478109798471,27.7750980487207,22.4582593622325,27.2971889199394,NSW
10002,2012,January,1,85+,116,32.7104647301885,10449,1068,949,1110.15408173031,221.686746987952,338.098918083462,294.296732291455,28.9733011476907,27.7750980487207,29.9607791764419,NSW
10002,2012,February,2,85+,53,31.3810372713633,10627,1068,949,498.729650889244,1110.15408173031,221.686746987952,364.753311576118,32.7104647301885,28.9733011476907,28.7636897722927,NSW
10002,2012,March,3,85+,14,25.8333441965266,10721,1068,949,130.584833504337,498.729650889244,1110.15408173031,261.885576148268,31.3810372713633,32.7104647301885,26.8513716462239,NSW
10002,2012,November,11,85+,64,25.6697525933339,10190,1068,949,628.066732090285,383.729854182655,267.300267300267,338.098918083462,22.5262503260479,17.5445496801891,27.7750980487207,NSW
10002,2012,December,12,85+,36,27.6511276904628,10316,1068,949,348.972469949593,628.066732090285,383.729854182655,221.686746987952,25.6697525933339,22.5262503260479,28.9733011476907,NSW
10002,2013,January,1,85+,21,31.9205711460039,10116,1068,949,207.591933570581,348.972469949593,628.066732090285,1110.15408173031,27.6511276904628,25.6697525933339,32.7104647301885,NSW
10002,2013,February,2,85+,50,28.165779786172,10582,1068,949,472.500472500473,207.591933570581,348.972469949593,498.729650889244,31.9205711460039,27.6511276904628,31.3810372713633,NSW
10002,2013,March,3,85+,9,27.813730456259,10886,1068,949,82.6749954069447,472.500472500473,207.591933570581,130.584833504337,28.165779786172,31.9205711460039,25.8333441965266,NSW
10002,2013,November,11,85+,12,28.7842941940371,10217,1068,949,117.451306645786,96.5623792970259,156.955071610751,628.066732090285,25.1502131548648,18.0934642994834,25.6697525933339,NSW
10002,2013,December,12,85+,16,29.9121596450297,10315,1068,949,155.113911778963,117.451306645786,96.5623792970259,348.972469949593,28.7842941940371,25.1502131548648,27.6511276904628,NSW
10002,2014,January,1,85+,7,30.0053653322435,10521,1068,949,66.5335994677312,155.113911778963,117.451306645786,207.591933570581,29.9121596450297,28.7842941940371,31.9205711460039,NSW
10002,2014,February,2,85+,2,29.7352071578823,10865,1068,949,18.4077312471238,66.5335994677312,155.113911778963,472.500472500473,30.0053653322435,29.9121596450297,28.165779786172,NSW
10002,2014,March,3,85+,4,25.1878045886091,10695,1068,949,37.400654511454,18.4077312471238,66.5335994677312,82.6749954069447,29.7352071578823,30.0053653322435,27.813730456259,NSW
10002,2014,November,11,85+,13,24.5366589155215,10769,1068,949,120.716872504411,161.122168514833,269.801503179803,117.451306645786,21.2416557954807,17.5142326470285,28.7842941940371,NSW
10002,2014,December,12,85+,2,26.8407915886149,10687,1068,949,18.7143258164125,120.716872504411,161.122168514833,155.113911778963,24.5366589155215,21.2416557954807,29.9121596450297,NSW
10002,2015,January,1,85+,15,30.7439346972025,10711,1068,949,140.042946503594,18.7143258164125,120.716872504411,66.5335994677312,26.8407915886149,24.5366589155215,30.0053653322435,NSW
10002,2015,February,2,85+,1,30.1510531730442,10960,1068,949,9.12408759124088,140.042946503594,18.7143258164125,18.4077312471238,30.7439346972025,26.8407915886149,29.7352071578823,NSW
10002,2015,March,3,85+,17,26.7443582988424,10986,1068,949,154.74239941744,9.12408759124088,140.042946503594,37.400654511454,30.1510531730442,30.7439346972025,25.1878045886091,NSW
10002,2015,November,11,85+,5,27.837808583039,10787,1068,949,46.3520904792806,37.9398653134781,84.2854467128676,120.716872504411,20.0528857984228,17.6063341190784,24.5366589155215,NSW
10002,2015,December,12,85+,18,27.2497738072526,10912,1068,949,164.956011730205,46.3520904792806,37.9398653134781,18.7143258164125,27.837808583039,20.0528857984228,26.8407915886149,NSW
10002,2016,January,1,85+,25,29.6064304935118,10732,1068,949,232.948192322028,164.956011730205,46.3520904792806,140.042946503594,27.2497738072526,27.837808583039,30.7439346972025,NSW
10002,2016,February,2,85+,22,30.8471250625042,10743,1068,949,204.784510844271,232.948192322028,164.956011730205,9.12408759124088,29.6064304935118,27.2497738072526,30.1510531730442,NSW
10002,2016,March,3,85+,19,25.7486975129199,10946,1068,949,173.579389731409,204.784510844271,232.948192322028,154.74239941744,30.8471250625042,29.6064304935118,26.7443582988424,NSW
10002,2016,November,11,85+,27,22.706956966241,11090,1068,949,243.46257889991,388.421344677703,580.077947974259,46.3520904792806,21.9143581645715,18.0190940217923,27.837808583039,NSW
10002,2016,December,12,85+,24,30.1326757863012,11103,1068,949,216.157795190489,243.46257889991,388.421344677703,164.956011730205,22.706956966241,21.9143581645715,27.2497738072526,NSW
10003,2011,January,1,75 to 84,18,32.6950677834317,13495,967,954,133.382734346054,169.113690521946,99.024984765387,253.106304647952,30.885645546949,26.6267353923922,25.7409357496367,NSW
10003,2011,February,2,75 to 84,11,27.1471322479899,12820,967,954,85.8034321372855,133.382734346054,169.113690521946,22.890279261407,32.6950677834317,30.885645546949,29.489684541607,NSW
10003,2011,March,3,75 to 84,45,26.8005275125358,13376,967,954,336.423444976077,85.8034321372855,133.382734346054,200.524448557767,27.1471322479899,32.6950677834317,24.6457175318858,NSW
10003,2011,November,11,75 to 84,22,26.6960740730694,12639,967,954,174.064403829417,67.598017124831,171.086398631309,99.024984765387,22.4186155566791,19.1193022901038,26.6267353923922,NSW
10003,2011,December,12,75 to 84,16,29.4958938490754,13620,967,954,117.474302496329,174.064403829417,67.598017124831,169.113690521946,26.6960740730694,22.4186155566791,30.885645546949,NSW
10003,2012,January,1,75 to 84,36,30.4175610023295,13063,967,954,275.587537319146,117.474302496329,174.064403829417,133.382734346054,29.4958938490754,26.6960740730694,32.6950677834317,NSW
10003,2012,February,2,75 to 84,49,29.0650484704359,13129,967,954,373.219590220123,275.587537319146,117.474302496329,85.8034321372855,30.4175610023295,29.4958938490754,27.1471322479899,NSW
10003,2012,March,3,75 to 84,30,27.3734153386472,13278,967,954,225.937641211026,373.219590220123,275.587537319146,336.423444976077,29.0650484704359,30.4175610023295,26.8005275125358,NSW
10003,2012,November,11,75 to 84,26,24.6950676240488,13516,967,954,192.364604912696,37.9247572815534,86.2880451835582,174.064403829417,21.2679513192976,16.3657943651321,26.6960740730694,NSW
10003,2012,December,12,75 to 84,12,28.4804403498126,12994,967,954,92.3503155302447,192.364604912696,37.9247572815534,117.474302496329,24.6950676240488,21.2679513192976,29.4958938490754,NSW
10003,2013,January,1,75 to 84,16,29.2120581410394,13305,967,954,120.255543028936,92.3503155302447,192.364604912696,275.587537319146,28.4804403498126,24.6950676240488,30.4175610023295,NSW
10003,2013,February,2,75 to 84,33,28.6331745064601,13844,967,954,238.370413175383,120.255543028936,92.3503155302447,373.219590220123,29.2120581410394,28.4804403498126,29.0650484704359,NSW
10003,2013,March,3,75 to 84,1,24.4641501225886,12857,967,954,7.77786419849109,238.370413175383,120.255543028936,225.937641211026,28.6331745064601,29.2120581410394,27.3734153386472,NSW
10003,2013,November,11,75 to 84,19,28.3547458506809,13562,967,954,140.097330777172,30.0729268476055,182.190844910043,192.364604912696,22.7241379128406,15.5383058380004,24.6950676240488,NSW
10003,2013,December,12,75 to 84,11,28.3164315929026,13376,967,954,82.2368421052632,140.097330777172,30.0729268476055,92.3503155302447,28.3547458506809,22.7241379128406,28.4804403498126,NSW
10003,2014,January,1,75 to 84,16,30.5813773770613,12967,967,954,123.390144212231,82.2368421052632,140.097330777172,120.255543028936,28.3164315929026,28.3547458506809,29.2120581410394,NSW
10003,2014,February,2,75 to 84,19,28.0907712252891,13331,967,954,142.524941864826,123.390144212231,82.2368421052632,238.370413175383,30.5813773770613,28.3164315929026,28.6331745064601,NSW
10003,2014,March,3,75 to 84,56,25.9669774456399,13655,967,954,410.106188209447,142.524941864826,123.390144212231,7.77786419849109,28.0907712252891,30.5813773770613,24.4641501225886,NSW
10003,2014,November,11,75 to 84,17,27.1547791126723,13853,967,954,122.717100988955,35.8525742148286,53.3862111043319,140.097330777172,23.8791222953448,19.2102887727185,28.3547458506809,NSW
10003,2014,December,12,75 to 84,34,27.3117543194557,13106,967,954,259.423164962613,122.717100988955,35.8525742148286,82.2368421052632,27.1547791126723,23.8791222953448,28.3164315929026,NSW
10003,2015,January,1,75 to 84,61,30.2306720498159,13112,967,954,465.222696766321,259.423164962613,122.717100988955,123.390144212231,27.3117543194557,27.1547791126723,30.5813773770613,NSW
10003,2015,February,2,75 to 84,8,28.3295720999021,13528,967,954,59.1366055588409,465.222696766321,259.423164962613,142.524941864826,30.2306720498159,27.3117543194557,28.0907712252891,NSW
10003,2015,March,3,75 to 84,0,25.9912137528308,13711,967,954,0,59.1366055588409,465.222696766321,410.106188209447,28.3295720999021,30.2306720498159,25.9669774456399,NSW
10003,2015,November,11,75 to 84,27,28.4248640540643,13531,967,954,199.541792919962,133.07703681798,103.404978211094,122.717100988955,21.3676779639893,16.2320622171628,27.1547791126723,NSW
10003,2015,December,12,75 to 84,17,29.8523874952221,13614,967,954,124.871455854268,199.541792919962,133.07703681798,259.423164962613,28.4248640540643,21.3676779639893,27.3117543194557,NSW
10003,2016,January,1,75 to 84,2,28.5573089598528,13128,967,954,15.2346130408288,124.871455854268,199.541792919962,465.222696766321,29.8523874952221,28.4248640540643,30.2306720498159,NSW
10003,2016,February,2,75 to 84,3,27.0853682412516,13906,967,954,21.573421544657,15.2346130408288,124.871455854268,59.1366055588409,28.5573089598528,29.8523874952221,28.3295720999021,NSW
10003,2016,March,3,75 to 84,9,24.5610046196161,13916,967,954,64.6737568266743,21.573421544657,15.2346130408288,0,27.0853682412516,28.5573089598528,25.9912137528308,NSW
10003,2016,November,11,75 to 84,19,26.528800620738,13489,967,954,140.855511898584,248.756218905473,170.156099726271,199.541792919962,21.9123860802323,17.539389585051,28.4248640540643,NSW
10003,2016,December,12,75 to 84,23,28.6547117845122,13196,967,954,174.295240982116,140.855511898584,248.756218905473,124.871455854268,26.528800620738,21.9123860802323,29.8523874952221,NSW
10003,2011,January,1,85+,24,30.662486040605,13398,967,954,179.131213613972,472.758273269782,131.864722308408,313.22246252517,28.8279149716986,25.2772070505239,30.2710747762766,NSW
10003,2011,February,2,85+,45,28.6088934909217,12942,967,954,347.705146036161,179.131213613972,472.758273269782,176.267927249419,30.662486040605,28.8279149716986,29.6039498791862,NSW
10003,2011,March,3,85+,24,25.3738290149405,12752,967,954,188.205771643664,347.705146036161,179.131213613972,239.540083040562,28.6088934909217,30.662486040605,24.567889138222,NSW
10003,2011,November,11,85+,10,27.4115573492532,12854,967,954,77.7967947720554,107.933081489477,22.9515721826945,131.864722308408,22.2006882362139,16.5984269183118,25.2772070505239,NSW
10003,2011,December,12,85+,30,29.6154114853827,13359,967,954,224.56770716371,77.7967947720554,107.933081489477,472.758273269782,27.4115573492532,22.2006882362139,28.8279149716986,NSW
10003,2012,January,1,85+,11,29.3076052655699,13128,967,954,83.7903717245582,224.56770716371,77.7967947720554,179.131213613972,29.6154114853827,27.4115573492532,30.662486040605,NSW
10003,2012,February,2,85+,21,31.3044238744811,13204,967,954,159.042714328991,83.7903717245582,224.56770716371,347.705146036161,29.3076052655699,29.6154114853827,28.6088934909217,NSW
10003,2012,March,3,85+,113,25.0809515034149,13016,967,954,868.162261831592,159.042714328991,83.7903717245582,188.205771643664,31.3044238744811,29.3076052655699,25.3738290149405,NSW
10003,2012,November,11,85+,30,25.6380386307541,12883,967,954,232.865015912443,105.884132506429,78.4375245117264,77.7967947720554,25.864424541613,17.379821801745,27.4115573492532,NSW
10003,2012,December,12,85+,36,30.4079342453037,13635,967,954,264.026402640264,232.865015912443,105.884132506429,224.56770716371,25.6380386307541,25.864424541613,29.6154114853827,NSW
10003,2013,January,1,85+,24,29.8442698023708,13522,967,954,177.488537198639,264.026402640264,232.865015912443,83.7903717245582,30.4079342453037,25.6380386307541,29.3076052655699,NSW
10003,2013,February,2,85+,17,28.1849165306509,13293,967,954,127.886857744678,177.488537198639,264.026402640264,159.042714328991,29.8442698023708,30.4079342453037,31.3044238744811,NSW
10003,2013,March,3,85+,68,22.7225539718658,13295,967,954,511.470477623167,127.886857744678,177.488537198639,868.162261831592,28.1849165306509,29.8442698023708,25.0809515034149,NSW
10003,2013,November,11,85+,23,26.716221162535,13068,967,954,176.002448729721,114.785852643662,116.941967548604,232.865015912443,20.9414841955602,17.9201642495273,25.6380386307541,NSW
10003,2013,December,12,85+,61,27.4248183955544,13023,967,954,468.402057897566,176.002448729721,114.785852643662,264.026402640264,26.716221162535,20.9414841955602,30.4079342453037,NSW
10003,2014,January,1,85+,17,29.7442434057543,12902,967,954,131.762517439157,468.402057897566,176.002448729721,177.488537198639,27.4248183955544,26.716221162535,29.8442698023708,NSW
10003,2014,February,2,85+,14,28.6287488232182,13546,967,954,103.35154289089,131.762517439157,468.402057897566,127.886857744678,29.7442434057543,27.4248183955544,28.1849165306509,NSW
10003,2014,March,3,85+,9,28.579532300766,13284,967,954,67.7506775067751,103.35154289089,131.762517439157,511.470477623167,28.6287488232182,29.7442434057543,22.7225539718658,NSW
10003,2014,November,11,85+,31,26.4538014024931,13077,967,954,237.057429073947,96.0047263865298,69.7188008366256,176.002448729721,18.4250962826252,18.9135517872471,26.716221162535,NSW
10003,2014,December,12,85+,10,28.1305926936537,13183,967,954,75.8552681483729,237.057429073947,96.0047263865298,468.402057897566,26.4538014024931,18.4250962826252,27.4248183955544,NSW
10003,2015,January,1,85+,5,28.9934591934502,13460,967,954,37.147102526003,75.8552681483729,237.057429073947,131.762517439157,28.1305926936537,26.4538014024931,29.7442434057543,NSW
10003,2015,February,2,85+,29,26.2083451782735,13756,967,954,210.817097993603,37.147102526003,75.8552681483729,103.35154289089,28.9934591934502,28.1305926936537,28.6287488232182,NSW
10003,2015,March,3,85+,92,26.1851451008567,13236,967,954,695.074040495618,210.817097993603,37.147102526003,67.7506775067751,26.2083451782735,28.9934591934502,28.579532300766,NSW
10003,2015,November,11,85+,67,27.883977190728,13507,967,954,496.039090841786,290.903930750674,263.968323801144,237.057429073947,23.664376316096,18.100482353791,26.4538014024931,NSW
10003,2015,December,12,85+,63,27.3869577037503,13794,967,954,456.720313179643,496.039090841786,290.903930750674,75.8552681483729,27.883977190728,23.664376316096,28.1305926936537,NSW
10003,2016,January,1,85+,47,30.5545655404253,13694,967,954,343.21600701037,456.720313179643,496.039090841786,37.147102526003,27.3869577037503,27.883977190728,28.9934591934502,NSW
10003,2016,February,2,85+,92,27.5830652964474,13586,967,954,677.167672604151,343.21600701037,456.720313179643,210.817097993603,30.5545655404253,27.3869577037503,26.2083451782735,NSW
10003,2016,March,3,85+,68,26.253785986004,14116,967,954,481.722867667895,677.167672604151,343.21600701037,695.074040495618,27.5830652964474,30.5545655404253,26.1851451008567,NSW
10003,2016,November,11,85+,43,26.9233631648804,13179,967,954,326.276652249791,318.592126223166,249.75024975025,496.039090841786,23.0686340448237,19.0352213717391,27.883977190728,NSW
10003,2016,December,12,85+,109,29.3600767981989,13775,967,954,791.288566243194,326.276652249791,318.592126223166,456.720313179643,26.9233631648804,23.0686340448237,27.3869577037503,NSW
10004,2011,January,1,75 to 84,28,30.4273685722307,12606,1022,987,222.116452482945,30.9861337051669,89.0616144441746,262.230599033025,29.6581080604043,25.0826630992478,30.9618555661964,NSW
10004,2011,February,2,75 to 84,37,27.9952735228012,12554,1022,987,294.726780309065,222.116452482945,30.9861337051669,73.4214390602056,30.4273685722307,29.6581080604043,29.3456917795991,NSW
10004,2011,March,3,75 to 84,7,24.9759072637444,12903,1022,987,54.2509493916144,294.726780309065,222.116452482945,15.9020434125785,27.9952735228012,30.4273685722307,25.0056655783609,NSW
10004,2011,November,11,75 to 84,3,27.38520486622,12786,1022,987,23.4631628343501,79.6558865700175,46.5332712889716,89.0616144441746,21.0260184528205,18.6201608499035,25.0826630992478,NSW
10004,2011,December,12,75 to 84,10,26.9917636092533,12387,1022,987,80.7297973682086,23.4631628343501,79.6558865700175,30.9861337051669,27.38520486622,21.0260184528205,29.6581080604043,NSW
10004,2012,January,1,75 to 84,7,30.2098404680585,12824,1022,987,54.585152838428,80.7297973682086,23.4631628343501,222.116452482945,26.9917636092533,27.38520486622,30.4273685722307,NSW
10004,2012,February,2,75 to 84,8,26.022900404467,12228,1022,987,65.4236179260713,54.585152838428,80.7297973682086,294.726780309065,30.2098404680585,26.9917636092533,27.9952735228012,NSW
10004,2012,March,3,75 to 84,12,26.8501098397807,12479,1022,987,96.1615514063627,65.4236179260713,54.585152838428,54.2509493916144,26.022900404467,30.2098404680585,24.9759072637444,NSW
10004,2012,November,11,75 to 84,21,27.0553573953785,12516,1022,987,167.785234899329,162.942271880819,393.51487486227,23.4631628343501,19.3642285754049,18.1805738384303,27.38520486622,NSW
10004,2012,December,12,75 to 84,33,27.6850891760707,12794,1022,987,257.933406284196,167.785234899329,162.942271880819,80.7297973682086,27.0553573953785,19.3642285754049,26.9917636092533,NSW
10004,2013,January,1,75 to 84,31,30.6038263399328,13272,1022,987,233.574442435202,257.933406284196,167.785234899329,54.585152838428,27.6850891760707,27.0553573953785,30.2098404680585,NSW
10004,2013,February,2,75 to 84,3,30.5014176756945,12832,1022,987,23.3790523690773,233.574442435202,257.933406284196,65.4236179260713,30.6038263399328,27.6850891760707,26.022900404467,NSW
10004,2013,March,3,75 to 84,7,25.9590442154852,12863,1022,987,54.4196532690663,23.3790523690773,233.574442435202,96.1615514063627,30.5014176756945,30.6038263399328,26.8501098397807,NSW
10004,2013,November,11,75 to 84,6,26.6447010693296,13067,1022,987,45.9171959898982,46.4288477907607,78.7959971633441,167.785234899329,22.3276700504398,18.2727281041034,27.0553573953785,NSW
10004,2013,December,12,75 to 84,8,29.2475396995064,12605,1022,987,63.4668782229274,45.9171959898982,46.4288477907607,257.933406284196,26.6447010693296,22.3276700504398,27.6850891760707,NSW
10004,2014,January,1,75 to 84,21,30.7956112850592,13082,1022,987,160.525913468889,63.4668782229274,45.9171959898982,233.574442435202,29.2475396995064,26.6447010693296,30.6038263399328,NSW
10004,2014,February,2,75 to 84,9,27.0878703134855,13103,1022,987,68.6865603296955,160.525913468889,63.4668782229274,23.3790523690773,30.7956112850592,29.2475396995064,30.5014176756945,NSW
10004,2014,March,3,75 to 84,6,26.6532614729405,12960,1022,987,46.2962962962963,68.6865603296955,160.525913468889,54.4196532690663,27.0878703134855,30.7956112850592,25.9590442154852,NSW
10004,2014,November,11,75 to 84,12,25.31685278268,12795,1022,987,93.7866354044549,47.2143531633617,7.70416024653313,45.9171959898982,22.7970930501357,17.9360900261113,26.6447010693296,NSW
10004,2014,December,12,75 to 84,8,27.9443668704731,12776,1022,987,62.6174076393237,93.7866354044549,47.2143531633617,63.4668782229274,25.31685278268,22.7970930501357,29.2475396995064,NSW
10004,2015,January,1,75 to 84,30,29.2895621182266,13248,1022,987,226.449275362319,62.6174076393237,93.7866354044549,160.525913468889,27.9443668704731,25.31685278268,30.7956112850592,NSW
10004,2015,February,2,75 to 84,5,30.9261621381921,13066,1022,987,38.2672585335987,226.449275362319,62.6174076393237,68.6865603296955,29.2895621182266,27.9443668704731,27.0878703134855,NSW
10004,2015,March,3,75 to 84,18,28.3176347144539,13437,1022,987,133.958472873409,38.2672585335987,226.449275362319,46.2962962962963,30.9261621381921,29.2895621182266,26.6532614729405,NSW
10004,2015,November,11,75 to 84,6,27.0854349946578,13238,1022,987,45.3240670796193,60.966316110349,69.6324951644101,93.7866354044549,19.2992504981913,17.3679477357733,25.31685278268,NSW
10004,2015,December,12,75 to 84,12,28.1386811119853,12687,1022,987,94.5850082761882,45.3240670796193,60.966316110349,62.6174076393237,27.0854349946578,19.2992504981913,27.9443668704731,NSW
10004,2016,January,1,75 to 84,22,27.7487432635173,13151,1022,987,167.287658733176,94.5850082761882,45.3240670796193,226.449275362319,28.1386811119853,27.0854349946578,29.2895621182266,NSW
10004,2016,February,2,75 to 84,6,32.1192339461331,13338,1022,987,44.9842555105713,167.287658733176,94.5850082761882,38.2672585335987,27.7487432635173,28.1386811119853,30.9261621381921,NSW
10004,2016,March,3,75 to 84,5,27.2041305264091,13253,1022,987,37.7273070248246,44.9842555105713,167.287658733176,133.958472873409,32.1192339461331,27.7487432635173,28.3176347144539,NSW
10004,2016,November,11,75 to 84,34,26.7934010360004,13165,1022,987,258.260539308773,178.651183564091,314.320760502913,45.3240670796193,22.4141369294299,17.2772326800075,27.0854349946578,NSW
10004,2016,December,12,75 to 84,6,29.0328426518583,13402,1022,987,44.7694373974034,258.260539308773,178.651183564091,94.5850082761882,26.7934010360004,22.4141369294299,28.1386811119853,NSW
10004,2011,January,1,85+,37,28.9767459365354,12845,1022,987,288.049824834566,394.104201150784,262.008733624454,554.127850947639,31.1217324920671,26.1947316031523,30.3890173386046,NSW
10004,2011,February,2,85+,3,31.6561308103866,12788,1022,987,23.4594932749453,288.049824834566,394.104201150784,514.966205342774,28.9767459365354,31.1217324920671,27.273696206109,NSW
10004,2011,March,3,85+,0,27.4792375523709,12579,1022,987,0,23.4594932749453,288.049824834566,516.611031632491,31.6561308103866,28.9767459365354,27.3834515886619,NSW
10004,2011,November,11,85+,16,25.2323390866647,12778,1022,987,125.215213648458,117.93379982703,163.425396306586,262.008733624454,21.0736969162876,19.8341655438449,26.1947316031523,NSW
10004,2011,December,12,85+,43,26.4958329407989,12620,1022,987,340.729001584786,125.215213648458,117.93379982703,394.104201150784,25.2323390866647,21.0736969162876,31.1217324920671,NSW
10004,2012,January,1,85+,30,31.1864064530019,13209,1022,987,227.117874176698,340.729001584786,125.215213648458,288.049824834566,26.4958329407989,25.2323390866647,28.9767459365354,NSW
10004,2012,February,2,85+,8,31.1204861631033,12716,1022,987,62.9128656810318,227.117874176698,340.729001584786,23.4594932749453,31.1864064530019,26.4958329407989,31.6561308103866,NSW
10004,2012,March,3,85+,28,23.4501016764299,12905,1022,987,216.970166602092,62.9128656810318,227.117874176698,0,31.1204861631033,31.1864064530019,27.4792375523709,NSW
10004,2012,November,11,85+,17,25.3217898109525,12940,1022,987,131.375579598145,148.194368613993,163.755458515284,125.215213648458,22.5085571058307,17.0681121778528,25.2323390866647,NSW
10004,2012,December,12,85+,75,31.9930530490643,12954,1022,987,578.971746178787,131.375579598145,148.194368613993,340.729001584786,25.3217898109525,22.5085571058307,26.4958329407989,NSW
10004,2013,January,1,85+,34,29.3259934723864,12883,1022,987,263.913684700769,578.971746178787,131.375579598145,227.117874176698,31.9930530490643,25.3217898109525,31.1864064530019,NSW
10004,2013,February,2,85+,11,24.2221264382824,12788,1022,987,86.0181420081326,263.913684700769,578.971746178787,62.9128656810318,29.3259934723864,31.9930530490643,31.1204861631033,NSW
10004,2013,March,3,85+,91,26.7499433136141,13218,1022,987,688.455136934483,86.0181420081326,263.913684700769,216.970166602092,24.2221264382824,29.3259934723864,23.4501016764299,NSW
10004,2013,November,11,85+,31,23.8585427398744,12931,1022,987,239.733972623927,127.510360216768,134.909927783509,131.375579598145,19.0795757807921,17.7040946953803,25.3217898109525,NSW
10004,2013,December,12,85+,29,27.6525761668891,12680,1022,987,228.706624605678,239.733972623927,127.510360216768,578.971746178787,23.8585427398744,19.0795757807921,31.9930530490643,NSW
10004,2014,January,1,85+,76,32.4367036394668,13348,1022,987,569.373688942164,228.706624605678,239.733972623927,263.913684700769,27.6525761668891,23.8585427398744,29.3259934723864,NSW
10004,2014,February,2,85+,78,28.7382459881775,12733,1022,987,612.581481190607,569.373688942164,228.706624605678,86.0181420081326,32.4367036394668,27.6525761668891,24.2221264382824,NSW
10004,2014,March,3,85+,23,27.9134030412171,12623,1022,987,182.207082310069,612.581481190607,569.373688942164,688.455136934483,28.7382459881775,32.4367036394668,26.7499433136141,NSW
10004,2014,November,11,85+,21,26.8620129927117,12802,1022,987,164.036869239181,130.098721971378,507.09939148073,239.733972623927,22.5026965256571,19.3742868186876,23.8585427398744,NSW
10004,2014,December,12,85+,33,29.2336327231055,12809,1022,987,257.631352954954,164.036869239181,130.098721971378,228.706624605678,26.8620129927117,22.5026965256571,27.6525761668891,NSW
10004,2015,January,1,85+,50,29.3294382119676,13162,1022,987,379.881476979183,257.631352954954,164.036869239181,569.373688942164,29.2336327231055,26.8620129927117,32.4367036394668,NSW
10004,2015,February,2,85+,45,28.4129143389424,13238,1022,987,339.930503097145,379.881476979183,257.631352954954,612.581481190607,29.3294382119676,29.2336327231055,28.7382459881775,NSW
10004,2015,March,3,85+,12,25.0942463052938,12918,1022,987,92.8936367858802,339.930503097145,379.881476979183,182.207082310069,28.4129143389424,29.3294382119676,27.9134030412171,NSW
10004,2015,November,11,85+,87,29.0581790670491,13017,1022,987,668.35676423139,139.405204460967,80.965699985279,164.036869239181,20.722581935755,16.4901777989562,26.8620129927117,NSW
10004,2015,December,12,85+,17,26.8342298948989,13108,1022,987,129.691791272505,668.35676423139,139.405204460967,257.631352954954,29.0581790670491,20.722581935755,29.2336327231055,NSW
10004,2016,January,1,85+,13,28.6755075038963,13320,1022,987,97.5975975975976,129.691791272505,668.35676423139,379.881476979183,26.8342298948989,29.0581790670491,29.3294382119676,NSW
10004,2016,February,2,85+,16,28.0569940354252,13061,1022,987,122.502105504938,97.5975975975976,129.691791272505,339.930503097145,28.6755075038963,26.8342298948989,28.4129143389424,NSW
10004,2016,March,3,85+,12,25.1063664698523,13493,1022,987,88.9350033350626,122.502105504938,97.5975975975976,92.8936367858802,28.0569940354252,28.6755075038963,25.0942463052938,NSW
10004,2016,November,11,85+,31,25.9783143538988,13101,1022,987,236.623158537516,258.732212160414,53.2846159701606,668.35676423139,19.8918581149109,19.2872216852305,29.0581790670491,NSW
10004,2016,December,12,85+,17,29.7465667515732,13286,1022,987,127.954237543279,236.623158537516,258.732212160414,129.691791272505,25.9783143538988,19.8918581149109,26.8342298948989,NSW
10005,2011,January,1,75 to 84,9,31.258106291634,7655,1055,1065,117.570215545395,40.0801603206413,13.0174433741213,469.29996089167,28.652191723661,25.7029581312722,29.8043613494844,NSW
10005,2011,February,2,75 to 84,3,28.9064419112928,7534,1055,1065,39.8194850013273,117.570215545395,40.0801603206413,356.67107001321,31.258106291634,28.652191723661,27.3170784799869,NSW
10005,2011,March,3,75 to 84,11,24.854250152592,7858,1055,1065,139.984728938661,39.8194850013273,117.570215545395,229.636633797109,28.9064419112928,31.258106291634,24.6536851179411,NSW
10005,2011,November,11,75 to 84,4,27.7046169386756,7724,1055,1065,51.7866390471258,25.823111684958,103.761348897536,13.0174433741213,22.9003282588076,19.9470425937299,25.7029581312722,NSW
10005,2011,December,12,75 to 84,1,29.0327148491237,7794,1055,1065,12.8303823453939,51.7866390471258,25.823111684958,40.0801603206413,27.7046169386756,22.9003282588076,28.652191723661,NSW
10005,2012,January,1,75 to 84,8,31.2238780514785,7995,1055,1065,100.062539086929,12.8303823453939,51.7866390471258,117.570215545395,29.0327148491237,27.7046169386756,31.258106291634,NSW
10005,2012,February,2,75 to 84,25,28.557231053649,7780,1055,1065,321.33676092545,100.062539086929,12.8303823453939,39.8194850013273,31.2238780514785,29.0327148491237,28.9064419112928,NSW
10005,2012,March,3,75 to 84,17,25.769544639967,7956,1055,1065,213.675213675214,321.33676092545,100.062539086929,139.984728938661,28.557231053649,31.2238780514785,24.854250152592,NSW
10005,2012,November,11,75 to 84,8,24.6763308111538,7937,1055,1065,100.793750787451,39.0879478827362,12.9853265809635,51.7866390471258,23.1974748977446,18.1435238827618,27.7046169386756,NSW
10005,2012,December,12,75 to 84,11,29.0061868183592,7742,1055,1065,142.082149315422,100.793750787451,39.0879478827362,12.8303823453939,24.6763308111538,23.1974748977446,29.0327148491237,NSW
10005,2013,January,1,75 to 84,13,27.6885265592958,8027,1055,1065,161.953407250529,142.082149315422,100.793750787451,100.062539086929,29.0061868183592,24.6763308111538,31.2238780514785,NSW
10005,2013,February,2,75 to 84,6,30.330516818775,7788,1055,1065,77.0416024653313,161.953407250529,142.082149315422,321.33676092545,27.6885265592958,29.0061868183592,28.557231053649,NSW
10005,2013,March,3,75 to 84,8,25.4642382465253,7692,1055,1065,104.004160166407,77.0416024653313,161.953407250529,213.675213675214,30.330516818775,27.6885265592958,25.769544639967,NSW
10005,2013,November,11,75 to 84,0,25.166720039878,8046,1055,1065,0,98.2318271119843,102.590407796871,100.793750787451,22.7949239710061,19.5180974930937,24.6763308111538,NSW
10005,2013,December,12,75 to 84,0,29.9815782666894,7932,1055,1065,0,0,98.2318271119843,142.082149315422,25.166720039878,22.7949239710061,29.0061868183592,NSW
10005,2014,January,1,75 to 84,6,30.94631056167,7845,1055,1065,76.4818355640535,0,0,161.953407250529,29.9815782666894,25.166720039878,27.6885265592958,NSW
10005,2014,February,2,75 to 84,6,29.4875797408431,8073,1055,1065,74.3218134522482,76.4818355640535,0,77.0416024653313,30.94631056167,29.9815782666894,30.330516818775,NSW
10005,2014,March,3,75 to 84,28,25.4653046286124,8033,1055,1065,348.562181003361,74.3218134522482,76.4818355640535,104.004160166407,29.4875797408431,30.94631056167,25.4642382465253,NSW
10005,2014,November,11,75 to 84,8,27.7060574476686,8065,1055,1065,99.1940483570986,50.9943906170321,37.183936539415,0,22.224840029654,19.1307193314472,25.166720039878,NSW
10005,2014,December,12,75 to 84,0,26.5260641552652,7985,1055,1065,0,99.1940483570986,50.9943906170321,0,27.7060574476686,22.224840029654,29.9815782666894,NSW
10005,2015,January,1,75 to 84,7,28.8837597697258,7972,1055,1065,87.8073256397391,0,99.1940483570986,76.4818355640535,26.5260641552652,27.7060574476686,30.94631056167,NSW
10005,2015,February,2,75 to 84,12,29.7271878922822,7502,1055,1065,159.957344708078,87.8073256397391,0,74.3218134522482,28.8837597697258,26.5260641552652,29.4875797408431,NSW
10005,2015,March,3,75 to 84,13,23.9705975254562,7933,1055,1065,163.872431614774,159.957344708078,87.8073256397391,348.562181003361,29.7271878922822,28.8837597697258,25.4653046286124,NSW
10005,2015,November,11,75 to 84,0,26.3916975719021,7922,1055,1065,0,51.033426894616,25.0281566762608,99.1940483570986,21.2291393518088,19.0887231469234,27.7060574476686,NSW
10005,2015,December,12,75 to 84,2,27.8624874835982,7971,1055,1065,25.0909547108268,0,51.033426894616,0,26.3916975719021,21.2291393518088,26.5260641552652,NSW
10005,2016,January,1,75 to 84,19,27.4208272290709,7988,1055,1065,237.856785177767,25.0909547108268,0,87.8073256397391,27.8624874835982,26.3916975719021,28.8837597697258,NSW
10005,2016,February,2,75 to 84,0,27.2940150261477,7791,1055,1065,0,237.856785177767,25.0909547108268,159.957344708078,27.4208272290709,27.8624874835982,29.7271878922822,NSW
10005,2016,March,3,75 to 84,3,24.6328710674878,8166,1055,1065,36.7376928728876,0,237.856785177767,163.872431614774,27.2940150261477,27.4208272290709,23.9705975254562,NSW
10005,2016,November,11,75 to 84,16,24.5984518824104,7986,1055,1065,200.350613573754,36.8595650571323,73.4663891269744,0,22.8991049540437,16.49369511828,26.3916975719021,NSW
10005,2016,December,12,75 to 84,16,30.003183924322,7964,1055,1065,200.904068307383,200.350613573754,36.8595650571323,25.0909547108268,24.5984518824104,22.8991049540437,27.8624874835982,NSW
10005,2011,January,1,85+,10,28.9809054998787,7964,1055,1065,125.565042692115,376.464026770775,53.0222693531283,536.480686695279,30.6973776086216,26.6919965058525,30.9057990964781,NSW
10005,2011,February,2,85+,19,28.4502858753261,7699,1055,1065,246.785296791791,125.565042692115,376.464026770775,91.1814510876645,28.9809054998787,30.6973776086216,28.0161357552363,NSW
10005,2011,March,3,85+,13,25.0129710592032,7886,1055,1065,164.849099670302,246.785296791791,125.565042692115,223.009313918405,28.4502858753261,28.9809054998787,26.12729918078,NSW
10005,2011,November,11,85+,16,25.9124539322147,8035,1055,1065,199.128811449907,26.6951414842499,102.498398462524,53.0222693531283,23.4304015406202,16.1748699250897,26.6919965058525,NSW
10005,2011,December,12,85+,80,27.8707839721578,7740,1055,1065,1033.59173126615,199.128811449907,26.6951414842499,376.464026770775,25.9124539322147,23.4304015406202,30.6973776086216,NSW
10005,2012,January,1,85+,7,30.561473732798,7695,1055,1065,90.9681611435997,1033.59173126615,199.128811449907,125.565042692115,27.8707839721578,25.9124539322147,28.9809054998787,NSW
10005,2012,February,2,85+,22,28.6534522545383,7590,1055,1065,289.855072463768,90.9681611435997,1033.59173126615,246.785296791791,30.561473732798,27.8707839721578,28.4502858753261,NSW
10005,2012,March,3,85+,22,25.7725778452581,7538,1055,1065,291.854603343062,289.855072463768,90.9681611435997,164.849099670302,28.6534522545383,30.561473732798,25.0129710592032,NSW
10005,2012,November,11,85+,14,25.4493409853941,7999,1055,1065,175.021877734717,12.8485159964024,588.550026752274,199.128811449907,21.0333705711642,17.5834118837565,25.9124539322147,NSW
10005,2012,December,12,85+,12,28.5143332444309,7925,1055,1065,151.419558359621,175.021877734717,12.8485159964024,1033.59173126615,25.4493409853941,21.0333705711642,27.8707839721578,NSW
10005,2013,January,1,85+,23,31.6359322552646,8127,1055,1065,283.007259751446,151.419558359621,175.021877734717,90.9681611435997,28.5143332444309,25.4493409853941,30.561473732798,NSW
10005,2013,February,2,85+,22,27.7561438485714,7910,1055,1065,278.128950695322,283.007259751446,151.419558359621,289.855072463768,31.6359322552646,28.5143332444309,28.6534522545383,NSW
10005,2013,March,3,85+,20,28.4649856006466,7345,1055,1065,272.294077603812,278.128950695322,283.007259751446,291.854603343062,27.7561438485714,31.6359322552646,25.7725778452581,NSW
10005,2013,November,11,85+,12,26.3076086073187,7756,1055,1065,154.718927282104,151.55342258146,141.406350430647,175.021877734717,21.8564266777251,17.6636087412678,25.4493409853941,NSW
10005,2013,December,12,85+,13,29.0233207773846,7747,1055,1065,167.806892990835,154.718927282104,151.55342258146,151.419558359621,26.3076086073187,21.8564266777251,28.5143332444309,NSW
10005,2014,January,1,85+,9,28.8875033540905,7701,1055,1065,116.867939228672,167.806892990835,154.718927282104,283.007259751446,29.0233207773846,26.3076086073187,31.6359322552646,NSW
10005,2014,February,2,85+,1,30.4106400289725,7949,1055,1065,12.5801987671405,116.867939228672,167.806892990835,278.128950695322,28.8875033540905,29.0233207773846,27.7561438485714,NSW
10005,2014,March,3,85+,18,24.1542136511525,8007,1055,1065,224.803297115024,12.5801987671405,116.867939228672,272.294077603812,30.4106400289725,28.8875033540905,28.4649856006466,NSW
10005,2014,November,11,85+,8,28.4058257461719,7760,1055,1065,103.092783505155,75.6143667296786,124.766063630692,154.718927282104,21.5014214420824,17.7327122666136,26.3076086073187,NSW
10005,2014,December,12,85+,6,31.1014354214562,7865,1055,1065,76.2873490146217,103.092783505155,75.6143667296786,167.806892990835,28.4058257461719,21.5014214420824,29.0233207773846,NSW
10005,2015,January,1,85+,8,28.4124005249454,8213,1055,1065,97.4065505905272,76.2873490146217,103.092783505155,116.867939228672,31.1014354214562,28.4058257461719,28.8875033540905,NSW
10005,2015,February,2,85+,13,29.5829747377938,7916,1055,1065,164.22435573522,97.4065505905272,76.2873490146217,12.5801987671405,28.4124005249454,31.1014354214562,30.4106400289725,NSW
10005,2015,March,3,85+,2,24.0541977891764,7736,1055,1065,25.8531540847984,164.22435573522,97.4065505905272,224.803297115024,29.5829747377938,28.4124005249454,24.1542136511525,NSW
10005,2015,November,11,85+,1,27.756654387069,8038,1055,1065,12.4409056979348,113.17907444668,76.873798846893,103.092783505155,23.8444563358013,18.4593031921839,28.4058257461719,NSW
10005,2015,December,12,85+,5,25.8212702626309,8085,1055,1065,61.8429189857761,12.4409056979348,113.17907444668,76.2873490146217,27.756654387069,23.8444563358013,31.1014354214562,NSW
10005,2016,January,1,85+,14,29.6183824345473,8134,1055,1065,172.117039586919,61.8429189857761,12.4409056979348,97.4065505905272,25.8212702626309,27.756654387069,28.4124005249454,NSW
10005,2016,February,2,85+,25,29.6427980404286,8263,1055,1065,302.5535519787,172.117039586919,61.8429189857761,164.22435573522,29.6183824345473,25.8212702626309,29.5829747377938,NSW
10005,2016,March,3,85+,12,27.7472538685703,8110,1055,1065,147.965474722565,302.5535519787,172.117039586919,25.8531540847984,29.6427980404286,29.6183824345473,24.0541977891764,NSW
10005,2016,November,11,85+,0,22.4375207875856,8152,1055,1065,0,98.9731535321044,304.878048780488,12.4409056979348,25.0508167030911,14.6748672975913,27.756654387069,NSW
10005,2016,December,12,85+,1,30.6278272946918,7916,1055,1065,12.6326427488631,0,98.9731535321044,61.8429189857761,22.4375207875856,25.0508167030911,25.8212702626309,NSW
10006,2011,January,1,75 to 84,31,30.6392746017012,19259,1086,1108,160.963705280648,114.966555183947,37.0959194488606,271.060324209407,26.9490258857208,26.55475896782,30.8690094949174,NSW
10006,2011,February,2,75 to 84,7,30.3646193001884,18986,1086,1108,36.8692720952281,160.963705280648,114.966555183947,133.251332513325,30.6392746017012,26.9490258857208,26.8301273172392,NSW
10006,2011,March,3,75 to 84,35,25.1546026927046,19753,1086,1108,177.188275198704,36.8692720952281,160.963705280648,176.744684269723,30.3646193001884,30.6392746017012,26.770868221936,NSW
10006,2011,November,11,75 to 84,16,24.3992583072766,19445,1086,1108,82.2833633324762,79.6939751354798,36.697247706422,37.0959194488606,20.9334858161148,15.0687857252919,26.55475896782,NSW
10006,2011,December,12,75 to 84,9,28.9117596854101,19183,1086,1108,46.9165406870667,82.2833633324762,79.6939751354798,114.966555183947,24.3992583072766,20.9334858161148,26.9490258857208,NSW
10006,2012,January,1,75 to 84,1,28.5946665799675,19041,1086,1108,5.25182500919069,46.9165406870667,82.2833633324762,160.963705280648,28.9117596854101,24.3992583072766,30.6392746017012,NSW
10006,2012,February,2,75 to 84,4,30.0340461695402,19083,1086,1108,20.961064822093,5.25182500919069,46.9165406870667,36.8692720952281,28.5946665799675,28.9117596854101,30.3646193001884,NSW
10006,2012,March,3,75 to 84,7,28.3623969311007,19466,1086,1108,35.9601356210829,20.961064822093,5.25182500919069,177.188275198704,30.0340461695402,28.5946665799675,25.1546026927046,NSW
10006,2012,November,11,75 to 84,26,21.2298120501248,19211,1086,1108,135.339128624226,141.117441070402,52.820621170505,82.2833633324762,23.1507617574966,20.0923217333242,24.3992583072766,NSW
10006,2012,December,12,75 to 84,52,27.3731306698871,19178,1086,1108,271.144019188654,135.339128624226,141.117441070402,46.9165406870667,21.2298120501248,23.1507617574966,28.9117596854101,NSW
10006,2013,January,1,75 to 84,23,27.449800445239,19845,1086,1108,115.898211136306,271.144019188654,135.339128624226,5.25182500919069,27.3731306698871,21.2298120501248,28.5946665799675,NSW
10006,2013,February,2,75 to 84,28,28.3496517904947,19071,1086,1108,146.819778721619,115.898211136306,271.144019188654,20.961064822093,27.449800445239,27.3731306698871,30.0340461695402,NSW
10006,2013,March,3,75 to 84,41,23.2278284833905,19102,1086,1108,214.637210763271,146.819778721619,115.898211136306,35.9601356210829,28.3496517904947,27.449800445239,28.3623969311007,NSW
10006,2013,November,11,75 to 84,53,26.2738361067416,20443,1086,1108,259.257447537054,190.171154038635,200.534759358289,135.339128624226,21.6381777311715,18.9190504232516,21.2298120501248,NSW
10006,2013,December,12,75 to 84,1,27.0497715897334,19517,1086,1108,5.12373827944869,259.257447537054,190.171154038635,271.144019188654,26.2738361067416,21.6381777311715,27.3731306698871,NSW
10006,2014,January,1,75 to 84,6,28.1687039112499,19629,1086,1108,30.5670181873758,5.12373827944869,259.257447537054,115.898211136306,27.0497715897334,26.2738361067416,27.449800445239,NSW
10006,2014,February,2,75 to 84,3,27.6308730965184,19922,1086,1108,15.0587290432687,30.5670181873758,5.12373827944869,146.819778721619,28.1687039112499,27.0497715897334,28.3496517904947,NSW
10006,2014,March,3,75 to 84,14,27.6907065361095,19980,1086,1108,70.0700700700701,15.0587290432687,30.5670181873758,214.637210763271,27.6308730965184,28.1687039112499,23.2278284833905,NSW
10006,2014,November,11,75 to 84,31,26.6657617348958,19581,1086,1108,158.316735611052,506.919450499316,81.7410851129049,259.257447537054,21.7059272802058,17.4125351977026,26.2738361067416,NSW
10006,2014,December,12,75 to 84,39,27.8149218687638,19550,1086,1108,199.488491048593,158.316735611052,506.919450499316,5.12373827944869,26.6657617348958,21.7059272802058,27.0497715897334,NSW
10006,2015,January,1,75 to 84,41,27.8318459333186,19613,1086,1108,209.045021159435,199.488491048593,158.316735611052,30.5670181873758,27.8149218687638,26.6657617348958,28.1687039112499,NSW
10006,2015,February,2,75 to 84,12,30.3987523592698,19949,1086,1108,60.1533911474259,209.045021159435,199.488491048593,15.0587290432687,27.8318459333186,27.8149218687638,27.6308730965184,NSW
10006,2015,March,3,75 to 84,14,26.1462191459543,19490,1086,1108,71.8317085684967,60.1533911474259,209.045021159435,70.0700700700701,30.3987523592698,27.8318459333186,27.6907065361095,NSW
10006,2015,November,11,75 to 84,5,24.7694929596146,19387,1086,1108,25.790478155465,0,20.3014769324468,158.316735611052,24.3581616223141,13.239013256722,26.6657617348958,NSW
10006,2015,December,12,75 to 84,17,28.8678587058532,20318,1086,1108,83.6696525248548,25.790478155465,0,199.488491048593,24.7694929596146,24.3581616223141,27.8149218687638,NSW
10006,2016,January,1,75 to 84,76,29.8207529360357,19963,1086,1108,380.704302960477,83.6696525248548,25.790478155465,209.045021159435,28.8678587058532,24.7694929596146,27.8318459333186,NSW
10006,2016,February,2,75 to 84,30,28.9195371656571,20707,1086,1108,144.87854348771,380.704302960477,83.6696525248548,60.1533911474259,29.8207529360357,28.8678587058532,30.3987523592698,NSW
10006,2016,March,3,75 to 84,67,27.3209305959183,20871,1086,1108,321.019596569403,144.87854348771,380.704302960477,71.8317085684967,28.9195371656571,29.8207529360357,26.1462191459543,NSW
10006,2016,November,11,75 to 84,8,27.3220031786282,19887,1086,1108,40.2272841554785,51.1247443762781,57.6867608883761,25.790478155465,23.9987012799312,18.1720086250706,24.7694929596146,NSW
10006,2016,December,12,75 to 84,33,29.5794481726261,19869,1086,1108,166.087875585082,40.2272841554785,51.1247443762781,83.6696525248548,27.3220031786282,23.9987012799312,28.8678587058532,NSW
10006,2011,January,1,85+,56,31.8252353157405,19116,1086,1108,292.948315547186,226.130653266332,695.432274379643,167.612868342795,28.613715456202,25.6456660047328,29.8488273180287,NSW
10006,2011,February,2,85+,42,27.3703645210687,19287,1086,1108,217.763260227096,292.948315547186,226.130653266332,144.038410242731,31.8252353157405,28.613715456202,30.2781554760808,NSW
10006,2011,March,3,85+,65,28.9380096782609,19485,1086,1108,333.589940980241,217.763260227096,292.948315547186,141.38346337121,27.3703645210687,31.8252353157405,26.6975938767702,NSW
10006,2011,November,11,85+,19,26.0288962548168,19520,1086,1108,97.3360655737705,108.34795170777,51.3136288998358,695.432274379643,23.7696651272516,15.2760401456124,25.6456660047328,NSW
10006,2011,December,12,85+,28,29.8363784839057,19051,1086,1108,146.973912130597,97.3360655737705,108.34795170777,226.130653266332,26.0288962548168,23.7696651272516,28.613715456202,NSW
10006,2012,January,1,85+,12,32.1165410155448,18945,1086,1108,63.3412509897071,146.973912130597,97.3360655737705,292.948315547186,29.8363784839057,26.0288962548168,31.8252353157405,NSW
10006,2012,February,2,85+,57,28.5149727955933,19661,1086,1108,289.914043029347,63.3412509897071,146.973912130597,217.763260227096,32.1165410155448,29.8363784839057,27.3703645210687,NSW
10006,2012,March,3,85+,10,24.0949142681161,18686,1086,1108,53.516001284384,289.914043029347,63.3412509897071,333.589940980241,28.5149727955933,32.1165410155448,28.9380096782609,NSW
10006,2012,November,11,85+,33,25.8690493702289,19248,1086,1108,171.4463840399,37.0919881305638,203.171456888008,97.3360655737705,23.6944694019878,15.916720830147,26.0288962548168,NSW
10006,2012,December,12,85+,29,31.2260436199592,18405,1086,1108,157.565878837272,171.4463840399,37.0919881305638,146.973912130597,25.8690493702289,23.6944694019878,29.8363784839057,NSW
10006,2013,January,1,85+,12,29.8158327319649,19209,1086,1108,62.4707168514759,157.565878837272,171.4463840399,63.3412509897071,31.2260436199592,25.8690493702289,32.1165410155448,NSW
10006,2013,February,2,85+,45,27.7245677373201,19578,1086,1108,229.849831443457,62.4707168514759,157.565878837272,289.914043029347,29.8158327319649,31.2260436199592,28.5149727955933,NSW
10006,2013,March,3,85+,53,26.0958711143392,19395,1086,1108,273.266305748904,229.849831443457,62.4707168514759,53.516001284384,27.7245677373201,29.8158327319649,24.0949142681161,NSW
10006,2013,November,11,85+,18,26.7029371675574,19877,1086,1108,90.5569250892992,60.4320894394924,200.225895882534,171.4463840399,20.7258320413141,17.8584028292428,25.8690493702289,NSW
10006,2013,December,12,85+,46,28.7815843012412,19864,1086,1108,231.574708014499,90.5569250892992,60.4320894394924,157.565878837272,26.7029371675574,20.7258320413141,31.2260436199592,NSW
10006,2014,January,1,85+,127,29.7584942779891,19695,1086,1108,644.833714140645,231.574708014499,90.5569250892992,62.4707168514759,28.7815843012412,26.7029371675574,29.8158327319649,NSW
10006,2014,February,2,85+,78,28.7563638801811,19727,1086,1108,395.397171389466,644.833714140645,231.574708014499,229.849831443457,29.7584942779891,28.7815843012412,27.7245677373201,NSW
10006,2014,March,3,85+,52,24.7834797210151,19293,1086,1108,269.527808013269,395.397171389466,644.833714140645,273.266305748904,28.7563638801811,29.7584942779891,26.0958711143392,NSW
10006,2014,November,11,85+,16,24.3105576410965,19738,1086,1108,81.0619110345527,95.8917936812355,249.465431218817,90.5569250892992,18.9671845809051,20.2024218094538,26.7029371675574,NSW
10006,2014,December,12,85+,36,29.6425586671285,19391,1086,1108,185.653138053736,81.0619110345527,95.8917936812355,231.574708014499,24.3105576410965,18.9671845809051,28.7815843012412,NSW
10006,2015,January,1,85+,112,29.1941799379952,19905,1086,1108,562.672695302688,185.653138053736,81.0619110345527,644.833714140645,29.6425586671285,24.3105576410965,29.7584942779891,NSW
10006,2015,February,2,85+,61,29.9041638368874,19540,1086,1108,312.180143295804,562.672695302688,185.653138053736,395.397171389466,29.1941799379952,29.6425586671285,28.7563638801811,NSW
10006,2015,March,3,85+,17,26.5877916617552,19176,1086,1108,88.6524822695036,312.180143295804,562.672695302688,269.527808013269,29.9041638368874,29.1941799379952,24.7834797210151,NSW
10006,2015,November,11,85+,12,25.4635285437273,19869,1086,1108,60.3955911218481,280.645484614614,543.80664652568,81.0619110345527,19.1129766672929,18.4845544467895,24.3105576410965,NSW
10006,2015,December,12,85+,1,28.3117196300488,20370,1086,1108,4.90918016691213,60.3955911218481,280.645484614614,185.653138053736,25.4635285437273,19.1129766672929,29.6425586671285,NSW
10006,2016,January,1,85+,13,29.5872330452316,20364,1086,1108,63.8381457473974,4.90918016691213,60.3955911218481,562.672695302688,28.3117196300488,25.4635285437273,29.1941799379952,NSW
10006,2016,February,2,85+,46,32.7758181286068,19886,1086,1108,231.31851553857,63.8381457473974,4.90918016691213,312.180143295804,29.5872330452316,28.3117196300488,29.9041638368874,NSW
10006,2016,March,3,85+,56,25.4199431503635,20764,1086,1108,269.697553457908,231.31851553857,63.8381457473974,88.6524822695036,32.7758181286068,29.5872330452316,26.5877916617552,NSW
10006,2016,November,11,85+,21,25.4061806543118,19828,1086,1108,105.910833165221,164.659874446846,376.638376939688,60.3955911218481,21.0375012274533,17.5591121828639,25.4635285437273,NSW
10006,2016,December,12,85+,8,27.6965056322012,20101,1086,1108,39.7990149743794,105.910833165221,164.659874446846,4.90918016691213,25.4061806543118,21.0375012274533,28.3117196300488,NSW
10007,2011,January,1,75 to 84,41,34.2681976298407,17643,946,1071,232.386782293261,50.4767246214246,48.4626568305423,129.643199368694,27.1563717448594,26.0231233871466,28.7974711054597,NSW
10007,2011,February,2,75 to 84,41,26.4403411571786,17856,946,1071,229.614695340502,232.386782293261,50.4767246214246,11.2057373375168,34.2681976298407,27.1563717448594,28.04743612592,NSW
10007,2011,March,3,75 to 84,21,24.8529626843565,17932,946,1071,117.109078741914,229.614695340502,232.386782293261,95.9909655561829,26.4403411571786,34.2681976298407,24.9508771210056,NSW
10007,2011,November,11,75 to 84,37,26.7218115079432,18087,946,1071,204.566815945154,119.311402761207,138.827187916482,48.4626568305423,22.2974690941116,21.2650682533374,26.0231233871466,NSW
10007,2011,December,12,75 to 84,40,30.0180018693025,18113,946,1071,220.835863744272,204.566815945154,119.311402761207,50.4767246214246,26.7218115079432,22.2974690941116,27.1563717448594,NSW
10007,2012,January,1,75 to 84,34,28.8061529566462,17762,946,1071,191.419885148069,220.835863744272,204.566815945154,232.386782293261,30.0180018693025,26.7218115079432,34.2681976298407,NSW
10007,2012,February,2,75 to 84,44,27.4875757134471,17746,946,1071,247.94319846726,191.419885148069,220.835863744272,229.614695340502,28.8061529566462,30.0180018693025,26.4403411571786,NSW
10007,2012,March,3,75 to 84,2,25.2030725843807,18166,946,1071,11.0095783331498,247.94319846726,191.419885148069,117.109078741914,27.4875757134471,28.8061529566462,24.8529626843565,NSW
10007,2012,November,11,75 to 84,12,23.5833357339233,18300,946,1071,65.5737704918033,75.5980344511043,83.7240455458808,204.566815945154,22.2621084930732,17.9147813599307,26.7218115079432,NSW
10007,2012,December,12,75 to 84,6,28.6795013598365,18995,946,1071,31.5872598052119,65.5737704918033,75.5980344511043,220.835863744272,23.5833357339233,22.2621084930732,30.0180018693025,NSW
10007,2013,January,1,75 to 84,41,28.1926143902141,18256,946,1071,224.583698510079,31.5872598052119,65.5737704918033,191.419885148069,28.6795013598365,23.5833357339233,28.8061529566462,NSW
10007,2013,February,2,75 to 84,32,28.5469410317899,17666,946,1071,181.138910902298,224.583698510079,31.5872598052119,247.94319846726,28.1926143902141,28.6795013598365,27.4875757134471,NSW
10007,2013,March,3,75 to 84,16,26.7592269015177,18787,946,1071,85.1652738595838,181.138910902298,224.583698510079,11.0095783331498,28.5469410317899,28.1926143902141,25.2030725843807,NSW
10007,2013,November,11,75 to 84,24,25.8909206179471,18341,946,1071,130.854369990731,42.628017264347,21.8615073509319,65.5737704918033,21.5127375130005,16.3351982376707,23.5833357339233,NSW
10007,2013,December,12,75 to 84,28,27.9845543404712,19078,946,1071,146.76590837614,130.854369990731,42.628017264347,31.5872598052119,25.8909206179471,21.5127375130005,28.6795013598365,NSW
10007,2014,January,1,75 to 84,7,27.9699817406104,18335,946,1071,38.1783474229616,146.76590837614,130.854369990731,224.583698510079,27.9845543404712,25.8909206179471,28.1926143902141,NSW
10007,2014,February,2,75 to 84,8,28.7873335878644,18608,946,1071,42.9922613929493,38.1783474229616,146.76590837614,181.138910902298,27.9699817406104,27.9845543404712,28.5469410317899,NSW
10007,2014,March,3,75 to 84,4,24.0735156156434,18179,946,1071,22.0034105286319,42.9922613929493,38.1783474229616,85.1652738595838,28.7873335878644,27.9699817406104,26.7592269015177,NSW
10007,2014,November,11,75 to 84,9,23.6572034958842,18924,946,1071,47.5586556753329,27.8862242052426,31.6639400496068,130.854369990731,19.3660218418956,17.5868307137098,25.8909206179471,NSW
10007,2014,December,12,75 to 84,2,29.9561268503166,18294,946,1071,10.9325461900077,47.5586556753329,27.8862242052426,146.76590837614,23.6572034958842,19.3660218418956,27.9845543404712,NSW
10007,2015,January,1,75 to 84,6,26.5703858732963,18794,946,1071,31.9250824731297,10.9325461900077,47.5586556753329,38.1783474229616,29.9561268503166,23.6572034958842,27.9699817406104,NSW
10007,2015,February,2,75 to 84,8,30.0407089978267,18249,946,1071,43.8380185215628,31.9250824731297,10.9325461900077,42.9922613929493,26.5703858732963,29.9561268503166,28.7873335878644,NSW
10007,2015,March,3,75 to 84,30,26.0301007688601,18947,946,1071,158.336412096902,43.8380185215628,31.9250824731297,22.0034105286319,30.0407089978267,26.5703858732963,24.0735156156434,NSW
10007,2015,November,11,75 to 84,23,26.6059124538506,19594,946,1071,117.382872307849,53.8473964783803,37.2518758980363,47.5586556753329,21.5575124130827,17.3846491415005,23.6572034958842,NSW
10007,2015,December,12,75 to 84,67,29.3113666994945,18097,946,1071,370.227109465657,117.382872307849,53.8473964783803,10.9325461900077,26.6059124538506,21.5575124130827,29.9561268503166,NSW
10007,2016,January,1,75 to 84,71,29.9784755569399,19129,946,1071,371.164200951435,370.227109465657,117.382872307849,31.9250824731297,29.3113666994945,26.6059124538506,26.5703858732963,NSW
10007,2016,February,2,75 to 84,1,29.0110845025278,19586,946,1071,5.10568773613806,371.164200951435,370.227109465657,43.8380185215628,29.9784755569399,29.3113666994945,30.0407089978267,NSW
10007,2016,March,3,75 to 84,22,28.9746875634584,18602,946,1071,118.266853026556,5.10568773613806,371.164200951435,158.336412096902,29.0110845025278,29.9784755569399,26.0301007688601,NSW
10007,2016,November,11,75 to 84,32,26.6340389654757,18636,946,1071,171.71066752522,107.857412500674,131.835680008437,117.382872307849,24.6752570530819,19.0819256720763,26.6059124538506,NSW
10007,2016,December,12,75 to 84,35,28.4512861803625,18928,946,1071,184.91124260355,171.71066752522,107.857412500674,370.227109465657,26.6340389654757,24.6752570530819,29.3113666994945,NSW
10007,2011,January,1,85+,33,29.6829974583255,17807,946,1071,185.32037962599,236.004390779363,184.36784177887,392.156862745098,30.0718332418772,26.7140559800683,30.9410783423304,NSW
10007,2011,February,2,85+,14,30.8060846874529,18302,946,1071,76.4943721997596,185.32037962599,236.004390779363,75.2401898367867,29.6829974583255,30.0718332418772,31.466147047353,NSW
10007,2011,March,3,85+,26,26.8155420653716,17666,946,1071,147.175365108117,76.4943721997596,185.32037962599,193.908976844987,30.8060846874529,29.6829974583255,28.4951574651892,NSW
10007,2011,November,11,85+,19,27.76257513574,18124,946,1071,104.833370116972,16.9023606963773,45.3514739229025,184.36784177887,22.6630810199095,18.9136132666296,26.7140559800683,NSW
10007,2011,December,12,85+,31,29.5543597156678,18140,946,1071,170.893054024256,104.833370116972,16.9023606963773,236.004390779363,27.76257513574,22.6630810199095,30.0718332418772,NSW
10007,2012,January,1,85+,13,31.2728410292982,18089,946,1071,71.8668804245674,170.893054024256,104.833370116972,185.32037962599,29.5543597156678,27.76257513574,29.6829974583255,NSW
10007,2012,February,2,85+,12,27.8598712684341,17951,946,1071,66.8486435296084,71.8668804245674,170.893054024256,76.4943721997596,31.2728410292982,29.5543597156678,30.8060846874529,NSW
10007,2012,March,3,85+,11,25.8627675133752,17452,946,1071,63.0300252120101,66.8486435296084,71.8668804245674,147.175365108117,27.8598712684341,31.2728410292982,26.8155420653716,NSW
10007,2012,November,11,85+,92,23.7448878261414,18850,946,1071,488.063660477454,217.691409153658,187.234979899774,104.833370116972,25.4768767335696,18.0034181469769,27.76257513574,NSW
10007,2012,December,12,85+,59,27.5512676187733,17655,946,1071,334.182951005381,488.063660477454,217.691409153658,170.893054024256,23.7448878261414,25.4768767335696,29.5543597156678,NSW
10007,2013,January,1,85+,36,28.7648867601419,18380,946,1071,195.865070729053,334.182951005381,488.063660477454,71.8668804245674,27.5512676187733,23.7448878261414,31.2728410292982,NSW
10007,2013,February,2,85+,61,31.0981588849503,17627,946,1071,346.060021557837,195.865070729053,334.182951005381,66.8486435296084,28.7648867601419,27.5512676187733,27.8598712684341,NSW
10007,2013,March,3,85+,57,27.8752660888271,18158,946,1071,313.911223703051,346.060021557837,195.865070729053,63.0300252120101,31.0981588849503,28.7648867601419,25.8627675133752,NSW
10007,2013,November,11,85+,31,25.6431288121983,18069,946,1071,171.564558082904,494.430861179028,256.310246837912,488.063660477454,19.4246530433524,17.8835054240451,23.7448878261414,NSW
10007,2013,December,12,85+,14,28.8605881108807,17886,946,1071,78.2735100078273,171.564558082904,494.430861179028,334.182951005381,25.6431288121983,19.4246530433524,27.5512676187733,NSW
10007,2014,January,1,85+,10,31.2547756632266,18253,946,1071,54.7855147099107,78.2735100078273,171.564558082904,195.865070729053,28.8605881108807,25.6431288121983,28.7648867601419,NSW
10007,2014,February,2,85+,24,28.8462159769462,18920,946,1071,126.849894291755,54.7855147099107,78.2735100078273,346.060021557837,31.2547756632266,28.8605881108807,31.0981588849503,NSW
10007,2014,March,3,85+,12,24.9306536870399,18172,946,1071,66.0356592559982,126.849894291755,54.7855147099107,313.911223703051,28.8462159769462,31.2547756632266,27.8752660888271,NSW
10007,2014,November,11,85+,46,27.0308007896142,18752,946,1071,245.307167235495,70.0619779035301,26.4956812039638,171.564558082904,19.7473601995528,18.6661003796235,25.6431288121983,NSW
10007,2014,December,12,85+,30,30.7096620210471,18397,946,1071,163.070065771593,245.307167235495,70.0619779035301,78.2735100078273,27.0308007896142,19.7473601995528,28.8605881108807,NSW
10007,2015,January,1,85+,50,33.0829276711526,18499,946,1071,270.284880263798,163.070065771593,245.307167235495,54.7855147099107,30.7096620210471,27.0308007896142,31.2547756632266,NSW
10007,2015,February,2,85+,72,26.9519656213643,19119,946,1071,376.588733720383,270.284880263798,163.070065771593,126.849894291755,33.0829276711526,30.7096620210471,28.8462159769462,NSW
10007,2015,March,3,85+,8,24.2859683212574,19023,946,1071,42.054355254166,376.588733720383,270.284880263798,66.0356592559982,26.9519656213643,33.0829276711526,24.9306536870399,NSW
10007,2015,November,11,85+,23,27.3544181315044,19357,946,1071,118.820065092731,301.026716121056,218.305734518929,245.307167235495,23.3267466989654,18.579949200698,27.0308007896142,NSW
10007,2015,December,12,85+,10,29.0962512792939,19327,946,1071,51.7410875976613,118.820065092731,301.026716121056,163.070065771593,27.3544181315044,23.3267466989654,30.7096620210471,NSW
10007,2016,January,1,85+,15,27.5173314410518,18666,946,1071,80.3600128576021,51.7410875976613,118.820065092731,270.284880263798,29.0962512792939,27.3544181315044,33.0829276711526,NSW
10007,2016,February,2,85+,42,29.4234067921687,18903,946,1071,222.186954451674,80.3600128576021,51.7410875976613,376.588733720383,27.5173314410518,29.0962512792939,26.9519656213643,NSW
10007,2016,March,3,85+,38,26.567632924317,18802,946,1071,202.106158919264,222.186954451674,80.3600128576021,42.054355254166,29.4234067921687,27.5173314410518,24.2859683212574,NSW
10007,2016,November,11,85+,28,25.3919854065361,19067,946,1071,146.850579535323,116.064362964917,177.840051735288,118.820065092731,22.875478276996,19.4343493399464,27.3544181315044,NSW
10007,2016,December,12,85+,8,32.4690467808932,18918,946,1071,42.2877682630299,146.850579535323,116.064362964917,51.7410875976613,25.3919854065361,22.875478276996,29.0962512792939,NSW
10008,2011,January,1,75 to 84,25,27.602185713666,13060,987,959,191.424196018377,455.950540958269,107.230392156863,46.4756003098373,29.7275804930467,26.2925767123541,31.7044533153906,NSW
10008,2011,February,2,75 to 84,25,26.5479839443973,12905,987,959,193.723363037582,191.424196018377,455.950540958269,39.1083300743058,27.602185713666,29.7275804930467,29.9210854913114,NSW
10008,2011,March,3,75 to 84,43,23.5423344819781,12900,987,959,333.333333333333,193.723363037582,191.424196018377,53.742802303263,26.5479839443973,27.602185713666,24.3698817414665,NSW
10008,2011,November,11,75 to 84,34,27.6327230370985,13251,987,959,256.58440872387,53.4800213920086,135.043889264011,107.230392156863,23.4333731592948,20.0560076003364,26.2925767123541,NSW
10008,2011,December,12,75 to 84,28,28.7990249595909,12989,987,959,215.567018246208,256.58440872387,53.4800213920086,455.950540958269,27.6327230370985,23.4333731592948,29.7275804930467,NSW
10008,2012,January,1,75 to 84,55,29.1080388579294,13031,987,959,422.070447394674,215.567018246208,256.58440872387,191.424196018377,28.7990249595909,27.6327230370985,27.602185713666,NSW
10008,2012,February,2,75 to 84,38,30.0524790538175,12833,987,959,296.111587313956,422.070447394674,215.567018246208,193.723363037582,29.1080388579294,28.7990249595909,26.5479839443973,NSW
10008,2012,March,3,75 to 84,21,26.5953224805762,13449,987,959,156.145438322552,296.111587313956,422.070447394674,333.333333333333,30.0524790538175,29.1080388579294,23.5423344819781,NSW
10008,2012,November,11,75 to 84,15,26.4921875180747,12707,987,959,118.045171952467,121.710025863381,121.405265953411,256.58440872387,22.0690108385824,14.8045908164065,27.6327230370985,NSW
10008,2012,December,12,75 to 84,5,29.8261154312674,12741,987,959,39.2433874892081,118.045171952467,121.710025863381,215.567018246208,26.4921875180747,22.0690108385824,28.7990249595909,NSW
10008,2013,January,1,75 to 84,20,31.1222639404477,13572,987,959,147.362216327734,39.2433874892081,118.045171952467,422.070447394674,29.8261154312674,26.4921875180747,29.1080388579294,NSW
10008,2013,February,2,75 to 84,18,28.2708550544251,13120,987,959,137.19512195122,147.362216327734,39.2433874892081,296.111587313956,31.1222639404477,29.8261154312674,30.0524790538175,NSW
10008,2013,March,3,75 to 84,35,23.8477770145463,13079,987,959,267.604556923312,137.19512195122,147.362216327734,156.145438322552,28.2708550544251,31.1222639404477,26.5953224805762,NSW
10008,2013,November,11,75 to 84,12,24.7870476834694,13419,987,959,89.4254415381176,213.43090174556,83.2324455205811,118.045171952467,23.283582984197,17.8420984066702,26.4921875180747,NSW
10008,2013,December,12,75 to 84,5,27.7201169617204,13261,987,959,37.7045471683885,89.4254415381176,213.43090174556,39.2433874892081,24.7870476834694,23.283582984197,29.8261154312674,NSW
10008,2014,January,1,75 to 84,27,30.0360304887885,13522,987,959,199.674604348469,37.7045471683885,89.4254415381176,147.362216327734,27.7201169617204,24.7870476834694,31.1222639404477,NSW
10008,2014,February,2,75 to 84,11,30.1964502576464,13255,987,959,82.9875518672199,199.674604348469,37.7045471683885,137.19512195122,30.0360304887885,27.7201169617204,28.2708550544251,NSW
10008,2014,March,3,75 to 84,30,23.9895863666122,13816,987,959,217.139548349739,82.9875518672199,199.674604348469,267.604556923312,30.1964502576464,30.0360304887885,23.8477770145463,NSW
10008,2014,November,11,75 to 84,7,27.9369885993567,13400,987,959,52.2388059701493,7.58955676988464,15.044380923725,89.4254415381176,22.3351875791027,16.8541074009269,24.7870476834694,NSW
10008,2014,December,12,75 to 84,21,30.3520996817939,13444,987,959,156.203510859863,52.2388059701493,7.58955676988464,37.7045471683885,27.9369885993567,22.3351875791027,27.7201169617204,NSW
10008,2015,January,1,75 to 84,19,31.4706901255165,13389,987,959,141.907536037045,156.203510859863,52.2388059701493,199.674604348469,30.3520996817939,27.9369885993567,30.0360304887885,NSW
10008,2015,February,2,75 to 84,7,27.4996633306393,13575,987,959,51.5653775322284,141.907536037045,156.203510859863,82.9875518672199,31.4706901255165,30.3520996817939,30.1964502576464,NSW
10008,2015,March,3,75 to 84,2,24.1323987646015,13371,987,959,14.9577443721487,51.5653775322284,141.907536037045,217.139548349739,27.4996633306393,31.4706901255165,23.9895863666122,NSW
10008,2015,November,11,75 to 84,4,23.9902886608356,13976,987,959,28.6204922724671,316.933293087836,95.0084045896368,52.2388059701493,19.3251895037133,18.8650912829242,27.9369885993567,NSW
10008,2015,December,12,75 to 84,18,29.9305706947497,13708,987,959,131.310183834257,28.6204922724671,316.933293087836,156.203510859863,23.9902886608356,19.3251895037133,30.3520996817939,NSW
10008,2016,January,1,75 to 84,18,29.5080564134076,13677,987,959,131.607808729985,131.310183834257,28.6204922724671,141.907536037045,29.9305706947497,23.9902886608356,31.4706901255165,NSW
10008,2016,February,2,75 to 84,19,26.9538300878296,13778,987,959,137.901001596748,131.607808729985,131.310183834257,51.5653775322284,29.5080564134076,29.9305706947497,27.4996633306393,NSW
10008,2016,March,3,75 to 84,20,27.2029583043647,13773,987,959,145.211645974007,137.901001596748,131.607808729985,14.9577443721487,26.9538300878296,29.5080564134076,24.1323987646015,NSW
10008,2016,November,11,75 to 84,26,26.7598118915497,13882,987,959,187.292897277049,459.371940658182,247.469066366704,28.6204922724671,24.2210369895787,17.8392056946535,23.9902886608356,NSW
10008,2016,December,12,75 to 84,6,29.383388385105,13788,987,959,43.5161009573542,187.292897277049,459.371940658182,131.310183834257,26.7598118915497,24.2210369895787,29.9305706947497,NSW
10008,2011,January,1,85+,17,26.1556745783176,12859,987,959,132.203126215102,553.002570293637,188.902007083825,306.599967726319,28.4438481619147,22.3966324990953,28.3083903640927,NSW
10008,2011,February,2,85+,13,28.5644009395504,13427,987,959,96.819840619647,132.203126215102,553.002570293637,97.7002855854502,26.1556745783176,28.4438481619147,28.2090007484064,NSW
10008,2011,March,3,85+,16,26.5652659967356,13054,987,959,122.567795311782,96.819840619647,132.203126215102,140.274314214464,28.5644009395504,26.1556745783176,25.2050593606569,NSW
10008,2011,November,11,85+,7,27.4489385230714,12622,987,959,55.4587228648392,234.064133572599,156.911972383493,188.902007083825,23.2197629324433,20.8188883205071,22.3966324990953,NSW
10008,2011,December,12,85+,22,32.4337701636387,13162,987,959,167.14784987084,55.4587228648392,234.064133572599,553.002570293637,27.4489385230714,23.2197629324433,28.4438481619147,NSW
10008,2012,January,1,85+,55,29.8006749670942,13064,987,959,421.0042865891,167.14784987084,55.4587228648392,132.203126215102,32.4337701636387,27.4489385230714,26.1556745783176,NSW
10008,2012,February,2,85+,77,29.1894857893274,13267,987,959,580.387427451572,421.0042865891,167.14784987084,96.819840619647,29.8006749670942,32.4337701636387,28.5644009395504,NSW
10008,2012,March,3,85+,72,23.6683541635903,13068,987,959,550.964187327824,580.387427451572,421.0042865891,122.567795311782,29.1894857893274,29.8006749670942,26.5652659967356,NSW
10008,2012,November,11,85+,9,27.8265722636086,13211,987,959,68.1250473090606,185.056673606292,251.849519911853,55.4587228648392,18.2779502503701,17.5730604446241,27.4489385230714,NSW
10008,2012,December,12,85+,6,29.8739558039447,13033,987,959,46.0369830430446,68.1250473090606,185.056673606292,167.14784987084,27.8265722636086,18.2779502503701,32.4337701636387,NSW
10008,2013,January,1,85+,26,27.2990633078844,13114,987,959,198.261400030502,46.0369830430446,68.1250473090606,421.0042865891,29.8739558039447,27.8265722636086,29.8006749670942,NSW
10008,2013,February,2,85+,19,28.9771666806537,13234,987,959,143.569593471362,198.261400030502,46.0369830430446,580.387427451572,27.2990633078844,29.8739558039447,29.1894857893274,NSW
10008,2013,March,3,85+,24,28.1511633213343,13271,987,959,180.845452490393,143.569593471362,198.261400030502,550.964187327824,28.9771666806537,27.2990633078844,23.6683541635903,NSW
10008,2013,November,11,85+,43,26.4568475459452,13628,987,959,315.52685647197,341.005967604433,128.602768741962,68.1250473090606,22.8747922058963,16.8476922043035,27.8265722636086,NSW
10008,2013,December,12,85+,8,30.8489825560178,13303,987,959,60.1368112455837,315.52685647197,341.005967604433,46.0369830430446,26.4568475459452,22.8747922058963,29.8739558039447,NSW
10008,2014,January,1,85+,30,30.3843392075533,12886,987,959,232.810802421232,60.1368112455837,315.52685647197,198.261400030502,30.8489825560178,26.4568475459452,27.2990633078844,NSW
10008,2014,February,2,85+,69,28.5585695780776,13052,987,959,528.654612319951,232.810802421232,60.1368112455837,143.569593471362,30.3843392075533,30.8489825560178,28.9771666806537,NSW
10008,2014,March,3,85+,80,26.7290633173524,13560,987,959,589.970501474926,528.654612319951,232.810802421232,180.845452490393,28.5585695780776,30.3843392075533,28.1511633213343,NSW
10008,2014,November,11,85+,72,25.8369250554659,13283,987,959,542.046224497478,497.131931166348,38.3288616328095,315.52685647197,20.9143051107828,18.4220644965807,26.4568475459452,NSW
10008,2014,December,12,85+,117,28.274621404978,13002,987,959,899.861559760037,542.046224497478,497.131931166348,60.1368112455837,25.8369250554659,20.9143051107828,30.8489825560178,NSW
10008,2015,January,1,85+,25,30.8979001999561,13432,987,959,186.122692078618,899.861559760037,542.046224497478,232.810802421232,28.274621404978,25.8369250554659,30.3843392075533,NSW
10008,2015,February,2,85+,15,31.9523673912133,13363,987,959,112.25024320886,186.122692078618,899.861559760037,528.654612319951,30.8979001999561,28.274621404978,28.5585695780776,NSW
10008,2015,March,3,85+,28,26.8452150974335,13548,987,959,206.672571597284,112.25024320886,186.122692078618,589.970501474926,31.9523673912133,30.8979001999561,26.7290633173524,NSW
10008,2015,November,11,85+,5,26.1952844595933,13919,987,959,35.9221208420145,0,334.622248661511,542.046224497478,22.1562599710397,16.3384413656946,25.8369250554659,NSW
10008,2015,December,12,85+,64,28.7624950020059,13626,987,959,469.690297959783,35.9221208420145,0,899.861559760037,26.1952844595933,22.1562599710397,28.274621404978,NSW
10008,2016,January,1,85+,37,28.139986839323,13369,987,959,276.759667888399,469.690297959783,35.9221208420145,186.122692078618,28.7624950020059,26.1952844595933,30.8979001999561,NSW
10008,2016,February,2,85+,19,29.8661086900451,13722,987,959,138.463780789972,276.759667888399,469.690297959783,112.25024320886,28.139986839323,28.7624950020059,31.9523673912133,NSW
10008,2016,March,3,85+,106,23.1305095799222,13951,987,959,759.802164719375,138.463780789972,276.759667888399,206.672571597284,29.8661086900451,28.139986839323,26.8452150974335,NSW
10008,2016,November,11,85+,19,27.952005078351,13607,987,959,139.634011905637,152.041702867072,95.2660120181738,35.9221208420145,22.7062847376163,17.1470583354232,26.1952844595933,NSW
10008,2016,December,12,85+,80,28.9832669231019,13435,987,959,595.459620394492,139.634011905637,152.041702867072,469.690297959783,27.952005078351,22.7062847376163,28.7624950020059,NSW
10009,2011,January,1,75 to 84,22,29.032613740451,14261,1106,913,154.26688170535,224.550898203593,56.4612887289152,98.9399293286219,30.5471965318627,24.8637906440872,30.464071660422,NSW
10009,2011,February,2,75 to 84,61,32.4842910609895,13625,1106,913,447.706422018349,154.26688170535,224.550898203593,280.327983740977,29.032613740451,30.5471965318627,29.6664641897887,NSW
10009,2011,March,3,75 to 84,23,25.7497820644227,14133,1106,913,162.739687256775,447.706422018349,154.26688170535,128.406334712512,32.4842910609895,29.032613740451,27.1085609586645,NSW
10009,2011,November,11,75 to 84,10,25.5524462344011,14065,1106,913,71.0984713828653,41.1861614497529,0,56.4612887289152,19.5990350091173,17.6507948786618,24.8637906440872,NSW
10009,2011,December,12,75 to 84,27,28.514767105187,14218,1106,913,189.900126600084,71.0984713828653,41.1861614497529,224.550898203593,25.5524462344011,19.5990350091173,30.5471965318627,NSW
10009,2012,January,1,75 to 84,20,29.9545116402431,14309,1106,913,139.772171360682,189.900126600084,71.0984713828653,154.26688170535,28.514767105187,25.5524462344011,29.032613740451,NSW
10009,2012,February,2,75 to 84,36,30.5622222613066,13816,1106,913,260.567458019687,139.772171360682,189.900126600084,447.706422018349,29.9545116402431,28.514767105187,32.4842910609895,NSW
10009,2012,March,3,75 to 84,13,24.4918673596284,14310,1106,913,90.8455625436758,260.567458019687,139.772171360682,162.739687256775,30.5622222613066,29.9545116402431,25.7497820644227,NSW
10009,2012,November,11,75 to 84,12,29.1399314888079,14735,1106,913,81.4387512724805,164.937117723868,84.3703859945159,71.0984713828653,21.6696722105762,16.943193756279,25.5524462344011,NSW
10009,2012,December,12,75 to 84,15,31.5239156545956,14281,1106,913,105.034661438275,81.4387512724805,164.937117723868,189.900126600084,29.1399314888079,21.6696722105762,28.514767105187,NSW
10009,2013,January,1,75 to 84,25,30.0537203235889,14712,1106,913,169.929309407287,105.034661438275,81.4387512724805,139.772171360682,31.5239156545956,29.1399314888079,29.9545116402431,NSW
10009,2013,February,2,75 to 84,14,30.5255981131519,14080,1106,913,99.4318181818182,169.929309407287,105.034661438275,260.567458019687,30.0537203235889,31.5239156545956,30.5622222613066,NSW
10009,2013,March,3,75 to 84,6,25.1483274530002,14444,1106,913,41.539739684298,99.4318181818182,169.929309407287,90.8455625436758,30.5255981131519,30.0537203235889,24.4918673596284,NSW
10009,2013,November,11,75 to 84,13,30.5527770137431,14505,1106,913,89.6242674939676,94.7418285172904,54.0285000337678,81.4387512724805,19.7947298385583,16.3216795850937,29.1399314888079,NSW
10009,2013,December,12,75 to 84,27,28.2133934810641,14634,1106,913,184.50184501845,89.6242674939676,94.7418285172904,105.034661438275,30.5527770137431,19.7947298385583,31.5239156545956,NSW
10009,2014,January,1,75 to 84,18,30.6769695066789,14775,1106,913,121.827411167513,184.50184501845,89.6242674939676,169.929309407287,28.2133934810641,30.5527770137431,30.0537203235889,NSW
10009,2014,February,2,75 to 84,38,28.1520895374173,14472,1106,913,262.576008844666,121.827411167513,184.50184501845,99.4318181818182,30.6769695066789,28.2133934810641,30.5255981131519,NSW
10009,2014,March,3,75 to 84,56,28.3241375338256,15366,1106,913,364.440973578029,262.576008844666,121.827411167513,41.539739684298,28.1520895374173,30.6769695066789,25.1483274530002,NSW
10009,2014,November,11,75 to 84,8,26.3274509353297,14635,1106,913,54.6634779637855,134.843581445523,13.4039273507138,89.6242674939676,23.9840626654868,19.598095871833,30.5527770137431,NSW
10009,2014,December,12,75 to 84,68,27.0418261450975,14829,1106,913,458.560927911525,54.6634779637855,134.843581445523,184.50184501845,26.3274509353297,23.9840626654868,28.2133934810641,NSW
10009,2015,January,1,75 to 84,27,31.2378970712078,14942,1106,913,180.698701646366,458.560927911525,54.6634779637855,121.827411167513,27.0418261450975,26.3274509353297,30.6769695066789,NSW
10009,2015,February,2,75 to 84,63,27.8074326325591,15129,1106,913,416.418798334325,180.698701646366,458.560927911525,262.576008844666,31.2378970712078,27.0418261450975,28.1520895374173,NSW
10009,2015,March,3,75 to 84,9,25.7539090466873,15155,1106,913,59.3863411415375,416.418798334325,180.698701646366,364.440973578029,27.8074326325591,31.2378970712078,28.3241375338256,NSW
10009,2015,November,11,75 to 84,37,26.2287187490006,15393,1106,913,240.368998895602,259.38566552901,87.9864636209814,54.6634779637855,21.5465059345526,18.3933583541105,26.3274509353297,NSW
10009,2015,December,12,75 to 84,57,28.4217610070329,15278,1106,913,373.085482392983,240.368998895602,259.38566552901,458.560927911525,26.2287187490006,21.5465059345526,27.0418261450975,NSW
10009,2016,January,1,75 to 84,46,30.371932502557,14944,1106,913,307.815845824411,373.085482392983,240.368998895602,180.698701646366,28.4217610070329,26.2287187490006,31.2378970712078,NSW
10009,2016,February,2,75 to 84,44,28.0026104272218,15120,1106,913,291.005291005291,307.815845824411,373.085482392983,416.418798334325,30.371932502557,28.4217610070329,27.8074326325591,NSW
10009,2016,March,3,75 to 84,8,26.4715050952465,14653,1106,913,54.5963283969153,291.005291005291,307.815845824411,59.3863411415375,28.0026104272218,30.371932502557,25.7539090466873,NSW
10009,2016,November,11,75 to 84,2,25.9178025010055,14594,1106,913,13.7042620254899,249.769948731432,96.0219478737997,240.368998895602,23.4779454573963,17.5002834677922,26.2287187490006,NSW
10009,2016,December,12,75 to 84,8,27.9650869712899,14807,1106,913,54.0285000337678,13.7042620254899,249.769948731432,373.085482392983,25.9178025010055,23.4779454573963,28.4217610070329,NSW
10009,2011,January,1,85+,221,32.8602070741148,13950,1106,913,1584.229390681,532.216860630145,161.90342108968,1208.39516641933,28.49678979308,28.6705086668088,30.2723490638217,NSW
10009,2011,February,2,85+,63,31.0338753882417,14139,1106,913,445.576066199873,1584.229390681,532.216860630145,681.227614298757,32.8602070741148,28.49678979308,28.812896630137,NSW
10009,2011,March,3,85+,55,27.255656077594,13865,1106,913,396.682293544897,445.576066199873,1584.229390681,175.352458441467,31.0338753882417,32.8602070741148,26.0649970195684,NSW
10009,2011,November,11,85+,50,24.5651372182346,14244,1106,913,351.0249929795,633.565181461332,220.045428733674,161.90342108968,23.8890258566206,18.1256501976124,28.6705086668088,NSW
10009,2011,December,12,85+,52,29.3888492481752,14400,1106,913,361.111111111111,351.0249929795,633.565181461332,532.216860630145,24.5651372182346,23.8890258566206,28.49678979308,NSW
10009,2012,January,1,85+,109,26.7484291516385,14544,1106,913,749.449944994499,361.111111111111,351.0249929795,1584.229390681,29.3888492481752,24.5651372182346,32.8602070741148,NSW
10009,2012,February,2,85+,9,32.6074569025619,14622,1106,913,61.5510874025441,749.449944994499,361.111111111111,445.576066199873,26.7484291516385,29.3888492481752,31.0338753882417,NSW
10009,2012,March,3,85+,51,25.7081867702187,14430,1106,913,353.430353430353,61.5510874025441,749.449944994499,396.682293544897,32.6074569025619,26.7484291516385,27.255656077594,NSW
10009,2012,November,11,85+,124,25.64903046663,14393,1106,913,861.529910373098,120.124364047484,317.303624312509,351.0249929795,23.982568456851,17.677604747407,24.5651372182346,NSW
10009,2012,December,12,85+,68,26.0808459280424,13879,1106,913,489.948843576627,861.529910373098,120.124364047484,361.111111111111,25.64903046663,23.982568456851,29.3888492481752,NSW
10009,2013,January,1,85+,70,32.8495459993738,14910,1106,913,469.483568075117,489.948843576627,861.529910373098,749.449944994499,26.0808459280424,25.64903046663,26.7484291516385,NSW
10009,2013,February,2,85+,46,30.715983437555,14487,1106,913,317.526057844964,469.483568075117,489.948843576627,61.5510874025441,32.8495459993738,26.0808459280424,32.6074569025619,NSW
10009,2013,March,3,85+,10,27.1015552110439,14576,1106,913,68.6059275521405,317.526057844964,469.483568075117,353.430353430353,30.715983437555,32.8495459993738,25.7081867702187,NSW
10009,2013,November,11,85+,15,28.049156021741,14759,1106,913,101.632901958127,136.621353917617,112.723686064534,861.529910373098,22.7941907089369,17.2431175476557,25.64903046663,NSW
10009,2013,December,12,85+,87,30.5846330479005,13806,1106,913,630.160799652325,101.632901958127,136.621353917617,489.948843576627,28.049156021741,22.7941907089369,26.0808459280424,NSW
10009,2014,January,1,85+,92,30.0761474079644,15414,1106,913,596.859997404957,630.160799652325,101.632901958127,469.483568075117,30.5846330479005,28.049156021741,32.8495459993738,NSW
10009,2014,February,2,85+,36,28.0746085282408,14424,1106,913,249.584026622296,596.859997404957,630.160799652325,317.526057844964,30.0761474079644,30.5846330479005,30.715983437555,NSW
10009,2014,March,3,85+,8,26.943906795783,14623,1106,913,54.7083361827259,249.584026622296,596.859997404957,68.6059275521405,28.0746085282408,30.0761474079644,27.1015552110439,NSW
10009,2014,November,11,85+,35,27.5101026737102,14555,1106,913,240.467193404328,293.501048218029,345.033508061841,101.632901958127,22.0053004724083,16.8732452818381,28.049156021741,NSW
10009,2014,December,12,85+,100,29.3566836646071,15186,1106,913,658.501251152377,240.467193404328,293.501048218029,630.160799652325,27.5101026737102,22.0053004724083,30.5846330479005,NSW
10009,2015,January,1,85+,148,29.7005991810433,15273,1106,913,969.030314934852,658.501251152377,240.467193404328,596.859997404957,29.3566836646071,27.5101026737102,30.0761474079644,NSW
10009,2015,February,2,85+,108,27.8660087373183,14546,1106,913,742.472157294102,969.030314934852,658.501251152377,249.584026622296,29.7005991810433,29.3566836646071,28.0746085282408,NSW
10009,2015,March,3,85+,52,26.079097464342,15361,1106,913,338.51962762841,742.472157294102,969.030314934852,54.7083361827259,27.8660087373183,29.7005991810433,26.943906795783,NSW
10009,2015,November,11,85+,86,26.9178274031052,14118,1106,913,609.15143788072,79.6495420151334,372.747980948437,240.467193404328,21.4317317530368,18.8186469376807,27.5101026737102,NSW
10009,2015,December,12,85+,99,25.6979924545257,14961,1106,913,661.720473230399,609.15143788072,79.6495420151334,658.501251152377,26.9178274031052,21.4317317530368,29.3566836646071,NSW
10009,2016,January,1,85+,76,33.8463876202266,14574,1106,913,521.476602168245,661.720473230399,609.15143788072,969.030314934852,25.6979924545257,26.9178274031052,29.7005991810433,NSW
10009,2016,February,2,85+,26,28.8658365183249,14931,1106,913,174.134351349541,521.476602168245,661.720473230399,742.472157294102,33.8463876202266,25.6979924545257,27.8660087373183,NSW
10009,2016,March,3,85+,143,25.6871192100875,14965,1106,913,955.562980287337,174.134351349541,521.476602168245,338.51962762841,28.8658365183249,33.8463876202266,26.079097464342,NSW
10009,2016,November,11,85+,13,26.8716949950418,14766,1106,913,88.040092103481,52.40060260693,284.504432976049,609.15143788072,21.2986419082083,19.3795020001196,26.9178274031052,NSW
10009,2016,December,12,85+,36,28.5274828031398,15187,1106,913,237.044840982419,88.040092103481,52.40060260693,661.720473230399,26.8716949950418,21.2986419082083,25.6979924545257,NSW
10010,2011,January,1,75 to 84,37,29.9738007574892,6294,928,937,587.861455354306,120.590895387398,29.385836027035,215.152912248348,26.2724410685092,28.3462599787225,27.1453992385563,NSW
10010,2011,February,2,75 to 84,19,29.2364003861411,6716,928,937,282.9064919595,587.861455354306,120.590895387398,122.062862374123,29.9738007574892,26.2724410685092,28.5784545066423,NSW
10010,2011,March,3,75 to 84,18,26.9093165899242,6628,928,937,271.575135787568,282.9064919595,587.861455354306,45.3514739229025,29.2364003861411,29.9738007574892,23.5316087079374,NSW
10010,2011,November,11,75 to 84,9,27.7498491005577,6635,928,937,135.644310474755,103.719069491777,30.5997552019584,29.385836027035,20.0997469348376,16.3538902150841,28.3462599787225,NSW
10010,2011,December,12,75 to 84,6,28.9765534281606,6649,928,937,90.2391337043164,135.644310474755,103.719069491777,120.590895387398,27.7498491005577,20.0997469348376,26.2724410685092,NSW
10010,2012,January,1,75 to 84,1,28.0889481908026,6607,928,937,15.135462388376,90.2391337043164,135.644310474755,587.861455354306,28.9765534281606,27.7498491005577,29.9738007574892,NSW
10010,2012,February,2,75 to 84,17,28.7356164408048,6789,928,937,250.40506702018,15.135462388376,90.2391337043164,282.9064919595,28.0889481908026,28.9765534281606,29.2364003861411,NSW
10010,2012,March,3,75 to 84,8,24.8363407185113,6689,928,937,119.599342203618,250.40506702018,15.135462388376,271.575135787568,28.7356164408048,28.0889481908026,26.9093165899242,NSW
10010,2012,November,11,75 to 84,6,28.3603888436775,6630,928,937,90.4977375565611,202.107694528656,130.643054144288,135.644310474755,22.6051060176152,18.2778770478101,27.7498491005577,NSW
10010,2012,December,12,75 to 84,1,29.2478416495236,6750,928,937,14.8148148148148,90.4977375565611,202.107694528656,90.2391337043164,28.3603888436775,22.6051060176152,28.9765534281606,NSW
10010,2013,January,1,75 to 84,3,27.7481143953204,6799,928,937,44.1241359023386,14.8148148148148,90.4977375565611,15.135462388376,29.2478416495236,28.3603888436775,28.0889481908026,NSW
10010,2013,February,2,75 to 84,4,29.5921793583142,6749,928,937,59.2680397095866,44.1241359023386,14.8148148148148,250.40506702018,27.7481143953204,29.2478416495236,28.7356164408048,NSW
10010,2013,March,3,75 to 84,36,28.2791604903191,6814,928,937,528.324038743763,59.2680397095866,44.1241359023386,119.599342203618,29.5921793583142,27.7481143953204,24.8363407185113,NSW
10010,2013,November,11,75 to 84,8,28.1371376409712,6784,928,937,117.924528301887,172.290021536253,346.229113352401,90.4977375565611,20.4886834461666,19.6267280164841,28.3603888436775,NSW
10010,2013,December,12,75 to 84,2,31.2417974296863,6901,928,937,28.9813070569483,117.924528301887,172.290021536253,14.8148148148148,28.1371376409712,20.4886834461666,29.2478416495236,NSW
10010,2014,January,1,75 to 84,8,32.1731046526516,6751,928,937,118.500962820323,28.9813070569483,117.924528301887,44.1241359023386,31.2417974296863,28.1371376409712,27.7481143953204,NSW
10010,2014,February,2,75 to 84,16,29.4845897547346,6777,928,937,236.092666371551,118.500962820323,28.9813070569483,59.2680397095866,32.1731046526516,31.2417974296863,29.5921793583142,NSW
10010,2014,March,3,75 to 84,9,22.1961587534381,6856,928,937,131.271878646441,236.092666371551,118.500962820323,528.324038743763,29.4845897547346,32.1731046526516,28.2791604903191,NSW
10010,2014,November,11,75 to 84,3,25.0804363434613,6577,928,937,45.6135015964726,0,0,117.924528301887,22.001217294052,19.2595977358132,28.1371376409712,NSW
10010,2014,December,12,75 to 84,9,27.5989308638076,6845,928,937,131.482834185537,45.6135015964726,0,28.9813070569483,25.0804363434613,22.001217294052,31.2417974296863,NSW
10010,2015,January,1,75 to 84,4,32.1089066444005,6903,928,937,57.9458206576851,131.482834185537,45.6135015964726,118.500962820323,27.5989308638076,25.0804363434613,32.1731046526516,NSW
10010,2015,February,2,75 to 84,4,29.3513471308355,6848,928,937,58.411214953271,57.9458206576851,131.482834185537,236.092666371551,32.1089066444005,27.5989308638076,29.4845897547346,NSW
10010,2015,March,3,75 to 84,12,28.034313348637,7027,928,937,170.769887576491,58.411214953271,57.9458206576851,131.271878646441,29.3513471308355,32.1089066444005,22.1961587534381,NSW
10010,2015,November,11,75 to 84,10,27.7734273098815,6950,928,937,143.884892086331,14.3020594965675,42.9676310512747,45.6135015964726,23.4491536114372,16.786001991297,25.0804363434613,NSW
10010,2015,December,12,75 to 84,3,30.7328714050452,6800,928,937,44.1176470588235,143.884892086331,14.3020594965675,131.482834185537,27.7734273098815,23.4491536114372,27.5989308638076,NSW
10010,2016,January,1,75 to 84,12,28.7707421753564,6840,928,937,175.438596491228,44.1176470588235,143.884892086331,57.9458206576851,30.7328714050452,27.7734273098815,32.1089066444005,NSW
10010,2016,February,2,75 to 84,5,28.5021484658607,6968,928,937,71.7566016073479,175.438596491228,44.1176470588235,58.411214953271,28.7707421753564,30.7328714050452,29.3513471308355,NSW
10010,2016,March,3,75 to 84,6,27.8466231239521,6880,928,937,87.2093023255814,71.7566016073479,175.438596491228,170.769887576491,28.5021484658607,28.7707421753564,28.034313348637,NSW
10010,2016,November,11,75 to 84,22,28.080367203026,7079,928,937,310.778358525215,147.102088849662,86.1821315713875,143.884892086331,22.1383134764431,19.1983841383019,27.7734273098815,NSW
10010,2016,December,12,75 to 84,12,27.5291690690454,6857,928,937,175.00364590929,310.778358525215,147.102088849662,44.1176470588235,28.080367203026,22.1383134764431,30.7328714050452,NSW
10010,2011,January,1,85+,4,28.9610107088326,6762,928,937,59.1540964211772,229.042601923958,59.2329335110321,257.186081694402,28.1402421985921,27.3526176735716,32.8961803287784,NSW
10010,2011,February,2,85+,10,30.5968381102543,6745,928,937,148.257968865827,59.1540964211772,229.042601923958,1237.66254112486,28.9610107088326,28.1402421985921,29.4987266185165,NSW
10010,2011,March,3,85+,2,24.1914702053165,6823,928,937,29.312619082515,148.257968865827,59.1540964211772,229.885057471264,30.5968381102543,28.9610107088326,25.2749128057631,NSW
10010,2011,November,11,85+,12,28.0379181389174,6728,928,937,178.359096313912,495.049504950495,271.944402477716,59.2329335110321,22.9602599385243,16.3976269769448,27.3526176735716,NSW
10010,2011,December,12,85+,24,29.9345728900482,6421,928,937,373.773555520947,178.359096313912,495.049504950495,229.042601923958,28.0379181389174,22.9602599385243,28.1402421985921,NSW
10010,2012,January,1,85+,16,28.2082723277606,6766,928,937,236.476500147798,373.773555520947,178.359096313912,59.1540964211772,29.9345728900482,28.0379181389174,28.9610107088326,NSW
10010,2012,February,2,85+,11,28.0908748580862,6725,928,937,163.568773234201,236.476500147798,373.773555520947,148.257968865827,28.2082723277606,29.9345728900482,30.5968381102543,NSW
10010,2012,March,3,85+,11,28.5458902483774,6536,928,937,168.298653610771,163.568773234201,236.476500147798,29.312619082515,28.0908748580862,28.2082723277606,24.1914702053165,NSW
10010,2012,November,11,85+,10,24.2812366235547,6696,928,937,149.342891278375,195.724179464017,60.3227265872418,178.359096313912,24.5515152456159,19.1002547271693,28.0379181389174,NSW
10010,2012,December,12,85+,35,29.5644800016099,6789,928,937,515.539843865076,149.342891278375,195.724179464017,373.773555520947,24.2812366235547,24.5515152456159,29.9345728900482,NSW
10010,2013,January,1,85+,50,30.9475126532129,6682,928,937,748.27895839569,515.539843865076,149.342891278375,236.476500147798,29.5644800016099,24.2812366235547,28.2082723277606,NSW
10010,2013,February,2,85+,13,27.3407628665439,6661,928,937,195.165891007356,748.27895839569,515.539843865076,163.568773234201,30.9475126532129,29.5644800016099,28.0908748580862,NSW
10010,2013,March,3,85+,10,28.5774944525213,6774,928,937,147.623265426631,195.165891007356,748.27895839569,168.298653610771,27.3407628665439,30.9475126532129,28.5458902483774,NSW
10010,2013,November,11,85+,7,25.4232287694488,6728,928,937,104.042806183115,311.018957345972,134.54925997907,149.342891278375,20.0235176315089,18.5803859475405,24.2812366235547,NSW
10010,2013,December,12,85+,15,27.3488382834667,6896,928,937,217.517401392111,104.042806183115,311.018957345972,515.539843865076,25.4232287694488,20.0235176315089,29.5644800016099,NSW
10010,2014,January,1,85+,4,28.6447477645367,6665,928,937,60.0150037509377,217.517401392111,104.042806183115,748.27895839569,27.3488382834667,25.4232287694488,30.9475126532129,NSW
10010,2014,February,2,85+,12,31.3293474071391,6668,928,937,179.96400719856,60.0150037509377,217.517401392111,195.165891007356,28.6447477645367,27.3488382834667,27.3407628665439,NSW
10010,2014,March,3,85+,14,26.5154584852634,7031,928,937,199.118190869009,179.96400719856,60.0150037509377,147.623265426631,31.3293474071391,28.6447477645367,28.5774944525213,NSW
10010,2014,November,11,85+,30,25.9989650345227,6869,928,937,436.744795457854,199.061566898905,246.555474981871,104.042806183115,20.485097203949,18.9571464575964,25.4232287694488,NSW
10010,2014,December,12,85+,4,27.5461940718644,6835,928,937,58.5223116313095,436.744795457854,199.061566898905,217.517401392111,25.9989650345227,20.485097203949,27.3488382834667,NSW
10010,2015,January,1,85+,9,31.7843691170715,6653,928,937,135.277318502931,58.5223116313095,436.744795457854,60.0150037509377,27.5461940718644,25.9989650345227,28.6447477645367,NSW
10010,2015,February,2,85+,6,28.6136976746167,6807,928,937,88.1445570736007,135.277318502931,58.5223116313095,179.96400719856,31.7843691170715,27.5461940718644,31.3293474071391,NSW
10010,2015,March,3,85+,20,24.6027780981737,6758,928,937,295.945546019532,88.1445570736007,135.277318502931,199.118190869009,28.6136976746167,31.7843691170715,26.5154584852634,NSW
10010,2015,November,11,85+,47,25.741901415746,7040,928,937,667.613636363636,411.280846063455,263.632579436659,436.744795457854,23.30448512578,18.0599546727028,25.9989650345227,NSW
10010,2015,December,12,85+,2,26.9706252959701,6900,928,937,28.9855072463768,667.613636363636,411.280846063455,58.5223116313095,25.741901415746,23.30448512578,27.5461940718644,NSW
10010,2016,January,1,85+,5,31.7928329540076,6929,928,937,72.1604849184587,28.9855072463768,667.613636363636,135.277318502931,26.9706252959701,25.741901415746,31.7843691170715,NSW
10010,2016,February,2,85+,19,27.9574374346801,6933,928,937,274.051637097937,72.1604849184587,28.9855072463768,88.1445570736007,31.7928329540076,26.9706252959701,28.6136976746167,NSW
10010,2016,March,3,85+,10,26.9623732148193,6917,928,937,144.571345959231,274.051637097937,72.1604849184587,295.945546019532,27.9574374346801,31.7928329540076,24.6027780981737,NSW
10010,2016,November,11,85+,6,28.1314274938663,7017,928,937,85.5066267635742,28.7521564117309,44.4971818451498,667.613636363636,20.738545837491,17.4322254016556,25.741901415746,NSW
10010,2016,December,12,85+,6,28.7947017571589,6984,928,937,85.9106529209622,85.5066267635742,28.7521564117309,28.9855072463768,28.1314274938663,20.738545837491,26.9706252959701,NSW
10011,2011,January,1,75 to 84,14,28.8545640032232,13595,1041,1022,102.979036410445,93.8492636442391,75.046904315197,164.485981308411,30.0048646317947,27.6776679030089,30.3359498839265,NSW
10011,2011,February,2,75 to 84,15,26.3961009289529,13618,1041,1022,110.148333088559,102.979036410445,93.8492636442391,209.386281588448,28.8545640032232,30.0048646317947,30.5247930237608,NSW
10011,2011,March,3,75 to 84,12,27.6060645686642,14136,1041,1022,84.8896434634975,110.148333088559,102.979036410445,119.626168224299,26.3961009289529,28.8545640032232,26.4435265281331,NSW
10011,2011,November,11,75 to 84,0,26.2797405706259,14081,1041,1022,0,157.397691500525,232.331559619276,75.046904315197,22.69235946926,20.7318440573568,27.6776679030089,NSW
10011,2011,December,12,75 to 84,1,30.572309187156,14051,1041,1022,7.1169311792755,0,157.397691500525,93.8492636442391,26.2797405706259,22.69235946926,30.0048646317947,NSW
10011,2012,January,1,75 to 84,38,31.9080623768885,13916,1041,1022,273.066973268181,7.1169311792755,0,102.979036410445,30.572309187156,26.2797405706259,28.8545640032232,NSW
10011,2012,February,2,75 to 84,46,29.0779451566716,13912,1041,1022,330.649798734905,273.066973268181,7.1169311792755,110.148333088559,31.9080623768885,30.572309187156,26.3961009289529,NSW
10011,2012,March,3,75 to 84,20,24.1698950101991,14249,1041,1022,140.360727068566,330.649798734905,273.066973268181,84.8896434634975,29.0779451566716,31.9080623768885,27.6060645686642,NSW
10011,2012,November,11,75 to 84,0,27.4176005711938,13697,1041,1022,0,383.779869659667,401.117398467159,0,19.4838954165182,15.1433525298678,26.2797405706259,NSW
10011,2012,December,12,75 to 84,3,28.3597118667149,14288,1041,1022,20.996640537514,0,383.779869659667,7.1169311792755,27.4176005711938,19.4838954165182,30.572309187156,NSW
10011,2013,January,1,75 to 84,36,30.8834903276432,13505,1041,1022,266.567937800815,20.996640537514,0,273.066973268181,28.3597118667149,27.4176005711938,31.9080623768885,NSW
10011,2013,February,2,75 to 84,24,30.1552915276332,13943,1041,1022,172.129383920247,266.567937800815,20.996640537514,330.649798734905,30.8834903276432,28.3597118667149,29.0779451566716,NSW
10011,2013,March,3,75 to 84,26,28.9207880505654,13692,1041,1022,189.891907683319,172.129383920247,266.567937800815,140.360727068566,30.1552915276332,30.8834903276432,24.1698950101991,NSW
10011,2013,November,11,75 to 84,24,26.822252166403,13689,1041,1022,175.323252246329,128.875748616481,209.533787323206,0,20.796127358079,19.5836785640983,27.4176005711938,NSW
10011,2013,December,12,75 to 84,9,26.6389151288568,13996,1041,1022,64.3040868819663,175.323252246329,128.875748616481,20.996640537514,26.822252166403,20.796127358079,28.3597118667149,NSW
10011,2014,January,1,75 to 84,9,32.582155861023,13781,1041,1022,65.3073071620347,64.3040868819663,175.323252246329,266.567937800815,26.6389151288568,26.822252166403,30.8834903276432,NSW
10011,2014,February,2,75 to 84,12,29.2777636719312,14031,1041,1022,85.5249091297841,65.3073071620347,64.3040868819663,172.129383920247,32.582155861023,26.6389151288568,30.1552915276332,NSW
10011,2014,March,3,75 to 84,10,25.0630547411002,13598,1041,1022,73.5402265038976,85.5249091297841,65.3073071620347,189.891907683319,29.2777636719312,32.582155861023,28.9207880505654,NSW
10011,2014,November,11,75 to 84,11,25.5582786684838,14005,1041,1022,78.5433773652267,21.5563699073076,21.4838155256374,175.323252246329,20.3709708459816,19.5303859356306,26.822252166403,NSW
10011,2014,December,12,75 to 84,11,30.97042739415,13638,1041,1022,80.6569878281273,78.5433773652267,21.5563699073076,64.3040868819663,25.5582786684838,20.3709708459816,26.6389151288568,NSW
10011,2015,January,1,75 to 84,33,31.0261538505792,14367,1041,1022,229.693046565045,80.6569878281273,78.5433773652267,65.3073071620347,30.97042739415,25.5582786684838,32.582155861023,NSW
10011,2015,February,2,75 to 84,3,29.5403885478519,13835,1041,1022,21.6841344416335,229.693046565045,80.6569878281273,85.5249091297841,31.0261538505792,30.97042739415,29.2777636719312,NSW
10011,2015,March,3,75 to 84,13,28.1135804304634,14062,1041,1022,92.4477314748969,21.6841344416335,229.693046565045,73.5402265038976,29.5403885478519,31.0261538505792,25.0630547411002,NSW
10011,2015,November,11,75 to 84,31,25.4927030943737,13927,1041,1022,222.589215193509,20.3458799593082,13.6920654480728,78.5433773652267,19.9065883762324,17.4341228057892,25.5582786684838,NSW
10011,2015,December,12,75 to 84,46,27.9065559558832,14314,1041,1022,321.363699874249,222.589215193509,20.3458799593082,80.6569878281273,25.4927030943737,19.9065883762324,30.97042739415,NSW
10011,2016,January,1,75 to 84,13,29.9337704075186,14199,1041,1022,91.5557433622086,321.363699874249,222.589215193509,229.693046565045,27.9065559558832,25.4927030943737,31.0261538505792,NSW
10011,2016,February,2,75 to 84,13,27.8934646104996,14228,1041,1022,91.3691312904133,91.5557433622086,321.363699874249,21.6841344416335,29.9337704075186,27.9065559558832,29.5403885478519,NSW
10011,2016,March,3,75 to 84,2,24.4674830878592,14245,1041,1022,14.040014040014,91.3691312904133,91.5557433622086,92.4477314748969,27.8934646104996,29.9337704075186,28.1135804304634,NSW
10011,2016,November,11,75 to 84,20,25.8031355586344,13952,1041,1022,143.348623853211,280.09192760701,137.400384721077,222.589215193509,18.5889974236921,16.5382063337381,25.4927030943737,NSW
10011,2016,December,12,75 to 84,47,28.570523245122,14620,1041,1022,321.477428180575,143.348623853211,280.09192760701,321.363699874249,25.8031355586344,18.5889974236921,27.9065559558832,NSW
10011,2011,January,1,85+,34,27.5351708100639,13801,1041,1022,246.358959495689,582.810770933235,339.383207909104,101.795971787974,26.7530708304163,24.3130421210775,29.243676807125,NSW
10011,2011,February,2,85+,46,29.1680885572658,13924,1041,1022,330.364837690319,246.358959495689,582.810770933235,407.178404463882,27.5351708100639,26.7530708304163,27.8693560532563,NSW
10011,2011,March,3,85+,12,27.7127135791631,14017,1041,1022,85.6103303131911,330.364837690319,246.358959495689,260.002888920988,29.1680885572658,27.5351708100639,28.6575795660546,NSW
10011,2011,November,11,85+,11,26.5169171348862,13387,1041,1022,82.1692686935086,227.725590663251,348.103560809341,339.383207909104,19.5287143451643,16.9005520030095,24.3130421210775,NSW
10011,2011,December,12,85+,96,31.2302103581517,13015,1041,1022,737.610449481368,82.1692686935086,227.725590663251,582.810770933235,26.5169171348862,19.5287143451643,26.7530708304163,NSW
10011,2012,January,1,85+,48,29.3704200236411,13415,1041,1022,357.808423406634,737.610449481368,82.1692686935086,246.358959495689,31.2302103581517,26.5169171348862,27.5351708100639,NSW
10011,2012,February,2,85+,39,27.2256692778072,13840,1041,1022,281.791907514451,357.808423406634,737.610449481368,330.364837690319,29.3704200236411,31.2302103581517,29.1680885572658,NSW
10011,2012,March,3,85+,46,23.9051679437423,14381,1041,1022,319.86649050831,281.791907514451,357.808423406634,85.6103303131911,27.2256692778072,29.3704200236411,27.7127135791631,NSW
10011,2012,November,11,85+,34,25.9894092068611,14056,1041,1022,241.889584519067,164.910016491002,249.4497432135,82.1692686935086,21.6541812011173,19.8802264229841,26.5169171348862,NSW
10011,2012,December,12,85+,59,31.5987672736537,13865,1041,1022,425.531914893617,241.889584519067,164.910016491002,737.610449481368,25.9894092068611,21.6541812011173,31.2302103581517,NSW
10011,2013,January,1,85+,68,31.8145990691966,14672,1041,1022,463.467829880044,425.531914893617,241.889584519067,357.808423406634,31.5987672736537,25.9894092068611,29.3704200236411,NSW
10011,2013,February,2,85+,77,28.6712579214492,14065,1041,1022,547.458229648063,463.467829880044,425.531914893617,281.791907514451,31.8145990691966,31.5987672736537,27.2256692778072,NSW
10011,2013,March,3,85+,7,27.521753406571,13056,1041,1022,53.6151960784314,547.458229648063,463.467829880044,319.86649050831,28.6712579214492,31.8145990691966,23.9051679437423,NSW
10011,2013,November,11,85+,10,24.7433792615809,14286,1041,1022,69.9986000279995,198.792519511118,56.9313976658127,241.889584519067,22.616796272498,18.4945626680127,25.9894092068611,NSW
10011,2013,December,12,85+,7,30.1999722630665,14321,1041,1022,48.8792682075274,69.9986000279995,198.792519511118,425.531914893617,24.7433792615809,22.616796272498,31.5987672736537,NSW
10011,2014,January,1,85+,9,30.2356787440879,14072,1041,1022,63.9567936327459,48.8792682075274,69.9986000279995,463.467829880044,30.1999722630665,24.7433792615809,31.8145990691966,NSW
10011,2014,February,2,85+,22,30.472833891334,14263,1041,1022,154.245249947416,63.9567936327459,48.8792682075274,547.458229648063,30.2356787440879,30.1999722630665,28.6712579214492,NSW
10011,2014,March,3,85+,65,27.1481702893681,13324,1041,1022,487.84148904233,154.245249947416,63.9567936327459,53.6151960784314,30.472833891334,30.2356787440879,27.521753406571,NSW
10011,2014,November,11,85+,23,27.8088187124539,13793,1041,1022,166.75125063438,13.9499197879612,43.6967445925279,69.9986000279995,24.2114925406662,15.7093341659987,24.7433792615809,NSW
10011,2014,December,12,85+,13,27.8768453767348,13873,1041,1022,93.7072010379875,166.75125063438,13.9499197879612,48.8792682075274,27.8088187124539,24.2114925406662,30.1999722630665,NSW
10011,2015,January,1,85+,32,32.2381667573592,14454,1041,1022,221.39200221392,93.7072010379875,166.75125063438,63.9567936327459,27.8768453767348,27.8088187124539,30.2356787440879,NSW
10011,2015,February,2,85+,46,29.1662642641918,13940,1041,1022,329.985652797705,221.39200221392,93.7072010379875,154.245249947416,32.2381667573592,27.8768453767348,30.472833891334,NSW
10011,2015,March,3,85+,57,24.4096103558915,13907,1041,1022,409.865535341914,329.985652797705,221.39200221392,487.84148904233,29.1662642641918,32.2381667573592,27.1481702893681,NSW
10011,2015,November,11,85+,7,27.7398637818467,14433,1041,1022,48.4999653571676,224.795640326975,90.3844816797608,166.75125063438,22.7690679544746,19.9370928389518,27.8088187124539,NSW
10011,2015,December,12,85+,56,31.4477989750501,14253,1041,1022,392.899740405529,48.4999653571676,224.795640326975,93.7072010379875,27.7398637818467,22.7690679544746,27.8768453767348,NSW
10011,2016,January,1,85+,45,31.0266181460012,14225,1041,1022,316.34446397188,392.899740405529,48.4999653571676,221.39200221392,31.4477989750501,27.7398637818467,32.2381667573592,NSW
10011,2016,February,2,85+,10,27.9429881611133,14326,1041,1022,69.8031551026106,316.34446397188,392.899740405529,329.985652797705,31.0266181460012,31.4477989750501,29.1662642641918,NSW
10011,2016,March,3,85+,18,27.4197340851894,14528,1041,1022,123.898678414097,69.8031551026106,316.34446397188,409.865535341914,27.9429881611133,31.0266181460012,24.4096103558915,NSW
10011,2016,November,11,85+,33,28.9706971306557,13676,1041,1022,241.298625329044,402.741468239949,77.0793917735267,48.4999653571676,22.6729687494493,18.1786092504956,27.7398637818467,NSW
10011,2016,December,12,85+,42,28.3268515523056,14763,1041,1022,284.495021337127,241.298625329044,402.741468239949,392.899740405529,28.9706971306557,22.6729687494493,31.4477989750501,NSW
10012,2011,January,1,75 to 84,25,28.3566035099942,18886,920,1031,132.373186487345,200.792602377807,84.7951666754995,113.43129672596,28.5585943737079,23.6151644870894,31.5563152303012,NSW
10012,2011,February,2,75 to 84,28,31.7130907651954,19540,920,1031,143.295803480041,132.373186487345,200.792602377807,170.612070804009,28.3566035099942,28.5585943737079,30.1166691311411,NSW
10012,2011,March,3,75 to 84,40,26.8676520078021,19416,920,1031,206.015657189946,143.295803480041,132.373186487345,418.431656162827,31.7130907651954,28.3566035099942,22.7671854211698,NSW
10012,2011,November,11,75 to 84,45,28.1224893209075,19331,920,1031,232.786715638094,15.2563059397884,10.3476821192053,84.7951666754995,19.5246397771154,17.1728129033327,23.6151644870894,NSW
10012,2011,December,12,75 to 84,24,28.4343140614596,19748,920,1031,121.531294308284,232.786715638094,15.2563059397884,200.792602377807,28.1224893209075,19.5246397771154,28.5585943737079,NSW
10012,2012,January,1,75 to 84,2,28.848187697529,19382,920,1031,10.3188525435972,121.531294308284,232.786715638094,132.373186487345,28.4343140614596,28.1224893209075,28.3566035099942,NSW
10012,2012,February,2,75 to 84,4,28.7908165971996,19565,920,1031,20.4446716074623,10.3188525435972,121.531294308284,143.295803480041,28.848187697529,28.4343140614596,31.7130907651954,NSW
10012,2012,March,3,75 to 84,27,25.0628174397942,19267,920,1031,140.135983806509,20.4446716074623,10.3188525435972,206.015657189946,28.7908165971996,28.848187697529,26.8676520078021,NSW
10012,2012,November,11,75 to 84,19,24.7671458611804,19215,920,1031,98.8810824876399,52.3313621853577,36.318356334959,232.786715638094,21.4100949096188,18.6824795226114,28.1224893209075,NSW
10012,2012,December,12,75 to 84,12,29.4852817505239,19422,920,1031,61.7856039542787,98.8810824876399,52.3313621853577,121.531294308284,24.7671458611804,21.4100949096188,28.4343140614596,NSW
10012,2013,January,1,75 to 84,26,31.1715609395134,19438,920,1031,133.758617141681,61.7856039542787,98.8810824876399,10.3188525435972,29.4852817505239,24.7671458611804,28.848187697529,NSW
10012,2013,February,2,75 to 84,11,27.8975594510851,19992,920,1031,55.0220088035214,133.758617141681,61.7856039542787,20.4446716074623,31.1715609395134,29.4852817505239,28.7908165971996,NSW
10012,2013,March,3,75 to 84,5,24.4533807685426,19580,920,1031,25.5362614913177,55.0220088035214,133.758617141681,140.135983806509,27.8975594510851,31.1715609395134,25.0628174397942,NSW
10012,2013,November,11,75 to 84,20,25.11231992471,20201,920,1031,99.0049997524875,20.7028621706951,126.211631663974,98.8810824876399,21.8338710054619,17.311787435486,24.7671458611804,NSW
10012,2013,December,12,75 to 84,11,26.7902851628353,19529,920,1031,56.3264888115111,99.0049997524875,20.7028621706951,61.7856039542787,25.11231992471,21.8338710054619,29.4852817505239,NSW
10012,2014,January,1,75 to 84,68,29.1525730081106,20119,920,1031,337.988965654357,56.3264888115111,99.0049997524875,133.758617141681,26.7902851628353,25.11231992471,31.1715609395134,NSW
10012,2014,February,2,75 to 84,51,30.3174726662362,19189,920,1031,265.777268226588,337.988965654357,56.3264888115111,55.0220088035214,29.1525730081106,26.7902851628353,27.8975594510851,NSW
10012,2014,March,3,75 to 84,53,26.3663673259543,19583,920,1031,270.642904560078,265.777268226588,337.988965654357,25.5362614913177,30.3174726662362,29.1525730081106,24.4533807685426,NSW
10012,2014,November,11,75 to 84,26,25.2702111225372,19701,920,1031,131.972996294604,0,130.745247913105,99.0049997524875,24.217662524209,17.5981504494549,25.11231992471,NSW
10012,2014,December,12,75 to 84,36,29.1414714830625,20267,920,1031,177.628657423398,131.972996294604,0,56.3264888115111,25.2702111225372,24.217662524209,26.7902851628353,NSW
10012,2015,January,1,75 to 84,17,28.970940661832,19679,920,1031,86.3865033792368,177.628657423398,131.972996294604,337.988965654357,29.1414714830625,25.2702111225372,29.1525730081106,NSW
10012,2015,February,2,75 to 84,39,27.4114382605435,20275,920,1031,192.355117139334,86.3865033792368,177.628657423398,265.777268226588,28.970940661832,29.1414714830625,30.3174726662362,NSW
10012,2015,March,3,75 to 84,84,24.3195883570217,19910,920,1031,421.898543445505,192.355117139334,86.3865033792368,270.642904560078,27.4114382605435,28.970940661832,26.3663673259543,NSW
10012,2015,November,11,75 to 84,32,26.9800890352971,20652,920,1031,154.948673251985,30.6013158565818,183.041456416345,131.972996294604,21.54329628393,17.5550245078364,25.2702111225372,NSW
10012,2015,December,12,75 to 84,48,29.0150989265403,20125,920,1031,238.509316770186,154.948673251985,30.6013158565818,177.628657423398,26.9800890352971,21.54329628393,29.1414714830625,NSW
10012,2016,January,1,75 to 84,16,30.9467354279478,20661,920,1031,77.440588548473,238.509316770186,154.948673251985,86.3865033792368,29.0150989265403,26.9800890352971,28.970940661832,NSW
10012,2016,February,2,75 to 84,24,26.7783052503736,20961,920,1031,114.49835408616,77.440588548473,238.509316770186,192.355117139334,30.9467354279478,29.0150989265403,27.4114382605435,NSW
10012,2016,March,3,75 to 84,31,26.4446220937787,19808,920,1031,156.502423263328,114.49835408616,77.440588548473,421.898543445505,26.7783052503736,30.9467354279478,24.3195883570217,NSW
10012,2016,November,11,75 to 84,6,27.7069062833897,20139,920,1031,29.7929390734396,39.1907118013031,136.292834890966,154.948673251985,21.0573484608583,17.4651256494893,26.9800890352971,NSW
10012,2016,December,12,75 to 84,30,28.277965315598,19883,920,1031,150.882663581954,29.7929390734396,39.1907118013031,238.509316770186,27.7069062833897,21.0573484608583,29.0150989265403,NSW
10012,2011,January,1,85+,38,31.0280548786697,19125,920,1031,198.692810457516,237.358101135191,333.593953609591,397.224723266776,29.9570822354826,25.1072130334146,26.7002710933452,NSW
10012,2011,February,2,85+,12,29.6645402265771,20125,920,1031,59.6273291925466,198.692810457516,237.358101135191,364.871028226828,31.0280548786697,29.9570822354826,29.2650471156081,NSW
10012,2011,March,3,85+,70,24.5418687696134,19882,920,1031,352.077255809275,59.6273291925466,198.692810457516,657.4024585783,29.6645402265771,31.0280548786697,28.5200824185984,NSW
10012,2011,November,11,85+,37,24.6657515741855,18919,920,1031,195.570590411755,270.844397238449,226.232711193378,333.593953609591,25.1767098882996,18.1846083372694,25.1072130334146,NSW
10012,2011,December,12,85+,12,27.9192076520854,19630,920,1031,61.1309220580744,195.570590411755,270.844397238449,237.358101135191,24.6657515741855,25.1767098882996,29.9570822354826,NSW
10012,2012,January,1,85+,75,30.2210313875653,19886,920,1031,377.149753595494,61.1309220580744,195.570590411755,198.692810457516,27.9192076520854,24.6657515741855,31.0280548786697,NSW
10012,2012,February,2,85+,89,28.2879733154928,19378,920,1031,459.283723810507,377.149753595494,61.1309220580744,59.6273291925466,30.2210313875653,27.9192076520854,29.6645402265771,NSW
10012,2012,March,3,85+,48,25.191049553535,19624,920,1031,244.598450876478,459.283723810507,377.149753595494,352.077255809275,28.2879733154928,30.2210313875653,24.5418687696134,NSW
10012,2012,November,11,85+,7,24.786971752073,20228,920,1031,34.6054973304331,152.276534186082,167.38523966523,195.570590411755,22.1367207029947,16.1896233266926,24.6657515741855,NSW
10012,2012,December,12,85+,11,32.5392267820366,19300,920,1031,56.9948186528498,34.6054973304331,152.276534186082,61.1309220580744,24.786971752073,22.1367207029947,27.9192076520854,NSW
10012,2013,January,1,85+,34,29.1526572254349,19780,920,1031,171.890798786653,56.9948186528498,34.6054973304331,377.149753595494,32.5392267820366,24.786971752073,30.2210313875653,NSW
10012,2013,February,2,85+,35,29.4077992786986,19454,920,1031,179.911586306158,171.890798786653,56.9948186528498,459.283723810507,29.1526572254349,32.5392267820366,28.2879733154928,NSW
10012,2013,March,3,85+,12,26.1476485873468,19862,920,1031,60.4168764474877,179.911586306158,171.890798786653,244.598450876478,29.4077992786986,29.1526572254349,25.191049553535,NSW
10012,2013,November,11,85+,18,27.3915122963677,19810,920,1031,90.8632004038365,24.3854857588763,20.7253886010363,34.6054973304331,22.8878030951614,20.610690639911,24.786971752073,NSW
10012,2013,December,12,85+,63,31.3894726011407,20003,920,1031,314.952757086437,90.8632004038365,24.3854857588763,56.9948186528498,27.3915122963677,22.8878030951614,32.5392267820366,NSW
10012,2014,January,1,85+,44,31.2697937705548,20239,920,1031,217.402045555611,314.952757086437,90.8632004038365,171.890798786653,31.3894726011407,27.3915122963677,29.1526572254349,NSW
10012,2014,February,2,85+,115,29.6634203280103,19789,920,1031,581.130931325484,217.402045555611,314.952757086437,179.911586306158,31.2697937705548,31.3894726011407,29.4077992786986,NSW
10012,2014,March,3,85+,20,24.5990466480274,19713,920,1031,101.455892050931,581.130931325484,217.402045555611,60.4168764474877,29.6634203280103,31.2697937705548,26.1476485873468,NSW
10012,2014,November,11,85+,24,26.1908613783822,20156,920,1031,119.071244294503,528.019925280199,142.276422764228,90.8632004038365,21.9122560023208,19.0467669334845,27.3915122963677,NSW
10012,2014,December,12,85+,40,29.9210920050317,20378,920,1031,196.29011679262,119.071244294503,528.019925280199,314.952757086437,26.1908613783822,21.9122560023208,31.3894726011407,NSW
10012,2015,January,1,85+,8,29.5994580400437,20301,920,1031,39.4069257672036,196.29011679262,119.071244294503,217.402045555611,29.9210920050317,26.1908613783822,31.2697937705548,NSW
10012,2015,February,2,85+,16,30.5994450990531,20563,920,1031,77.8096581238146,39.4069257672036,196.29011679262,581.130931325484,29.5994580400437,29.9210920050317,29.6634203280103,NSW
10012,2015,March,3,85+,27,25.0946871491471,20188,920,1031,133.742817515356,77.8096581238146,39.4069257672036,101.455892050931,30.5994450990531,29.5994580400437,24.5990466480274,NSW
10012,2015,November,11,85+,36,26.3276925139474,20297,920,1031,177.366113218702,261.328336867018,254.647313470843,119.071244294503,22.3527100586462,16.1442509861552,26.1908613783822,NSW
10012,2015,December,12,85+,18,31.1779100331673,20187,920,1031,89.1662951404369,177.366113218702,261.328336867018,196.29011679262,26.3276925139474,22.3527100586462,29.9210920050317,NSW
10012,2016,January,1,85+,34,29.4117445998511,20511,920,1031,165.764711618156,89.1662951404369,177.366113218702,39.4069257672036,31.1779100331673,26.3276925139474,29.5994580400437,NSW
10012,2016,February,2,85+,21,29.3062867149758,20502,920,1031,102.429031314018,165.764711618156,89.1662951404369,77.8096581238146,29.4117445998511,31.1779100331673,30.5994450990531,NSW
10012,2016,March,3,85+,6,25.8504406018046,19831,920,1031,30.2556603297867,102.429031314018,165.764711618156,133.742817515356,29.3062867149758,29.4117445998511,25.0946871491471,NSW
10012,2016,November,11,85+,42,26.7328406629293,20555,920,1031,204.329846752615,58.7918279359169,30.5033045246568,177.366113218702,21.4388493000284,19.1605033558958,26.3276925139474,NSW
10012,2016,December,12,85+,28,27.3029354258348,20768,920,1031,134.82280431433,204.329846752615,58.7918279359169,89.1662951404369,26.7328406629293,21.4388493000284,31.1779100331673,NSW
10013,2011,January,1,75 to 84,19,29.2578853473611,15357,834,1022,123.722081135638,26.3279141709998,12.7607988260065,82.982254564024,28.4496995959347,28.7202065449601,28.8321171233859,NSW
10013,2011,February,2,75 to 84,11,29.8172193228664,15503,834,1022,70.9540089015029,123.722081135638,26.3279141709998,179.879223949634,29.2578853473611,28.4496995959347,28.4293330157812,NSW
10013,2011,March,3,75 to 84,10,26.2601595027442,14998,834,1022,66.6755567408988,70.9540089015029,123.722081135638,393.897711641866,29.8172193228664,29.2578853473611,28.2858167361956,NSW
10013,2011,November,11,75 to 84,7,25.1656554051462,15360,834,1022,45.5729166666667,245.00565397663,192.492781520693,12.7607988260065,21.8304208506321,20.1857268142756,28.7202065449601,NSW
10013,2011,December,12,75 to 84,8,30.2207166033059,15183,834,1022,52.6905091220444,45.5729166666667,245.00565397663,26.3279141709998,25.1656554051462,21.8304208506321,28.4496995959347,NSW
10013,2012,January,1,75 to 84,29,30.3602837117776,15341,834,1022,189.035916824197,52.6905091220444,45.5729166666667,123.722081135638,30.2207166033059,25.1656554051462,29.2578853473611,NSW
10013,2012,February,2,75 to 84,18,26.8309132618849,15556,834,1022,115.710979686295,189.035916824197,52.6905091220444,70.9540089015029,30.3602837117776,30.2207166033059,29.8172193228664,NSW
10013,2012,March,3,75 to 84,15,29.1105365872474,15266,834,1022,98.2575658325691,115.710979686295,189.035916824197,66.6755567408988,26.8309132618849,30.3602837117776,26.2601595027442,NSW
10013,2012,November,11,75 to 84,19,28.6250588634977,15423,834,1022,123.192634377229,146.852253862853,208.702251454591,45.5729166666667,21.7588823592322,17.9863046380778,25.1656554051462,NSW
10013,2012,December,12,75 to 84,1,33.1790379788419,15437,834,1022,6.47794260542852,123.192634377229,146.852253862853,52.6905091220444,28.6250588634977,21.7588823592322,30.2207166033059,NSW
10013,2013,January,1,75 to 84,11,30.2167618841812,15749,834,1022,69.8457044891739,6.47794260542852,123.192634377229,189.035916824197,33.1790379788419,28.6250588634977,30.3602837117776,NSW
10013,2013,February,2,75 to 84,2,28.0429464552318,15854,834,1022,12.6151129052605,69.8457044891739,6.47794260542852,115.710979686295,30.2167618841812,33.1790379788419,26.8309132618849,NSW
10013,2013,March,3,75 to 84,16,27.1807838674174,15938,834,1022,100.389007403689,12.6151129052605,69.8457044891739,98.2575658325691,28.0429464552318,30.2167618841812,29.1105365872474,NSW
10013,2013,November,11,75 to 84,38,25.4241129947042,15785,834,1022,240.734874881216,57.8108941418294,45.6234113276413,123.192634377229,22.7892610905124,20.6150395441943,28.6250588634977,NSW
10013,2013,December,12,75 to 84,29,31.0285533758644,16155,834,1022,179.51098731043,240.734874881216,57.8108941418294,6.47794260542852,25.4241129947042,22.7892610905124,33.1790379788419,NSW
10013,2014,January,1,75 to 84,36,26.6157898909969,15699,834,1022,229.313969042614,179.51098731043,240.734874881216,69.8457044891739,31.0285533758644,25.4241129947042,30.2167618841812,NSW
10013,2014,February,2,75 to 84,14,27.6787924014929,16309,834,1022,85.8421730332945,229.313969042614,179.51098731043,12.6151129052605,26.6157898909969,31.0285533758644,28.0429464552318,NSW
10013,2014,March,3,75 to 84,6,26.9044157292825,15973,834,1022,37.5633882176172,85.8421730332945,229.313969042614,100.389007403689,27.6787924014929,26.6157898909969,27.1807838674174,NSW
10013,2014,November,11,75 to 84,3,23.3383960721702,15848,834,1022,18.9298334174659,132.776934749621,191.369837644299,240.734874881216,25.9273943364329,18.3058191873299,25.4241129947042,NSW
10013,2014,December,12,75 to 84,21,29.8745962330118,16311,834,1022,128.747471031819,18.9298334174659,132.776934749621,179.51098731043,23.3383960721702,25.9273943364329,31.0285533758644,NSW
10013,2015,January,1,75 to 84,49,29.1119480213392,15801,834,1022,310.106955255996,128.747471031819,18.9298334174659,229.313969042614,29.8745962330118,23.3383960721702,26.6157898909969,NSW
10013,2015,February,2,75 to 84,25,29.8313803882397,15777,834,1022,158.458515560626,310.106955255996,128.747471031819,85.8421730332945,29.1119480213392,29.8745962330118,27.6787924014929,NSW
10013,2015,March,3,75 to 84,22,26.8031698127519,15841,834,1022,138.880121204469,158.458515560626,310.106955255996,37.5633882176172,29.8313803882397,29.1119480213392,26.9044157292825,NSW
10013,2015,November,11,75 to 84,7,26.0042696164356,16408,834,1022,42.6621160409556,0,44.9495922429847,18.9298334174659,24.0590341247406,16.9943666956823,23.3383960721702,NSW
10013,2015,December,12,75 to 84,14,27.27651885983,15892,834,1022,88.0946388119809,42.6621160409556,0,128.747471031819,26.0042696164356,24.0590341247406,29.8745962330118,NSW
10013,2016,January,1,75 to 84,32,31.972315669342,15853,834,1022,201.854538573141,88.0946388119809,42.6621160409556,310.106955255996,27.27651885983,26.0042696164356,29.1119480213392,NSW
10013,2016,February,2,75 to 84,42,27.2388065563665,16261,834,1022,258.286698235041,201.854538573141,88.0946388119809,158.458515560626,31.972315669342,27.27651885983,29.8313803882397,NSW
10013,2016,March,3,75 to 84,3,25.0434189111452,16816,834,1022,17.8401522359657,258.286698235041,201.854538573141,138.880121204469,27.2388065563665,31.972315669342,26.8031698127519,NSW
10013,2016,November,11,75 to 84,14,23.2637454806607,16183,834,1022,86.5105357473892,88.2835162063312,116.044707750565,42.6621160409556,20.0485998498972,16.7289343501267,26.0042696164356,NSW
10013,2016,December,12,75 to 84,24,28.6611983422731,16519,834,1022,145.287244990617,86.5105357473892,88.2835162063312,88.0946388119809,23.2637454806607,20.0485998498972,27.27651885983,NSW
10013,2011,January,1,85+,61,31.1085936896001,15834,834,1022,385.246936971075,246.129930694993,137.967282044544,225.326723749437,26.8509594898591,26.9955867652745,29.7416496728946,NSW
10013,2011,February,2,85+,73,27.8703360525807,15365,834,1022,475.105759843801,385.246936971075,246.129930694993,162.253374870197,31.1085936896001,26.8509594898591,29.6367860252442,NSW
10013,2011,March,3,85+,72,26.0425806789832,15348,834,1022,469.116497263487,475.105759843801,385.246936971075,267.589087586477,27.8703360525807,31.1085936896001,26.171146034203,NSW
10013,2011,November,11,85+,17,25.4573189631776,15531,834,1022,109.458502350138,68.1241097417477,140.121438580103,137.967282044544,21.6576308557524,19.8028621278741,26.9955867652745,NSW
10013,2011,December,12,85+,30,27.6364014464757,15568,834,1022,192.702980472765,109.458502350138,68.1241097417477,246.129930694993,25.4573189631776,21.6576308557524,26.8509594898591,NSW
10013,2012,January,1,85+,47,29.2299738475733,15455,834,1022,304.108702685215,192.702980472765,109.458502350138,385.246936971075,27.6364014464757,25.4573189631776,31.1085936896001,NSW
10013,2012,February,2,85+,109,29.8196041690381,15100,834,1022,721.854304635762,304.108702685215,192.702980472765,475.105759843801,29.2299738475733,27.6364014464757,27.8703360525807,NSW
10013,2012,March,3,85+,75,28.1057229109916,15336,834,1022,489.045383411581,721.854304635762,304.108702685215,469.116497263487,29.8196041690381,29.2299738475733,26.0425806789832,NSW
10013,2012,November,11,85+,39,26.1148278464569,15836,834,1022,246.274311694872,206.491579015293,149.476831091181,109.458502350138,22.0532234052117,17.147891293847,25.4573189631776,NSW
10013,2012,December,12,85+,143,30.0845258075608,15277,834,1022,936.047653335079,246.274311694872,206.491579015293,192.702980472765,26.1148278464569,22.0532234052117,27.6364014464757,NSW
10013,2013,January,1,85+,61,30.1873515115969,15685,834,1022,388.906598661141,936.047653335079,246.274311694872,304.108702685215,30.0845258075608,26.1148278464569,29.2299738475733,NSW
10013,2013,February,2,85+,37,28.3072146059866,15793,834,1022,234.281010574305,388.906598661141,936.047653335079,721.854304635762,30.1873515115969,30.0845258075608,29.8196041690381,NSW
10013,2013,March,3,85+,53,25.4112672393918,16097,834,1022,329.253898241908,234.281010574305,388.906598661141,489.045383411581,28.3072146059866,30.1873515115969,28.1057229109916,NSW
10013,2013,November,11,85+,24,25.6919619632875,16041,834,1022,149.616607443426,357.909806728704,237.833882180754,246.274311694872,21.3461394029797,18.9161428765093,26.1148278464569,NSW
10013,2013,December,12,85+,59,29.3059707736659,15685,834,1022,376.155562639464,149.616607443426,357.909806728704,936.047653335079,25.6919619632875,21.3461394029797,30.0845258075608,NSW
10013,2014,January,1,85+,16,29.9990286668177,15474,834,1022,103.399250355435,376.155562639464,149.616607443426,388.906598661141,29.3059707736659,25.6919619632875,30.1873515115969,NSW
10013,2014,February,2,85+,23,29.4644324999126,15476,834,1022,148.617213750323,103.399250355435,376.155562639464,234.281010574305,29.9990286668177,29.3059707736659,28.3072146059866,NSW
10013,2014,March,3,85+,45,23.2270700888021,15589,834,1022,288.665084354352,148.617213750323,103.399250355435,329.253898241908,29.4644324999126,29.9990286668177,25.4112672393918,NSW
10013,2014,November,11,85+,52,25.5243959443663,16230,834,1022,320.394331484905,524.950592885376,576.404218788325,149.616607443426,22.2314078316799,16.6786531369858,25.6919619632875,NSW
10013,2014,December,12,85+,61,29.2104786348064,16108,834,1022,378.693816737025,320.394331484905,524.950592885376,376.155562639464,25.5243959443663,22.2314078316799,29.3059707736659,NSW
10013,2015,January,1,85+,36,29.1734537127346,16158,834,1022,222.799851466766,378.693816737025,320.394331484905,103.399250355435,29.2104786348064,25.5243959443663,29.9990286668177,NSW
10013,2015,February,2,85+,69,29.9298114657924,16156,834,1022,427.085912354543,222.799851466766,378.693816737025,148.617213750323,29.1734537127346,29.2104786348064,29.4644324999126,NSW
10013,2015,March,3,85+,79,24.7913530305687,16188,834,1022,488.015814183346,427.085912354543,222.799851466766,288.665084354352,29.9298114657924,29.1734537127346,23.2270700888021,NSW
10013,2015,November,11,85+,140,28.7720294039335,16081,834,1022,870.592624836764,229.829442361195,200.891455835269,320.394331484905,19.8149336052848,19.7455957932947,25.5243959443663,NSW
10013,2015,December,12,85+,19,30.0687419868838,16553,834,1022,114.782818824382,870.592624836764,229.829442361195,378.693816737025,28.7720294039335,19.8149336052848,29.2104786348064,NSW
10013,2016,January,1,85+,19,31.4347812577861,16657,834,1022,114.066158371856,114.782818824382,870.592624836764,222.799851466766,30.0687419868838,28.7720294039335,29.1734537127346,NSW
10013,2016,February,2,85+,35,29.7761475186044,16752,834,1022,208.930276981853,114.066158371856,114.782818824382,427.085912354543,31.4347812577861,30.0687419868838,29.9298114657924,NSW
10013,2016,March,3,85+,77,24.9474992261089,15741,834,1022,489.168413696716,208.930276981853,114.066158371856,488.015814183346,29.7761475186044,31.4347812577861,24.7913530305687,NSW
10013,2016,November,11,85+,65,26.3272580914049,15973,834,1022,406.936705690853,92.68413247652,428.580175105614,870.592624836764,21.3526378389452,17.2665884078081,28.7720294039335,NSW
10013,2016,December,12,85+,30,27.3735011170477,15907,834,1022,188.596215502609,406.936705690853,92.68413247652,114.782818824382,26.3272580914049,21.3526378389452,30.0687419868838,NSW
10014,2011,January,1,75 to 84,65,27.5536074834054,14100,1248,888,460.992907801419,391.116077664478,56.2034565125755,452.776795189247,28.8178619240935,25.7645338639123,28.3903764581172,NSW
10014,2011,February,2,75 to 84,12,30.5068413899025,14122,1248,888,84.9737997450786,460.992907801419,391.116077664478,304.666943636615,27.5536074834054,28.8178619240935,29.4843830726092,NSW
10014,2011,March,3,75 to 84,18,26.2398267081418,14563,1248,888,123.600906406647,84.9737997450786,460.992907801419,62.5477795538258,30.5068413899025,27.5536074834054,25.4009867752542,NSW
10014,2011,November,11,75 to 84,22,26.8463287735449,14612,1248,888,150.561182589652,103.648424543947,14.0597539543058,56.2034565125755,20.4589200347384,18.8008175267012,25.7645338639123,NSW
10014,2011,December,12,75 to 84,33,29.7337930216289,14545,1248,888,226.882090065315,150.561182589652,103.648424543947,391.116077664478,26.8463287735449,20.4589200347384,28.8178619240935,NSW
10014,2012,January,1,75 to 84,61,30.0613595285767,14362,1248,888,424.731931485866,226.882090065315,150.561182589652,460.992907801419,29.7337930216289,26.8463287735449,27.5536074834054,NSW
10014,2012,February,2,75 to 84,36,30.0720460975502,14061,1248,888,256.027309579689,424.731931485866,226.882090065315,84.9737997450786,30.0613595285767,29.7337930216289,30.5068413899025,NSW
10014,2012,March,3,75 to 84,24,29.5330291598043,14303,1248,888,167.796965671537,256.027309579689,424.731931485866,123.600906406647,30.0720460975502,30.0613595285767,26.2398267081418,NSW
10014,2012,November,11,75 to 84,36,25.7492009898202,14249,1248,888,252.649308723419,300.47684368672,342.19719113139,150.561182589652,22.3696057769026,16.7651463109921,26.8463287735449,NSW
10014,2012,December,12,75 to 84,22,29.5842718168709,14547,1248,888,151.233931394789,252.649308723419,300.47684368672,226.882090065315,25.7492009898202,22.3696057769026,29.7337930216289,NSW
10014,2013,January,1,75 to 84,40,29.5995434076081,14538,1248,888,275.141009767506,151.233931394789,252.649308723419,424.731931485866,29.5842718168709,25.7492009898202,30.0613595285767,NSW
10014,2013,February,2,75 to 84,31,28.2565709765203,14517,1248,888,213.542742990976,275.141009767506,151.233931394789,256.027309579689,29.5995434076081,29.5842718168709,30.0720460975502,NSW
10014,2013,March,3,75 to 84,76,25.4016006745488,15155,1248,888,501.484658528538,213.542742990976,275.141009767506,167.796965671537,28.2565709765203,29.5995434076081,29.5330291598043,NSW
10014,2013,November,11,75 to 84,60,26.224251511855,14653,1248,888,409.472462976865,33.7018064168239,54.19687013075,252.649308723419,23.5913501677441,19.2273965328711,25.7492009898202,NSW
10014,2013,December,12,75 to 84,19,28.7815552402314,14852,1248,888,127.928898464853,409.472462976865,33.7018064168239,151.233931394789,26.224251511855,23.5913501677441,29.5842718168709,NSW
10014,2014,January,1,75 to 84,32,31.0593654704739,14443,1248,888,221.560617600222,127.928898464853,409.472462976865,275.141009767506,28.7815552402314,26.224251511855,29.5995434076081,NSW
10014,2014,February,2,75 to 84,78,28.0992705252309,14246,1248,888,547.522111469886,221.560617600222,127.928898464853,213.542742990976,31.0593654704739,28.7815552402314,28.2565709765203,NSW
10014,2014,March,3,75 to 84,90,27.1382840712365,14590,1248,888,616.860863605209,547.522111469886,221.560617600222,501.484658528538,28.0992705252309,31.0593654704739,25.4016006745488,NSW
10014,2014,November,11,75 to 84,21,27.7261939453091,14543,1248,888,144.399367393248,87.5302989496364,174.883971211408,409.472462976865,22.7514688581018,19.1447304013255,26.224251511855,NSW
10014,2014,December,12,75 to 84,34,31.4875134227734,14901,1248,888,228.172605865378,144.399367393248,87.5302989496364,127.928898464853,27.7261939453091,22.7514688581018,28.7815552402314,NSW
10014,2015,January,1,75 to 84,29,30.8243480455626,14910,1248,888,194.500335345406,228.172605865378,144.399367393248,221.560617600222,31.4875134227734,27.7261939453091,31.0593654704739,NSW
10014,2015,February,2,75 to 84,42,27.2937100075127,15257,1248,888,275.283476437045,194.500335345406,228.172605865378,547.522111469886,30.8243480455626,31.4875134227734,28.0992705252309,NSW
10014,2015,March,3,75 to 84,13,27.0498488723812,15119,1248,888,85.9845227858985,275.283476437045,194.500335345406,616.860863605209,27.2937100075127,30.8243480455626,27.1382840712365,NSW
10014,2015,November,11,75 to 84,53,23.6791769222845,15377,1248,888,344.670611952917,67.1411306566403,19.526165061182,144.399367393248,21.8960570232375,16.399219067624,27.7261939453091,NSW
10014,2015,December,12,75 to 84,6,25.9247291382107,15463,1248,888,38.8023022699347,344.670611952917,67.1411306566403,228.172605865378,23.6791769222845,21.8960570232375,31.4875134227734,NSW
10014,2016,January,1,75 to 84,48,31.4885898077657,14751,1248,888,325.401667683547,38.8023022699347,344.670611952917,194.500335345406,25.9247291382107,23.6791769222845,30.8243480455626,NSW
10014,2016,February,2,75 to 84,33,28.8308934796688,15298,1248,888,215.714472480063,325.401667683547,38.8023022699347,275.283476437045,31.4885898077657,25.9247291382107,27.2937100075127,NSW
10014,2016,March,3,75 to 84,40,26.2909643278782,15020,1248,888,266.311584553928,215.714472480063,325.401667683547,85.9845227858985,28.8308934796688,31.4885898077657,27.0498488723812,NSW
10014,2016,November,11,75 to 84,15,24.4832551933275,15139,1248,888,99.0818416011626,33.0622231038815,89.8410504492053,344.670611952917,21.7468863970844,19.9807909056358,23.6791769222845,NSW
10014,2016,December,12,75 to 84,4,27.6111514216374,15581,1248,888,25.6722931775881,99.0818416011626,33.0622231038815,38.8023022699347,24.4832551933275,21.7468863970844,25.9247291382107,NSW
10014,2011,January,1,85+,15,28.7499682679619,14501,1248,888,103.441141990208,157.255182273052,119.583567810917,274.235568353215,28.6608870464415,25.3073835060306,29.1741051830197,NSW
10014,2011,February,2,85+,48,26.0613033457898,14253,1248,888,336.771206061882,103.441141990208,157.255182273052,168.173218414967,28.7499682679619,28.6608870464415,29.6500818938553,NSW
10014,2011,March,3,85+,7,24.9357330017795,14287,1248,888,48.9955903968643,336.771206061882,103.441141990208,181.399567431801,26.0613033457898,28.7499682679619,28.9329455248933,NSW
10014,2011,November,11,85+,13,24.2289535810198,14538,1248,888,89.4208281744394,189.432379405994,217.056434673015,119.583567810917,19.3312975443416,19.6780577835235,25.3073835060306,NSW
10014,2011,December,12,85+,39,25.8985454995965,14393,1248,888,270.965052456055,89.4208281744394,189.432379405994,157.255182273052,24.2289535810198,19.3312975443416,28.6608870464415,NSW
10014,2012,January,1,85+,106,31.3386886766715,14531,1248,888,729.474915697474,270.965052456055,89.4208281744394,103.441141990208,25.8985454995965,24.2289535810198,28.7499682679619,NSW
10014,2012,February,2,85+,160,27.8838654841393,14474,1248,888,1105.4304269725,729.474915697474,270.965052456055,336.771206061882,31.3386886766715,25.8985454995965,26.0613033457898,NSW
10014,2012,March,3,85+,72,25.9550237929481,15140,1248,888,475.56142668428,1105.4304269725,729.474915697474,48.9955903968643,27.8838654841393,31.3386886766715,24.9357330017795,NSW
10014,2012,November,11,85+,49,26.3981390729076,14594,1248,888,335.754419624503,109.965635738832,96.725162360094,89.4208281744394,21.5552819599386,17.0436869035379,24.2289535810198,NSW
10014,2012,December,12,85+,49,26.6591444515959,13956,1248,888,351.103468042419,335.754419624503,109.965635738832,270.965052456055,26.3981390729076,21.5552819599386,25.8985454995965,NSW
10014,2013,January,1,85+,43,30.0785839206064,14773,1248,888,291.071549448318,351.103468042419,335.754419624503,729.474915697474,26.6591444515959,26.3981390729076,31.3386886766715,NSW
10014,2013,February,2,85+,22,30.6821221788821,14657,1248,888,150.098928839462,291.071549448318,351.103468042419,1105.4304269725,30.0785839206064,26.6591444515959,27.8838654841393,NSW
10014,2013,March,3,85+,13,26.1978383155824,14290,1248,888,90.9727081875437,150.098928839462,291.071549448318,475.56142668428,30.6821221788821,30.0785839206064,25.9550237929481,NSW
10014,2013,November,11,85+,72,26.7837591948171,15017,1248,888,479.456615835387,547.795124623391,247.127972214801,335.754419624503,21.0543504399361,17.04216861931,26.3981390729076,NSW
10014,2013,December,12,85+,35,31.7449932572563,14943,1248,888,234.223382185639,479.456615835387,547.795124623391,351.103468042419,26.7837591948171,21.0543504399361,26.6591444515959,NSW
10014,2014,January,1,85+,15,30.6235381063664,14812,1248,888,101.26924115582,234.223382185639,479.456615835387,291.071549448318,31.7449932572563,26.7837591948171,30.0785839206064,NSW
10014,2014,February,2,85+,12,32.2709605421619,14394,1248,888,83.3680700291788,101.26924115582,234.223382185639,150.098928839462,30.6235381063664,31.7449932572563,30.6821221788821,NSW
10014,2014,March,3,85+,28,27.4061514469269,14865,1248,888,188.361923982509,83.3680700291788,101.26924115582,90.9727081875437,32.2709605421619,30.6235381063664,26.1978383155824,NSW
10014,2014,November,11,85+,27,25.9418838890842,14724,1248,888,183.374083129584,572.129137719657,456.314588645819,479.456615835387,23.1755569508656,15.4381769890517,26.7837591948171,NSW
10014,2014,December,12,85+,100,30.965012894265,15443,1248,888,647.542575924367,183.374083129584,572.129137719657,234.223382185639,25.9418838890842,23.1755569508656,31.7449932572563,NSW
10014,2015,January,1,85+,12,28.9458697626773,14969,1248,888,80.1656757298417,647.542575924367,183.374083129584,101.26924115582,30.965012894265,25.9418838890842,30.6235381063664,NSW
10014,2015,February,2,85+,1,28.9798039093132,15711,1248,888,6.36496722041882,80.1656757298417,647.542575924367,83.3680700291788,28.9458697626773,30.965012894265,32.2709605421619,NSW
10014,2015,March,3,85+,7,26.5958283814599,15104,1248,888,46.3453389830509,6.36496722041882,80.1656757298417,188.361923982509,28.9798039093132,28.9458697626773,27.4061514469269,NSW
10014,2015,November,11,85+,60,25.9247907503461,15439,1248,888,388.626206360516,69.4637399277577,332.75655530414,183.374083129584,25.4545491233782,19.5264872260857,25.9418838890842,NSW
10014,2015,December,12,85+,128,29.3924687135973,15190,1248,888,842.659644502962,388.626206360516,69.4637399277577,647.542575924367,25.9247907503461,25.4545491233782,30.965012894265,NSW
10014,2016,January,1,85+,145,31.7663853410971,14986,1248,888,967.569731749633,842.659644502962,388.626206360516,80.1656757298417,29.3924687135973,25.9247907503461,28.9458697626773,NSW
10014,2016,February,2,85+,62,28.6104751021016,15441,1248,888,401.528398419791,967.569731749633,842.659644502962,6.36496722041882,31.7663853410971,29.3924687135973,28.9798039093132,NSW
10014,2016,March,3,85+,38,27.5387888930632,14713,1248,888,258.274994902467,401.528398419791,967.569731749633,46.3453389830509,28.6104751021016,31.7663853410971,26.5958283814599,NSW
10014,2016,November,11,85+,19,25.3198934004446,15226,1248,888,124.786549323526,255.651237890205,227.597867082846,388.626206360516,23.6905472379373,19.7128492877062,25.9247907503461,NSW
10014,2016,December,12,85+,80,29.7684724305122,14924,1248,888,536.049316537121,124.786549323526,255.651237890205,842.659644502962,25.3198934004446,23.6905472379373,29.3924687135973,NSW
10015,2011,January,1,75 to 84,15,28.6915024224961,6708,962,995,223.613595706619,554.889022195561,131.233595800525,120.900710291673,30.9014891638049,24.5820818852573,30.0279440243377,NSW
10015,2011,February,2,75 to 84,3,28.4887238855355,6537,962,995,45.8926112895824,223.613595706619,554.889022195561,273.106223947104,28.6915024224961,30.9014891638049,29.6872593525728,NSW
10015,2011,March,3,75 to 84,2,26.4380158968859,6654,962,995,30.0571085061617,45.8926112895824,223.613595706619,62.4804748516089,28.4887238855355,28.6915024224961,26.1124377937299,NSW
10015,2011,November,11,75 to 84,12,25.922721338367,6676,962,995,179.748352306771,62.1214474297251,136.653507440024,131.233595800525,22.2980600023594,17.4030048281046,24.5820818852573,NSW
10015,2011,December,12,75 to 84,8,28.0681458965674,6849,962,995,116.80537304716,179.748352306771,62.1214474297251,554.889022195561,25.922721338367,22.2980600023594,30.9014891638049,NSW
10015,2012,January,1,75 to 84,19,28.830670074232,6761,962,995,281.023517231179,116.80537304716,179.748352306771,223.613595706619,28.0681458965674,25.922721338367,28.6915024224961,NSW
10015,2012,February,2,75 to 84,7,27.3239769461375,6799,962,995,102.956317105457,281.023517231179,116.80537304716,45.8926112895824,28.830670074232,28.0681458965674,28.4887238855355,NSW
10015,2012,March,3,75 to 84,17,25.6116275396757,6661,962,995,255.216934394235,102.956317105457,281.023517231179,30.0571085061617,27.3239769461375,28.830670074232,26.4380158968859,NSW
10015,2012,November,11,75 to 84,33,24.1641781571314,6871,962,995,480.279435307816,339.784310828778,338.135842399294,179.748352306771,21.6964089561408,18.3856538078062,25.922721338367,NSW
10015,2012,December,12,75 to 84,6,28.7708279629155,6732,962,995,89.126559714795,480.279435307816,339.784310828778,116.80537304716,24.1641781571314,21.6964089561408,28.0681458965674,NSW
10015,2013,January,1,75 to 84,14,29.580853125161,6859,962,995,204.11138649949,89.126559714795,480.279435307816,281.023517231179,28.7708279629155,24.1641781571314,28.830670074232,NSW
10015,2013,February,2,75 to 84,3,30.5050553563131,6711,962,995,44.7027268663389,204.11138649949,89.126559714795,102.956317105457,29.580853125161,28.7708279629155,27.3239769461375,NSW
10015,2013,March,3,75 to 84,21,27.0342098012957,6666,962,995,315.031503150315,44.7027268663389,204.11138649949,255.216934394235,30.5050553563131,29.580853125161,25.6116275396757,NSW
10015,2013,November,11,75 to 84,12,29.2918437050863,6746,962,995,177.883190038541,71.5102974828375,29.6208530805687,480.279435307816,21.9432820109414,17.098248676859,24.1641781571314,NSW
10015,2013,December,12,75 to 84,3,25.4405986427471,6821,962,995,43.9818208473831,177.883190038541,71.5102974828375,89.126559714795,29.2918437050863,21.9432820109414,28.7708279629155,NSW
10015,2014,January,1,75 to 84,8,30.1229598269023,6748,962,995,118.5536455246,43.9818208473831,177.883190038541,204.11138649949,25.4405986427471,29.2918437050863,29.580853125161,NSW
10015,2014,February,2,75 to 84,16,29.277721829075,6853,962,995,233.474390777762,118.5536455246,43.9818208473831,44.7027268663389,30.1229598269023,25.4405986427471,30.5050553563131,NSW
10015,2014,March,3,75 to 84,0,25.9892387712704,7146,962,995,0,233.474390777762,118.5536455246,315.031503150315,29.277721829075,30.1229598269023,27.0342098012957,NSW
10015,2014,November,11,75 to 84,26,23.458785518844,6970,962,995,373.027259684362,98.6471251409245,86.8683943825105,177.883190038541,22.1586896355356,16.2059575289996,29.2918437050863,NSW
10015,2014,December,12,75 to 84,9,29.0939972678657,6817,962,995,132.022883966554,373.027259684362,98.6471251409245,43.9818208473831,23.458785518844,22.1586896355356,25.4405986427471,NSW
10015,2015,January,1,75 to 84,10,29.2873218100469,6992,962,995,143.020594965675,132.022883966554,373.027259684362,118.5536455246,29.0939972678657,23.458785518844,30.1229598269023,NSW
10015,2015,February,2,75 to 84,0,30.6123554394282,6814,962,995,0,143.020594965675,132.022883966554,233.474390777762,29.2873218100469,29.0939972678657,29.277721829075,NSW
10015,2015,March,3,75 to 84,0,26.4206155418183,6984,962,995,0,0,143.020594965675,0,30.6123554394282,29.2873218100469,25.9892387712704,NSW
10015,2015,November,11,75 to 84,8,26.4521755173745,6828,962,995,117.164616285882,100.38720780152,85.0219640073686,373.027259684362,22.0638921133408,15.7171621251005,23.458785518844,NSW
10015,2015,December,12,75 to 84,1,28.894902191297,6709,962,995,14.9053510210165,117.164616285882,100.38720780152,132.022883966554,26.4521755173745,22.0638921133408,29.0939972678657,NSW
10015,2016,January,1,75 to 84,5,27.0039081084323,6862,962,995,72.8650539201399,14.9053510210165,117.164616285882,143.020594965675,28.894902191297,26.4521755173745,29.2873218100469,NSW
10015,2016,February,2,75 to 84,1,28.345085916391,7045,962,995,14.194464158978,72.8650539201399,14.9053510210165,0,27.0039081084323,28.894902191297,30.6123554394282,NSW
10015,2016,March,3,75 to 84,3,25.9850956337783,6945,962,995,43.1965442764579,14.194464158978,72.8650539201399,0,28.345085916391,27.0039081084323,26.4206155418183,NSW
10015,2016,November,11,75 to 84,10,25.3224699197162,7187,962,995,139.140114094894,200.688073394495,69.9986000279995,117.164616285882,22.4435979093319,19.3568807444121,26.4521755173745,NSW
10015,2016,December,12,75 to 84,16,27.0997719119533,7067,962,995,226.40441488609,139.140114094894,200.688073394495,14.9053510210165,25.3224699197162,22.4435979093319,28.894902191297,NSW
10015,2011,January,1,85+,7,28.3101506654707,6585,962,995,106.302201974184,152.578577967653,243.457090687766,137.994480220791,33.1703891849552,26.1958811233142,28.6267385023481,NSW
10015,2011,February,2,85+,7,28.4993634969365,6919,962,995,101.170689405984,106.302201974184,152.578577967653,44.1696113074205,28.3101506654707,33.1703891849552,29.3752914128638,NSW
10015,2011,March,3,85+,6,24.796438193149,6641,962,995,90.3478391808463,101.170689405984,106.302201974184,73.9426205264715,28.4993634969365,28.3101506654707,27.7343318759938,NSW
10015,2011,November,11,85+,25,26.6641502960573,6676,962,995,374.475733972439,181.570585565138,104.837501872098,243.457090687766,20.9814085196766,18.8326373959167,26.1958811233142,NSW
10015,2011,December,12,85+,5,28.6311415165678,6754,962,995,74.0302043233639,374.475733972439,181.570585565138,152.578577967653,26.6641502960573,20.9814085196766,33.1703891849552,NSW
10015,2012,January,1,85+,5,31.5674059974739,6768,962,995,73.8770685579196,74.0302043233639,374.475733972439,106.302201974184,28.6311415165678,26.6641502960573,28.3101506654707,NSW
10015,2012,February,2,85+,7,25.7830260692629,6825,962,995,102.564102564103,73.8770685579196,74.0302043233639,101.170689405984,31.5674059974739,28.6311415165678,28.4993634969365,NSW
10015,2012,March,3,85+,6,27.0052859404181,6658,962,995,90.1171522979874,102.564102564103,73.8770685579196,90.3478391808463,25.7830260692629,31.5674059974739,24.796438193149,NSW
10015,2012,November,11,85+,19,25.4293911405163,6729,962,995,282.359934611384,105.278989321703,59.9790073474284,374.475733972439,25.6155098411109,20.9546681478414,26.6641502960573,NSW
10015,2012,December,12,85+,3,31.2660191810941,6645,962,995,45.1467268623025,282.359934611384,105.278989321703,74.0302043233639,25.4293911405163,25.6155098411109,28.6311415165678,NSW
10015,2013,January,1,85+,23,29.9067335717935,6827,962,995,336.897612421269,45.1467268623025,282.359934611384,73.8770685579196,31.2660191810941,25.4293911405163,31.5674059974739,NSW
10015,2013,February,2,85+,24,26.5016291085139,6947,962,995,345.472865985317,336.897612421269,45.1467268623025,102.564102564103,29.9067335717935,31.2660191810941,25.7830260692629,NSW
10015,2013,March,3,85+,1,26.161934937598,6853,962,995,14.5921494236101,345.472865985317,336.897612421269,90.1171522979874,26.5016291085139,29.9067335717935,27.0052859404181,NSW
10015,2013,November,11,85+,10,26.2424734635483,6757,962,995,147.994672191801,86.0091743119266,30.00300030003,282.359934611384,20.887082687129,17.3671495487388,25.4293911405163,NSW
10015,2013,December,12,85+,10,29.1261952356261,6650,962,995,150.375939849624,147.994672191801,86.0091743119266,45.1467268623025,26.2424734635483,20.887082687129,31.2660191810941,NSW
10015,2014,January,1,85+,12,30.5708876121261,6675,962,995,179.775280898876,150.375939849624,147.994672191801,336.897612421269,29.1261952356261,26.2424734635483,29.9067335717935,NSW
10015,2014,February,2,85+,11,29.4291795573138,7050,962,995,156.028368794326,179.775280898876,150.375939849624,345.472865985317,30.5708876121261,29.1261952356261,26.5016291085139,NSW
10015,2014,March,3,85+,6,24.2707082887306,6915,962,995,86.767895878525,156.028368794326,179.775280898876,14.5921494236101,29.4291795573138,30.5708876121261,26.161934937598,NSW
10015,2014,November,11,85+,35,26.2673892006242,6883,962,995,508.499200929827,101.361135244715,143.143429716576,147.994672191801,22.459767104574,17.7257409020257,26.2424734635483,NSW
10015,2014,December,12,85+,11,28.2952416267682,6968,962,995,157.864523536165,508.499200929827,101.361135244715,150.375939849624,26.2673892006242,22.459767104574,29.1261952356261,NSW
10015,2015,January,1,85+,4,31.960939772833,7158,962,995,55.8815311539536,157.864523536165,508.499200929827,179.775280898876,28.2952416267682,26.2673892006242,30.5708876121261,NSW
10015,2015,February,2,85+,26,26.1639656623821,7034,962,995,369.633210122263,55.8815311539536,157.864523536165,156.028368794326,31.960939772833,28.2952416267682,29.4291795573138,NSW
10015,2015,March,3,85+,29,25.5298547350099,6902,962,995,420.168067226891,369.633210122263,55.8815311539536,86.767895878525,26.1639656623821,31.960939772833,24.2707082887306,NSW
10015,2015,November,11,85+,0,28.4439649090241,6915,962,995,0,0,86.4553314121038,508.499200929827,23.5185658720414,16.4200927619978,26.2673892006242,NSW
10015,2015,December,12,85+,0,29.335607515713,7200,962,995,0,0,0,157.864523536165,28.4439649090241,23.5185658720414,28.2952416267682,NSW
10015,2016,January,1,85+,6,28.522929989728,7224,962,995,83.0564784053156,0,0,55.8815311539536,29.335607515713,28.4439649090241,31.960939772833,NSW
10015,2016,February,2,85+,29,26.6531735351415,7066,962,995,410.416076988395,83.0564784053156,0,369.633210122263,28.522929989728,29.335607515713,26.1639656623821,NSW
10015,2016,March,3,85+,22,24.4752488878218,7009,962,995,313.882151519475,410.416076988395,83.0564784053156,420.168067226891,26.6531735351415,28.522929989728,25.5298547350099,NSW
10015,2016,November,11,85+,12,24.6576346758141,7103,962,995,168.942700267493,85.1546977008232,245.629244328854,0,22.2069225212697,17.3108040499372,28.4439649090241,NSW
10015,2016,December,12,85+,3,30.0680207323518,6841,962,995,43.8532378307265,168.942700267493,85.1546977008232,0,24.6576346758141,22.2069225212697,29.335607515713,NSW
10016,2011,January,1,75 to 84,23,28.531756985362,6209,945,1013,370.430020937349,455.616653574234,350.584307178631,174.271229404309,30.1732163759707,27.5834015119136,31.4339049711996,NSW
10016,2011,February,2,75 to 84,10,29.2743709989309,6274,945,1013,159.38795027096,370.430020937349,455.616653574234,149.08066920656,28.531756985362,30.1732163759707,27.4149359297483,NSW
10016,2011,March,3,75 to 84,17,27.2532588605981,6306,945,1013,269.584522676816,159.38795027096,370.430020937349,109.255501794912,29.2743709989309,28.531756985362,24.9475314013406,NSW
10016,2011,November,11,75 to 84,5,25.3646325817384,6277,945,1013,79.6558865700175,191.938579654511,32.9435018942514,350.584307178631,25.1910473958003,19.1645477422701,27.5834015119136,NSW
10016,2011,December,12,75 to 84,15,27.7834567949514,6126,945,1013,244.857982370225,79.6558865700175,191.938579654511,455.616653574234,25.3646325817384,25.1910473958003,30.1732163759707,NSW
10016,2012,January,1,75 to 84,24,27.1439938870354,6237,945,1013,384.800384800385,244.857982370225,79.6558865700175,370.430020937349,27.7834567949514,25.3646325817384,28.531756985362,NSW
10016,2012,February,2,75 to 84,10,29.5052665896748,6145,945,1013,162.73393002441,384.800384800385,244.857982370225,159.38795027096,27.1439938870354,27.7834567949514,29.2743709989309,NSW
10016,2012,March,3,75 to 84,7,25.5960212159549,6330,945,1013,110.584518167457,162.73393002441,384.800384800385,269.584522676816,29.5052665896748,27.1439938870354,27.2532588605981,NSW
10016,2012,November,11,75 to 84,4,27.1664710066935,6070,945,1013,65.8978583196046,48.2082596818255,109.66630111233,79.6558865700175,19.7151305906111,19.6701967835793,25.3646325817384,NSW
10016,2012,December,12,75 to 84,5,27.4136868107912,6217,945,1013,80.4246421103426,65.8978583196046,48.2082596818255,244.857982370225,27.1664710066935,19.7151305906111,27.7834567949514,NSW
10016,2013,January,1,75 to 84,4,29.5597744812876,6496,945,1013,61.576354679803,80.4246421103426,65.8978583196046,384.800384800385,27.4136868107912,27.1664710066935,27.1439938870354,NSW
10016,2013,February,2,75 to 84,4,27.5293146128885,6302,945,1013,63.4719136781974,61.576354679803,80.4246421103426,162.73393002441,29.5597744812876,27.4136868107912,29.5052665896748,NSW
10016,2013,March,3,75 to 84,14,27.1381547237298,6558,945,1013,213.479719426655,63.4719136781974,61.576354679803,110.584518167457,27.5293146128885,29.5597744812876,25.5960212159549,NSW
10016,2013,November,11,75 to 84,4,25.5956253025256,6395,945,1013,62.5488663017983,64.1231163834562,78.1005935645111,65.8978583196046,19.7198475958599,20.0321045793247,27.1664710066935,NSW
10016,2013,December,12,75 to 84,4,30.5573720990515,6327,945,1013,63.2211158526948,62.5488663017983,64.1231163834562,80.4246421103426,25.5956253025256,19.7198475958599,27.4136868107912,NSW
10016,2014,January,1,75 to 84,11,31.9395984755555,6399,945,1013,171.901859665573,63.2211158526948,62.5488663017983,61.576354679803,30.5573720990515,25.5956253025256,29.5597744812876,NSW
10016,2014,February,2,75 to 84,1,28.7740374468004,6368,945,1013,15.7035175879397,171.901859665573,63.2211158526948,63.4719136781974,31.9395984755555,30.5573720990515,27.5293146128885,NSW
10016,2014,March,3,75 to 84,8,26.2523183928064,6324,945,1013,126.502213788741,15.7035175879397,171.901859665573,213.479719426655,28.7740374468004,31.9395984755555,27.1381547237298,NSW
10016,2014,November,11,75 to 84,9,27.7368618766404,6305,945,1013,142.74385408406,153.846153846154,206.710128796311,62.5488663017983,22.5943373510866,17.8326693450234,25.5956253025256,NSW
10016,2014,December,12,75 to 84,4,31.2365530770177,6302,945,1013,63.4719136781974,142.74385408406,153.846153846154,63.2211158526948,27.7368618766404,22.5943373510866,30.5573720990515,NSW
10016,2015,January,1,75 to 84,8,30.3025692084473,6447,945,1013,124.088723437258,63.4719136781974,142.74385408406,171.901859665573,31.2365530770177,27.7368618766404,31.9395984755555,NSW
10016,2015,February,2,75 to 84,5,28.2981664003367,6511,945,1013,76.7931193365074,124.088723437258,63.4719136781974,15.7035175879397,30.3025692084473,31.2365530770177,28.7740374468004,NSW
10016,2015,March,3,75 to 84,2,28.0347635878537,6680,945,1013,29.940119760479,76.7931193365074,124.088723437258,126.502213788741,28.2981664003367,30.3025692084473,26.2523183928064,NSW
10016,2015,November,11,75 to 84,14,22.3902933291956,6507,945,1013,215.152912248348,155.327741534638,122.38029677222,142.74385408406,24.0460435027427,21.347509384252,27.7368618766404,NSW
10016,2015,December,12,75 to 84,9,26.7999745456198,6624,945,1013,135.869565217391,215.152912248348,155.327741534638,63.4719136781974,22.3902933291956,24.0460435027427,31.2365530770177,NSW
10016,2016,January,1,75 to 84,15,29.7212570828124,6445,945,1013,232.738557020946,135.869565217391,215.152912248348,124.088723437258,26.7999745456198,22.3902933291956,30.3025692084473,NSW
10016,2016,February,2,75 to 84,2,31.49214616466,6434,945,1013,31.0848616723656,232.738557020946,135.869565217391,76.7931193365074,29.7212570828124,26.7999745456198,28.2981664003367,NSW
10016,2016,March,3,75 to 84,1,25.3380099875697,6575,945,1013,15.2091254752852,31.0848616723656,232.738557020946,29.940119760479,31.49214616466,29.7212570828124,28.0347635878537,NSW
10016,2016,November,11,75 to 84,4,27.036458434747,6541,945,1013,61.152728940529,152.998776009792,30.8499151627333,215.152912248348,20.6357084235447,17.7467732699938,22.3902933291956,NSW
10016,2016,December,12,75 to 84,8,29.1186540228126,6352,945,1013,125.944584382872,61.152728940529,152.998776009792,135.869565217391,27.036458434747,20.6357084235447,26.7999745456198,NSW
10016,2011,January,1,85+,6,29.5263095501051,5917,945,1013,101.402737873923,82.4266402901418,67.5904021628929,266.708503294634,27.263955344593,26.5698627734746,30.7018887306511,NSW
10016,2011,February,2,85+,9,29.775991780908,6162,945,1013,146.056475170399,101.402737873923,82.4266402901418,288.69286287089,29.5263095501051,27.263955344593,27.7907289013455,NSW
10016,2011,March,3,85+,0,27.8825630589257,6198,945,1013,0,146.056475170399,101.402737873923,499.114474319755,29.775991780908,29.5263095501051,28.3093893776913,NSW
10016,2011,November,11,85+,34,25.7587520676929,6305,945,1013,539.254559873117,111.093477225837,210.117989332471,67.5904021628929,25.3259953125099,19.5350296217383,26.5698627734746,NSW
10016,2011,December,12,85+,11,27.4649036769112,6226,945,1013,176.678445229682,539.254559873117,111.093477225837,82.4266402901418,25.7587520676929,25.3259953125099,27.263955344593,NSW
10016,2012,January,1,85+,4,30.3903844979576,6185,945,1013,64.6725949878739,176.678445229682,539.254559873117,101.402737873923,27.4649036769112,25.7587520676929,29.5263095501051,NSW
10016,2012,February,2,85+,8,28.3857854818964,6413,945,1013,124.746608451583,64.6725949878739,176.678445229682,146.056475170399,30.3903844979576,27.4649036769112,29.775991780908,NSW
10016,2012,March,3,85+,17,26.1539545338266,6156,945,1013,276.153346328785,124.746608451583,64.6725949878739,0,28.3857854818964,30.3903844979576,27.8825630589257,NSW
10016,2012,November,11,85+,28,26.8053682049229,6206,945,1013,451.176281018369,31.781344350866,78.8146279949559,539.254559873117,22.0243693476635,18.21897953977,25.7587520676929,NSW
10016,2012,December,12,85+,46,30.2755565611311,6299,945,1013,730.274646769329,451.176281018369,31.781344350866,176.678445229682,26.8053682049229,22.0243693476635,27.4649036769112,NSW
10016,2013,January,1,85+,7,32.0246564376778,6283,945,1013,111.411745981219,730.274646769329,451.176281018369,64.6725949878739,30.2755565611311,26.8053682049229,30.3903844979576,NSW
10016,2013,February,2,85+,6,30.8097461497305,6183,945,1013,97.0402717127608,111.411745981219,730.274646769329,124.746608451583,32.0246564376778,30.2755565611311,28.3857854818964,NSW
10016,2013,March,3,85+,3,26.567721851917,6232,945,1013,48.1386392811297,97.0402717127608,111.411745981219,276.153346328785,30.8097461497305,32.0246564376778,26.1539545338266,NSW
10016,2013,November,11,85+,4,26.3032991639184,6236,945,1013,64.143681847338,148.221343873518,123.095860901677,451.176281018369,20.7849753098556,17.6655390133981,26.8053682049229,NSW
10016,2013,December,12,85+,24,29.3511090220675,6451,945,1013,372.035343357619,64.143681847338,148.221343873518,730.274646769329,26.3032991639184,20.7849753098556,30.2755565611311,NSW
10016,2014,January,1,85+,7,28.4909622297159,6553,945,1013,106.821303219899,372.035343357619,64.143681847338,111.411745981219,29.3511090220675,26.3032991639184,32.0246564376778,NSW
10016,2014,February,2,85+,27,25.9962382072571,6452,945,1013,418.47489150651,106.821303219899,372.035343357619,97.0402717127608,28.4909622297159,29.3511090220675,30.8097461497305,NSW
10016,2014,March,3,85+,4,21.0552138482629,6383,945,1013,62.6664577784741,418.47489150651,106.821303219899,48.1386392811297,25.9962382072571,28.4909622297159,26.567721851917,NSW
10016,2014,November,11,85+,13,23.6568830368602,6517,945,1013,199.478287555624,539.54061970094,345.53164755772,64.143681847338,21.225448896505,17.3016511098052,26.3032991639184,NSW
10016,2014,December,12,85+,43,27.6035658293969,6550,945,1013,656.488549618321,199.478287555624,539.54061970094,372.035343357619,23.6568830368602,21.225448896505,29.3511090220675,NSW
10016,2015,January,1,85+,31,28.4003204038795,6476,945,1013,478.690549722051,656.488549618321,199.478287555624,106.821303219899,27.6035658293969,23.6568830368602,28.4909622297159,NSW
10016,2015,February,2,85+,35,28.1769176829765,6451,945,1013,542.551542396528,478.690549722051,656.488549618321,418.47489150651,28.4003204038795,27.6035658293969,25.9962382072571,NSW
10016,2015,March,3,85+,3,25.3673620900548,6524,945,1013,45.9840588595953,542.551542396528,478.690549722051,62.6664577784741,28.1769176829765,28.4003204038795,21.0552138482629,NSW
10016,2015,November,11,85+,6,27.9715867236898,6403,945,1013,93.7060752772138,30.2343159486017,241.218151665913,199.478287555624,21.1064271819817,18.4317356076152,23.6568830368602,NSW
10016,2015,December,12,85+,23,29.486553219671,6304,945,1013,364.847715736041,93.7060752772138,30.2343159486017,656.488549618321,27.9715867236898,21.1064271819817,27.6035658293969,NSW
10016,2016,January,1,85+,30,30.0591920490382,6778,945,1013,442.608439067572,364.847715736041,93.7060752772138,478.690549722051,29.486553219671,27.9715867236898,28.4003204038795,NSW
10016,2016,February,2,85+,19,29.6323878031054,6664,945,1013,285.114045618247,442.608439067572,364.847715736041,542.551542396528,30.0591920490382,29.486553219671,28.1769176829765,NSW
10016,2016,March,3,85+,2,24.1140690102946,6433,945,1013,31.0896937665164,285.114045618247,442.608439067572,45.9840588595953,29.6323878031054,30.0591920490382,25.3673620900548,NSW
10016,2016,November,11,85+,6,28.7820303944451,6651,945,1013,90.21199819576,15.4942671211652,45.9699662886914,93.7060752772138,21.6116277833797,19.9216961270387,27.9715867236898,NSW
10016,2016,December,12,85+,9,27.2882470419957,6740,945,1013,133.53115727003,90.21199819576,15.4942671211652,364.847715736041,28.7820303944451,21.6116277833797,29.486553219671,NSW
10017,2011,January,1,75 to 84,5,28.7532640440138,3928,1060,974,127.291242362525,490.069641475368,155.601659751037,330.620549338759,31.0033734485715,25.6679286437174,29.0383710677189,NSW
10017,2011,February,2,75 to 84,2,31.0643928686766,3849,1060,974,51.9615484541439,127.291242362525,490.069641475368,887.960302951162,28.7532640440138,31.0033734485715,26.0648932583482,NSW
10017,2011,March,3,75 to 84,5,26.3874532508405,4015,1060,974,124.53300124533,51.9615484541439,127.291242362525,474.433315761729,31.0643928686766,28.7532640440138,21.7362161828111,NSW
10017,2011,November,11,75 to 84,1,21.819281687858,3925,1060,974,25.4777070063694,0,50.3651473180559,155.601659751037,20.1000202458517,18.4289831500515,25.6679286437174,NSW
10017,2011,December,12,75 to 84,11,29.4553672750916,3893,1060,974,282.558438222451,25.4777070063694,0,490.069641475368,21.819281687858,20.1000202458517,31.0033734485715,NSW
10017,2012,January,1,75 to 84,10,28.5651705210881,3812,1060,974,262.329485834208,282.558438222451,25.4777070063694,127.291242362525,29.4553672750916,21.819281687858,28.7532640440138,NSW
10017,2012,February,2,75 to 84,7,29.0989678959234,3904,1060,974,179.303278688525,262.329485834208,282.558438222451,51.9615484541439,28.5651705210881,29.4553672750916,31.0643928686766,NSW
10017,2012,March,3,75 to 84,9,26.0698019396892,3887,1060,974,231.54103421662,179.303278688525,262.329485834208,124.53300124533,29.0989678959234,28.5651705210881,26.3874532508405,NSW
10017,2012,November,11,75 to 84,5,25.6046648404107,3820,1060,974,130.890052356021,126.039828585833,432.240020340707,25.4777070063694,22.4357568714774,15.8043247604227,21.819281687858,NSW
10017,2012,December,12,75 to 84,2,28.22174752902,3965,1060,974,50.4413619167718,130.890052356021,126.039828585833,282.558438222451,25.6046648404107,22.4357568714774,29.4553672750916,NSW
10017,2013,January,1,75 to 84,4,28.8014488339476,4004,1060,974,99.9000999000999,50.4413619167718,130.890052356021,262.329485834208,28.22174752902,25.6046648404107,28.5651705210881,NSW
10017,2013,February,2,75 to 84,8,25.5451895842304,4029,1060,974,198.560436832961,99.9000999000999,50.4413619167718,179.303278688525,28.8014488339476,28.22174752902,29.0989678959234,NSW
10017,2013,March,3,75 to 84,29,23.4191491465551,3998,1060,974,725.36268134067,198.560436832961,99.9000999000999,231.54103421662,25.5451895842304,28.8014488339476,26.0698019396892,NSW
10017,2013,November,11,75 to 84,9,24.2589125270139,4021,1060,974,223.824919174335,323.705179282869,74.0557886941496,130.890052356021,23.7385473030253,17.135755636289,25.6046648404107,NSW
10017,2013,December,12,75 to 84,21,28.0647404727608,3922,1060,974,535.441101478837,223.824919174335,323.705179282869,50.4413619167718,24.2589125270139,23.7385473030253,28.22174752902,NSW
10017,2014,January,1,75 to 84,5,30.2613213095553,4059,1060,974,123.183050012318,535.441101478837,223.824919174335,99.9000999000999,28.0647404727608,24.2589125270139,28.8014488339476,NSW
10017,2014,February,2,75 to 84,20,31.0634835373514,4045,1060,974,494.437577255871,123.183050012318,535.441101478837,198.560436832961,30.2613213095553,28.0647404727608,25.5451895842304,NSW
10017,2014,March,3,75 to 84,16,25.3535404780969,4090,1060,974,391.19804400978,494.437577255871,123.183050012318,725.36268134067,31.0634835373514,30.2613213095553,23.4191491465551,NSW
10017,2014,November,11,75 to 84,8,26.1941640674321,4122,1060,974,194.080543425522,176.723049734915,77.8008298755187,223.824919174335,23.3098964247847,16.6153257706152,24.2589125270139,NSW
10017,2014,December,12,75 to 84,8,28.3358006245141,4006,1060,974,199.700449326011,194.080543425522,176.723049734915,535.441101478837,26.1941640674321,23.3098964247847,28.0647404727608,NSW
10017,2015,January,1,75 to 84,8,30.6361061111421,3984,1060,974,200.803212851406,199.700449326011,194.080543425522,123.183050012318,28.3358006245141,26.1941640674321,30.2613213095553,NSW
10017,2015,February,2,75 to 84,2,27.630565003311,4144,1060,974,48.2625482625483,200.803212851406,199.700449326011,494.437577255871,30.6361061111421,28.3358006245141,31.0634835373514,NSW
10017,2015,March,3,75 to 84,4,27.6633822778289,4092,1060,974,97.7517106549365,48.2625482625483,200.803212851406,391.19804400978,27.630565003311,30.6361061111421,25.3535404780969,NSW
10017,2015,November,11,75 to 84,4,23.3602297406604,3972,1060,974,100.704934541793,74.3126083725539,0,194.080543425522,22.5935903877144,17.3442659045101,26.1941640674321,NSW
10017,2015,December,12,75 to 84,3,25.6260142314882,4078,1060,974,73.5654732712114,100.704934541793,74.3126083725539,199.700449326011,23.3602297406604,22.5935903877144,28.3358006245141,NSW
10017,2016,January,1,75 to 84,15,31.9178115818852,4094,1060,974,366.389838788471,73.5654732712114,100.704934541793,200.803212851406,25.6260142314882,23.3602297406604,30.6361061111421,NSW
10017,2016,February,2,75 to 84,10,29.8419219035312,4066,1060,974,245.941957697983,366.389838788471,73.5654732712114,48.2625482625483,31.9178115818852,25.6260142314882,27.630565003311,NSW
10017,2016,March,3,75 to 84,3,27.8927116101417,4191,1060,974,71.5819613457409,245.941957697983,366.389838788471,97.7517106549365,29.8419219035312,31.9178115818852,27.6633822778289,NSW
10017,2016,November,11,75 to 84,14,27.042754681319,4134,1060,974,338.655055636188,146.448620942153,95.5794504181601,100.704934541793,21.9756841673374,18.1434623302421,23.3602297406604,NSW
10017,2016,December,12,75 to 84,19,29.1179427590466,4122,1060,974,460.941290635614,338.655055636188,146.448620942153,73.5654732712114,27.042754681319,21.9756841673374,25.6260142314882,NSW
10017,2011,January,1,85+,21,29.0032608061599,4059,1060,974,517.368810051737,51.4800514800515,25.8064516129032,51.5463917525773,27.7345524086702,23.9056279040691,29.7742900148738,NSW
10017,2011,February,2,85+,26,28.9710776990438,3840,1060,974,677.083333333333,517.368810051737,51.4800514800515,544.605809128631,29.0032608061599,27.7345524086702,29.2004381392667,NSW
10017,2011,March,3,85+,14,25.8250628178392,3866,1060,974,362.131401965856,677.083333333333,517.368810051737,280.469148393677,28.9710776990438,29.0032608061599,25.1111157422903,NSW
10017,2011,November,11,85+,3,25.1439362188001,3922,1060,974,76.4915859255482,0,562.228469205213,25.8064516129032,21.1417610437848,18.0894666918276,23.9056279040691,NSW
10017,2011,December,12,85+,5,30.2825341644678,3899,1060,974,128.238009746089,76.4915859255482,0,51.4800514800515,25.1439362188001,21.1417610437848,27.7345524086702,NSW
10017,2012,January,1,85+,17,29.9452559880508,3887,1060,974,437.355286853615,128.238009746089,76.4915859255482,517.368810051737,30.2825341644678,25.1439362188001,29.0032608061599,NSW
10017,2012,February,2,85+,5,26.5434309709584,3939,1060,974,126.935770500127,437.355286853615,128.238009746089,677.083333333333,29.9452559880508,30.2825341644678,28.9710776990438,NSW
10017,2012,March,3,85+,19,25.4848456675114,3835,1060,974,495.436766623207,126.935770500127,437.355286853615,362.131401965856,26.5434309709584,29.9452559880508,25.8250628178392,NSW
10017,2012,November,11,85+,8,26.9548979809799,4067,1060,974,196.705188099336,25.8131130614352,385.208012326656,76.4915859255482,22.9840737065364,18.0675614705596,25.1439362188001,NSW
10017,2012,December,12,85+,5,29.9705897448305,3971,1060,974,125.91286829514,196.705188099336,25.8131130614352,128.238009746089,26.9548979809799,22.9840737065364,30.2825341644678,NSW
10017,2013,January,1,85+,4,30.6408462449152,4138,1060,974,96.665055582407,125.91286829514,196.705188099336,437.355286853615,29.9705897448305,26.9548979809799,29.9452559880508,NSW
10017,2013,February,2,85+,5,26.9233926177589,3833,1060,974,130.446125750065,96.665055582407,125.91286829514,126.935770500127,30.6408462449152,29.9705897448305,26.5434309709584,NSW
10017,2013,March,3,85+,22,27.9384798485277,3969,1060,974,554.29579239103,130.446125750065,96.665055582407,495.436766623207,26.9233926177589,30.6408462449152,25.4848456675114,NSW
10017,2013,November,11,85+,12,24.8120462718613,3965,1060,974,302.648171500631,227.790432801822,202.994163917787,196.705188099336,20.9506165837987,19.4785732409444,26.9548979809799,NSW
10017,2013,December,12,85+,16,29.1921128044548,4067,1060,974,393.410376198672,302.648171500631,227.790432801822,125.91286829514,24.8120462718613,20.9506165837987,29.9705897448305,NSW
10017,2014,January,1,85+,7,29.3892021546271,3964,1060,974,176.589303733602,393.410376198672,302.648171500631,96.665055582407,29.1921128044548,24.8120462718613,30.6408462449152,NSW
10017,2014,February,2,85+,10,26.3797832769701,4120,1060,974,242.718446601942,176.589303733602,393.410376198672,130.446125750065,29.3892021546271,29.1921128044548,26.9233926177589,NSW
10017,2014,March,3,85+,1,21.797749896257,4065,1060,974,24.60024600246,242.718446601942,176.589303733602,554.29579239103,26.3797832769701,29.3892021546271,27.9384798485277,NSW
10017,2014,November,11,85+,3,27.9806112486802,4000,1060,974,75,99.4282873477504,651.629072681704,302.648171500631,20.6073510026934,19.5293487483717,24.8120462718613,NSW
10017,2014,December,12,85+,6,29.0649742692903,4053,1060,974,148.038490007402,75,99.4282873477504,393.410376198672,27.9806112486802,20.6073510026934,29.1921128044548,NSW
10017,2015,January,1,85+,3,28.8215876308151,4121,1060,974,72.7978645959719,148.038490007402,75,176.589303733602,29.0649742692903,27.9806112486802,29.3892021546271,NSW
10017,2015,February,2,85+,10,27.0387905232281,4146,1060,974,241.196333815726,72.7978645959719,148.038490007402,242.718446601942,28.8215876308151,29.0649742692903,26.3797832769701,NSW
10017,2015,March,3,85+,1,28.1016990302056,4019,1060,974,24.8818113958696,241.196333815726,72.7978645959719,24.60024600246,27.0387905232281,28.8215876308151,21.797749896257,NSW
10017,2015,November,11,85+,3,24.3812394543709,3948,1060,974,75.9878419452888,24.6609124537608,914.257474672597,75,21.4076237128942,17.5205637812067,27.9806112486802,NSW
10017,2015,December,12,85+,13,29.2372730825065,4061,1060,974,320.118197488303,75.9878419452888,24.6609124537608,148.038490007402,24.3812394543709,21.4076237128942,29.0649742692903,NSW
10017,2016,January,1,85+,3,28.5729447407389,4128,1060,974,72.6744186046512,320.118197488303,75.9878419452888,72.7978645959719,29.2372730825065,24.3812394543709,28.8215876308151,NSW
10017,2016,February,2,85+,0,30.6972992552968,4142,1060,974,0,72.6744186046512,320.118197488303,241.196333815726,28.5729447407389,29.2372730825065,27.0387905232281,NSW
10017,2016,March,3,85+,0,26.7500894872571,4120,1060,974,0,0,72.6744186046512,24.8818113958696,30.6972992552968,28.5729447407389,28.1016990302056,NSW
10017,2016,November,11,85+,5,27.7062090350129,4097,1060,974,122.040517451794,291.616038882139,172.32890201871,75.9878419452888,25.2364312033253,21.0612117419862,24.3812394543709,NSW
10017,2016,December,12,85+,12,25.8945642996503,4138,1060,974,289.995166747221,122.040517451794,291.616038882139,320.118197488303,27.7062090350129,25.2364312033253,29.2372730825065,NSW
10018,2011,January,1,75 to 84,35,29.959982267053,14645,997,989,238.989416182998,326.275598750434,152.149106124002,251.851851851852,30.4150694016055,26.1498554185785,34.3283038682054,NSW
10018,2011,February,2,75 to 84,5,29.9079501128314,13747,997,989,36.371571979341,238.989416182998,326.275598750434,375.358798851844,29.959982267053,30.4150694016055,29.5130197395589,NSW
10018,2011,March,3,75 to 84,12,26.4998130855945,13575,997,989,88.3977900552486,36.371571979341,238.989416182998,217.991570992588,29.9079501128314,29.959982267053,26.6262335846665,NSW
10018,2011,November,11,75 to 84,62,24.789058734285,14218,997,989,436.066957377972,367.806144526179,166.4736537348,152.149106124002,21.590799267854,18.5905539332797,26.1498554185785,NSW
10018,2011,December,12,75 to 84,34,27.9655302932306,13723,997,989,247.759236318589,436.066957377972,367.806144526179,326.275598750434,24.789058734285,21.590799267854,30.4150694016055,NSW
10018,2012,January,1,75 to 84,31,32.080673944608,13820,997,989,224.312590448625,247.759236318589,436.066957377972,238.989416182998,27.9655302932306,24.789058734285,29.959982267053,NSW
10018,2012,February,2,75 to 84,25,28.3146333513355,15045,997,989,166.168162180126,224.312590448625,247.759236318589,36.371571979341,32.080673944608,27.9655302932306,29.9079501128314,NSW
10018,2012,March,3,75 to 84,40,23.9768164704008,14012,997,989,285.469597487868,166.168162180126,224.312590448625,88.3977900552486,28.3146333513355,32.080673944608,26.4998130855945,NSW
10018,2012,November,11,75 to 84,18,24.2100574585465,14049,997,989,128.122998078155,230.995380092398,253.146246202806,436.066957377972,22.6993854887758,16.8527830540274,24.789058734285,NSW
10018,2012,December,12,75 to 84,4,29.4955427868573,13952,997,989,28.6697247706422,128.122998078155,230.995380092398,247.759236318589,24.2100574585465,22.6993854887758,27.9655302932306,NSW
10018,2013,January,1,75 to 84,25,32.0706631608971,14070,997,989,177.683013503909,28.6697247706422,128.122998078155,224.312590448625,29.4955427868573,24.2100574585465,32.080673944608,NSW
10018,2013,February,2,75 to 84,29,28.2226552103579,14456,997,989,200.608743774211,177.683013503909,28.6697247706422,166.168162180126,32.0706631608971,29.4955427868573,28.3146333513355,NSW
10018,2013,March,3,75 to 84,20,23.5541780630777,14300,997,989,139.86013986014,200.608743774211,177.683013503909,285.469597487868,28.2226552103579,32.0706631608971,23.9768164704008,NSW
10018,2013,November,11,75 to 84,17,26.8259092385711,14192,997,989,119.78579481398,118.972636293653,76.1720102485977,128.122998078155,21.5937229566105,17.3769794517005,24.2100574585465,NSW
10018,2013,December,12,75 to 84,11,28.5053479750332,14426,997,989,76.2512130874809,119.78579481398,118.972636293653,28.6697247706422,26.8259092385711,21.5937229566105,29.4955427868573,NSW
10018,2014,January,1,75 to 84,11,28.3679144623026,14390,997,989,76.4419735927728,76.2512130874809,119.78579481398,177.683013503909,28.5053479750332,26.8259092385711,32.0706631608971,NSW
10018,2014,February,2,75 to 84,44,29.3289570466905,14324,997,989,307.176766266406,76.4419735927728,76.2512130874809,200.608743774211,28.3679144623026,28.5053479750332,28.2226552103579,NSW
10018,2014,March,3,75 to 84,11,24.3124413362325,14827,997,989,74.1889795643084,307.176766266406,76.4419735927728,139.86013986014,29.3289570466905,28.3679144623026,23.5541780630777,NSW
10018,2014,November,11,75 to 84,18,26.9380854362667,14040,997,989,128.205128205128,251.151109250733,228.417870339268,119.78579481398,20.0842919056555,18.0468801197057,26.8259092385711,NSW
10018,2014,December,12,75 to 84,16,30.0214426670367,14195,997,989,112.715744980627,128.205128205128,251.151109250733,76.2512130874809,26.9380854362667,20.0842919056555,28.5053479750332,NSW
10018,2015,January,1,75 to 84,35,30.3902344780298,14324,997,989,244.345154984641,112.715744980627,128.205128205128,76.4419735927728,30.0214426670367,26.9380854362667,28.3679144623026,NSW
10018,2015,February,2,75 to 84,27,29.6887718145629,14477,997,989,186.502728465842,244.345154984641,112.715744980627,307.176766266406,30.3902344780298,30.0214426670367,29.3289570466905,NSW
10018,2015,March,3,75 to 84,38,27.1598980086726,14572,997,989,260.774087290695,186.502728465842,244.345154984641,74.1889795643084,29.6887718145629,30.3902344780298,24.3124413362325,NSW
10018,2015,November,11,75 to 84,34,25.4149660858648,14310,997,989,237.59608665269,91.138530566461,67.6361176868448,128.205128205128,19.9457850029954,18.0689858925516,26.9380854362667,NSW
10018,2015,December,12,75 to 84,19,30.6345596097711,14704,997,989,129.216539717084,237.59608665269,91.138530566461,112.715744980627,25.4149660858648,19.9457850029954,30.0214426670367,NSW
10018,2016,January,1,75 to 84,13,26.221781962779,14865,997,989,87.4537504204507,129.216539717084,237.59608665269,244.345154984641,30.6345596097711,25.4149660858648,30.3902344780298,NSW
10018,2016,February,2,75 to 84,12,27.5339227667379,14841,997,989,80.8570851020821,87.4537504204507,129.216539717084,186.502728465842,26.221781962779,30.6345596097711,29.6887718145629,NSW
10018,2016,March,3,75 to 84,10,27.0828055488602,14768,997,989,67.7139761646804,80.8570851020821,87.4537504204507,260.774087290695,27.5339227667379,26.221781962779,27.1598980086726,NSW
10018,2016,November,11,75 to 84,22,25.4728112609188,14796,997,989,148.688834820222,27.3149412728763,263.650870741692,237.59608665269,22.1982012606854,21.0889852787458,25.4149660858648,NSW
10018,2016,December,12,75 to 84,15,26.9051577012087,14742,997,989,101.750101750102,148.688834820222,27.3149412728763,129.216539717084,25.4728112609188,22.1982012606854,30.6345596097711,NSW
10018,2011,January,1,85+,34,30.9053118199804,14514,997,989,234.256579853934,728.775356874531,372.616351282239,131.897120246208,29.1628896782549,27.0027644298702,32.968719118646,NSW
10018,2011,February,2,85+,90,31.3497312031703,13773,997,989,653.452406883032,234.256579853934,728.775356874531,483.055885850178,30.9053118199804,29.1628896782549,30.2804018968377,NSW
10018,2011,March,3,85+,181,26.0732231027087,13939,997,989,1298.51495803142,653.452406883032,234.256579853934,321.903428971309,31.3497312031703,30.9053118199804,26.8149573709707,NSW
10018,2011,November,11,85+,20,25.3719933928767,14001,997,989,142.846939504321,114.911450588076,92.8505106778087,372.616351282239,20.5169402649734,17.3346700337528,27.0027644298702,NSW
10018,2011,December,12,85+,43,29.4535972567693,14138,997,989,304.144857829962,142.846939504321,114.911450588076,728.775356874531,25.3719933928767,20.5169402649734,29.1628896782549,NSW
10018,2012,January,1,85+,69,29.2054365243982,14400,997,989,479.166666666667,304.144857829962,142.846939504321,234.256579853934,29.4535972567693,25.3719933928767,30.9053118199804,NSW
10018,2012,February,2,85+,26,30.9916559129042,13943,997,989,186.473499246934,479.166666666667,304.144857829962,653.452406883032,29.2054365243982,29.4535972567693,31.3497312031703,NSW
10018,2012,March,3,85+,60,27.5854805466572,14393,997,989,416.869311470854,186.473499246934,479.166666666667,1298.51495803142,30.9916559129042,29.2054365243982,26.0732231027087,NSW
10018,2012,November,11,85+,2,25.0380385833975,14216,997,989,14.0686550365785,108.295429932857,160.983462607932,142.846939504321,22.3147254537328,16.9563100426157,25.3719933928767,NSW
10018,2012,December,12,85+,18,29.6604003727072,14260,997,989,126.227208976157,14.0686550365785,108.295429932857,304.144857829962,25.0380385833975,22.3147254537328,29.4535972567693,NSW
10018,2013,January,1,85+,21,34.3799115651144,14636,997,989,143.48182563542,126.227208976157,14.0686550365785,479.166666666667,29.6604003727072,25.0380385833975,29.2054365243982,NSW
10018,2013,February,2,85+,54,29.3093219431388,14352,997,989,376.254180602007,143.48182563542,126.227208976157,186.473499246934,34.3799115651144,29.6604003727072,30.9916559129042,NSW
10018,2013,March,3,85+,10,26.2891013805943,14644,997,989,68.2873531821907,376.254180602007,143.48182563542,416.869311470854,29.3093219431388,34.3799115651144,27.5854805466572,NSW
10018,2013,November,11,85+,33,25.4210986408482,14760,997,989,223.577235772358,78.4873349982162,126.814146822601,14.0686550365785,22.0953135067285,18.6840761503078,25.0380385833975,NSW
10018,2013,December,12,85+,6,27.4497780149958,14334,997,989,41.8585182084554,223.577235772358,78.4873349982162,126.227208976157,25.4210986408482,22.0953135067285,29.6604003727072,NSW
10018,2014,January,1,85+,35,31.6586104382223,14291,997,989,244.909383528095,41.8585182084554,223.577235772358,143.48182563542,27.4497780149958,25.4210986408482,34.3799115651144,NSW
10018,2014,February,2,85+,46,29.7320657457484,14222,997,989,323.442553789903,244.909383528095,41.8585182084554,376.254180602007,31.6586104382223,27.4497780149958,29.3093219431388,NSW
10018,2014,March,3,85+,47,24.9052002030053,14250,997,989,329.824561403509,323.442553789903,244.909383528095,68.2873531821907,29.7320657457484,31.6586104382223,26.2891013805943,NSW
10018,2014,November,11,85+,19,27.6672245696301,13970,997,989,136.005726556908,62.2406639004149,182.003494467094,223.577235772358,20.6215562299212,18.4882772369479,25.4210986408482,NSW
10018,2014,December,12,85+,19,29.5979083114821,14180,997,989,133.991537376587,136.005726556908,62.2406639004149,41.8585182084554,27.6672245696301,20.6215562299212,27.4497780149958,NSW
10018,2015,January,1,85+,44,29.3465068719541,13970,997,989,314.96062992126,133.991537376587,136.005726556908,244.909383528095,29.5979083114821,27.6672245696301,31.6586104382223,NSW
10018,2015,February,2,85+,39,31.811752723017,14691,997,989,265.46865427813,314.96062992126,133.991537376587,323.442553789903,29.3465068719541,29.5979083114821,29.7320657457484,NSW
10018,2015,March,3,85+,36,24.5296754703303,14415,997,989,249.739854318418,265.46865427813,314.96062992126,329.824561403509,31.811752723017,29.3465068719541,24.9052002030053,NSW
10018,2015,November,11,85+,19,26.8308122446905,14211,997,989,133.699247062135,245.895711289506,145.46965918537,136.005726556908,22.4515800823247,19.9339015305628,27.6672245696301,NSW
10018,2015,December,12,85+,30,32.0236436076548,14092,997,989,212.886744252058,133.699247062135,245.895711289506,133.991537376587,26.8308122446905,22.4515800823247,29.5979083114821,NSW
10018,2016,January,1,85+,24,26.4588490951511,14526,997,989,165.220983064849,212.886744252058,133.699247062135,314.96062992126,32.0236436076548,26.8308122446905,29.3465068719541,NSW
10018,2016,February,2,85+,43,27.8882374286732,14150,997,989,303.886925795053,165.220983064849,212.886744252058,265.46865427813,26.4588490951511,32.0236436076548,31.811752723017,NSW
10018,2016,March,3,85+,45,26.9706382419889,14573,997,989,308.790228504769,303.886925795053,165.220983064849,249.739854318418,27.8882374286732,26.4588490951511,24.5296754703303,NSW
10018,2016,November,11,85+,4,24.1552836007257,15170,997,989,26.36783124588,126.632897893895,77.6287932251235,133.699247062135,22.6887721631784,16.3949296742447,26.8308122446905,NSW
10018,2016,December,12,85+,10,31.0146940973677,14917,997,989,67.0376080981431,26.36783124588,126.632897893895,212.886744252058,24.1552836007257,22.6887721631784,32.0236436076548,NSW
10019,2011,January,1,75 to 84,18,31.4738826252904,20136,955,1021,89.3921334922527,97.2165370446173,104.937299963272,5.19318653926049,28.2320302123476,25.562814227314,28.2620396683009,NSW
10019,2011,February,2,75 to 84,8,26.8424013865684,19626,955,1021,40.7622541526546,89.3921334922527,97.2165370446173,37.3174112378718,31.4738826252904,28.2320302123476,28.966649038832,NSW
10019,2011,March,3,75 to 84,21,26.0112554288723,19987,955,1021,105.068294391354,40.7622541526546,89.3921334922527,120.451693851945,26.8424013865684,31.4738826252904,27.8465628199012,NSW
10019,2011,November,11,75 to 84,48,26.6492322370474,19728,955,1021,243.30900243309,152.485513876182,58.1705366232004,104.937299963272,21.258461275923,21.0313454918168,25.562814227314,NSW
10019,2011,December,12,75 to 84,99,28.2976627992156,19701,955,1021,502.51256281407,243.30900243309,152.485513876182,97.2165370446173,26.6492322370474,21.258461275923,28.2320302123476,NSW
10019,2012,January,1,75 to 84,66,28.3076783461274,19891,955,1021,331.80835553768,502.51256281407,243.30900243309,89.3921334922527,28.2976627992156,26.6492322370474,31.4738826252904,NSW
10019,2012,February,2,75 to 84,20,31.2967388631058,20716,955,1021,96.5437343116432,331.80835553768,502.51256281407,40.7622541526546,28.3076783461274,28.2976627992156,26.8424013865684,NSW
10019,2012,March,3,75 to 84,10,27.2452654732643,20047,955,1021,49.8827754776276,96.5437343116432,331.80835553768,105.068294391354,31.2967388631058,28.3076783461274,26.0112554288723,NSW
10019,2012,November,11,75 to 84,47,26.4473824494668,20137,955,1021,233.40120176789,114.948273277025,216.572990254215,243.30900243309,23.9547636076869,20.718130560925,26.6492322370474,NSW
10019,2012,December,12,75 to 84,109,28.8615589183184,20223,955,1021,538.990258616427,233.40120176789,114.948273277025,502.51256281407,26.4473824494668,23.9547636076869,28.2976627992156,NSW
10019,2013,January,1,75 to 84,29,27.4326005919934,20193,955,1021,143.614123706235,538.990258616427,233.40120176789,331.80835553768,28.8615589183184,26.4473824494668,28.3076783461274,NSW
10019,2013,February,2,75 to 84,29,28.8600843709499,20048,955,1021,144.652833200319,143.614123706235,538.990258616427,96.5437343116432,27.4326005919934,28.8615589183184,31.2967388631058,NSW
10019,2013,March,3,75 to 84,9,28.1997481892745,19470,955,1021,46.2249614791988,144.652833200319,143.614123706235,49.8827754776276,28.8600843709499,27.4326005919934,27.2452654732643,NSW
10019,2013,November,11,75 to 84,63,27.3130067463047,20263,955,1021,310.91151359621,305.825482168401,39.9002493765586,233.40120176789,24.3592621409521,18.8343002900839,26.4473824494668,NSW
10019,2013,December,12,75 to 84,28,28.5666526465478,20322,955,1021,137.781714398189,310.91151359621,305.825482168401,538.990258616427,27.3130067463047,24.3592621409521,28.8615589183184,NSW
10019,2014,January,1,75 to 84,46,30.6634390706306,20382,955,1021,225.689333725837,137.781714398189,310.91151359621,143.614123706235,28.5666526465478,27.3130067463047,27.4326005919934,NSW
10019,2014,February,2,75 to 84,67,29.0109935466158,20324,955,1021,329.659515843338,225.689333725837,137.781714398189,144.652833200319,30.6634390706306,28.5666526465478,28.8600843709499,NSW
10019,2014,March,3,75 to 84,21,25.8045373528477,20561,955,1021,102.135110160012,329.659515843338,225.689333725837,46.2249614791988,29.0109935466158,30.6634390706306,28.1997481892745,NSW
10019,2014,November,11,75 to 84,36,26.6070239160177,19830,955,1021,181.543116490166,195.493866379942,61.9992369324685,310.91151359621,21.0657636541978,18.6464168678916,27.3130067463047,NSW
10019,2014,December,12,75 to 84,59,28.1645780361696,20155,955,1021,292.731332175639,181.543116490166,195.493866379942,137.781714398189,26.6070239160177,21.0657636541978,28.5666526465478,NSW
10019,2015,January,1,75 to 84,90,25.9801392794669,20159,955,1021,446.450716801429,292.731332175639,181.543116490166,225.689333725837,28.1645780361696,26.6070239160177,30.6634390706306,NSW
10019,2015,February,2,75 to 84,31,28.5412218728555,20063,955,1021,154.513283158052,446.450716801429,292.731332175639,329.659515843338,25.9801392794669,28.1645780361696,29.0109935466158,NSW
10019,2015,March,3,75 to 84,24,25.8265334850443,20279,955,1021,118.349031017309,154.513283158052,446.450716801429,102.135110160012,28.5412218728555,25.9801392794669,25.8045373528477,NSW
10019,2015,November,11,75 to 84,21,25.2267379942196,20554,955,1021,102.16989393792,180.009000450022,25.0062515628907,181.543116490166,20.0873221276546,12.8739744714367,26.6070239160177,NSW
10019,2015,December,12,75 to 84,20,28.4892722076681,20311,955,1021,98.4688100044311,102.16989393792,180.009000450022,292.731332175639,25.2267379942196,20.0873221276546,28.1645780361696,NSW
10019,2016,January,1,75 to 84,30,27.870612570331,21116,955,1021,142.072362189809,98.4688100044311,102.16989393792,446.450716801429,28.4892722076681,25.2267379942196,25.9801392794669,NSW
10019,2016,February,2,75 to 84,14,26.0469867918621,20421,955,1021,68.5568777239117,142.072362189809,98.4688100044311,154.513283158052,27.870612570331,28.4892722076681,28.5412218728555,NSW
10019,2016,March,3,75 to 84,39,23.2143050588484,21225,955,1021,183.745583038869,68.5568777239117,142.072362189809,118.349031017309,26.0469867918621,27.870612570331,25.8265334850443,NSW
10019,2016,November,11,75 to 84,12,26.0222893517339,20534,955,1021,58.4396610499659,48.1834827021297,9.78521454082881,102.16989393792,20.2137097504395,18.3148239236476,25.2267379942196,NSW
10019,2016,December,12,75 to 84,27,29.8259094301188,21392,955,1021,126.21540762902,58.4396610499659,48.1834827021297,98.4688100044311,26.0222893517339,20.2137097504395,28.4892722076681,NSW
10019,2011,January,1,85+,11,31.5276909239605,19869,955,1021,55.3626251950274,341.90731681658,334.872393322847,247.767511485057,29.0595474642601,26.8922652028191,31.7444583304019,NSW
10019,2011,February,2,85+,37,26.3987960251149,20316,955,1021,182.122465052176,55.3626251950274,341.90731681658,515.154546363909,31.5276909239605,29.0595474642601,28.8171209473587,NSW
10019,2011,March,3,85+,18,26.5878272587801,20337,955,1021,88.5086295913852,182.122465052176,55.3626251950274,290.540207810115,26.3987960251149,31.5276909239605,25.7982205629806,NSW
10019,2011,November,11,85+,69,24.5725765598019,19762,955,1021,349.154943831596,156.22637705992,165.720885853463,334.872393322847,21.3586870882292,18.2943871043101,26.8922652028191,NSW
10019,2011,December,12,85+,39,29.731506521517,20012,955,1021,194.883070157905,349.154943831596,156.22637705992,341.90731681658,24.5725765598019,21.3586870882292,29.0595474642601,NSW
10019,2012,January,1,85+,36,30.8928175864013,20185,955,1021,178.350260094129,194.883070157905,349.154943831596,55.3626251950274,29.731506521517,24.5725765598019,31.5276909239605,NSW
10019,2012,February,2,85+,19,29.4041728287542,20175,955,1021,94.1759603469641,178.350260094129,194.883070157905,182.122465052176,30.8928175864013,29.731506521517,26.3987960251149,NSW
10019,2012,March,3,85+,21,26.771631173091,19933,955,1021,105.352932323283,94.1759603469641,178.350260094129,88.5086295913852,29.4041728287542,30.8928175864013,26.5878272587801,NSW
10019,2012,November,11,85+,111,24.7519743581589,19790,955,1021,560.88933804952,202.189565045863,4.95270169877668,349.154943831596,20.3827238551799,16.5420086118681,24.5725765598019,NSW
10019,2012,December,12,85+,47,30.1111098353082,19624,955,1021,239.502649816551,560.88933804952,202.189565045863,194.883070157905,24.7519743581589,20.3827238551799,29.731506521517,NSW
10019,2013,January,1,85+,47,29.3478794567192,20127,955,1021,233.517165995926,239.502649816551,560.88933804952,178.350260094129,30.1111098353082,24.7519743581589,30.8928175864013,NSW
10019,2013,February,2,85+,59,28.1988390720861,20287,955,1021,290.826637748312,233.517165995926,239.502649816551,94.1759603469641,29.3478794567192,30.1111098353082,29.4041728287542,NSW
10019,2013,March,3,85+,20,27.2870121400257,19782,955,1021,101.102011930037,290.826637748312,233.517165995926,105.352932323283,28.1988390720861,29.3478794567192,26.771631173091,NSW
10019,2013,November,11,85+,45,25.7819622214658,19968,955,1021,225.360576923077,159.904057565461,240.222926876141,560.88933804952,23.3613794175134,16.0598326846928,24.7519743581589,NSW
10019,2013,December,12,85+,30,29.6340111324742,19783,955,1021,151.645352069959,225.360576923077,159.904057565461,239.502649816551,25.7819622214658,23.3613794175134,30.1111098353082,NSW
10019,2014,January,1,85+,63,32.5865926229917,20396,955,1021,308.884094920573,151.645352069959,225.360576923077,233.517165995926,29.6340111324742,25.7819622214658,29.3478794567192,NSW
10019,2014,February,2,85+,55,29.2737771618368,20166,955,1021,272.736288802936,308.884094920573,151.645352069959,290.826637748312,32.5865926229917,29.6340111324742,28.1988390720861,NSW
10019,2014,March,3,85+,81,25.593439878812,20562,955,1021,393.930551502772,272.736288802936,308.884094920573,101.102011930037,29.2737771618368,32.5865926229917,27.2870121400257,NSW
10019,2014,November,11,85+,26,25.9814435016301,20362,955,1021,127.688832138297,290.079288338813,208.697340322268,225.360576923077,22.0125600434215,18.8149091098835,25.7819622214658,NSW
10019,2014,December,12,85+,69,30.8718672496343,20269,955,1021,340.421333070206,127.688832138297,290.079288338813,151.645352069959,25.9814435016301,22.0125600434215,29.6340111324742,NSW
10019,2015,January,1,85+,38,29.2332462411897,21153,955,1021,179.643549378339,340.421333070206,127.688832138297,308.884094920573,30.8718672496343,25.9814435016301,32.5865926229917,NSW
10019,2015,February,2,85+,7,30.0672215198234,20354,955,1021,34.3912744423701,179.643549378339,340.421333070206,272.736288802936,29.2332462411897,30.8718672496343,29.2737771618368,NSW
10019,2015,March,3,85+,31,27.0861855427196,20897,955,1021,148.346652629564,34.3912744423701,179.643549378339,393.930551502772,30.0672215198234,29.2332462411897,25.593439878812,NSW
10019,2015,November,11,85+,22,24.7542264007586,20462,955,1021,107.516371811162,120.505157620746,250.542038063117,127.688832138297,21.6610483450864,19.5383408025063,25.9814435016301,NSW
10019,2015,December,12,85+,85,30.352090823267,20182,955,1021,421.167376870479,107.516371811162,120.505157620746,340.421333070206,24.7542264007586,21.6610483450864,30.8718672496343,NSW
10019,2016,January,1,85+,83,30.8893188943479,20481,955,1021,405.253649724135,421.167376870479,107.516371811162,179.643549378339,30.352090823267,24.7542264007586,29.2332462411897,NSW
10019,2016,February,2,85+,121,29.2406340130095,20479,955,1021,590.849162556766,405.253649724135,421.167376870479,34.3912744423701,30.8893188943479,30.352090823267,30.0672215198234,NSW
10019,2016,March,3,85+,120,24.9457728385632,20603,955,1021,582.439450565452,590.849162556766,405.253649724135,148.346652629564,29.2406340130095,30.8893188943479,27.0861855427196,NSW
10019,2016,November,11,85+,25,25.0612460128166,20989,955,1021,119.110010005241,149.896039843334,63.0364156524269,107.516371811162,22.0962894734684,18.5333292128397,24.7542264007586,NSW
10019,2016,December,12,85+,40,27.9573290424596,20932,955,1021,191.094974202179,119.110010005241,149.896039843334,421.167376870479,25.0612460128166,22.0962894734684,30.352090823267,NSW
10020,2011,January,1,75 to 84,11,31.1520810929631,4803,916,807,229.023526962315,128.865979381443,43.1499460625674,542.910837335561,28.6482329446735,25.6723267808808,29.5683974822515,NSW
10020,2011,February,2,75 to 84,1,31.624910338318,4638,916,807,21.5610176800345,229.023526962315,128.865979381443,232.853513971211,31.1520810929631,28.6482329446735,28.2532177909163,NSW
10020,2011,March,3,75 to 84,6,26.2793022115036,4837,916,807,124.043828819516,21.5610176800345,229.023526962315,366.379310344828,31.624910338318,31.1520810929631,28.2051796152487,NSW
10020,2011,November,11,75 to 84,7,26.5842495162227,4826,916,807,145.04765851637,186.027284001654,211.327134404057,43.1499460625674,20.1192170428448,18.8060633287024,25.6723267808808,NSW
10020,2011,December,12,75 to 84,21,28.1791580268872,4566,916,807,459.921156373193,145.04765851637,186.027284001654,128.865979381443,26.5842495162227,20.1192170428448,28.6482329446735,NSW
10020,2012,January,1,75 to 84,15,29.5160601599143,4778,916,807,313.938886563416,459.921156373193,145.04765851637,229.023526962315,28.1791580268872,26.5842495162227,31.1520810929631,NSW
10020,2012,February,2,75 to 84,1,27.992594318587,4834,916,807,20.6868018204386,313.938886563416,459.921156373193,21.5610176800345,29.5160601599143,28.1791580268872,31.624910338318,NSW
10020,2012,March,3,75 to 84,0,26.2115500986928,4799,916,807,0,20.6868018204386,313.938886563416,124.043828819516,27.992594318587,29.5160601599143,26.2793022115036,NSW
10020,2012,November,11,75 to 84,5,24.9249736843971,4518,916,807,110.668437361664,0,123.609394313968,145.04765851637,20.7771422204238,19.3091370497004,26.5842495162227,NSW
10020,2012,December,12,75 to 84,17,27.5515881513753,4761,916,807,357.067842890149,110.668437361664,0,459.921156373193,24.9249736843971,20.7771422204238,28.1791580268872,NSW
10020,2013,January,1,75 to 84,9,30.2526381832311,4667,916,807,192.843368330834,357.067842890149,110.668437361664,313.938886563416,27.5515881513753,24.9249736843971,29.5160601599143,NSW
10020,2013,February,2,75 to 84,3,27.3248192169356,4799,916,807,62.5130235465722,192.843368330834,357.067842890149,20.6868018204386,30.2526381832311,27.5515881513753,27.992594318587,NSW
10020,2013,March,3,75 to 84,1,23.6066340599217,4925,916,807,20.3045685279188,62.5130235465722,192.843368330834,0,27.3248192169356,30.2526381832311,26.2115500986928,NSW
10020,2013,November,11,75 to 84,11,24.4342600822801,4695,916,807,234.291799787008,41.4851690520639,85.5431993156544,110.668437361664,23.9435649439049,18.3311194374394,24.9249736843971,NSW
10020,2013,December,12,75 to 84,4,29.7747556747806,4813,916,807,83.108248493663,234.291799787008,41.4851690520639,357.067842890149,24.4342600822801,23.9435649439049,27.5515881513753,NSW
10020,2014,January,1,75 to 84,5,32.4099321832884,4989,916,807,100.220485067148,83.108248493663,234.291799787008,192.843368330834,29.7747556747806,24.4342600822801,30.2526381832311,NSW
10020,2014,February,2,75 to 84,17,31.110345231088,4721,916,807,360.093200593095,100.220485067148,83.108248493663,62.5130235465722,32.4099321832884,29.7747556747806,27.3248192169356,NSW
10020,2014,March,3,75 to 84,8,27.971582551285,4712,916,807,169.779286926995,360.093200593095,100.220485067148,20.3045685279188,31.110345231088,32.4099321832884,23.6066340599217,NSW
10020,2014,November,11,75 to 84,0,26.6751226953483,5063,916,807,0,124.895920066611,20.703933747412,234.291799787008,21.8536441194991,18.9609645581868,24.4342600822801,NSW
10020,2014,December,12,75 to 84,0,28.7862747488748,4820,916,807,0,0,124.895920066611,83.108248493663,26.6751226953483,21.8536441194991,29.7747556747806,NSW
10020,2015,January,1,75 to 84,1,28.9170999590972,4838,916,807,20.669698222406,0,0,100.220485067148,28.7862747488748,26.6751226953483,32.4099321832884,NSW
10020,2015,February,2,75 to 84,6,30.5512544192379,5135,916,807,116.845180136319,20.669698222406,0,360.093200593095,28.9170999590972,28.7862747488748,31.110345231088,NSW
10020,2015,March,3,75 to 84,3,26.3922324686494,4872,916,807,61.576354679803,116.845180136319,20.669698222406,169.779286926995,30.5512544192379,28.9170999590972,27.971582551285,NSW
10020,2015,November,11,75 to 84,2,26.0527302409817,4863,916,807,41.1268764137364,20.8942749686586,103.092783505155,0,19.0380209384709,17.4068289373137,26.6751226953483,NSW
10020,2015,December,12,75 to 84,7,27.5500210461656,5011,916,807,139.692676112552,41.1268764137364,20.8942749686586,0,26.0527302409817,19.0380209384709,28.7862747488748,NSW
10020,2016,January,1,75 to 84,7,31.0833632909664,5008,916,807,139.776357827476,139.692676112552,41.1268764137364,20.669698222406,27.5500210461656,26.0527302409817,28.9170999590972,NSW
10020,2016,February,2,75 to 84,25,28.8610477535015,4911,916,807,509.061290979434,139.776357827476,139.692676112552,116.845180136319,31.0833632909664,27.5500210461656,30.5512544192379,NSW
10020,2016,March,3,75 to 84,15,25.5827911356644,5007,916,807,299.580587177951,509.061290979434,139.776357827476,61.576354679803,28.8610477535015,31.0833632909664,26.3922324686494,NSW
10020,2016,November,11,75 to 84,7,25.7921482999603,4887,916,807,143.237159811745,41.2541254125413,439.514441188782,41.1268764137364,21.2039361892774,16.5166249550835,26.0527302409817,NSW
10020,2016,December,12,75 to 84,17,25.600499428426,5092,916,807,333.857030636292,143.237159811745,41.2541254125413,139.692676112552,25.7921482999603,21.2039361892774,27.5500210461656,NSW
10020,2011,January,1,85+,21,33.9195643544938,4689,916,807,447.856685860525,795.580110497238,294.550810014728,172.86084701815,29.8456482117871,27.3015051567733,26.5830248257812,NSW
10020,2011,February,2,85+,2,29.4018680528713,4627,916,807,43.2245515452777,447.856685860525,795.580110497238,0,33.9195643544938,29.8456482117871,27.0150727081042,NSW
10020,2011,March,3,85+,8,29.2984607196836,4808,916,807,166.389351081531,43.2245515452777,447.856685860525,107.158165452207,29.4018680528713,33.9195643544938,27.4658473229768,NSW
10020,2011,November,11,85+,5,26.1491413090348,4596,916,807,108.790252393386,232.067510548523,83.9454354669465,294.550810014728,22.0284344002003,16.7686029415618,27.3015051567733,NSW
10020,2011,December,12,85+,7,30.6193330733637,4536,916,807,154.320987654321,108.790252393386,232.067510548523,795.580110497238,26.1491413090348,22.0284344002003,29.8456482117871,NSW
10020,2012,January,1,85+,21,29.535455077001,4768,916,807,440.436241610738,154.320987654321,108.790252393386,447.856685860525,30.6193330733637,26.1491413090348,33.9195643544938,NSW
10020,2012,February,2,85+,32,29.2824776055854,4829,916,807,662.663077241665,440.436241610738,154.320987654321,43.2245515452777,29.535455077001,30.6193330733637,29.4018680528713,NSW
10020,2012,March,3,85+,13,27.8566432323297,4755,916,807,273.396424815983,662.663077241665,440.436241610738,166.389351081531,29.2824776055854,29.535455077001,29.2984607196836,NSW
10020,2012,November,11,85+,35,27.0950117398486,4609,916,807,759.383814276416,579.830192586457,128.369704749679,108.790252393386,24.8654838436822,15.9411264580526,26.1491413090348,NSW
10020,2012,December,12,85+,28,30.5330760478968,4749,916,807,589.597810065277,759.383814276416,579.830192586457,154.320987654321,27.0950117398486,24.8654838436822,30.6193330733637,NSW
10020,2013,January,1,85+,18,30.1573175749537,4921,916,807,365.779313147734,589.597810065277,759.383814276416,440.436241610738,30.5330760478968,27.0950117398486,29.535455077001,NSW
10020,2013,February,2,85+,5,26.1436104788084,4927,916,807,101.48163182464,365.779313147734,589.597810065277,662.663077241665,30.1573175749537,30.5330760478968,29.2824776055854,NSW
10020,2013,March,3,85+,11,27.1506745345622,4749,916,807,231.627711097073,101.48163182464,365.779313147734,273.396424815983,26.1436104788084,30.1573175749537,27.8566432323297,NSW
10020,2013,November,11,85+,42,27.3608695628571,4723,916,807,889.265297480415,537.745604963806,520.416333066453,759.383814276416,21.8360996064074,18.4766777812922,27.0950117398486,NSW
10020,2013,December,12,85+,31,28.3739640586678,4763,916,807,650.850304429981,889.265297480415,537.745604963806,589.597810065277,27.3608695628571,21.8360996064074,30.5330760478968,NSW
10020,2014,January,1,85+,2,29.4794346358229,4908,916,807,40.7497962510187,650.850304429981,889.265297480415,365.779313147734,28.3739640586678,27.3608695628571,30.1573175749537,NSW
10020,2014,February,2,85+,13,31.2299273681843,4773,916,807,272.365388644458,40.7497962510187,650.850304429981,101.48163182464,29.4794346358229,28.3739640586678,26.1436104788084,NSW
10020,2014,March,3,85+,17,26.5806647710172,4830,916,807,351.966873706004,272.365388644458,40.7497962510187,231.627711097073,31.2299273681843,29.4794346358229,27.1506745345622,NSW
10020,2014,November,11,85+,61,27.4504835572462,4874,916,807,1251.53877718506,240.336471059483,968.718466195762,889.265297480415,21.9825430722997,16.9197663857265,27.3608695628571,NSW
10020,2014,December,12,85+,40,30.645296565001,5034,916,807,794.596742153357,1251.53877718506,240.336471059483,650.850304429981,27.4504835572462,21.9825430722997,28.3739640586678,NSW
10020,2015,January,1,85+,2,28.2235000179216,4734,916,807,42.247570764681,794.596742153357,1251.53877718506,40.7497962510187,30.645296565001,27.4504835572462,29.4794346358229,NSW
10020,2015,February,2,85+,5,29.5423467999798,4744,916,807,105.39629005059,42.247570764681,794.596742153357,272.365388644458,28.2235000179216,30.645296565001,31.2299273681843,NSW
10020,2015,March,3,85+,10,27.2192195459285,4911,916,807,203.624516391774,105.39629005059,42.247570764681,351.966873706004,29.5423467999798,28.2235000179216,26.5806647710172,NSW
10020,2015,November,11,85+,4,25.3205568611681,4942,916,807,80.9388911371914,81.0536980749747,41.6406412658755,1251.53877718506,23.0588036258022,16.9039744943182,27.4504835572462,NSW
10020,2015,December,12,85+,36,25.7766669094209,4811,916,807,748.2851797963,80.9388911371914,81.0536980749747,794.596742153357,25.3205568611681,23.0588036258022,30.645296565001,NSW
10020,2016,January,1,85+,14,30.0376699961718,4955,916,807,282.542885973764,748.2851797963,80.9388911371914,42.247570764681,25.7766669094209,25.3205568611681,28.2235000179216,NSW
10020,2016,February,2,85+,13,28.671136617366,4817,916,807,269.877517126842,282.542885973764,748.2851797963,105.39629005059,30.0376699961718,25.7766669094209,29.5423467999798,NSW
10020,2016,March,3,85+,16,25.7062844477434,5131,916,807,311.830052621321,269.877517126842,282.542885973764,203.624516391774,28.671136617366,30.0376699961718,27.2192195459285,NSW
10020,2016,November,11,85+,1,24.1015508372495,4857,916,807,20.5888408482602,81.7828664894705,100,80.9388911371914,20.8953415295035,19.5007638524055,25.3205568611681,NSW
10020,2016,December,12,85+,20,28.3479190127568,4970,916,807,402.414486921529,20.5888408482602,81.7828664894705,748.2851797963,24.1015508372495,20.8953415295035,25.7766669094209,NSW
10021,2011,January,1,75 to 84,8,27.3931370957651,18867,996,1020,42.4020777018074,41.0509031198686,129.3861919056,127.253446447508,28.9694499414507,23.8758821617338,27.0398937514321,NSW
10021,2011,February,2,75 to 84,16,30.1469660476807,18474,996,1020,86.6082061275306,42.4020777018074,41.0509031198686,101.187623155989,27.3931370957651,28.9694499414507,31.8960059397645,NSW
10021,2011,March,3,75 to 84,7,25.8516342340712,19012,996,1020,36.8188512518409,86.6082061275306,42.4020777018074,128.459026922871,30.1469660476807,27.3931370957651,23.4191343938952,NSW
10021,2011,November,11,75 to 84,40,26.0606914412278,18982,996,1020,210.725950900853,90.0662251655629,63.5424940428912,129.3861919056,19.5724315050195,20.5286530195448,23.8758821617338,NSW
10021,2011,December,12,75 to 84,106,26.8235068286557,19371,996,1020,547.209746528316,210.725950900853,90.0662251655629,41.0509031198686,26.0606914412278,19.5724315050195,28.9694499414507,NSW
10021,2012,January,1,75 to 84,20,30.0610849645689,18820,996,1020,106.269925611052,547.209746528316,210.725950900853,42.4020777018074,26.8235068286557,26.0606914412278,27.3931370957651,NSW
10021,2012,February,2,75 to 84,11,29.4337442845732,19655,996,1020,55.9654032052913,106.269925611052,547.209746528316,86.6082061275306,30.0610849645689,26.8235068286557,30.1469660476807,NSW
10021,2012,March,3,75 to 84,68,25.6802758463698,19794,996,1020,343.538445993736,55.9654032052913,106.269925611052,36.8188512518409,29.4337442845732,30.0610849645689,25.8516342340712,NSW
10021,2012,November,11,75 to 84,30,26.7764102240784,19079,996,1020,157.240945542219,217.552533992583,83.6207797637713,210.725950900853,20.6720343509219,18.203707677198,26.0606914412278,NSW
10021,2012,December,12,75 to 84,29,26.6905528707422,19264,996,1020,150.539867109635,157.240945542219,217.552533992583,547.209746528316,26.7764102240784,20.6720343509219,26.8235068286557,NSW
10021,2013,January,1,75 to 84,28,29.6733374579489,19202,996,1020,145.818143943339,150.539867109635,157.240945542219,106.269925611052,26.6905528707422,26.7764102240784,30.0610849645689,NSW
10021,2013,February,2,75 to 84,90,27.0547995188392,19323,996,1020,465.766185374942,145.818143943339,150.539867109635,55.9654032052913,29.6733374579489,26.6905528707422,29.4337442845732,NSW
10021,2013,March,3,75 to 84,8,29.1785443117102,19303,996,1020,41.4443350774491,465.766185374942,145.818143943339,343.538445993736,27.0547995188392,29.6733374579489,25.6802758463698,NSW
10021,2013,November,11,75 to 84,25,26.3888928780699,20081,996,1020,124.495792042229,238.824567779451,31.1429461227032,157.240945542219,24.6902581719472,16.569082030638,26.7764102240784,NSW
10021,2013,December,12,75 to 84,35,28.4337642771601,19533,996,1020,179.183945118517,124.495792042229,238.824567779451,150.539867109635,26.3888928780699,24.6902581719472,26.6905528707422,NSW
10021,2014,January,1,75 to 84,50,29.5601665275009,20449,996,1020,244.510734021224,179.183945118517,124.495792042229,145.818143943339,28.4337642771601,26.3888928780699,29.6733374579489,NSW
10021,2014,February,2,75 to 84,95,28.4573676847158,19283,996,1020,492.661930197583,244.510734021224,179.183945118517,465.766185374942,29.5601665275009,28.4337642771601,27.0547995188392,NSW
10021,2014,March,3,75 to 84,58,28.2155447807686,19092,996,1020,303.792164257281,492.661930197583,244.510734021224,41.4443350774491,28.4573676847158,29.5601665275009,29.1785443117102,NSW
10021,2014,November,11,75 to 84,38,26.3374689281195,19260,996,1020,197.30010384216,134.435371439952,61.4943117761607,124.495792042229,21.5646587839337,17.604827604173,26.3888928780699,NSW
10021,2014,December,12,75 to 84,17,27.9010481933675,19715,996,1020,86.2287598275425,197.30010384216,134.435371439952,179.183945118517,26.3374689281195,21.5646587839337,28.4337642771601,NSW
10021,2015,January,1,75 to 84,22,28.4900889225652,19992,996,1020,110.044017607043,86.2287598275425,197.30010384216,244.510734021224,27.9010481933675,26.3374689281195,29.5601665275009,NSW
10021,2015,February,2,75 to 84,6,32.5402686755816,20622,996,1020,29.0951411114344,110.044017607043,86.2287598275425,492.661930197583,28.4900889225652,27.9010481933675,28.4573676847158,NSW
10021,2015,March,3,75 to 84,14,26.9540545270519,20285,996,1020,69.0165146660094,29.0951411114344,110.044017607043,303.792164257281,32.5402686755816,28.4900889225652,28.2155447807686,NSW
10021,2015,November,11,75 to 84,56,25.9168206993627,20580,996,1020,272.108843537415,274.429089483485,139.275766016713,197.30010384216,23.6958008298058,18.8079258809326,26.3374689281195,NSW
10021,2015,December,12,75 to 84,30,26.2644197364903,20544,996,1020,146.028037383178,272.108843537415,274.429089483485,86.2287598275425,25.9168206993627,23.6958008298058,27.9010481933675,NSW
10021,2016,January,1,75 to 84,34,28.1834695533075,19648,996,1020,173.045602605863,146.028037383178,272.108843537415,110.044017607043,26.2644197364903,25.9168206993627,28.4900889225652,NSW
10021,2016,February,2,75 to 84,20,28.9606927398024,20086,996,1020,99.5718410833416,173.045602605863,146.028037383178,29.0951411114344,28.1834695533075,26.2644197364903,32.5402686755816,NSW
10021,2016,March,3,75 to 84,10,26.4944148689842,20840,996,1020,47.9846449136276,99.5718410833416,173.045602605863,69.0165146660094,28.9606927398024,28.1834695533075,26.9540545270519,NSW
10021,2016,November,11,75 to 84,9,24.4478941888031,20093,996,1020,44.7917185089335,40.3408804397156,385.010266940452,272.108843537415,22.2593125100474,18.9655929535413,25.9168206993627,NSW
10021,2016,December,12,75 to 84,15,28.355364153007,19821,996,1020,75.6773119418798,44.7917185089335,40.3408804397156,146.028037383178,24.4478941888031,22.2593125100474,26.2644197364903,NSW
10021,2011,January,1,85+,92,32.4532787000321,19024,996,1020,483.599663582843,342.321466189172,167.11928138709,163.323635992446,29.2226582871785,27.6281899862145,28.8674963195861,NSW
10021,2011,February,2,85+,90,26.189222654605,19084,996,1020,471.599245441207,483.599663582843,342.321466189172,275.307073274036,32.4532787000321,29.2226582871785,30.4281358008632,NSW
10021,2011,March,3,85+,87,25.1501509623742,18942,996,1020,459.296800760215,471.599245441207,483.599663582843,187.656380316931,26.189222654605,32.4532787000321,26.0137606860114,NSW
10021,2011,November,11,85+,53,23.6361837933408,19381,996,1020,273.463701563387,165.398610651671,69.5335900727428,167.11928138709,22.324142667291,19.3392507412207,27.6281899862145,NSW
10021,2011,December,12,85+,35,27.4848545440277,18763,996,1020,186.537334115014,273.463701563387,165.398610651671,342.321466189172,23.6361837933408,22.324142667291,29.2226582871785,NSW
10021,2012,January,1,85+,63,28.2816735690343,19407,996,1020,324.625135260473,186.537334115014,273.463701563387,483.599663582843,27.4848545440277,23.6361837933408,32.4532787000321,NSW
10021,2012,February,2,85+,69,28.3592023681821,19670,996,1020,350.788002033554,324.625135260473,186.537334115014,471.599245441207,28.2816735690343,27.4848545440277,26.189222654605,NSW
10021,2012,March,3,85+,237,27.407837892333,19090,996,1020,1241.48768988999,350.788002033554,324.625135260473,459.296800760215,28.3592023681821,28.2816735690343,25.1501509623742,NSW
10021,2012,November,11,85+,57,25.0566345248344,19845,996,1020,287.226001511716,89.1826670863498,57.4712643678161,273.463701563387,20.9033713002662,22.3083753018557,23.6361837933408,NSW
10021,2012,December,12,85+,27,28.2426115950868,19131,996,1020,141.132193821546,287.226001511716,89.1826670863498,186.537334115014,25.0566345248344,20.9033713002662,27.4848545440277,NSW
10021,2013,January,1,85+,58,28.5520292420177,19894,996,1020,291.545189504373,141.132193821546,287.226001511716,324.625135260473,28.2426115950868,25.0566345248344,28.2816735690343,NSW
10021,2013,February,2,85+,19,28.5506710035629,19419,996,1020,97.8423193779288,291.545189504373,141.132193821546,350.788002033554,28.5520292420177,28.2426115950868,28.3592023681821,NSW
10021,2013,March,3,85+,37,24.7978330192212,19503,996,1020,189.714402912372,97.8423193779288,291.545189504373,1241.48768988999,28.5506710035629,28.5520292420177,27.407837892333,NSW
10021,2013,November,11,85+,51,24.6996434783381,19515,996,1020,261.337432744043,184.755067567568,46.432440798638,287.226001511716,21.106397057895,13.2234750304464,25.0566345248344,NSW
10021,2013,December,12,85+,24,27.8160336992416,19435,996,1020,123.488551582197,261.337432744043,184.755067567568,141.132193821546,24.6996434783381,21.106397057895,28.2426115950868,NSW
10021,2014,January,1,85+,23,30.3370565033315,19310,996,1020,119.109269808389,123.488551582197,261.337432744043,291.545189504373,27.8160336992416,24.6996434783381,28.5520292420177,NSW
10021,2014,February,2,85+,45,27.1472283368915,19595,996,1020,229.650421025772,119.109269808389,123.488551582197,97.8423193779288,30.3370565033315,27.8160336992416,28.5506710035629,NSW
10021,2014,March,3,85+,11,28.4635539749718,19699,996,1020,55.8403979897457,229.650421025772,119.109269808389,189.714402912372,27.1472283368915,30.3370565033315,24.7978330192212,NSW
10021,2014,November,11,85+,55,27.2045942191042,19645,996,1020,279.969457877323,847.368971649754,190.525231719876,261.337432744043,23.8508569127342,16.5065993771115,24.6996434783381,NSW
10021,2014,December,12,85+,7,28.5688149004818,20337,996,1020,34.420022618872,279.969457877323,847.368971649754,123.488551582197,27.2045942191042,23.8508569127342,27.8160336992416,NSW
10021,2015,January,1,85+,50,30.2720827766959,19351,996,1020,258.384579608289,34.420022618872,279.969457877323,119.109269808389,28.5688149004818,27.2045942191042,30.3370565033315,NSW
10021,2015,February,2,85+,32,28.7542740784503,19714,996,1020,162.321193060769,258.384579608289,34.420022618872,229.650421025772,30.2720827766959,28.5688149004818,27.1472283368915,NSW
10021,2015,March,3,85+,10,25.7392265073253,19984,996,1020,50.0400320256205,162.321193060769,258.384579608289,55.8403979897457,28.7542740784503,30.2720827766959,28.4635539749718,NSW
10021,2015,November,11,85+,25,23.715187664001,20204,996,1020,123.737873688379,172.440026373181,161.005505349538,279.969457877323,23.7188458379638,16.7078623934651,27.2045942191042,NSW
10021,2015,December,12,85+,73,27.088248696225,19650,996,1020,371.501272264631,123.737873688379,172.440026373181,34.420022618872,23.715187664001,23.7188458379638,28.5688149004818,NSW
10021,2016,January,1,85+,68,32.0803108783207,20331,996,1020,334.46461069303,371.501272264631,123.737873688379,258.384579608289,27.088248696225,23.715187664001,30.2720827766959,NSW
10021,2016,February,2,85+,14,28.8610622881893,20184,996,1020,69.3618707887436,334.46461069303,371.501272264631,162.321193060769,32.0803108783207,27.088248696225,28.7542740784503,NSW
10021,2016,March,3,85+,3,29.2503676808997,19913,996,1020,15.0655350775875,69.3618707887436,334.46461069303,50.0400320256205,28.8610622881893,32.0803108783207,25.7392265073253,NSW
10021,2016,November,11,85+,34,26.3373120138987,20248,996,1020,167.917819043856,39.6510705789056,393.298600469915,123.737873688379,23.7598365695418,19.1704683877837,23.715187664001,NSW
10021,2016,December,12,85+,53,31.3173934265968,20584,996,1020,257.481539059464,167.917819043856,39.6510705789056,371.501272264631,26.3373120138987,23.7598365695418,27.088248696225,NSW
10022,2011,January,1,75 to 84,18,30.6801570124761,18237,909,1002,98.7004441519987,163.478829491581,511.281538290541,240.640214897308,26.5494108149157,23.6437908870401,30.7798781849191,NSW
10022,2011,February,2,75 to 84,28,29.0169556147683,17959,909,1002,155.910685450192,98.7004441519987,163.478829491581,194.271758436945,30.6801570124761,26.5494108149157,28.2616784985434,NSW
10022,2011,March,3,75 to 84,23,24.0279316239032,18431,909,1002,124.789756388693,155.910685450192,98.7004441519987,327.385824193812,29.0169556147683,30.6801570124761,23.1157372632808,NSW
10022,2011,November,11,75 to 84,35,24.9168884569768,17513,909,1002,199.851538856849,38.4214281793732,16.3363101720758,511.281538290541,22.294372889866,18.4412772671362,23.6437908870401,NSW
10022,2011,December,12,75 to 84,38,29.547862150476,18190,909,1002,208.905992303463,199.851538856849,38.4214281793732,163.478829491581,24.9168884569768,22.294372889866,26.5494108149157,NSW
10022,2012,January,1,75 to 84,6,30.6268890058747,18212,909,1002,32.9453107840984,208.905992303463,199.851538856849,98.7004441519987,29.547862150476,24.9168884569768,30.6801570124761,NSW
10022,2012,February,2,75 to 84,52,28.9432085934058,18647,909,1002,278.865233013353,32.9453107840984,208.905992303463,155.910685450192,30.6268890058747,29.547862150476,29.0169556147683,NSW
10022,2012,March,3,75 to 84,2,29.5335575997447,18214,909,1002,10.9805644010102,278.865233013353,32.9453107840984,124.789756388693,28.9432085934058,30.6268890058747,24.0279316239032,NSW
10022,2012,November,11,75 to 84,50,25.5800806248396,18973,909,1002,263.532388130501,353.77358490566,101.860290569882,199.851538856849,20.8975230181212,18.0794439343272,24.9168884569768,NSW
10022,2012,December,12,75 to 84,50,31.6828487493787,18302,909,1002,273.194186427713,263.532388130501,353.77358490566,208.905992303463,25.5800806248396,20.8975230181212,29.547862150476,NSW
10022,2013,January,1,75 to 84,7,32.3455942095322,19127,909,1002,36.5974800020913,273.194186427713,263.532388130501,32.9453107840984,31.6828487493787,25.5800806248396,30.6268890058747,NSW
10022,2013,February,2,75 to 84,31,26.3891898779956,18709,909,1002,165.695654497835,36.5974800020913,273.194186427713,278.865233013353,32.3455942095322,31.6828487493787,28.9432085934058,NSW
10022,2013,March,3,75 to 84,36,23.6952493048903,18711,909,1002,192.400192400192,165.695654497835,36.5974800020913,10.9805644010102,26.3891898779956,32.3455942095322,29.5335575997447,NSW
10022,2013,November,11,75 to 84,39,25.4232283585259,18550,909,1002,210.242587601078,93.6226456658222,77.2320049428483,263.532388130501,20.5638667589577,15.9367362353391,25.5800806248396,NSW
10022,2013,December,12,75 to 84,17,27.1482761841538,18539,909,1002,91.6985813690059,210.242587601078,93.6226456658222,273.194186427713,25.4232283585259,20.5638667589577,31.6828487493787,NSW
10022,2014,January,1,75 to 84,81,31.5061393263013,18504,909,1002,437.743190661479,91.6985813690059,210.242587601078,36.5974800020913,27.1482761841538,25.4232283585259,32.3455942095322,NSW
10022,2014,February,2,75 to 84,44,27.4785805730923,18256,909,1002,241.016652059597,437.743190661479,91.6985813690059,165.695654497835,31.5061393263013,27.1482761841538,26.3891898779956,NSW
10022,2014,March,3,75 to 84,30,24.9912496039256,18708,909,1002,160.359204618345,241.016652059597,437.743190661479,192.400192400192,27.4785805730923,31.5061393263013,23.6952493048903,NSW
10022,2014,November,11,75 to 84,13,24.5646357195631,18484,909,1002,70.3310971651158,513.319284595018,134.373869450618,210.242587601078,22.9134113365095,18.4299731119018,25.4232283585259,NSW
10022,2014,December,12,75 to 84,8,27.730872383864,18725,909,1002,42.7236315086782,70.3310971651158,513.319284595018,91.6985813690059,24.5646357195631,22.9134113365095,27.1482761841538,NSW
10022,2015,January,1,75 to 84,37,27.000034329877,19374,909,1002,190.977598843811,42.7236315086782,70.3310971651158,437.743190661479,27.730872383864,24.5646357195631,31.5061393263013,NSW
10022,2015,February,2,75 to 84,15,26.946950000651,18629,909,1002,80.5196199473939,190.977598843811,42.7236315086782,241.016652059597,27.000034329877,27.730872383864,27.4785805730923,NSW
10022,2015,March,3,75 to 84,67,25.0943836211538,19022,909,1002,352.223740931553,80.5196199473939,190.977598843811,160.359204618345,26.946950000651,27.000034329877,24.9912496039256,NSW
10022,2015,November,11,75 to 84,64,27.4755764557916,19090,909,1002,335.254059717129,220.653133274493,130.500600302761,70.3310971651158,22.5336003442494,18.15746410959,24.5646357195631,NSW
10022,2015,December,12,75 to 84,25,29.6306231508169,18520,909,1002,134.989200863931,335.254059717129,220.653133274493,42.7236315086782,27.4755764557916,22.5336003442494,27.730872383864,NSW
10022,2016,January,1,75 to 84,7,27.856210812933,19392,909,1002,36.0973597359736,134.989200863931,335.254059717129,190.977598843811,29.6306231508169,27.4755764557916,27.000034329877,NSW
10022,2016,February,2,75 to 84,22,30.844334897398,19475,909,1002,112.965340179718,36.0973597359736,134.989200863931,80.5196199473939,27.856210812933,29.6306231508169,26.946950000651,NSW
10022,2016,March,3,75 to 84,28,24.8677670226295,19535,909,1002,143.332480163809,112.965340179718,36.0973597359736,352.223740931553,30.844334897398,27.856210812933,25.0943836211538,NSW
10022,2016,November,11,75 to 84,46,25.4542791059154,19477,909,1002,236.176002464445,133.3196595221,136.653507440024,335.254059717129,24.5482137500551,17.3104022881498,27.4755764557916,NSW
10022,2016,December,12,75 to 84,22,28.1132619005056,19065,909,1002,115.39470233412,236.176002464445,133.3196595221,134.989200863931,25.4542791059154,24.5482137500551,29.6306231508169,NSW
10022,2011,January,1,85+,59,30.027548458271,18287,909,1002,322.633564827473,169.807186678352,162.866449511401,67.1554088085511,28.0990882725902,25.5860699110711,25.9629469245251,NSW
10022,2011,February,2,85+,57,27.4757058217339,18253,909,1002,312.277433846491,322.633564827473,169.807186678352,405.213010623152,30.027548458271,28.0990882725902,26.3225996967686,NSW
10022,2011,March,3,85+,93,21.6615154713772,18592,909,1002,500.215146299484,312.277433846491,322.633564827473,626.637803349664,27.4757058217339,30.027548458271,25.5793213918492,NSW
10022,2011,November,11,85+,27,25.1874189533534,16995,909,1002,158.870255957635,171.535781291879,90.1205362171905,162.866449511401,22.3789786748068,17.776881989093,25.5860699110711,NSW
10022,2011,December,12,85+,24,28.0035984759014,18244,909,1002,131.550098662574,158.870255957635,171.535781291879,169.807186678352,25.1874189533534,22.3789786748068,28.0990882725902,NSW
10022,2012,January,1,85+,67,29.9598648209679,18939,909,1002,353.767358361054,131.550098662574,158.870255957635,322.633564827473,28.0035984759014,25.1874189533534,30.027548458271,NSW
10022,2012,February,2,85+,22,29.3828544503236,18301,909,1002,120.212010272663,353.767358361054,131.550098662574,312.277433846491,29.9598648209679,28.0035984759014,27.4757058217339,NSW
10022,2012,March,3,85+,29,26.5685418841276,18204,909,1002,159.305647110525,120.212010272663,353.767358361054,500.215146299484,29.3828544503236,29.9598648209679,21.6615154713772,NSW
10022,2012,November,11,85+,35,28.5896622823597,18867,909,1002,185.509089945407,142.325377709656,85.3014874446873,158.870255957635,23.5735595951646,17.8060951400226,25.1874189533534,NSW
10022,2012,December,12,85+,63,31.2007534024286,18652,909,1002,337.765387089856,185.509089945407,142.325377709656,131.550098662574,28.5896622823597,23.5735595951646,28.0035984759014,NSW
10022,2013,January,1,85+,12,28.946519884227,18631,909,1002,64.4087810638184,337.765387089856,185.509089945407,353.767358361054,31.2007534024286,28.5896622823597,29.9598648209679,NSW
10022,2013,February,2,85+,4,26.9107400737619,18352,909,1002,21.795989537925,64.4087810638184,337.765387089856,120.212010272663,28.946519884227,31.2007534024286,29.3828544503236,NSW
10022,2013,March,3,85+,13,25.9540673321108,18229,909,1002,71.3149377365736,21.795989537925,64.4087810638184,159.305647110525,26.9107400737619,28.946519884227,26.5685418841276,NSW
10022,2013,November,11,85+,50,24.724949505803,18615,909,1002,268.6005909213,235.787267487556,184.062364660026,185.509089945407,21.3300187166972,17.2294055411066,28.5896622823597,NSW
10022,2013,December,12,85+,7,28.4427102381402,18736,909,1002,37.3612297181896,268.6005909213,235.787267487556,337.765387089856,24.724949505803,21.3300187166972,31.2007534024286,NSW
10022,2014,January,1,85+,18,31.485639047655,19125,909,1002,94.1176470588235,37.3612297181896,268.6005909213,64.4087810638184,28.4427102381402,24.724949505803,28.946519884227,NSW
10022,2014,February,2,85+,119,28.0266166558059,18460,909,1002,644.637053087757,94.1176470588235,37.3612297181896,21.795989537925,31.485639047655,28.4427102381402,26.9107400737619,NSW
10022,2014,March,3,85+,50,26.8736529166215,19391,909,1002,257.851580630189,644.637053087757,94.1176470588235,71.3149377365736,28.0266166558059,31.485639047655,25.9540673321108,NSW
10022,2014,November,11,85+,25,25.3034379315604,19054,909,1002,131.206045974599,32.3624595469256,47.1871231583914,268.6005909213,22.7640843305883,16.5966157724185,24.724949505803,NSW
10022,2014,December,12,85+,39,32.1777287653584,18887,909,1002,206.49123735903,131.206045974599,32.3624595469256,37.3612297181896,25.3034379315604,22.7640843305883,28.4427102381402,NSW
10022,2015,January,1,85+,5,29.5016089556904,18875,909,1002,26.4900662251656,206.49123735903,131.206045974599,94.1176470588235,32.1777287653584,25.3034379315604,31.485639047655,NSW
10022,2015,February,2,85+,16,28.4615838733848,19202,909,1002,83.3246536819081,26.4900662251656,206.49123735903,644.637053087757,29.5016089556904,32.1777287653584,28.0266166558059,NSW
10022,2015,March,3,85+,19,24.9220050039921,19654,909,1002,96.6724330925003,83.3246536819081,26.4900662251656,257.851580630189,28.4615838733848,29.5016089556904,26.8736529166215,NSW
10022,2015,November,11,85+,111,22.4644966649636,19316,909,1002,574.653137295506,476.964769647697,400.49126929033,131.206045974599,24.7276286797148,15.8514649182438,25.3034379315604,NSW
10022,2015,December,12,85+,108,27.9359362545091,18938,909,1002,570.281972753195,574.653137295506,476.964769647697,206.49123735903,22.4644966649636,24.7276286797148,32.1777287653584,NSW
10022,2016,January,1,85+,22,28.0874570090423,19119,909,1002,115.068779747895,570.281972753195,574.653137295506,26.4900662251656,27.9359362545091,22.4644966649636,29.5016089556904,NSW
10022,2016,February,2,85+,56,29.4243572425814,19312,909,1002,289.975144987573,115.068779747895,570.281972753195,83.3246536819081,28.0874570090423,27.9359362545091,28.4615838733848,NSW
10022,2016,March,3,85+,89,25.6670546667351,19343,909,1002,460.114770201106,289.975144987573,115.068779747895,96.6724330925003,29.4243572425814,28.0874570090423,24.9220050039921,NSW
10022,2016,November,11,85+,41,25.7020694430609,19165,909,1002,213.931646230107,36.7242012486228,138.607527454953,574.653137295506,20.8376288763311,18.7967831250442,22.4644966649636,NSW
10022,2016,December,12,85+,160,28.9453137891337,19123,909,1002,836.688804057941,213.931646230107,36.7242012486228,570.281972753195,25.7020694430609,20.8376288763311,27.9359362545091,NSW
10023,2011,January,1,75 to 84,8,29.2632369224595,1599,961,935,500.312695434647,322.372662798195,316.656111462951,250.469630557295,28.2285793862532,28.4490816287938,30.6979355196596,NSW
10023,2011,February,2,75 to 84,2,29.1505897640592,1627,961,935,122.925629993854,500.312695434647,322.372662798195,256.081946222791,29.2632369224595,28.2285793862532,29.1087650963138,NSW
10023,2011,March,3,75 to 84,0,23.708294924585,1646,961,935,0,122.925629993854,500.312695434647,0,29.1505897640592,29.2632369224595,22.8027350763785,NSW
10023,2011,November,11,75 to 84,4,26.3232999020427,1600,961,935,250,185.873605947955,0,316.656111462951,19.527176640592,15.6412112156189,28.4490816287938,NSW
10023,2011,December,12,75 to 84,2,28.7429287943064,1652,961,935,121.065375302663,250,185.873605947955,322.372662798195,26.3232999020427,19.527176640592,28.2285793862532,NSW
10023,2012,January,1,75 to 84,2,31.8285049359893,1623,961,935,123.228589032656,121.065375302663,250,500.312695434647,28.7429287943064,26.3232999020427,29.2632369224595,NSW
10023,2012,February,2,75 to 84,1,28.3528305670325,1660,961,935,60.2409638554217,123.228589032656,121.065375302663,122.925629993854,31.8285049359893,28.7429287943064,29.1505897640592,NSW
10023,2012,March,3,75 to 84,1,24.5310816935221,1683,961,935,59.41770647653,60.2409638554217,123.228589032656,0,28.3528305670325,31.8285049359893,23.708294924585,NSW
10023,2012,November,11,75 to 84,0,24.9693035029766,1600,961,935,0,181.928441479685,0,250,23.4869092820211,17.0915817532053,26.3232999020427,NSW
10023,2012,December,12,75 to 84,0,28.5869407729275,1641,961,935,0,0,181.928441479685,121.065375302663,24.9693035029766,23.4869092820211,28.7429287943064,NSW
10023,2013,January,1,75 to 84,1,29.9447322281649,1615,961,935,61.9195046439629,0,0,123.228589032656,28.5869407729275,24.9693035029766,31.8285049359893,NSW
10023,2013,February,2,75 to 84,2,28.4991086541408,1626,961,935,123.0012300123,61.9195046439629,0,60.2409638554217,29.9447322281649,28.5869407729275,28.3528305670325,NSW
10023,2013,March,3,75 to 84,5,24.0183366480071,1667,961,935,299.940011997601,123.0012300123,61.9195046439629,59.41770647653,28.4991086541408,29.9447322281649,24.5310816935221,NSW
10023,2013,November,11,75 to 84,0,26.4136955442548,1618,961,935,0,237.812128418549,120.627261761158,0,24.8757211075452,18.8058172099133,24.9693035029766,NSW
10023,2013,December,12,75 to 84,0,28.7688672746259,1755,961,935,0,0,237.812128418549,0,26.4136955442548,24.8757211075452,28.5869407729275,NSW
10023,2014,January,1,75 to 84,0,29.5765609979923,1702,961,935,0,0,0,61.9195046439629,28.7688672746259,26.4136955442548,29.9447322281649,NSW
10023,2014,February,2,75 to 84,1,26.9253186551833,1681,961,935,59.4883997620464,0,0,123.0012300123,29.5765609979923,28.7688672746259,28.4991086541408,NSW
10023,2014,March,3,75 to 84,3,26.5761441656306,1660,961,935,180.722891566265,59.4883997620464,0,299.940011997601,26.9253186551833,29.5765609979923,24.0183366480071,NSW
10023,2014,November,11,75 to 84,0,28.3627184851941,1633,961,935,0,0,179.748352306771,0,24.9820381145846,14.9336467069667,26.4136955442548,NSW
10023,2014,December,12,75 to 84,0,30.5157208588099,1673,961,935,0,0,0,0,28.3627184851941,24.9820381145846,28.7688672746259,NSW
10023,2015,January,1,75 to 84,0,29.1924222436084,1666,961,935,0,0,0,0,30.5157208588099,28.3627184851941,29.5765609979923,NSW
10023,2015,February,2,75 to 84,2,27.9923095966499,1651,961,935,121.138703815869,0,0,59.4883997620464,29.1924222436084,30.5157208588099,26.9253186551833,NSW
10023,2015,March,3,75 to 84,5,23.8791219727753,1693,961,935,295.333727111636,121.138703815869,0,180.722891566265,27.9923095966499,29.1924222436084,26.5761441656306,NSW
10023,2015,November,11,75 to 84,0,24.1521560239322,1658,961,935,0,173.410404624277,60.0600600600601,0,22.3007164479657,16.9587280580239,28.3627184851941,NSW
10023,2015,December,12,75 to 84,0,28.3803365988799,1670,961,935,0,0,173.410404624277,0,24.1521560239322,22.3007164479657,30.5157208588099,NSW
10023,2016,January,1,75 to 84,0,29.2452843839644,1705,961,935,0,0,0,0,28.3803365988799,24.1521560239322,29.1924222436084,NSW
10023,2016,February,2,75 to 84,1,29.5333515040405,1675,961,935,59.7014925373134,0,0,121.138703815869,29.2452843839644,28.3803365988799,27.9923095966499,NSW
10023,2016,March,3,75 to 84,2,27.4068566170113,1763,961,935,113.442994895065,59.7014925373134,0,295.333727111636,29.5333515040405,29.2452843839644,23.8791219727753,NSW
10023,2016,November,11,75 to 84,4,23.8831176905488,1728,961,935,231.481481481482,57.8034682080925,114.744693057946,0,23.6493830671476,17.3685909648684,24.1521560239322,NSW
10023,2016,December,12,75 to 84,0,28.9892150817496,1659,961,935,0,231.481481481482,57.8034682080925,0,23.8831176905488,23.6493830671476,28.3803365988799,NSW
10023,2011,January,1,85+,7,31.0748765466342,1625,961,935,430.769230769231,61.3496932515337,252.047889098929,368.098159509202,30.2067686280915,25.8550769596743,31.9087178950618,NSW
10023,2011,February,2,85+,4,27.807188751669,1643,961,935,243.457090687766,430.769230769231,61.3496932515337,365.853658536585,31.0748765466342,30.2067686280915,25.4114928667622,NSW
10023,2011,March,3,85+,9,27.6531270799552,1618,961,935,556.242274412855,243.457090687766,430.769230769231,554.52865064695,27.807188751669,31.0748765466342,27.7798612893564,NSW
10023,2011,November,11,85+,2,24.299397939352,1630,961,935,122.699386503067,247.831474597274,797.546012269939,252.047889098929,20.521325959001,17.5594716508753,25.8550769596743,NSW
10023,2011,December,12,85+,1,24.533004223137,1708,961,935,58.5480093676815,122.699386503067,247.831474597274,61.3496932515337,24.299397939352,20.521325959001,30.2067686280915,NSW
10023,2012,January,1,85+,2,32.621772831976,1666,961,935,120.048019207683,58.5480093676815,122.699386503067,430.769230769231,24.533004223137,24.299397939352,31.0748765466342,NSW
10023,2012,February,2,85+,12,26.1647212420627,1660,961,935,722.89156626506,120.048019207683,58.5480093676815,243.457090687766,32.621772831976,24.533004223137,27.807188751669,NSW
10023,2012,March,3,85+,13,27.7041353961421,1652,961,935,786.924939467312,722.89156626506,120.048019207683,556.242274412855,26.1647212420627,32.621772831976,27.6531270799552,NSW
10023,2012,November,11,85+,0,25.7383821556148,1660,961,935,0,0,428.396572827417,122.699386503067,20.0084144742074,19.8924778328094,24.299397939352,NSW
10023,2012,December,12,85+,1,27.5095588163021,1679,961,935,59.5592614651578,0,0,58.5480093676815,25.7383821556148,20.0084144742074,24.533004223137,NSW
10023,2013,January,1,85+,0,29.2228751864036,1655,961,935,0,59.5592614651578,0,120.048019207683,27.5095588163021,25.7383821556148,32.621772831976,NSW
10023,2013,February,2,85+,1,28.6034411723039,1616,961,935,61.8811881188119,0,59.5592614651578,722.89156626506,29.2228751864036,27.5095588163021,26.1647212420627,NSW
10023,2013,March,3,85+,7,24.5314325964959,1685,961,935,415.430267062315,61.8811881188119,0,786.924939467312,28.6034411723039,29.2228751864036,27.7041353961421,NSW
10023,2013,November,11,85+,0,24.9215927607807,1645,961,935,0,59.8802395209581,0,0,22.377762365006,17.9501453359154,25.7383821556148,NSW
10023,2013,December,12,85+,2,27.130721085324,1656,961,935,120.772946859903,0,59.8802395209581,59.5592614651578,24.9215927607807,22.377762365006,27.5095588163021,NSW
10023,2014,January,1,85+,11,30.5741548246905,1680,961,935,654.761904761905,120.772946859903,0,0,27.130721085324,24.9215927607807,29.2228751864036,NSW
10023,2014,February,2,85+,4,29.0508457919801,1654,961,935,241.837968561064,654.761904761905,120.772946859903,61.8811881188119,30.5741548246905,27.130721085324,28.6034411723039,NSW
10023,2014,March,3,85+,4,27.5195478745445,1675,961,935,238.805970149254,241.837968561064,654.761904761905,415.430267062315,29.0508457919801,30.5741548246905,24.5314325964959,NSW
10023,2014,November,11,85+,6,27.8209311399111,1692,961,935,354.609929078014,179.856115107914,305.43677458766,0,20.8524188516096,18.4049922932987,24.9215927607807,NSW
10023,2014,December,12,85+,8,29.5614875937583,1671,961,935,478.755236385398,354.609929078014,179.856115107914,120.772946859903,27.8209311399111,20.8524188516096,27.130721085324,NSW
10023,2015,January,1,85+,5,28.6695723133848,1693,961,935,295.333727111636,478.755236385398,354.609929078014,654.761904761905,29.5614875937583,27.8209311399111,30.5741548246905,NSW
10023,2015,February,2,85+,5,27.5296425660187,1647,961,935,303.582270795386,295.333727111636,478.755236385398,241.837968561064,28.6695723133848,29.5614875937583,29.0508457919801,NSW
10023,2015,March,3,85+,1,26.1259882508097,1682,961,935,59.4530321046373,303.582270795386,295.333727111636,238.805970149254,27.5296425660187,28.6695723133848,27.5195478745445,NSW
10023,2015,November,11,85+,3,25.283742017304,1672,961,935,179.425837320574,113.895216400911,60.1684717208183,354.609929078014,22.3061896440764,18.0519210644062,27.8209311399111,NSW
10023,2015,December,12,85+,6,30.0454708472928,1697,961,935,353.565114908662,179.425837320574,113.895216400911,478.755236385398,25.283742017304,22.3061896440764,29.5614875937583,NSW
10023,2016,January,1,85+,5,30.3833498039757,1691,961,935,295.683027794205,353.565114908662,179.425837320574,295.333727111636,30.0454708472928,25.283742017304,28.6695723133848,NSW
10023,2016,February,2,85+,0,29.5910911511875,1696,961,935,0,295.683027794205,353.565114908662,303.582270795386,30.3833498039757,30.0454708472928,27.5296425660187,NSW
10023,2016,March,3,85+,0,25.851261723478,1678,961,935,0,0,295.683027794205,59.4530321046373,29.5910911511875,30.3833498039757,26.1259882508097,NSW
10023,2016,November,11,85+,2,25.2365989915543,1695,961,935,117.994100294985,59.8086124401914,60.3864734299517,179.425837320574,22.2407358726599,15.8643937748032,25.283742017304,NSW
10023,2016,December,12,85+,0,28.2768227571099,1720,961,935,0,117.994100294985,59.8086124401914,353.565114908662,25.2365989915543,22.2407358726599,30.0454708472928,NSW
10024,2011,January,1,75 to 84,6,29.3787596127595,3835,1082,915,156.45371577575,52.5210084033613,0,291.159343568025,30.0759791429569,26.0098846067125,29.4838996004557,NSW
10024,2011,February,2,75 to 84,16,27.3551865911651,3882,1082,915,412.158681092221,156.45371577575,52.5210084033613,213.789417423838,29.3787596127595,30.0759791429569,29.4046089206146,NSW
10024,2011,March,3,75 to 84,17,23.1100086695999,3827,1082,915,444.212176639666,412.158681092221,156.45371577575,25.3549695740365,27.3551865911651,29.3787596127595,26.9619012346061,NSW
10024,2011,November,11,75 to 84,7,25.4079861746295,3958,1082,915,176.856998484083,376.317109884596,183.006535947712,0,19.4198193677127,18.9372181239233,26.0098846067125,NSW
10024,2011,December,12,75 to 84,8,26.6826858539509,3936,1082,915,203.252032520325,176.856998484083,376.317109884596,52.5210084033613,25.4079861746295,19.4198193677127,30.0759791429569,NSW
10024,2012,January,1,75 to 84,8,31.2955064083265,4016,1082,915,199.203187250996,203.252032520325,176.856998484083,156.45371577575,26.6826858539509,25.4079861746295,29.3787596127595,NSW
10024,2012,February,2,75 to 84,4,25.4452066240786,4045,1082,915,98.8875154511743,199.203187250996,203.252032520325,412.158681092221,31.2955064083265,26.6826858539509,27.3551865911651,NSW
10024,2012,March,3,75 to 84,14,25.3434422856228,3890,1082,915,359.897172236504,98.8875154511743,199.203187250996,444.212176639666,25.4452066240786,31.2955064083265,23.1100086695999,NSW
10024,2012,November,11,75 to 84,18,27.5030872034006,3996,1082,915,450.450450450451,128.567755206994,332.310838445808,176.856998484083,20.241392334913,18.4379546327274,25.4079861746295,NSW
10024,2012,December,12,75 to 84,7,28.3791861477143,3705,1082,915,188.933873144399,450.450450450451,128.567755206994,203.252032520325,27.5030872034006,20.241392334913,26.6826858539509,NSW
10024,2013,January,1,75 to 84,3,31.0843218846481,4021,1082,915,74.6083063914449,188.933873144399,450.450450450451,199.203187250996,28.3791861477143,27.5030872034006,31.2955064083265,NSW
10024,2013,February,2,75 to 84,1,29.2766633140842,3876,1082,915,25.7997936016512,74.6083063914449,188.933873144399,98.8875154511743,31.0843218846481,28.3791861477143,25.4452066240786,NSW
10024,2013,March,3,75 to 84,2,27.3133113248547,3938,1082,915,50.7872016251905,25.7997936016512,74.6083063914449,359.897172236504,29.2766633140842,31.0843218846481,25.3434422856228,NSW
10024,2013,November,11,75 to 84,5,26.8971110965626,3899,1082,915,128.238009746089,182.386659718603,276.659959758551,450.450450450451,22.5939143992476,15.9081038016682,27.5030872034006,NSW
10024,2013,December,12,75 to 84,3,31.3198720298763,3809,1082,915,78.7608296140719,128.238009746089,182.386659718603,188.933873144399,26.8971110965626,22.5939143992476,28.3791861477143,NSW
10024,2014,January,1,75 to 84,10,29.0005210738232,4038,1082,915,247.647350173353,78.7608296140719,128.238009746089,74.6083063914449,31.3198720298763,26.8971110965626,31.0843218846481,NSW
10024,2014,February,2,75 to 84,3,28.6186603217369,4100,1082,915,73.1707317073171,247.647350173353,78.7608296140719,25.7997936016512,29.0005210738232,31.3198720298763,29.2766633140842,NSW
10024,2014,March,3,75 to 84,7,23.998488191512,3979,1082,915,175.923598894195,73.1707317073171,247.647350173353,50.7872016251905,28.6186603217369,29.0005210738232,27.3133113248547,NSW
10024,2014,November,11,75 to 84,2,26.4552431805875,3845,1082,915,52.0156046814044,0,76.9822940723634,128.238009746089,21.5517366111519,16.7152897764478,26.8971110965626,NSW
10024,2014,December,12,75 to 84,4,28.8916371329516,4050,1082,915,98.7654320987654,52.0156046814044,0,78.7608296140719,26.4552431805875,21.5517366111519,31.3198720298763,NSW
10024,2015,January,1,75 to 84,16,31.3428520628133,3931,1082,915,407.0211142203,98.7654320987654,52.0156046814044,247.647350173353,28.8916371329516,26.4552431805875,29.0005210738232,NSW
10024,2015,February,2,75 to 84,14,27.8072038288819,4015,1082,915,348.692403486924,407.0211142203,98.7654320987654,73.1707317073171,31.3428520628133,28.8916371329516,28.6186603217369,NSW
10024,2015,March,3,75 to 84,6,24.3951983348634,4131,1082,915,145.243282498184,348.692403486924,407.0211142203,175.923598894195,27.8072038288819,31.3428520628133,23.998488191512,NSW
10024,2015,November,11,75 to 84,12,25.6942678332711,4058,1082,915,295.712173484475,49.468216670789,125.659713495853,52.0156046814044,22.419686376982,19.8221811721472,26.4552431805875,NSW
10024,2015,December,12,75 to 84,2,30.4608634599605,3998,1082,915,50.0250125062531,295.712173484475,49.468216670789,98.7654320987654,25.6942678332711,22.419686376982,28.8916371329516,NSW
10024,2016,January,1,75 to 84,7,34.4467932556518,4186,1082,915,167.224080267559,50.0250125062531,295.712173484475,407.0211142203,30.4608634599605,25.6942678332711,31.3428520628133,NSW
10024,2016,February,2,75 to 84,8,29.1478872617416,4025,1082,915,198.757763975155,167.224080267559,50.0250125062531,348.692403486924,34.4467932556518,30.4608634599605,27.8072038288819,NSW
10024,2016,March,3,75 to 84,4,26.9147114091032,4012,1082,915,99.7008973080758,198.757763975155,167.224080267559,145.243282498184,29.1478872617416,34.4467932556518,24.3951983348634,NSW
10024,2016,November,11,75 to 84,8,25.4064747245289,4194,1082,915,190.748688602766,219.512195121951,149.253731343284,295.712173484475,22.9322912477462,14.2052989959601,25.6942678332711,NSW
10024,2016,December,12,75 to 84,15,29.326955527495,4108,1082,915,365.141187925998,190.748688602766,219.512195121951,50.0250125062531,25.4064747245289,22.9322912477462,30.4608634599605,NSW
10024,2011,January,1,85+,30,30.513093888361,3867,1082,915,775.795190069822,384.911470361817,382.068262862965,228.252599543495,27.9131890164026,25.8518781780236,30.8078454875035,NSW
10024,2011,February,2,85+,12,27.9437592874094,3893,1082,915,308.245568969946,775.795190069822,384.911470361817,359.989714579583,30.513093888361,27.9131890164026,29.111868670978,NSW
10024,2011,March,3,85+,2,27.1621556199231,3915,1082,915,51.0855683269477,308.245568969946,775.795190069822,594.468855001292,27.9437592874094,30.513093888361,25.6981512722312,NSW
10024,2011,November,11,85+,13,23.3861717880396,3814,1082,915,340.849501835343,340.314136125654,461.949914903963,382.068262862965,20.3298020869935,16.8166214984861,25.8518781780236,NSW
10024,2011,December,12,85+,17,29.3198722243899,3741,1082,915,454.42395081529,340.849501835343,340.314136125654,384.911470361817,23.3861717880396,20.3298020869935,27.9131890164026,NSW
10024,2012,January,1,85+,19,31.120607123874,3964,1082,915,479.313824419778,454.42395081529,340.849501835343,775.795190069822,29.3198722243899,23.3861717880396,30.513093888361,NSW
10024,2012,February,2,85+,14,29.162917492688,3960,1082,915,353.535353535354,479.313824419778,454.42395081529,308.245568969946,31.120607123874,29.3198722243899,27.9437592874094,NSW
10024,2012,March,3,85+,7,25.0852787964888,3922,1082,915,178.480367159612,353.535353535354,479.313824419778,51.0855683269477,29.162917492688,31.120607123874,27.1621556199231,NSW
10024,2012,November,11,85+,1,27.7590298994694,3929,1082,915,25.4517688979384,24.9875062468766,51.4933058702369,340.849501835343,20.9963227806982,18.9995922940638,23.3861717880396,NSW
10024,2012,December,12,85+,16,28.8036720835995,3936,1082,915,406.50406504065,25.4517688979384,24.9875062468766,454.42395081529,27.7590298994694,20.9963227806982,29.3198722243899,NSW
10024,2013,January,1,85+,19,30.4096867869276,3804,1082,915,499.474237644585,406.50406504065,25.4517688979384,479.313824419778,28.8036720835995,27.7590298994694,31.120607123874,NSW
10024,2013,February,2,85+,3,28.9734968707291,3984,1082,915,75.3012048192771,499.474237644585,406.50406504065,353.535353535354,30.4096867869276,28.8036720835995,29.162917492688,NSW
10024,2013,March,3,85+,16,25.778066075089,3946,1082,915,405.473897617841,75.3012048192771,499.474237644585,178.480367159612,28.9734968707291,30.4096867869276,25.0852787964888,NSW
10024,2013,November,11,85+,6,24.6727322434735,3941,1082,915,152.245622938341,172.754195459033,25.1256281407035,25.4517688979384,19.7470427876254,17.2086810537393,27.7590298994694,NSW
10024,2013,December,12,85+,28,30.1614748228915,3958,1082,915,707.427993936332,152.245622938341,172.754195459033,406.50406504065,24.6727322434735,19.7470427876254,28.8036720835995,NSW
10024,2014,January,1,85+,3,28.4252787543197,4085,1082,915,73.4394124847001,707.427993936332,152.245622938341,499.474237644585,30.1614748228915,24.6727322434735,30.4096867869276,NSW
10024,2014,February,2,85+,10,30.1324853898632,4033,1082,915,247.954376394743,73.4394124847001,707.427993936332,75.3012048192771,28.4252787543197,30.1614748228915,28.9734968707291,NSW
10024,2014,March,3,85+,4,24.6934419263079,4011,1082,915,99.725754176016,247.954376394743,73.4394124847001,405.473897617841,30.1324853898632,28.4252787543197,25.778066075089,NSW
10024,2014,November,11,85+,3,25.7509318729113,4007,1082,915,74.8689792862491,99.304865938431,50.6842372022301,152.245622938341,20.008148004633,17.1421883720336,24.6727322434735,NSW
10024,2014,December,12,85+,13,26.6570510056809,4145,1082,915,313.630880579011,74.8689792862491,99.304865938431,707.427993936332,25.7509318729113,20.008148004633,30.1614748228915,NSW
10024,2015,January,1,85+,11,29.8188093619092,4242,1082,915,259.311645450259,313.630880579011,74.8689792862491,73.4394124847001,26.6570510056809,25.7509318729113,28.4252787543197,NSW
10024,2015,February,2,85+,17,31.1022976625844,3911,1082,915,434.671439529532,259.311645450259,313.630880579011,247.954376394743,29.8188093619092,26.6570510056809,30.1324853898632,NSW
10024,2015,March,3,85+,6,28.2803388317971,4070,1082,915,147.420147420147,434.671439529532,259.311645450259,99.725754176016,31.1022976625844,29.8188093619092,24.6934419263079,NSW
10024,2015,November,11,85+,9,25.6272719919858,4010,1082,915,224.438902743142,241.370987207338,247.218788627936,74.8689792862491,22.8135104013138,16.9303389956549,25.7509318729113,NSW
10024,2015,December,12,85+,24,28.4002902032776,3891,1082,915,616.808018504241,224.438902743142,241.370987207338,313.630880579011,25.6272719919858,22.8135104013138,26.6570510056809,NSW
10024,2016,January,1,85+,14,26.9224099943493,4168,1082,915,335.892514395393,616.808018504241,224.438902743142,259.311645450259,28.4002902032776,25.6272719919858,29.8188093619092,NSW
10024,2016,February,2,85+,14,28.8525319994259,4066,1082,915,344.318740777177,335.892514395393,616.808018504241,434.671439529532,26.9224099943493,28.4002902032776,31.1022976625844,NSW
10024,2016,March,3,85+,11,25.2964110402305,4004,1082,915,274.725274725275,344.318740777177,335.892514395393,147.420147420147,28.8525319994259,26.9224099943493,28.2803388317971,NSW
10024,2016,November,11,85+,7,27.9226757424651,4091,1082,915,171.107308726473,23.89486260454,0,224.438902743142,21.5686797024598,19.2793423421331,25.6272719919858,NSW
10024,2016,December,12,85+,9,27.3774672263271,4188,1082,915,214.899713467049,171.107308726473,23.89486260454,616.808018504241,27.9226757424651,21.5686797024598,28.4002902032776,NSW
10025,2011,January,1,75 to 84,25,31.1081695047454,18950,1109,1040,131.926121372032,181.788134192695,62.5553875827556,43.2970720355036,31.732348258245,27.5890640231876,29.4740516723258,NSW
10025,2011,February,2,75 to 84,9,29.6066633897996,18430,1109,1040,48.8334237655996,131.926121372032,181.788134192695,65.6922318935786,31.1081695047454,31.732348258245,27.2774548709571,NSW
10025,2011,March,3,75 to 84,33,26.6427309380144,18661,1109,1040,176.839397674294,48.8334237655996,131.926121372032,118.861094602626,29.6066633897996,31.1081695047454,23.8526094721337,NSW
10025,2011,November,11,75 to 84,2,25.7579207097797,18368,1109,1040,10.8885017421603,47.4908975779642,15.5803687353934,62.5553875827556,21.4016724824937,18.3795378669866,27.5890640231876,NSW
10025,2011,December,12,75 to 84,17,28.6168195181255,18947,1109,1040,89.7239668549111,10.8885017421603,47.4908975779642,181.788134192695,25.7579207097797,21.4016724824937,31.732348258245,NSW
10025,2012,January,1,75 to 84,10,29.2641123189121,18862,1109,1040,53.0166472272294,89.7239668549111,10.8885017421603,131.926121372032,28.6168195181255,25.7579207097797,31.1081695047454,NSW
10025,2012,February,2,75 to 84,4,31.5827394323857,19013,1109,1040,21.0382369957398,53.0166472272294,89.7239668549111,48.8334237655996,29.2641123189121,28.6168195181255,29.6066633897996,NSW
10025,2012,March,3,75 to 84,7,24.1534345549509,19101,1109,1040,36.6472959530915,21.0382369957398,53.0166472272294,176.839397674294,31.5827394323857,29.2641123189121,26.6427309380144,NSW
10025,2012,November,11,75 to 84,11,25.3823380870597,18705,1109,1040,58.8078053996258,307.252211686179,315.457413249211,10.8885017421603,22.615858270772,16.9406528297075,25.7579207097797,NSW
10025,2012,December,12,75 to 84,52,29.238903581562,18758,1109,1040,277.215054909905,58.8078053996258,307.252211686179,89.7239668549111,25.3823380870597,22.615858270772,28.6168195181255,NSW
10025,2013,January,1,75 to 84,9,30.7164909165137,18748,1109,1040,48.0051205461916,277.215054909905,58.8078053996258,53.0166472272294,29.238903581562,25.3823380870597,29.2641123189121,NSW
10025,2013,February,2,75 to 84,16,29.262093579089,19119,1109,1040,83.6863852711962,48.0051205461916,277.215054909905,21.0382369957398,30.7164909165137,29.238903581562,31.5827394323857,NSW
10025,2013,March,3,75 to 84,28,25.3874817119546,19188,1109,1040,145.924536168439,83.6863852711962,48.0051205461916,36.6472959530915,29.262093579089,30.7164909165137,24.1534345549509,NSW
10025,2013,November,11,75 to 84,8,25.2603777786199,19198,1109,1040,41.6710073966038,31.4366551398931,46.6514617458014,58.8078053996258,23.1810042590654,17.7822755749836,25.3823380870597,NSW
10025,2013,December,12,75 to 84,11,30.0693001012768,19089,1109,1040,57.6248101000576,41.6710073966038,31.4366551398931,277.215054909905,25.2603777786199,23.1810042590654,29.238903581562,NSW
10025,2014,January,1,75 to 84,11,31.2431607915617,19768,1109,1040,55.6454876568191,57.6248101000576,41.6710073966038,48.0051205461916,30.0693001012768,25.2603777786199,30.7164909165137,NSW
10025,2014,February,2,75 to 84,53,30.1628119345344,19032,1109,1040,278.478352248844,55.6454876568191,57.6248101000576,83.6863852711962,31.2431607915617,30.0693001012768,29.262093579089,NSW
10025,2014,March,3,75 to 84,37,26.7360193753713,20011,1109,1040,184.898305931738,278.478352248844,55.6454876568191,145.924536168439,30.1628119345344,31.2431607915617,25.3874817119546,NSW
10025,2014,November,11,75 to 84,20,25.2842780382388,19718,1109,1040,101.430165331169,500.6129955047,161.31550189936,41.6710073966038,23.504814855193,19.9544018541495,25.2603777786199,NSW
10025,2014,December,12,75 to 84,1,31.1577227056932,18615,1109,1040,5.372011818426,101.430165331169,500.6129955047,57.6248101000576,25.2842780382388,23.504814855193,30.0693001012768,NSW
10025,2015,January,1,75 to 84,2,29.0101770036393,19556,1109,1040,10.2270402945388,5.372011818426,101.430165331169,55.6454876568191,31.1577227056932,25.2842780382388,31.2431607915617,NSW
10025,2015,February,2,75 to 84,1,30.8280350596155,19228,1109,1040,5.20074890784273,10.2270402945388,5.372011818426,278.478352248844,29.0101770036393,31.1577227056932,30.1628119345344,NSW
10025,2015,March,3,75 to 84,24,24.7222944319748,19553,1109,1040,122.743313046591,5.20074890784273,10.2270402945388,184.898305931738,30.8280350596155,29.0101770036393,26.7360193753713,NSW
10025,2015,November,11,75 to 84,16,25.5326133929693,19283,1109,1040,82.9746408753825,241.013281370186,84.3437005798629,101.430165331169,21.1614652278532,18.7856550109402,25.2842780382388,NSW
10025,2015,December,12,75 to 84,16,28.1736989551484,19525,1109,1040,81.9462227912932,82.9746408753825,241.013281370186,5.372011818426,25.5326133929693,21.1614652278532,31.1577227056932,NSW
10025,2016,January,1,75 to 84,44,29.6127065487698,19845,1109,1040,221.718316956412,81.9462227912932,82.9746408753825,10.2270402945388,28.1736989551484,25.5326133929693,29.0101770036393,NSW
10025,2016,February,2,75 to 84,14,29.1482363984462,19454,1109,1040,71.9646345224633,221.718316956412,81.9462227912932,5.20074890784273,29.6127065487698,28.1736989551484,30.8280350596155,NSW
10025,2016,March,3,75 to 84,15,28.8205876374425,19390,1109,1040,77.3594636410521,71.9646345224633,221.718316956412,122.743313046591,29.1482363984462,29.6127065487698,24.7222944319748,NSW
10025,2016,November,11,75 to 84,20,27.1317328644497,19669,1109,1040,101.682851187147,57.4532539433824,41.8103898818857,82.9746408753825,21.9374310784001,19.9311036680375,25.5326133929693,NSW
10025,2016,December,12,75 to 84,22,28.5108795894061,20276,1109,1040,108.502663247189,101.682851187147,57.4532539433824,81.9462227912932,27.1317328644497,21.9374310784001,28.1736989551484,NSW
10025,2011,January,1,85+,110,28.8993026498299,17924,1109,1040,613.702298594064,86.5519852861625,204.191295002687,326.325362435136,28.8794676310792,26.279202014669,29.4169213296966,NSW
10025,2011,February,2,85+,129,30.5735766954991,18396,1109,1040,701.239399869537,613.702298594064,86.5519852861625,390.896921017403,28.8993026498299,28.8794676310792,26.7763628071276,NSW
10025,2011,March,3,85+,33,27.3068174559656,18533,1109,1040,178.060756488426,701.239399869537,613.702298594064,535.505104033023,30.5735766954991,28.8993026498299,26.7878139923682,NSW
10025,2011,November,11,85+,13,27.3509602587288,18596,1109,1040,69.9075069907507,71.6016743776162,120.113561913081,204.191295002687,20.2692913900689,17.28862553294,26.279202014669,NSW
10025,2011,December,12,85+,35,26.3939004541478,18457,1109,1040,189.629950696213,69.9075069907507,71.6016743776162,86.5519852861625,27.3509602587288,20.2692913900689,28.8794676310792,NSW
10025,2012,January,1,85+,93,27.9763244088217,18724,1109,1040,496.688741721854,189.629950696213,69.9075069907507,613.702298594064,26.3939004541478,27.3509602587288,28.8993026498299,NSW
10025,2012,February,2,85+,42,28.6611902354058,18774,1109,1040,223.713646532438,496.688741721854,189.629950696213,701.239399869537,27.9763244088217,26.3939004541478,30.5735766954991,NSW
10025,2012,March,3,85+,74,26.1174468738873,18709,1109,1040,395.531562349671,223.713646532438,496.688741721854,178.060756488426,28.6611902354058,27.9763244088217,27.3068174559656,NSW
10025,2012,November,11,85+,8,23.6510432776884,18968,1109,1040,42.1762969211303,55.8999898363655,194.321494116377,69.9075069907507,20.5090552210933,17.1050799855527,27.3509602587288,NSW
10025,2012,December,12,85+,55,31.2332585153868,18359,1109,1040,299.580587177951,42.1762969211303,55.8999898363655,189.629950696213,23.6510432776884,20.5090552210933,26.3939004541478,NSW
10025,2013,January,1,85+,44,29.1374656947779,18347,1109,1040,239.82122417834,299.580587177951,42.1762969211303,496.688741721854,31.2332585153868,23.6510432776884,27.9763244088217,NSW
10025,2013,February,2,85+,35,29.3412959994,19260,1109,1040,181.723779854621,239.82122417834,299.580587177951,223.713646532438,29.1374656947779,31.2332585153868,28.6611902354058,NSW
10025,2013,March,3,85+,72,26.9830140769767,19184,1109,1040,375.312760633862,181.723779854621,239.82122417834,395.531562349671,29.3412959994,29.1374656947779,26.1174468738873,NSW
10025,2013,November,11,85+,49,22.6095430855408,19104,1109,1040,256.490787269682,365.272631021705,484.583843655147,42.1762969211303,20.7388174930725,17.1668545191832,23.6510432776884,NSW
10025,2013,December,12,85+,29,29.1335559007861,19298,1109,1040,150.274639859053,256.490787269682,365.272631021705,299.580587177951,22.6095430855408,20.7388174930725,31.2332585153868,NSW
10025,2014,January,1,85+,24,32.3202906944539,19392,1109,1040,123.762376237624,150.274639859053,256.490787269682,239.82122417834,29.1335559007861,22.6095430855408,29.1374656947779,NSW
10025,2014,February,2,85+,39,30.1513681246291,18868,1109,1040,206.699173203307,123.762376237624,150.274639859053,181.723779854621,32.3202906944539,29.1335559007861,29.3412959994,NSW
10025,2014,March,3,85+,30,25.4322292589652,19521,1109,1040,153.680651605963,206.699173203307,123.762376237624,375.312760633862,30.1513681246291,32.3202906944539,26.9830140769767,NSW
10025,2014,November,11,85+,26,23.6439268412453,18648,1109,1040,139.425139425139,84.0468561222882,264.578833693305,256.490787269682,21.0513235211885,16.1657435308783,22.6095430855408,NSW
10025,2014,December,12,85+,54,30.2287726946472,18900,1109,1040,285.714285714286,139.425139425139,84.0468561222882,150.274639859053,23.6439268412453,21.0513235211885,29.1335559007861,NSW
10025,2015,January,1,85+,33,28.9589921047954,19974,1109,1040,165.214779212977,285.714285714286,139.425139425139,123.762376237624,30.2287726946472,23.6439268412453,32.3202906944539,NSW
10025,2015,February,2,85+,79,28.7201804841843,19803,1109,1040,398.929455133061,165.214779212977,285.714285714286,206.699173203307,28.9589921047954,30.2287726946472,30.1513681246291,NSW
10025,2015,March,3,85+,48,24.7992603730437,20016,1109,1040,239.808153477218,398.929455133061,165.214779212977,153.680651605963,28.7201804841843,28.9589921047954,25.4322292589652,NSW
10025,2015,November,11,85+,100,27.1109590586195,19158,1109,1040,521.975153982671,211.438296116755,209.403200877499,139.425139425139,23.2957187510291,17.7275792694618,23.6439268412453,NSW
10025,2015,December,12,85+,170,28.0923991613048,19313,1109,1040,880.236110391964,521.975153982671,211.438296116755,285.714285714286,27.1109590586195,23.2957187510291,30.2287726946472,NSW
10025,2016,January,1,85+,16,29.0851541130737,19194,1109,1040,83.3593831405648,880.236110391964,521.975153982671,165.214779212977,28.0923991613048,27.1109590586195,28.9589921047954,NSW
10025,2016,February,2,85+,32,27.6927808517813,19323,1109,1040,165.605754799979,83.3593831405648,880.236110391964,398.929455133061,29.0851541130737,28.0923991613048,28.7201804841843,NSW
10025,2016,March,3,85+,20,26.4553068619009,18978,1109,1040,105.385182843292,165.605754799979,83.3593831405648,239.808153477218,27.6927808517813,29.0851541130737,24.7992603730437,NSW
10025,2016,November,11,85+,29,29.0551027216043,19367,1109,1040,149.739247173026,88.8318610274885,125.881168177241,521.975153982671,23.2829004377627,18.9962156153727,27.1109590586195,NSW
10025,2016,December,12,85+,45,29.8494949819794,19963,1109,1040,225.417021489756,149.739247173026,88.8318610274885,880.236110391964,29.0551027216043,23.2829004377627,28.0923991613048,NSW
10026,2011,January,1,75 to 84,17,32.150360496706,15872,1008,1128,107.10685483871,367.220718979513,439.394890465131,101.285054124201,30.3125208145171,25.5324211485753,29.1085741486792,NSW
10026,2011,February,2,75 to 84,41,30.3404842005289,16117,1008,1128,254.38977477198,107.10685483871,367.220718979513,287.907869481766,32.150360496706,30.3125208145171,29.3445342464882,NSW
10026,2011,March,3,75 to 84,29,27.3088623330039,15836,1008,1128,183.127052285931,254.38977477198,107.10685483871,149.653925297749,30.3404842005289,32.150360496706,25.4946517438389,NSW
10026,2011,November,11,75 to 84,9,27.248118280404,15781,1008,1128,57.0306064254483,70.4450848543068,0,439.394890465131,19.9678183062013,18.7895623242435,25.5324211485753,NSW
10026,2011,December,12,75 to 84,2,27.3239402102566,16064,1008,1128,12.4501992031873,57.0306064254483,70.4450848543068,367.220718979513,27.248118280404,19.9678183062013,30.3125208145171,NSW
10026,2012,January,1,75 to 84,5,31.0035824285205,16323,1008,1128,30.6316240887092,12.4501992031873,57.0306064254483,107.10685483871,27.3239402102566,27.248118280404,32.150360496706,NSW
10026,2012,February,2,75 to 84,6,31.4588295659997,16550,1008,1128,36.2537764350453,30.6316240887092,12.4501992031873,254.38977477198,31.0035824285205,27.3239402102566,30.3404842005289,NSW
10026,2012,March,3,75 to 84,8,25.6531831156412,16683,1008,1128,47.953006054067,36.2537764350453,30.6316240887092,183.127052285931,31.4588295659997,31.0035824285205,27.3088623330039,NSW
10026,2012,November,11,75 to 84,20,24.7115924589653,15673,1008,1128,127.607988260065,182.516206180376,62.6409421197695,57.0306064254483,21.5151741783314,18.6735242997399,27.248118280404,NSW
10026,2012,December,12,75 to 84,9,25.5463802205981,15760,1008,1128,57.1065989847716,127.607988260065,182.516206180376,12.4501992031873,24.7115924589653,21.5151741783314,27.3239402102566,NSW
10026,2013,January,1,75 to 84,28,28.9186883501638,16004,1008,1128,174.956260934766,57.1065989847716,127.607988260065,30.6316240887092,25.5463802205981,24.7115924589653,31.0035824285205,NSW
10026,2013,February,2,75 to 84,17,26.3023725493236,16577,1008,1128,102.551728298245,174.956260934766,57.1065989847716,36.2537764350453,28.9186883501638,25.5463802205981,31.4588295659997,NSW
10026,2013,March,3,75 to 84,10,27.0596042836022,16187,1008,1128,61.7779699759066,102.551728298245,174.956260934766,47.953006054067,26.3023725493236,28.9186883501638,25.6531831156412,NSW
10026,2013,November,11,75 to 84,18,28.2382793329325,16018,1008,1128,112.373579722812,24.6669955599408,24.7127146917089,127.607988260065,21.9475783031605,17.8565691746062,24.7115924589653,NSW
10026,2013,December,12,75 to 84,7,28.3093946276693,15936,1008,1128,43.925702811245,112.373579722812,24.6669955599408,57.1065989847716,28.2382793329325,21.9475783031605,25.5463802205981,NSW
10026,2014,January,1,75 to 84,15,28.9364667675405,16291,1008,1128,92.0753790436437,43.925702811245,112.373579722812,174.956260934766,28.3093946276693,28.2382793329325,28.9186883501638,NSW
10026,2014,February,2,75 to 84,21,26.3414791302191,16603,1008,1128,126.483165692947,92.0753790436437,43.925702811245,102.551728298245,28.9364667675405,28.3093946276693,26.3023725493236,NSW
10026,2014,March,3,75 to 84,22,28.7568866777183,16680,1008,1128,131.89448441247,126.483165692947,92.0753790436437,61.7779699759066,26.3414791302191,28.9364667675405,27.0596042836022,NSW
10026,2014,November,11,75 to 84,19,26.8989282250407,16415,1008,1128,115.747791653975,105.308802576968,36.094567767551,112.373579722812,20.4145613830671,15.2039168413018,28.2382793329325,NSW
10026,2014,December,12,75 to 84,37,29.1274127339315,16205,1008,1128,228.324591175563,115.747791653975,105.308802576968,43.925702811245,26.8989282250407,20.4145613830671,28.3093946276693,NSW
10026,2015,January,1,75 to 84,0,29.5512065060962,16081,1008,1128,0,228.324591175563,115.747791653975,92.0753790436437,29.1274127339315,26.8989282250407,28.9364667675405,NSW
10026,2015,February,2,75 to 84,23,29.2777394310716,16697,1008,1128,137.749296280769,0,228.324591175563,126.483165692947,29.5512065060962,29.1274127339315,26.3414791302191,NSW
10026,2015,March,3,75 to 84,13,25.3448901470387,16668,1008,1128,77.9937604991601,137.749296280769,0,131.89448441247,29.2777394310716,29.5512065060962,28.7568866777183,NSW
10026,2015,November,11,75 to 84,16,26.5847431203503,16677,1008,1128,95.9405168795347,212.327483919316,86.196281246152,115.747791653975,21.1478315221158,17.1740559646414,26.8989282250407,NSW
10026,2015,December,12,75 to 84,7,29.7555478082417,16652,1008,1128,42.036992553447,95.9405168795347,212.327483919316,228.324591175563,26.5847431203503,21.1478315221158,29.1274127339315,NSW
10026,2016,January,1,75 to 84,6,30.3768668549629,16877,1008,1128,35.5513420631629,42.036992553447,95.9405168795347,0,29.7555478082417,26.5847431203503,29.5512065060962,NSW
10026,2016,February,2,75 to 84,15,28.909936900403,16866,1008,1128,88.9363215937389,35.5513420631629,42.036992553447,137.749296280769,30.3768668549629,29.7555478082417,29.2777394310716,NSW
10026,2016,March,3,75 to 84,3,26.8460850258134,16495,1008,1128,18.187329493786,88.9363215937389,35.5513420631629,77.9937604991601,28.909936900403,30.3768668549629,25.3448901470387,NSW
10026,2016,November,11,75 to 84,17,27.0011656421288,17205,1008,1128,98.8084859052601,127.962951678752,113.960113960114,95.9405168795347,21.0415137419194,17.6803907287771,26.5847431203503,NSW
10026,2016,December,12,75 to 84,39,29.6068858880455,16793,1008,1128,232.239623652712,98.8084859052601,127.962951678752,42.036992553447,27.0011656421288,21.0415137419194,29.7555478082417,NSW
10026,2011,January,1,85+,137,30.5655996855297,16153,1008,1128,848.139664458615,466.066526208262,220.694873573365,352.798053527981,29.4678425863145,26.6771703864514,27.5907633813855,NSW
10026,2011,February,2,85+,113,29.8120131492206,15713,1008,1128,719.149748615796,848.139664458615,466.066526208262,580.309498399146,30.5655996855297,29.4678425863145,28.8589126043405,NSW
10026,2011,March,3,85+,20,23.6512489848939,15400,1008,1128,129.87012987013,719.149748615796,848.139664458615,641.104672666749,29.8120131492206,30.5655996855297,27.6718532581439,NSW
10026,2011,November,11,85+,40,28.8421121028874,15974,1008,1128,250.40691123075,125.928724342022,189.047829100763,220.694873573365,21.2464419486437,18.4147347703319,26.6771703864514,NSW
10026,2011,December,12,85+,32,29.8975212117811,15659,1008,1128,204.355322817549,250.40691123075,125.928724342022,466.066526208262,28.8421121028874,21.2464419486437,29.4678425863145,NSW
10026,2012,January,1,85+,6,30.0137034084427,15881,1008,1128,37.7809961589321,204.355322817549,250.40691123075,848.139664458615,29.8975212117811,28.8421121028874,30.5655996855297,NSW
10026,2012,February,2,85+,0,29.3843847953247,16101,1008,1128,0,37.7809961589321,204.355322817549,719.149748615796,30.0137034084427,29.8975212117811,29.8120131492206,NSW
10026,2012,March,3,85+,1,26.3843358850693,15949,1008,1128,6.26998557903317,0,37.7809961589321,129.87012987013,29.3843847953247,30.0137034084427,23.6512489848939,NSW
10026,2012,November,11,85+,16,30.3697379291239,15785,1008,1128,101.362052581565,69.5630177701891,228.1837804502,250.40691123075,19.4615634345218,18.8412315085525,28.8421121028874,NSW
10026,2012,December,12,85+,13,27.8932337334812,16185,1008,1128,80.3212851405623,101.362052581565,69.5630177701891,204.355322817549,30.3697379291239,19.4615634345218,29.8975212117811,NSW
10026,2013,January,1,85+,34,28.8568915779735,16169,1008,1128,210.278928814398,80.3212851405623,101.362052581565,37.7809961589321,27.8932337334812,30.3697379291239,30.0137034084427,NSW
10026,2013,February,2,85+,4,28.8538444062217,16139,1008,1128,24.7846830658653,210.278928814398,80.3212851405623,0,28.8568915779735,27.8932337334812,29.3843847953247,NSW
10026,2013,March,3,85+,9,26.578618105352,16504,1008,1128,54.5322346097916,24.7846830658653,210.278928814398,6.26998557903317,28.8538444062217,28.8568915779735,26.3843358850693,NSW
10026,2013,November,11,85+,17,23.9781226155029,16313,1008,1128,104.211365168884,50.1504513540622,80.4156872448349,101.362052581565,21.8177719427035,17.4694172755807,30.3697379291239,NSW
10026,2013,December,12,85+,43,33.8031704814541,15947,1008,1128,269.643193077068,104.211365168884,50.1504513540622,80.3212851405623,23.9781226155029,21.8177719427035,27.8932337334812,NSW
10026,2014,January,1,85+,58,28.7196767334004,16575,1008,1128,349.924585218703,269.643193077068,104.211365168884,210.278928814398,33.8031704814541,23.9781226155029,28.8568915779735,NSW
10026,2014,February,2,85+,11,28.3519835347032,15938,1008,1128,69.0174425900364,349.924585218703,269.643193077068,24.7846830658653,28.7196767334004,33.8031704814541,28.8538444062217,NSW
10026,2014,March,3,85+,24,25.7697503142124,16562,1008,1128,144.910035019925,69.0174425900364,349.924585218703,54.5322346097916,28.3519835347032,28.7196767334004,26.578618105352,NSW
10026,2014,November,11,85+,23,27.1686729977919,16507,1008,1128,139.334827648876,218.871595330739,37.3645534935858,104.211365168884,21.8725899134926,17.5775587699362,23.9781226155029,NSW
10026,2014,December,12,85+,42,30.5436306251747,16758,1008,1128,250.62656641604,139.334827648876,218.871595330739,269.643193077068,27.1686729977919,21.8725899134926,33.8031704814541,NSW
10026,2015,January,1,85+,26,30.2251097164869,16372,1008,1128,158.807720498412,250.62656641604,139.334827648876,349.924585218703,30.5436306251747,27.1686729977919,28.7196767334004,NSW
10026,2015,February,2,85+,12,30.598710826665,16917,1008,1128,70.9345628657563,158.807720498412,250.62656641604,69.0174425900364,30.2251097164869,30.5436306251747,28.3519835347032,NSW
10026,2015,March,3,85+,67,28.7902653449636,16421,1008,1128,408.014128250411,70.9345628657563,158.807720498412,144.910035019925,30.598710826665,30.2251097164869,25.7697503142124,NSW
10026,2015,November,11,85+,44,25.7964052283147,17251,1008,1128,255.057677815779,405.937594668282,97.3650581147691,139.334827648876,21.4868832276204,19.2781879528436,27.1686729977919,NSW
10026,2015,December,12,85+,36,27.564411867325,16556,1008,1128,217.443827011355,255.057677815779,405.937594668282,250.62656641604,25.7964052283147,21.4868832276204,30.5436306251747,NSW
10026,2016,January,1,85+,93,32.69914441998,17245,1008,1128,539.286749782546,217.443827011355,255.057677815779,158.807720498412,27.564411867325,25.7964052283147,30.2251097164869,NSW
10026,2016,February,2,85+,49,30.0426826406176,16818,1008,1128,291.354501129742,539.286749782546,217.443827011355,70.9345628657563,32.69914441998,27.564411867325,30.598710826665,NSW
10026,2016,March,3,85+,16,28.1390762473459,16792,1008,1128,95.2834683182468,291.354501129742,539.286749782546,408.014128250411,30.0426826406176,32.69914441998,28.7902653449636,NSW
10026,2016,November,11,85+,11,25.1184246236121,17098,1008,1128,64.3350099426834,431.379799100265,146.815929528354,255.057677815779,20.6143059624989,16.0314691854268,25.7964052283147,NSW
10026,2016,December,12,85+,36,28.4398403293778,16800,1008,1128,214.285714285714,64.3350099426834,431.379799100265,217.443827011355,25.1184246236121,20.6143059624989,27.564411867325,NSW
10027,2011,January,1,75 to 84,15,31.1368139897133,10870,959,1126,137.994480220791,112.845589618206,127.249590983458,72.6810211683474,27.8584768667924,26.0807461709675,29.6767203343654,NSW
10027,2011,February,2,75 to 84,23,31.3070017607135,11250,959,1126,204.444444444444,137.994480220791,112.845589618206,48.7471970361704,31.1368139897133,27.8584768667924,29.2093985894805,NSW
10027,2011,March,3,75 to 84,23,28.0327726246227,10813,959,1126,212.706926847313,204.444444444444,137.994480220791,46.4123271140815,31.3070017607135,31.1368139897133,26.9042010062394,NSW
10027,2011,November,11,75 to 84,26,26.4331950590075,11264,959,1126,230.823863636364,415.934929291062,36.4066624192227,127.249590983458,20.8684497147113,18.5794958793918,26.0807461709675,NSW
10027,2011,December,12,75 to 84,14,28.4352630415157,10532,959,1126,132.928218761869,230.823863636364,415.934929291062,112.845589618206,26.4331950590075,20.8684497147113,27.8584768667924,NSW
10027,2012,January,1,75 to 84,14,29.7610695371245,10952,959,1126,127.830533235939,132.928218761869,230.823863636364,137.994480220791,28.4352630415157,26.4331950590075,31.1368139897133,NSW
10027,2012,February,2,75 to 84,6,30.0256419092851,11129,959,1126,53.9131997484051,127.830533235939,132.928218761869,204.444444444444,29.7610695371245,28.4352630415157,31.3070017607135,NSW
10027,2012,March,3,75 to 84,10,27.7976598170093,11076,959,1126,90.2853015529072,53.9131997484051,127.830533235939,212.706926847313,30.0256419092851,29.7610695371245,28.0327726246227,NSW
10027,2012,November,11,75 to 84,37,25.4434581878016,10518,959,1126,351.77790454459,73.5970561177553,45.3926463912846,230.823863636364,25.7951059498924,18.9323534832418,26.4331950590075,NSW
10027,2012,December,12,75 to 84,41,26.0039094052904,11145,959,1126,367.877972184836,351.77790454459,73.5970561177553,132.928218761869,25.4434581878016,25.7951059498924,28.4352630415157,NSW
10027,2013,January,1,75 to 84,14,32.0624697543576,11439,959,1126,122.3883206574,367.877972184836,351.77790454459,127.830533235939,26.0039094052904,25.4434581878016,29.7610695371245,NSW
10027,2013,February,2,75 to 84,21,28.1476442116722,11191,959,1126,187.650790814047,122.3883206574,367.877972184836,53.9131997484051,32.0624697543576,26.0039094052904,30.0256419092851,NSW
10027,2013,March,3,75 to 84,16,24.1015256430711,11156,959,1126,143.420580853352,187.650790814047,122.3883206574,90.2853015529072,28.1476442116722,32.0624697543576,27.7976598170093,NSW
10027,2013,November,11,75 to 84,37,25.4683186506974,10958,959,1126,337.65285636065,164.173659248449,112.023898431665,351.77790454459,21.1407126692348,18.3131889561656,25.4434581878016,NSW
10027,2013,December,12,75 to 84,3,26.5496811945897,11068,959,1126,27.1051680520419,337.65285636065,164.173659248449,367.877972184836,25.4683186506974,21.1407126692348,26.0039094052904,NSW
10027,2014,January,1,75 to 84,3,31.7868107617624,11168,959,1126,26.8624641833811,27.1051680520419,337.65285636065,122.3883206574,26.5496811945897,25.4683186506974,32.0624697543576,NSW
10027,2014,February,2,75 to 84,16,29.9941666197726,11262,959,1126,142.070680163381,26.8624641833811,27.1051680520419,187.650790814047,31.7868107617624,26.5496811945897,28.1476442116722,NSW
10027,2014,March,3,75 to 84,33,28.0495748750187,11034,959,1126,299.075584556824,142.070680163381,26.8624641833811,143.420580853352,29.9941666197726,31.7868107617624,24.1015256430711,NSW
10027,2014,November,11,75 to 84,13,28.5153381784888,11018,959,1126,117.988745688873,95.6438570559082,170.12893982808,337.65285636065,21.8397026769128,16.1957832879496,25.4683186506974,NSW
10027,2014,December,12,75 to 84,20,29.9561910000272,10791,959,1126,185.339634880919,117.988745688873,95.6438570559082,27.1051680520419,28.5153381784888,21.8397026769128,26.5496811945897,NSW
10027,2015,January,1,75 to 84,16,31.6591032086576,11110,959,1126,144.014401440144,185.339634880919,117.988745688873,26.8624641833811,29.9561910000272,28.5153381784888,31.7868107617624,NSW
10027,2015,February,2,75 to 84,29,27.4686210816179,11139,959,1126,260.346530209175,144.014401440144,185.339634880919,142.070680163381,31.6591032086576,29.9561910000272,29.9941666197726,NSW
10027,2015,March,3,75 to 84,52,25.9879948064105,11148,959,1126,466.451381413707,260.346530209175,144.014401440144,299.075584556824,27.4686210816179,31.6591032086576,28.0495748750187,NSW
10027,2015,November,11,75 to 84,5,29.0055785995491,11151,959,1126,44.8390278898753,124.677175171431,53.6912751677852,117.988745688873,18.697373411703,17.926324011055,28.5153381784888,NSW
10027,2015,December,12,75 to 84,22,30.503364205268,11148,959,1126,197.344815213491,44.8390278898753,124.677175171431,185.339634880919,29.0055785995491,18.697373411703,29.9561910000272,NSW
10027,2016,January,1,75 to 84,13,27.491171970945,10881,959,1126,119.4743130227,197.344815213491,44.8390278898753,144.014401440144,30.503364205268,29.0055785995491,31.6591032086576,NSW
10027,2016,February,2,75 to 84,24,26.6428107279953,11272,959,1126,212.91696238467,119.4743130227,197.344815213491,260.346530209175,27.491171970945,30.503364205268,27.4686210816179,NSW
10027,2016,March,3,75 to 84,4,24.6581881798812,11718,959,1126,34.1355180064858,212.91696238467,119.4743130227,466.451381413707,26.6428107279953,27.491171970945,25.9879948064105,NSW
10027,2016,November,11,75 to 84,17,26.6659283526773,11668,959,1126,145.697634556051,97.3968478838321,8.69565217391305,44.8390278898753,19.0335890298211,18.3068157660616,29.0055785995491,NSW
10027,2016,December,12,75 to 84,12,30.2633867877097,11079,959,1126,108.313024641213,145.697634556051,97.3968478838321,197.344815213491,26.6659283526773,19.0335890298211,30.503364205268,NSW
10027,2011,January,1,85+,21,33.2966453421883,10803,959,1126,194.390447098028,72.9128691213999,112.233445566779,235.760090531875,29.1477407645362,25.7065910372978,31.0167259763134,NSW
10027,2011,February,2,85+,19,28.9227285873704,10714,959,1126,177.338062348329,194.390447098028,72.9128691213999,246.17067833698,33.2966453421883,29.1477407645362,32.3668753973219,NSW
10027,2011,March,3,85+,5,22.9659970658199,11046,959,1126,45.2652543907297,177.338062348329,194.390447098028,45.1630385692349,28.9227285873704,33.2966453421883,24.2002629528481,NSW
10027,2011,November,11,85+,12,25.4383271540332,10695,959,1126,112.201963534362,102.306547619048,45.10599909788,112.233445566779,23.7235506315454,17.0834874165981,25.7065910372978,NSW
10027,2011,December,12,85+,32,24.8185452701125,10917,959,1126,293.120820738298,112.201963534362,102.306547619048,72.9128691213999,25.4383271540332,23.7235506315454,29.1477407645362,NSW
10027,2012,January,1,85+,8,28.292288841528,10555,959,1126,75.7934628138323,293.120820738298,112.201963534362,194.390447098028,24.8185452701125,25.4383271540332,33.2966453421883,NSW
10027,2012,February,2,85+,27,26.8666559117145,11056,959,1126,244.211287988423,75.7934628138323,293.120820738298,177.338062348329,28.292288841528,24.8185452701125,28.9227285873704,NSW
10027,2012,March,3,85+,33,23.8638457371597,10958,959,1126,301.149844862201,244.211287988423,75.7934628138323,45.2652543907297,26.8666559117145,28.292288841528,22.9659970658199,NSW
10027,2012,November,11,85+,29,26.4845099913403,10913,959,1126,265.7381105104,202.038754706585,52.9988516915467,112.201963534362,20.9976746703602,14.3771739919634,25.4383271540332,NSW
10027,2012,December,12,85+,14,27.2647073335211,11043,959,1126,126.777143892058,265.7381105104,202.038754706585,293.120820738298,26.4845099913403,20.9976746703602,24.8185452701125,NSW
10027,2013,January,1,85+,25,30.698408428702,10943,959,1126,228.456547564653,126.777143892058,265.7381105104,75.7934628138323,27.2647073335211,26.4845099913403,28.292288841528,NSW
10027,2013,February,2,85+,69,29.8140197904787,10633,959,1126,648.92316373554,228.456547564653,126.777143892058,244.211287988423,30.698408428702,27.2647073335211,26.8666559117145,NSW
10027,2013,March,3,85+,19,23.6890966981612,11237,959,1126,169.08427516241,648.92316373554,228.456547564653,301.149844862201,29.8140197904787,30.698408428702,23.8638457371597,NSW
10027,2013,November,11,85+,8,26.5595216356577,10810,959,1126,74.0055504162812,342.12658683713,145.428103981094,265.7381105104,21.0572943690163,17.7919150048195,26.4845099913403,NSW
10027,2013,December,12,85+,12,26.5574916786013,11142,959,1126,107.700592353258,74.0055504162812,342.12658683713,126.777143892058,26.5595216356577,21.0572943690163,27.2647073335211,NSW
10027,2014,January,1,85+,21,29.6366636882017,10738,959,1126,195.567144719687,107.700592353258,74.0055504162812,228.456547564653,26.5574916786013,26.5595216356577,30.698408428702,NSW
10027,2014,February,2,85+,51,29.0151060838942,11082,959,1126,460.205739036275,195.567144719687,107.700592353258,648.92316373554,29.6366636882017,26.5574916786013,29.8140197904787,NSW
10027,2014,March,3,85+,41,26.2795495184698,11080,959,1126,370.036101083033,460.205739036275,195.567144719687,169.08427516241,29.0151060838942,29.6366636882017,23.6890966981612,NSW
10027,2014,November,11,85+,23,25.6386306656224,11015,959,1126,208.806173399909,72.4834647096131,225.83559168925,74.0055504162812,22.1708162223452,15.0044452477309,26.5595216356577,NSW
10027,2014,December,12,85+,26,25.8612184826941,10980,959,1126,236.794171220401,208.806173399909,72.4834647096131,107.700592353258,25.6386306656224,22.1708162223452,26.5574916786013,NSW
10027,2015,January,1,85+,22,33.1319407123926,10990,959,1126,200.181983621474,236.794171220401,208.806173399909,195.567144719687,25.8612184826941,25.6386306656224,29.6366636882017,NSW
10027,2015,February,2,85+,20,28.4156401366125,11187,959,1126,178.778939840887,200.181983621474,236.794171220401,460.205739036275,33.1319407123926,25.8612184826941,29.0151060838942,NSW
10027,2015,March,3,85+,21,26.5930462904609,11271,959,1126,186.318871439979,178.778939840887,200.181983621474,370.036101083033,28.4156401366125,33.1319407123926,26.2795495184698,NSW
10027,2015,November,11,85+,27,24.6932953530523,11354,959,1126,237.801655804122,17.2562553925798,63.4172857401703,208.806173399909,20.7226497943483,16.6221092083161,25.6386306656224,NSW
10027,2015,December,12,85+,56,29.2018689706425,11188,959,1126,500.536288880944,237.801655804122,17.2562553925798,236.794171220401,24.6932953530523,20.7226497943483,25.8612184826941,NSW
10027,2016,January,1,85+,17,31.2474370436023,11338,959,1126,149.938260716176,500.536288880944,237.801655804122,200.181983621474,29.2018689706425,24.6932953530523,33.1319407123926,NSW
10027,2016,February,2,85+,97,28.3878000304607,11215,959,1126,864.913062862238,149.938260716176,500.536288880944,178.778939840887,31.2474370436023,29.2018689706425,28.4156401366125,NSW
10027,2016,March,3,85+,29,24.993038007524,11314,959,1126,256.319604030405,864.913062862238,149.938260716176,186.318871439979,28.3878000304607,31.2474370436023,26.5930462904609,NSW
10027,2016,November,11,85+,34,27.9562276213105,11235,959,1126,302.625723186471,168.723914394814,125.842696629213,237.801655804122,21.0549520000032,17.0404143646693,24.6932953530523,NSW
10027,2016,December,12,85+,27,29.7282497502894,11699,959,1126,230.788956321053,302.625723186471,168.723914394814,500.536288880944,27.9562276213105,21.0549520000032,29.2018689706425,NSW
10028,2011,January,1,75 to 84,5,31.3472832220863,1813,1099,798,275.785990071704,767.543859649123,275.178866263071,338.028169014085,28.0838066799128,25.718848995571,28.389450292476,NSW
10028,2011,February,2,75 to 84,12,27.9052355465089,1812,1099,798,662.251655629139,275.785990071704,767.543859649123,328.048113723346,31.3472832220863,28.0838066799128,29.56478252465,NSW
10028,2011,March,3,75 to 84,10,26.4191165266666,1780,1099,798,561.797752808989,662.251655629139,275.785990071704,111.919418019026,27.9052355465089,31.3472832220863,26.097849730843,NSW
10028,2011,November,11,75 to 84,2,25.3734540323253,1842,1099,798,108.5776330076,222.098833981122,109.58904109589,275.178866263071,21.490008126112,17.1834729252669,25.718848995571,NSW
10028,2011,December,12,75 to 84,3,30.4040362659573,1835,1099,798,163.487738419619,108.5776330076,222.098833981122,767.543859649123,25.3734540323253,21.490008126112,28.0838066799128,NSW
10028,2012,January,1,75 to 84,2,30.3238612654858,1828,1099,798,109.409190371991,163.487738419619,108.5776330076,275.785990071704,30.4040362659573,25.3734540323253,31.3472832220863,NSW
10028,2012,February,2,75 to 84,2,29.408959522946,1804,1099,798,110.864745011086,109.409190371991,163.487738419619,662.251655629139,30.3238612654858,30.4040362659573,27.9052355465089,NSW
10028,2012,March,3,75 to 84,9,24.7297701410116,1810,1099,798,497.237569060774,110.864745011086,109.409190371991,561.797752808989,29.408959522946,30.3238612654858,26.4191165266666,NSW
10028,2012,November,11,75 to 84,2,26.4811833767021,1793,1099,798,111.54489682097,226.628895184136,111.420612813371,108.5776330076,20.4183851772176,16.7180445956101,25.3734540323253,NSW
10028,2012,December,12,75 to 84,0,28.2764022335724,1797,1099,798,0,111.54489682097,226.628895184136,163.487738419619,26.4811833767021,20.4183851772176,30.4040362659573,NSW
10028,2013,January,1,75 to 84,1,29.1481631837536,1812,1099,798,55.1876379690949,0,111.54489682097,109.409190371991,28.2764022335724,26.4811833767021,30.3238612654858,NSW
10028,2013,February,2,75 to 84,1,27.6021188026559,1817,1099,798,55.0357732526142,55.1876379690949,0,110.864745011086,29.1481631837536,28.2764022335724,29.408959522946,NSW
10028,2013,March,3,75 to 84,2,23.9512925119571,1842,1099,798,108.5776330076,55.0357732526142,55.1876379690949,497.237569060774,27.6021188026559,29.1481631837536,24.7297701410116,NSW
10028,2013,November,11,75 to 84,4,26.8232436988977,1867,1099,798,214.247455811462,108.932461873638,110.497237569061,111.54489682097,19.7285986567939,17.3785929988773,26.4811833767021,NSW
10028,2013,December,12,75 to 84,3,29.5024033957176,1809,1099,798,165.837479270315,214.247455811462,108.932461873638,0,26.8232436988977,19.7285986567939,28.2764022335724,NSW
10028,2014,January,1,75 to 84,4,32.2130839987701,1894,1099,798,211.193241816262,165.837479270315,214.247455811462,55.1876379690949,29.5024033957176,26.8232436988977,29.1481631837536,NSW
10028,2014,February,2,75 to 84,5,29.0663429193737,1874,1099,798,266.808964781217,211.193241816262,165.837479270315,55.0357732526142,32.2130839987701,29.5024033957176,27.6021188026559,NSW
10028,2014,March,3,75 to 84,4,26.0938824052953,1905,1099,798,209.97375328084,266.808964781217,211.193241816262,108.5776330076,29.0663429193737,32.2130839987701,23.9512925119571,NSW
10028,2014,November,11,75 to 84,2,25.8684551752851,1825,1099,798,109.58904109589,425.305688463583,106.269925611052,214.247455811462,23.4435147867713,18.427769551675,26.8232436988977,NSW
10028,2014,December,12,75 to 84,2,29.2810462663868,1877,1099,798,106.553010122536,109.58904109589,425.305688463583,165.837479270315,25.8684551752851,23.4435147867713,29.5024033957176,NSW
10028,2015,January,1,75 to 84,0,29.8741330785868,1863,1099,798,0,106.553010122536,109.58904109589,211.193241816262,29.2810462663868,25.8684551752851,32.2130839987701,NSW
10028,2015,February,2,75 to 84,4,31.2656532691429,1906,1099,798,209.863588667366,0,106.553010122536,266.808964781217,29.8741330785868,29.2810462663868,29.0663429193737,NSW
10028,2015,March,3,75 to 84,4,25.3982722427477,1894,1099,798,211.193241816262,209.863588667366,0,209.97375328084,31.2656532691429,29.8741330785868,26.0938824052953,NSW
10028,2015,November,11,75 to 84,5,26.4532330927449,1843,1099,798,271.296798697775,260.824204486176,426.212040490144,109.58904109589,24.2642428218822,18.6226527648117,25.8684551752851,NSW
10028,2015,December,12,75 to 84,5,27.1591139956634,1903,1099,798,262.743037309511,271.296798697775,260.824204486176,106.553010122536,26.4532330927449,24.2642428218822,29.2810462663868,NSW
10028,2016,January,1,75 to 84,2,30.3147561183089,1913,1099,798,104.547830632514,262.743037309511,271.296798697775,0,27.1591139956634,26.4532330927449,29.8741330785868,NSW
10028,2016,February,2,75 to 84,0,28.9643648938827,1916,1099,798,0,104.547830632514,262.743037309511,209.863588667366,30.3147561183089,27.1591139956634,31.2656532691429,NSW
10028,2016,March,3,75 to 84,0,24.9960265834067,1862,1099,798,0,0,104.547830632514,211.193241816262,28.9643648938827,30.3147561183089,25.3982722427477,NSW
10028,2016,November,11,75 to 84,3,25.5434022252979,1935,1099,798,155.038759689922,54.0540540540541,217.155266015201,271.296798697775,20.9595883512259,16.587242394111,26.4532330927449,NSW
10028,2016,December,12,75 to 84,4,30.610697186284,1899,1099,798,210.637177461822,155.038759689922,54.0540540540541,262.743037309511,25.5434022252979,20.9595883512259,27.1591139956634,NSW
10028,2011,January,1,85+,5,29.7922069130232,1838,1099,798,272.034820457019,110.558319513543,386.313465783665,331.308669243512,32.663590142672,23.0086843767494,28.734340180221,NSW
10028,2011,February,2,85+,7,26.2796021536128,1859,1099,798,376.546530392684,272.034820457019,110.558319513543,272.628135223555,29.7922069130232,32.663590142672,28.2567729976718,NSW
10028,2011,March,3,85+,11,27.8815221782854,1809,1099,798,608.070757324489,376.546530392684,272.034820457019,167.597765363129,26.2796021536128,29.7922069130232,27.8316756684307,NSW
10028,2011,November,11,85+,4,26.1626073489828,1860,1099,798,215.05376344086,54.1125541125541,332.225913621262,386.313465783665,22.2871634132591,18.5616644050538,23.0086843767494,NSW
10028,2011,December,12,85+,2,29.442294096354,1819,1099,798,109.950522264981,215.05376344086,54.1125541125541,110.558319513543,26.1626073489828,22.2871634132591,32.663590142672,NSW
10028,2012,January,1,85+,7,28.233116981282,1834,1099,798,381.679389312977,109.950522264981,215.05376344086,272.034820457019,29.442294096354,26.1626073489828,29.7922069130232,NSW
10028,2012,February,2,85+,13,29.8979269695395,1815,1099,798,716.253443526171,381.679389312977,109.950522264981,376.546530392684,28.233116981282,29.442294096354,26.2796021536128,NSW
10028,2012,March,3,85+,4,25.8718059031445,1820,1099,798,219.78021978022,716.253443526171,381.679389312977,608.070757324489,29.8979269695395,28.233116981282,27.8815221782854,NSW
10028,2012,November,11,85+,1,27.6903220243321,1861,1099,798,53.7345513164965,111.856823266219,0,215.05376344086,23.6015428955836,19.2274636405089,26.1626073489828,NSW
10028,2012,December,12,85+,2,29.4444187786133,1843,1099,798,108.51871947911,53.7345513164965,111.856823266219,109.950522264981,27.6903220243321,23.6015428955836,29.442294096354,NSW
10028,2013,January,1,85+,4,29.5409700995225,1839,1099,798,217.509516041327,108.51871947911,53.7345513164965,381.679389312977,29.4444187786133,27.6903220243321,28.233116981282,NSW
10028,2013,February,2,85+,9,29.6013603255256,1859,1099,798,484.131253362023,217.509516041327,108.51871947911,716.253443526171,29.5409700995225,29.4444187786133,29.8979269695395,NSW
10028,2013,March,3,85+,13,25.7380037626245,1845,1099,798,704.607046070461,484.131253362023,217.509516041327,219.78021978022,29.6013603255256,29.5409700995225,25.8718059031445,NSW
10028,2013,November,11,85+,16,25.289529792972,1865,1099,798,857.908847184987,385.462555066079,269.396551724138,53.7345513164965,23.2987879641156,14.8648796158177,27.6903220243321,NSW
10028,2013,December,12,85+,13,29.8048023144013,1852,1099,798,701.943844492441,857.908847184987,385.462555066079,108.51871947911,25.289529792972,23.2987879641156,29.4444187786133,NSW
10028,2014,January,1,85+,10,28.3045913675322,1902,1099,798,525.762355415352,701.943844492441,857.908847184987,217.509516041327,29.8048023144013,25.289529792972,29.5409700995225,NSW
10028,2014,February,2,85+,8,28.798809057145,1854,1099,798,431.499460625674,525.762355415352,701.943844492441,484.131253362023,28.3045913675322,29.8048023144013,29.6013603255256,NSW
10028,2014,March,3,85+,6,24.7361740530116,1868,1099,798,321.199143468951,431.499460625674,525.762355415352,704.607046070461,28.798809057145,28.3045913675322,25.7380037626245,NSW
10028,2014,November,11,85+,4,26.0800677248631,1831,1099,798,218.459858001092,55.5864369093941,54.7645125958379,857.908847184987,22.0313598741941,21.5893615017822,25.289529792972,NSW
10028,2014,December,12,85+,4,29.2463395965254,1842,1099,798,217.155266015201,218.459858001092,55.5864369093941,701.943844492441,26.0800677248631,22.0313598741941,29.8048023144013,NSW
10028,2015,January,1,85+,0,31.0476548606779,1857,1099,798,0,217.155266015201,218.459858001092,525.762355415352,29.2463395965254,26.0800677248631,28.3045913675322,NSW
10028,2015,February,2,85+,4,28.770977785234,1859,1099,798,215.169445938677,0,217.155266015201,431.499460625674,31.0476548606779,29.2463395965254,28.798809057145,NSW
10028,2015,March,3,85+,9,23.5275294860265,1861,1099,798,483.610961848469,215.169445938677,0,321.199143468951,28.770977785234,31.0476548606779,24.7361740530116,NSW
10028,2015,November,11,85+,3,25.483223399518,1790,1099,798,167.597765363129,105.097214923805,52.8262017960909,218.459858001092,22.4962631783116,17.3979466100487,26.0800677248631,NSW
10028,2015,December,12,85+,20,28.8735732718528,1900,1099,798,1052.63157894737,167.597765363129,105.097214923805,217.155266015201,25.483223399518,22.4962631783116,29.2463395965254,NSW
10028,2016,January,1,85+,4,32.0504051219798,1885,1099,798,212.201591511936,1052.63157894737,167.597765363129,0,28.8735732718528,25.483223399518,31.0476548606779,NSW
10028,2016,February,2,85+,10,28.2755497223599,1913,1099,798,522.739153162572,212.201591511936,1052.63157894737,215.169445938677,32.0504051219798,28.8735732718528,28.770977785234,NSW
10028,2016,March,3,85+,6,26.6903133851183,1908,1099,798,314.465408805031,522.739153162572,212.201591511936,483.610961848469,28.2755497223599,32.0504051219798,23.5275294860265,NSW
10028,2016,November,11,85+,5,25.5948115629019,1881,1099,798,265.81605528974,413.86445938955,214.018191546281,167.597765363129,24.0704132342746,17.5216999739517,25.483223399518,NSW
10028,2016,December,12,85+,0,31.1115167064177,1908,1099,798,0,265.81605528974,413.86445938955,1052.63157894737,25.5948115629019,24.0704132342746,28.8735732718528,NSW
10029,2011,January,1,75 to 84,32,31.2433339309102,19974,1146,946,160.208270751978,41.8453813160372,139.993000349983,291.143119828379,29.9564079522988,25.3209059633155,26.7458399355104,NSW
10029,2011,February,2,75 to 84,32,27.7129072249866,19931,1146,946,160.553910992926,160.208270751978,41.8453813160372,227.859638462707,31.2433339309102,29.9564079522988,27.7809059537872,NSW
10029,2011,March,3,75 to 84,122,26.2480753287635,19912,1146,946,612.695861791884,160.553910992926,160.208270751978,199.406892320278,27.7129072249866,31.2433339309102,24.3154717216208,NSW
10029,2011,November,11,75 to 84,24,27.3199643026242,19343,1146,946,124.075893087939,126.736287133732,133.255156974575,139.993000349983,19.8441239360567,17.0489898030018,25.3209059633155,NSW
10029,2011,December,12,75 to 84,21,28.1070373669506,19300,1146,946,108.80829015544,124.075893087939,126.736287133732,41.8453813160372,27.3199643026242,19.8441239360567,29.9564079522988,NSW
10029,2012,January,1,75 to 84,19,30.5590317598667,19940,1146,946,95.2858575727182,108.80829015544,124.075893087939,160.208270751978,28.1070373669506,27.3199643026242,31.2433339309102,NSW
10029,2012,February,2,75 to 84,6,27.9218046763234,20512,1146,946,29.2511700468019,95.2858575727182,108.80829015544,160.553910992926,30.5590317598667,28.1070373669506,27.7129072249866,NSW
10029,2012,March,3,75 to 84,28,26.1084848644719,19750,1146,946,141.772151898734,29.2511700468019,95.2858575727182,612.695861791884,27.9218046763234,30.5590317598667,26.2480753287635,NSW
10029,2012,November,11,75 to 84,14,23.0320678639991,20168,1146,946,69.4168980563268,212.629184591801,257.875309703191,124.075893087939,22.7971721524679,18.3470482575225,27.3199643026242,NSW
10029,2012,December,12,75 to 84,8,30.816932162149,19525,1146,946,40.9731113956466,69.4168980563268,212.629184591801,108.80829015544,23.0320678639991,22.7971721524679,28.1070373669506,NSW
10029,2013,January,1,75 to 84,35,29.1682083844408,20127,1146,946,173.89576191186,40.9731113956466,69.4168980563268,95.2858575727182,30.816932162149,23.0320678639991,30.5590317598667,NSW
10029,2013,February,2,75 to 84,17,31.9383938498364,20457,1146,946,83.1011389744342,173.89576191186,40.9731113956466,29.2511700468019,29.1682083844408,30.816932162149,27.9218046763234,NSW
10029,2013,March,3,75 to 84,26,27.9270951251702,20461,1146,946,127.071013146963,83.1011389744342,173.89576191186,141.772151898734,31.9383938498364,29.1682083844408,26.1084848644719,NSW
10029,2013,November,11,75 to 84,0,24.418747732327,20442,1146,946,0,110.591665409943,194.737104908374,69.4168980563268,21.1057037068354,18.375905877277,23.0320678639991,NSW
10029,2013,December,12,75 to 84,7,30.0077859129477,19836,1146,946,35.2893728574309,0,110.591665409943,40.9731113956466,24.418747732327,21.1057037068354,30.816932162149,NSW
10029,2014,January,1,75 to 84,107,31.207327509441,21388,1146,946,500.280531138956,35.2893728574309,0,173.89576191186,30.0077859129477,24.418747732327,29.1682083844408,NSW
10029,2014,February,2,75 to 84,19,28.7379720744098,19923,1146,946,95.3671635797822,500.280531138956,35.2893728574309,83.1011389744342,31.207327509441,30.0077859129477,31.9383938498364,NSW
10029,2014,March,3,75 to 84,63,22.8192256674499,19822,1146,946,317.828675209363,95.3671635797822,500.280531138956,127.071013146963,28.7379720744098,31.207327509441,27.9270951251702,NSW
10029,2014,November,11,75 to 84,16,26.8130309896209,20670,1146,946,77.4068698597001,122.561035395627,52.8059142623974,0,22.1770399153824,19.113346482042,24.418747732327,NSW
10029,2014,December,12,75 to 84,16,26.1167352115216,20428,1146,946,78.3238691991384,77.4068698597001,122.561035395627,35.2893728574309,26.8130309896209,22.1770399153824,30.0077859129477,NSW
10029,2015,January,1,75 to 84,7,29.776213842702,21459,1146,946,32.6203457756652,78.3238691991384,77.4068698597001,500.280531138956,26.1167352115216,26.8130309896209,31.207327509441,NSW
10029,2015,February,2,75 to 84,31,28.6451980818079,20063,1146,946,154.513283158052,32.6203457756652,78.3238691991384,95.3671635797822,29.776213842702,26.1167352115216,28.7379720744098,NSW
10029,2015,March,3,75 to 84,30,23.9836660350963,19871,1146,946,150.973780886719,154.513283158052,32.6203457756652,317.828675209363,28.6451980818079,29.776213842702,22.8192256674499,NSW
10029,2015,November,11,75 to 84,26,26.6771130462044,20262,1146,946,128.319020827164,74.3273375947674,203.89339288315,77.4068698597001,20.2392869718078,17.6075622272813,26.8130309896209,NSW
10029,2015,December,12,75 to 84,59,31.6826094707511,20714,1146,946,284.831514917447,128.319020827164,74.3273375947674,78.3238691991384,26.6771130462044,20.2392869718078,26.1167352115216,NSW
10029,2016,January,1,75 to 84,55,32.2228865605771,20841,1146,946,263.902883738784,284.831514917447,128.319020827164,32.6203457756652,31.6826094707511,26.6771130462044,29.776213842702,NSW
10029,2016,February,2,75 to 84,42,28.5247334046084,20521,1146,946,204.668388480094,263.902883738784,284.831514917447,154.513283158052,32.2228865605771,31.6826094707511,28.6451980818079,NSW
10029,2016,March,3,75 to 84,49,25.6629589106725,20297,1146,946,241.414987436567,204.668388480094,263.902883738784,150.973780886719,28.5247334046084,32.2228865605771,23.9836660350963,NSW
10029,2016,November,11,75 to 84,16,25.3379151254462,20331,1146,946,78.6975554571836,123.047799337435,243.553008595989,128.319020827164,18.1089160806809,18.7055499233996,26.6771130462044,NSW
10029,2016,December,12,75 to 84,26,27.0225738235824,21463,1146,946,121.138703815869,78.6975554571836,123.047799337435,284.831514917447,25.3379151254462,18.1089160806809,31.6826094707511,NSW
10029,2011,January,1,85+,96,32.4570033438551,19626,1146,946,489.147049831856,421.041952011363,40.4244567963618,370.675453047776,29.6427995104767,26.105065887673,32.7614484795925,NSW
10029,2011,February,2,85+,14,28.362892784366,20008,1146,946,69.9720111955218,489.147049831856,421.041952011363,323.350119268487,32.4570033438551,29.6427995104767,28.3690034420898,NSW
10029,2011,March,3,85+,5,27.9159211977857,19493,1146,946,25.6502334171241,69.9720111955218,489.147049831856,520.806476563709,28.362892784366,32.4570033438551,25.9220641153968,NSW
10029,2011,November,11,85+,21,25.015447404111,20011,1146,946,104.94228174504,530.517640999227,113.736235330611,40.4244567963618,22.6554092295554,20.9469058643589,26.105065887673,NSW
10029,2011,December,12,85+,34,28.5157455008443,19967,1146,946,170.280963589923,104.94228174504,530.517640999227,421.041952011363,25.015447404111,22.6554092295554,29.6427995104767,NSW
10029,2012,January,1,85+,104,29.9634151564717,20187,1146,946,515.183038589191,170.280963589923,104.94228174504,489.147049831856,28.5157455008443,25.015447404111,32.4570033438551,NSW
10029,2012,February,2,85+,131,28.0491652665244,19491,1146,946,672.105074136781,515.183038589191,170.280963589923,69.9720111955218,29.9634151564717,28.5157455008443,28.362892784366,NSW
10029,2012,March,3,85+,56,24.6346777740025,20389,1146,946,274.657903771642,672.105074136781,515.183038589191,25.6502334171241,28.0491652665244,29.9634151564717,27.9159211977857,NSW
10029,2012,November,11,85+,156,26.0189875514761,19925,1146,946,782.936010037641,332.225913621262,103.729059696074,104.94228174504,23.4308758152639,15.8348520977921,25.015447404111,NSW
10029,2012,December,12,85+,58,31.2565665353403,19795,1146,946,293.003283657489,782.936010037641,332.225913621262,170.280963589923,26.0189875514761,23.4308758152639,28.5157455008443,NSW
10029,2013,January,1,85+,65,29.527201178429,21095,1146,946,308.129888599194,293.003283657489,782.936010037641,515.183038589191,31.2565665353403,26.0189875514761,29.9634151564717,NSW
10029,2013,February,2,85+,49,29.3574275392352,19727,1146,946,248.390530744665,308.129888599194,293.003283657489,672.105074136781,29.527201178429,31.2565665353403,28.0491652665244,NSW
10029,2013,March,3,85+,36,29.1348735705113,20201,1146,946,178.208999554478,248.390530744665,308.129888599194,274.657903771642,29.3574275392352,29.527201178429,24.6346777740025,NSW
10029,2013,November,11,85+,70,24.4324482541933,19759,1146,946,354.268940735867,35.7051772507014,173.594367827177,782.936010037641,22.0999085033689,18.0658247369755,26.0189875514761,NSW
10029,2013,December,12,85+,87,27.9760160576063,21000,1146,946,414.285714285714,354.268940735867,35.7051772507014,293.003283657489,24.4324482541933,22.0999085033689,31.2565665353403,NSW
10029,2014,January,1,85+,118,29.7757200710592,19980,1146,946,590.590590590591,414.285714285714,354.268940735867,308.129888599194,27.9760160576063,24.4324482541933,29.527201178429,NSW
10029,2014,February,2,85+,66,28.9776849142865,20461,1146,946,322.564879526905,590.590590590591,414.285714285714,248.390530744665,29.7757200710592,27.9760160576063,29.3574275392352,NSW
10029,2014,March,3,85+,102,25.4411292579701,20854,1146,946,489.114798120265,322.564879526905,590.590590590591,178.208999554478,28.9776849142865,29.7757200710592,29.1348735705113,NSW
10029,2014,November,11,85+,67,28.6817820493973,20390,1146,946,328.592447278078,56.8477900421621,453.671285566349,354.268940735867,21.4805285241519,18.7996156582218,24.4324482541933,NSW
10029,2014,December,12,85+,16,29.1161760867539,20086,1146,946,79.6574728666733,328.592447278078,56.8477900421621,414.285714285714,28.6817820493973,21.4805285241519,27.9760160576063,NSW
10029,2015,January,1,85+,172,32.6030854887548,20241,1146,946,849.760387332642,79.6574728666733,328.592447278078,590.590590590591,29.1161760867539,28.6817820493973,29.7757200710592,NSW
10029,2015,February,2,85+,22,29.2964464390645,20268,1146,946,108.545490428261,849.760387332642,79.6574728666733,322.564879526905,32.6030854887548,29.1161760867539,28.9776849142865,NSW
10029,2015,March,3,85+,50,26.5906940737263,20383,1146,946,245.302457930629,108.545490428261,849.760387332642,489.114798120265,29.2964464390645,32.6030854887548,25.4411292579701,NSW
10029,2015,November,11,85+,228,27.1117826739154,20887,1146,946,1091.58806913391,253.552121705018,842.300014606359,328.592447278078,21.0723144046959,19.3840665900151,28.6817820493973,NSW
10029,2015,December,12,85+,66,28.9122712493458,20591,1146,946,320.528386188141,1091.58806913391,253.552121705018,79.6574728666733,27.1117826739154,21.0723144046959,29.1161760867539,NSW
10029,2016,January,1,85+,147,28.2641815890542,20770,1146,946,707.751564756861,320.528386188141,1091.58806913391,849.760387332642,28.9122712493458,27.1117826739154,32.6030854887548,NSW
10029,2016,February,2,85+,15,30.6509719558886,20533,1146,946,73.0531339794477,707.751564756861,320.528386188141,108.545490428261,28.2641815890542,28.9122712493458,29.2964464390645,NSW
10029,2016,March,3,85+,41,25.2939786965754,20150,1146,946,203.473945409429,73.0531339794477,707.751564756861,245.302457930629,30.6509719558886,28.2641815890542,26.5906940737263,NSW
10029,2016,November,11,85+,26,30.2055629414807,20906,1146,946,124.366210657228,81.9869785387027,222.127699796777,1091.58806913391,24.9197372703836,16.4582414949029,27.1117826739154,NSW
10029,2016,December,12,85+,76,29.2634408708726,20468,1146,946,371.311315223764,124.366210657228,81.9869785387027,320.528386188141,30.2055629414807,24.9197372703836,28.9122712493458,NSW
10030,2011,January,1,75 to 84,44,29.1091321392198,16772,950,974,262.341998569044,148.312940304042,88.6861776257443,73.1350560702097,29.5502241015265,29.570410888865,31.8499661253636,NSW
10030,2011,February,2,75 to 84,6,30.5541218357791,15518,950,974,38.6647763887099,262.341998569044,148.312940304042,227.7343509571,29.1091321392198,29.5502241015265,30.0986107167132,NSW
10030,2011,March,3,75 to 84,47,27.3023313437466,16148,950,974,291.057716125836,38.6647763887099,262.341998569044,130.849274098075,30.5541218357791,29.1091321392198,24.0076145485363,NSW
10030,2011,November,11,75 to 84,13,24.7583585093751,16190,950,974,80.296479308215,88.6577220875938,24.8524386455421,88.6861776257443,21.4202822818199,19.4556004431227,29.570410888865,NSW
10030,2011,December,12,75 to 84,4,28.7599183930383,16150,950,974,24.7678018575851,80.296479308215,88.6577220875938,148.312940304042,24.7583585093751,21.4202822818199,29.5502241015265,NSW
10030,2012,January,1,75 to 84,53,27.0538027307366,17161,950,974,308.839811199814,24.7678018575851,80.296479308215,262.341998569044,28.7599183930383,24.7583585093751,29.1091321392198,NSW
10030,2012,February,2,75 to 84,43,32.7354227507562,16516,950,974,260.353596512473,308.839811199814,24.7678018575851,38.6647763887099,27.0538027307366,28.7599183930383,30.5541218357791,NSW
10030,2012,March,3,75 to 84,82,26.5437224552246,16872,950,974,486.012328117591,260.353596512473,308.839811199814,291.057716125836,32.7354227507562,27.0538027307366,27.3023313437466,NSW
10030,2012,November,11,75 to 84,40,26.9229442309108,16861,950,974,237.233853270862,66.6303228542008,79.4572458896156,80.296479308215,20.8961593659716,20.5421333712618,24.7583585093751,NSW
10030,2012,December,12,75 to 84,32,29.2471420975949,15866,950,974,201.689146602798,237.233853270862,66.6303228542008,24.7678018575851,26.9229442309108,20.8961593659716,28.7599183930383,NSW
10030,2013,January,1,75 to 84,16,29.454232194046,15991,950,974,100.056281658433,201.689146602798,237.233853270862,308.839811199814,29.2471420975949,26.9229442309108,27.0538027307366,NSW
10030,2013,February,2,75 to 84,54,30.5502188214025,16172,950,974,333.910462527826,100.056281658433,201.689146602798,260.353596512473,29.454232194046,29.2471420975949,32.7354227507562,NSW
10030,2013,March,3,75 to 84,28,25.4597374407119,16632,950,974,168.350168350168,333.910462527826,100.056281658433,486.012328117591,30.5502188214025,29.454232194046,26.5437224552246,NSW
10030,2013,November,11,75 to 84,31,27.1757963248337,16696,950,974,185.673215141351,185.05952748134,153.176888671037,237.233853270862,21.3869122920467,17.811168340975,26.9229442309108,NSW
10030,2013,December,12,75 to 84,5,31.5423458477426,16157,950,974,30.9463390480906,185.673215141351,185.05952748134,201.689146602798,27.1757963248337,21.3869122920467,29.2471420975949,NSW
10030,2014,January,1,75 to 84,11,31.5771451759629,16950,950,974,64.8967551622419,30.9463390480906,185.673215141351,100.056281658433,31.5423458477426,27.1757963248337,29.454232194046,NSW
10030,2014,February,2,75 to 84,46,28.6354976817283,16715,950,974,275.2019144481,64.8967551622419,30.9463390480906,333.910462527826,31.5771451759629,31.5423458477426,30.5502188214025,NSW
10030,2014,March,3,75 to 84,12,25.3377727655225,17024,950,974,70.4887218045113,275.2019144481,64.8967551622419,168.350168350168,28.6354976817283,31.5771451759629,25.4597374407119,NSW
10030,2014,November,11,75 to 84,13,25.2509972293303,16947,950,974,76.7097421372514,48.0451624527056,17.6813815052749,185.673215141351,24.2458673958446,17.6537536345429,27.1757963248337,NSW
10030,2014,December,12,75 to 84,13,27.8103170806051,16832,950,974,77.2338403041825,76.7097421372514,48.0451624527056,30.9463390480906,25.2509972293303,24.2458673958446,31.5423458477426,NSW
10030,2015,January,1,75 to 84,26,28.5110508236419,16733,950,974,155.381581306401,77.2338403041825,76.7097421372514,64.8967551622419,27.8103170806051,25.2509972293303,31.5771451759629,NSW
10030,2015,February,2,75 to 84,66,30.3045821136831,16934,950,974,389.74843510098,155.381581306401,77.2338403041825,275.2019144481,28.5110508236419,27.8103170806051,28.6354976817283,NSW
10030,2015,March,3,75 to 84,58,26.1382072047584,16381,950,974,354.068738172273,389.74843510098,155.381581306401,70.4887218045113,30.3045821136831,28.5110508236419,25.3377727655225,NSW
10030,2015,November,11,75 to 84,11,29.0858455318193,17065,950,974,64.4594198652212,123.116609016826,151.689824646563,76.7097421372514,23.4028744350879,19.6240753992649,25.2509972293303,NSW
10030,2015,December,12,75 to 84,26,26.2961867370157,16486,950,974,157.709571757855,64.4594198652212,123.116609016826,77.2338403041825,29.0858455318193,23.4028744350879,27.8103170806051,NSW
10030,2016,January,1,75 to 84,15,30.9145176731958,16976,950,974,88.3600377002828,157.709571757855,64.4594198652212,155.381581306401,26.2961867370157,29.0858455318193,28.5110508236419,NSW
10030,2016,February,2,75 to 84,34,27.2730984758901,16970,950,974,200.353565114909,88.3600377002828,157.709571757855,389.74843510098,30.9145176731958,26.2961867370157,30.3045821136831,NSW
10030,2016,March,3,75 to 84,44,25.5980536443921,17399,950,974,252.88809701707,200.353565114909,88.3600377002828,354.068738172273,27.2730984758901,30.9145176731958,26.1382072047584,NSW
10030,2016,November,11,75 to 84,19,24.8976089451206,16958,950,974,112.04151432952,79.1091097182499,213.317959066013,64.4594198652212,20.9323490744071,18.8955038984357,29.0858455318193,NSW
10030,2016,December,12,75 to 84,49,31.1703325089647,16882,950,974,290.249970382656,112.04151432952,79.1091097182499,157.709571757855,24.8976089451206,20.9323490744071,26.2961867370157,NSW
10030,2011,January,1,85+,26,30.2527335177016,16216,950,974,160.335471139615,143.767970996375,310.636182902585,624.808575803982,32.0795552478891,26.4972494638629,31.047271590622,NSW
10030,2011,February,2,85+,45,28.4278689990353,15655,950,974,287.448099648675,160.335471139615,143.767970996375,200.230568533463,30.2527335177016,32.0795552478891,29.7384381590124,NSW
10030,2011,March,3,85+,60,23.8378606362112,16357,950,974,366.815430702452,287.448099648675,160.335471139615,190.370916236797,28.4278689990353,30.2527335177016,23.4690101650503,NSW
10030,2011,November,11,85+,5,26.1009074155495,16016,950,974,31.2187812187812,60.9458800585081,72.0461095100865,310.636182902585,20.569732223895,18.9116348333676,26.4972494638629,NSW
10030,2011,December,12,85+,59,27.9547833663274,15496,950,974,380.743417656169,31.2187812187812,60.9458800585081,143.767970996375,26.1009074155495,20.569732223895,32.0795552478891,NSW
10030,2012,January,1,85+,144,31.8348132786266,16352,950,974,880.626223091977,380.743417656169,31.2187812187812,160.335471139615,27.9547833663274,26.1009074155495,30.2527335177016,NSW
10030,2012,February,2,85+,55,27.7917913050516,16405,950,974,335.26363913441,880.626223091977,380.743417656169,287.448099648675,31.8348132786266,27.9547833663274,28.4278689990353,NSW
10030,2012,March,3,85+,62,28.3703271776954,16308,950,974,380.181506009321,335.26363913441,880.626223091977,366.815430702452,27.7917913050516,31.8348132786266,23.8378606362112,NSW
10030,2012,November,11,85+,6,26.1906077317437,16770,950,974,35.778175313059,35.4024073637007,171.254598503108,31.2187812187812,22.2697133967606,14.4546590344698,26.1009074155495,NSW
10030,2012,December,12,85+,29,30.262612152939,16443,950,974,176.36684303351,35.778175313059,35.4024073637007,380.743417656169,26.1906077317437,22.2697133967606,27.9547833663274,NSW
10030,2013,January,1,85+,146,28.268567584801,16423,950,974,888.997138159898,176.36684303351,35.778175313059,880.626223091977,30.262612152939,26.1906077317437,31.8348132786266,NSW
10030,2013,February,2,85+,107,26.6686938098676,16722,950,974,639.875612964956,888.997138159898,176.36684303351,335.26363913441,28.268567584801,30.262612152939,27.7917913050516,NSW
10030,2013,March,3,85+,25,24.116505441902,16396,950,974,152.476213710661,639.875612964956,888.997138159898,380.181506009321,26.6686938098676,28.268567584801,28.3703271776954,NSW
10030,2013,November,11,85+,26,24.7599545239322,16381,950,974,158.720468835846,133.446560718185,54.1385948026949,35.778175313059,20.6470088470282,18.3231071206949,26.1906077317437,NSW
10030,2013,December,12,85+,5,30.4615664118633,16978,950,974,29.4498763105195,158.720468835846,133.446560718185,176.36684303351,24.7599545239322,20.6470088470282,30.262612152939,NSW
10030,2014,January,1,85+,52,29.0783273218218,16493,950,974,315.285272539865,29.4498763105195,158.720468835846,888.997138159898,30.4615664118633,24.7599545239322,28.268567584801,NSW
10030,2014,February,2,85+,3,30.4757366326848,16709,950,974,17.9543958345802,315.285272539865,29.4498763105195,639.875612964956,29.0783273218218,30.4615664118633,26.6686938098676,NSW
10030,2014,March,3,85+,3,25.4526763779316,17021,950,974,17.6252864109042,17.9543958345802,315.285272539865,152.476213710661,30.4757366326848,29.0783273218218,24.116505441902,NSW
10030,2014,November,11,85+,61,26.300255731879,16527,950,974,369.092999334423,119.774823332136,257.084778189645,158.720468835846,24.2451584201937,15.698681693898,24.7599545239322,NSW
10030,2014,December,12,85+,13,29.0714353963477,17456,950,974,74.4729605866178,369.092999334423,119.774823332136,29.4498763105195,26.300255731879,24.2451584201937,30.4615664118633,NSW
10030,2015,January,1,85+,35,29.0339273852179,17344,950,974,201.79889298893,74.4729605866178,369.092999334423,315.285272539865,29.0714353963477,26.300255731879,29.0783273218218,NSW
10030,2015,February,2,85+,7,27.9244805281986,16925,950,974,41.3589364844904,201.79889298893,74.4729605866178,17.9543958345802,29.0339273852179,29.0714353963477,30.4757366326848,NSW
10030,2015,March,3,85+,37,26.5066949171092,17212,950,974,214.966302579596,41.3589364844904,201.79889298893,17.6252864109042,27.9244805281986,29.0339273852179,25.4526763779316,NSW
10030,2015,November,11,85+,17,26.7567175089188,16628,950,974,102.237190281453,394.442482044036,396.60748062725,369.092999334423,22.9184015850188,16.800439952373,26.300255731879,NSW
10030,2015,December,12,85+,20,27.5664817461811,16909,950,974,118.280205807558,102.237190281453,394.442482044036,74.4729605866178,26.7567175089188,22.9184015850188,29.0714353963477,NSW
10030,2016,January,1,85+,25,30.1057034735036,16987,950,974,147.171366338965,118.280205807558,102.237190281453,201.79889298893,27.5664817461811,26.7567175089188,29.0339273852179,NSW
10030,2016,February,2,85+,8,29.1721818356574,16812,950,974,47.5850582916964,147.171366338965,118.280205807558,41.3589364844904,30.1057034735036,27.5664817461811,27.9244805281986,NSW
10030,2016,March,3,85+,24,27.3947594943436,16349,950,974,146.797969294758,47.5850582916964,147.171366338965,214.966302579596,29.1721818356574,30.1057034735036,26.5066949171092,NSW
10030,2016,November,11,85+,65,23.0017806910008,17356,950,974,374.510255819313,196.225543948751,153.43306482547,102.237190281453,21.1444155806413,17.443009993809,26.7567175089188,NSW
10030,2016,December,12,85+,22,27.3609501390834,16926,950,974,129.977549332388,374.510255819313,196.225543948751,118.280205807558,23.0017806910008,21.1444155806413,27.5664817461811,NSW
10031,2011,January,1,75 to 84,8,29.4293399094728,19716,909,1062,40.5761817812944,81.5743856429081,159.170260833847,87.5611640484162,31.5098638742302,25.3436763066354,32.7196220511016,NSW
10031,2011,February,2,75 to 84,52,26.2444462800916,20637,909,1062,251.974608712507,40.5761817812944,81.5743856429081,25.1054428600121,29.4293399094728,31.5098638742302,28.4003045247009,NSW
10031,2011,March,3,75 to 84,82,24.848004405707,20191,909,1062,406.121539299688,251.974608712507,40.5761817812944,229.495110756336,26.2444462800916,29.4293399094728,25.7952683056138,NSW
10031,2011,November,11,75 to 84,62,30.1885664180498,19961,909,1062,310.605681078102,82.2241636260856,155.982690953004,159.170260833847,23.1895563348731,15.1276202872418,25.3436763066354,NSW
10031,2011,December,12,75 to 84,100,27.0418317288969,19265,909,1062,519.07604464054,310.605681078102,82.2241636260856,81.5743856429081,30.1885664180498,23.1895563348731,31.5098638742302,NSW
10031,2012,January,1,75 to 84,59,29.1533007258095,20827,909,1062,283.28611898017,519.07604464054,310.605681078102,40.5761817812944,27.0418317288969,30.1885664180498,29.4293399094728,NSW
10031,2012,February,2,75 to 84,16,29.0926084374912,20926,909,1062,76.4599063366147,283.28611898017,519.07604464054,251.974608712507,29.1533007258095,27.0418317288969,26.2444462800916,NSW
10031,2012,March,3,75 to 84,99,25.6235176036967,20438,909,1062,484.391819160388,76.4599063366147,283.28611898017,406.121539299688,29.0926084374912,29.1533007258095,24.848004405707,NSW
10031,2012,November,11,75 to 84,33,27.0303870643198,19981,909,1062,165.156899054101,320.133963750985,271.685437660541,310.605681078102,21.0649904649149,18.4870444586133,30.1885664180498,NSW
10031,2012,December,12,75 to 84,31,30.1137949579903,20196,909,1062,153.495741731036,165.156899054101,320.133963750985,519.07604464054,27.0303870643198,21.0649904649149,27.0418317288969,NSW
10031,2013,January,1,75 to 84,38,28.1828547494625,20652,909,1062,184.001549486733,153.495741731036,165.156899054101,283.28611898017,30.1137949579903,27.0303870643198,29.1533007258095,NSW
10031,2013,February,2,75 to 84,22,28.2386723753832,21319,909,1062,103.19433369295,184.001549486733,153.495741731036,76.4599063366147,28.1828547494625,30.1137949579903,29.0926084374912,NSW
10031,2013,March,3,75 to 84,46,25.777914975047,20579,909,1062,223.528840079693,103.19433369295,184.001549486733,484.391819160388,28.2386723753832,28.1828547494625,25.6235176036967,NSW
10031,2013,November,11,75 to 84,13,24.7955229623571,20063,909,1062,64.7958929372477,159.937963456599,306.460382581187,165.156899054101,20.6423987210498,17.220064800066,27.0303870643198,NSW
10031,2013,December,12,75 to 84,11,31.1451506977398,19797,909,1062,55.5639743395464,64.7958929372477,159.937963456599,153.495741731036,24.7955229623571,20.6423987210498,30.1137949579903,NSW
10031,2014,January,1,75 to 84,4,29.9586331245369,21430,909,1062,18.6654223051797,55.5639743395464,64.7958929372477,184.001549486733,31.1451506977398,24.7955229623571,28.1828547494625,NSW
10031,2014,February,2,75 to 84,28,29.2543130746155,21888,909,1062,127.923976608187,18.6654223051797,55.5639743395464,103.19433369295,29.9586331245369,31.1451506977398,28.2386723753832,NSW
10031,2014,March,3,75 to 84,39,25.9539441561217,20552,909,1062,189.762553522772,127.923976608187,18.6654223051797,223.528840079693,29.2543130746155,29.9586331245369,25.777914975047,NSW
10031,2014,November,11,75 to 84,19,24.3388358428814,20764,909,1062,91.5045270660759,52.348546138105,108.331691944061,64.7958929372477,23.0769386467838,17.1236631507293,24.7955229623571,NSW
10031,2014,December,12,75 to 84,20,29.3006316608262,20226,909,1062,98.8826263225551,91.5045270660759,52.348546138105,55.5639743395464,24.3388358428814,23.0769386467838,31.1451506977398,NSW
10031,2015,January,1,75 to 84,19,27.4496196300846,20885,909,1062,90.9743835288485,98.8826263225551,91.5045270660759,18.6654223051797,29.3006316608262,24.3388358428814,29.9586331245369,NSW
10031,2015,February,2,75 to 84,42,27.9175928358627,20401,909,1062,205.872261163668,90.9743835288485,98.8826263225551,127.923976608187,27.4496196300846,29.3006316608262,29.2543130746155,NSW
10031,2015,March,3,75 to 84,10,24.1526355038086,20762,909,1062,48.1649166746942,205.872261163668,90.9743835288485,189.762553522772,27.9175928358627,27.4496196300846,25.9539441561217,NSW
10031,2015,November,11,75 to 84,3,26.5948051434437,21790,909,1062,13.7677833868747,23.9681702698816,136.999244142101,91.5045270660759,22.606121054449,17.7133352977466,24.3388358428814,NSW
10031,2015,December,12,75 to 84,26,30.5292844720364,20705,909,1062,125.573532963052,13.7677833868747,23.9681702698816,98.8826263225551,26.5948051434437,22.606121054449,29.3006316608262,NSW
10031,2016,January,1,75 to 84,67,31.4486346644396,20768,909,1062,322.611710323575,125.573532963052,13.7677833868747,90.9743835288485,30.5292844720364,26.5948051434437,27.4496196300846,NSW
10031,2016,February,2,75 to 84,60,27.9285042802335,21254,909,1062,282.299802390138,322.611710323575,125.573532963052,205.872261163668,31.4486346644396,30.5292844720364,27.9175928358627,NSW
10031,2016,March,3,75 to 84,15,26.0589590563316,20461,909,1062,73.3101998924784,282.299802390138,322.611710323575,48.1649166746942,27.9285042802335,31.4486346644396,24.1526355038086,NSW
10031,2016,November,11,75 to 84,9,27.1704861728979,21089,909,1062,42.6762767319456,115.763071580166,61.6376653548907,13.7677833868747,23.4731129280784,17.2566344391456,26.5948051434437,NSW
10031,2016,December,12,75 to 84,34,28.8864214029428,20982,909,1062,162.043656467448,42.6762767319456,115.763071580166,125.573532963052,27.1704861728979,23.4731129280784,30.5292844720364,NSW
10031,2011,January,1,85+,16,29.9164462941789,20256,909,1062,78.9889415481833,34.817209649341,248.554326874303,252.226283008185,29.9962631845263,25.0707362883065,28.7129320591918,NSW
10031,2011,February,2,85+,23,29.6802486270866,19559,909,1062,117.592923973618,78.9889415481833,34.817209649341,450.519633440844,29.9164462941789,29.9962631845263,32.0404860823042,NSW
10031,2011,March,3,85+,18,27.1129332541471,19735,909,1062,91.2085127945275,117.592923973618,78.9889415481833,777.742979434179,29.6802486270866,29.9164462941789,25.9922785737562,NSW
10031,2011,November,11,85+,25,26.470879317697,20410,909,1062,122.488975992161,25.8504808189432,30.016509079994,248.554326874303,19.1044459776597,20.6037528411025,25.0707362883065,NSW
10031,2011,December,12,85+,36,29.6372247881402,20250,909,1062,177.777777777778,122.488975992161,25.8504808189432,34.817209649341,26.470879317697,19.1044459776597,29.9962631845263,NSW
10031,2012,January,1,85+,44,31.3419794394976,19966,909,1062,220.374636882701,177.777777777778,122.488975992161,78.9889415481833,29.6372247881402,26.470879317697,29.9164462941789,NSW
10031,2012,February,2,85+,32,29.7125101911275,20199,909,1062,158.423684340809,220.374636882701,177.777777777778,117.592923973618,31.3419794394976,29.6372247881402,29.6802486270866,NSW
10031,2012,March,3,85+,28,27.0482169103287,20418,909,1062,137.133901459497,158.423684340809,220.374636882701,91.2085127945275,29.7125101911275,31.3419794394976,27.1129332541471,NSW
10031,2012,November,11,85+,12,25.8526337151278,20554,909,1062,58.3827965359541,14.9001688685805,0,122.488975992161,22.2543490861948,18.5724599287103,26.470879317697,NSW
10031,2012,December,12,85+,16,30.7424847820514,19763,909,1062,80.9593685169256,58.3827965359541,14.9001688685805,177.777777777778,25.8526337151278,22.2543490861948,29.6372247881402,NSW
10031,2013,January,1,85+,23,31.0373607698913,20518,909,1062,112.096695584365,80.9593685169256,58.3827965359541,220.374636882701,30.7424847820514,25.8526337151278,31.3419794394976,NSW
10031,2013,February,2,85+,70,29.4968073902919,20732,909,1062,337.642292108817,112.096695584365,80.9593685169256,158.423684340809,31.0373607698913,30.7424847820514,29.7125101911275,NSW
10031,2013,March,3,85+,18,26.7655230824453,20293,909,1062,88.7005371310304,337.642292108817,112.096695584365,137.133901459497,29.4968073902919,31.0373607698913,27.0482169103287,NSW
10031,2013,November,11,85+,18,25.4882820561859,20527,909,1062,87.6893847128173,141.366871404894,44.5875650235323,58.3827965359541,22.5822580721314,17.7793765728967,25.8526337151278,NSW
10031,2013,December,12,85+,39,32.3140050840013,21507,909,1062,181.336309108662,87.6893847128173,141.366871404894,80.9593685169256,25.4882820561859,22.5822580721314,30.7424847820514,NSW
10031,2014,January,1,85+,8,31.2978619130533,20836,909,1062,38.3950854290651,181.336309108662,87.6893847128173,112.096695584365,32.3140050840013,25.4882820561859,31.0373607698913,NSW
10031,2014,February,2,85+,36,29.7117858056828,21039,909,1062,171.11079423927,38.3950854290651,181.336309108662,337.642292108817,31.2978619130533,32.3140050840013,29.4968073902919,NSW
10031,2014,March,3,85+,90,27.8453553139795,20544,909,1062,438.084112149533,171.11079423927,38.3950854290651,88.7005371310304,29.7117858056828,31.2978619130533,26.7655230824453,NSW
10031,2014,November,11,85+,35,25.6987189171404,20715,909,1062,168.959691045136,188.597127520673,231.866525530521,87.6893847128173,23.8686969429858,21.032773365397,25.4882820561859,NSW
10031,2014,December,12,85+,15,28.8091515085422,20348,909,1062,73.7173186553961,168.959691045136,188.597127520673,181.336309108662,25.6987189171404,23.8686969429858,32.3140050840013,NSW
10031,2015,January,1,85+,16,28.5898651054916,20687,909,1062,77.3432590515783,73.7173186553961,168.959691045136,38.3950854290651,28.8091515085422,25.6987189171404,31.2978619130533,NSW
10031,2015,February,2,85+,62,28.7916129593448,20830,909,1062,297.647623619779,77.3432590515783,73.7173186553961,171.11079423927,28.5898651054916,28.8091515085422,29.7117858056828,NSW
10031,2015,March,3,85+,60,26.800269979153,20701,909,1062,289.841070479687,297.647623619779,77.3432590515783,438.084112149533,28.7916129593448,28.5898651054916,27.8453553139795,NSW
10031,2015,November,11,85+,36,27.8589201724313,20884,909,1062,172.380769967439,304.939012197561,355.73862572552,168.959691045136,20.0450491410544,19.1418901205088,25.6987189171404,NSW
10031,2015,December,12,85+,44,26.5049281553246,20718,909,1062,212.375711941307,172.380769967439,304.939012197561,73.7173186553961,27.8589201724313,20.0450491410544,28.8091515085422,NSW
10031,2016,January,1,85+,58,31.1546227357074,21230,909,1062,273.198304286387,212.375711941307,172.380769967439,77.3432590515783,26.5049281553246,27.8589201724313,28.5898651054916,NSW
10031,2016,February,2,85+,47,29.2627726686976,20696,909,1062,227.097023579436,273.198304286387,212.375711941307,297.647623619779,31.1546227357074,26.5049281553246,28.7916129593448,NSW
10031,2016,March,3,85+,138,25.1571564717211,20951,909,1062,658.679776621641,227.097023579436,273.198304286387,289.841070479687,29.2627726686976,31.1546227357074,26.800269979153,NSW
10031,2016,November,11,85+,58,24.3322582317724,21146,909,1062,274.283552444907,84.1868949066929,181.648812296227,172.380769967439,20.9237495661359,17.7877742320882,27.8589201724313,NSW
10031,2016,December,12,85+,141,26.5272534422604,21714,909,1062,649.350649350649,274.283552444907,84.1868949066929,212.375711941307,24.3322582317724,20.9237495661359,26.5049281553246,NSW
10032,2011,January,1,75 to 84,7,33.7795732273183,6067,1136,1076,115.378275918906,101.540023692672,212.835625409299,171.086398631309,31.5534228997659,29.5033301048082,30.2585868394767,NSW
10032,2011,February,2,75 to 84,10,31.8390144923506,6032,1136,1076,165.7824933687,115.378275918906,101.540023692672,69.3000693000693,33.7795732273183,31.5534228997659,29.0875477494119,NSW
10032,2011,March,3,75 to 84,1,23.3892693256696,6036,1136,1076,16.5672630881378,165.7824933687,115.378275918906,103.145951521403,31.8390144923506,33.7795732273183,27.9586613620978,NSW
10032,2011,November,11,75 to 84,27,27.6156209706031,5985,1136,1076,451.127819548872,68.5635927322592,33.4560053529609,212.835625409299,23.7623859198805,20.942171601039,29.5033301048082,NSW
10032,2011,December,12,75 to 84,2,27.6848778438901,6111,1136,1076,32.7278677794142,451.127819548872,68.5635927322592,101.540023692672,27.6156209706031,23.7623859198805,31.5534228997659,NSW
10032,2012,January,1,75 to 84,4,30.7275954909727,6104,1136,1076,65.5307994757536,32.7278677794142,451.127819548872,115.378275918906,27.6848778438901,27.6156209706031,33.7795732273183,NSW
10032,2012,February,2,75 to 84,15,29.4177327748455,6204,1136,1076,241.779497098646,65.5307994757536,32.7278677794142,165.7824933687,30.7275954909727,27.6848778438901,31.8390144923506,NSW
10032,2012,March,3,75 to 84,5,26.1207557876532,6283,1136,1076,79.5798185580137,241.779497098646,65.5307994757536,16.5672630881378,29.4177327748455,30.7275954909727,23.3892693256696,NSW
10032,2012,November,11,75 to 84,63,24.6916509855081,5846,1136,1076,1077.65993841943,446.724023825281,112.939657954179,451.127819548872,20.8540069743301,16.871418180828,27.6156209706031,NSW
10032,2012,December,12,75 to 84,13,27.052504283491,6324,1136,1076,205.566097406705,1077.65993841943,446.724023825281,32.7278677794142,24.6916509855081,20.8540069743301,27.6848778438901,NSW
10032,2013,January,1,75 to 84,17,29.1763407003082,6065,1136,1076,280.296784830998,205.566097406705,1077.65993841943,65.5307994757536,27.052504283491,24.6916509855081,30.7275954909727,NSW
10032,2013,February,2,75 to 84,6,29.948842954929,6077,1136,1076,98.7329274312984,280.296784830998,205.566097406705,241.779497098646,29.1763407003082,27.052504283491,29.4177327748455,NSW
10032,2013,March,3,75 to 84,6,25.5515258063313,6107,1136,1076,98.2479122318651,98.7329274312984,280.296784830998,79.5798185580137,29.948842954929,29.1763407003082,26.1207557876532,NSW
10032,2013,November,11,75 to 84,18,25.2350340687,6207,1136,1076,289.995166747221,32.536196518627,16.3238654913484,1077.65993841943,23.4968688094225,16.4325763415621,24.6916509855081,NSW
10032,2013,December,12,75 to 84,12,27.3072086072574,6204,1136,1076,193.423597678917,289.995166747221,32.536196518627,205.566097406705,25.2350340687,23.4968688094225,27.052504283491,NSW
10032,2014,January,1,75 to 84,12,30.0987387224146,6314,1136,1076,190.053848590434,193.423597678917,289.995166747221,280.296784830998,27.3072086072574,25.2350340687,29.1763407003082,NSW
10032,2014,February,2,75 to 84,12,28.973860065766,6135,1136,1076,195.59902200489,190.053848590434,193.423597678917,98.7329274312984,30.0987387224146,27.3072086072574,29.948842954929,NSW
10032,2014,March,3,75 to 84,8,25.1142862262126,6143,1136,1076,130.229529545825,195.59902200489,190.053848590434,98.2479122318651,28.973860065766,30.0987387224146,25.5515258063313,NSW
10032,2014,November,11,75 to 84,5,24.8647857182961,6324,1136,1076,79.0638836179633,109.443402126329,32.1802091713596,289.995166747221,23.6124313725873,17.799639616626,25.2350340687,NSW
10032,2014,December,12,75 to 84,3,28.8714439955648,6252,1136,1076,47.9846449136276,79.0638836179633,109.443402126329,193.423597678917,24.8647857182961,23.6124313725873,27.3072086072574,NSW
10032,2015,January,1,75 to 84,11,28.2932915932502,6332,1136,1076,173.720783322805,47.9846449136276,79.0638836179633,190.053848590434,28.8714439955648,24.8647857182961,30.0987387224146,NSW
10032,2015,February,2,75 to 84,15,29.9874195121374,6327,1136,1076,237.079184447606,173.720783322805,47.9846449136276,195.59902200489,28.2932915932502,28.8714439955648,28.973860065766,NSW
10032,2015,March,3,75 to 84,7,27.4157951565978,6144,1136,1076,113.932291666667,237.079184447606,173.720783322805,130.229529545825,29.9874195121374,28.2932915932502,25.1142862262126,NSW
10032,2015,November,11,75 to 84,5,25.0218675070398,6296,1136,1076,79.4155019059721,127.959053103007,63.8569604086846,79.0638836179633,20.5911518957805,21.046741445565,24.8647857182961,NSW
10032,2015,December,12,75 to 84,9,29.1229718856655,6256,1136,1076,143.86189258312,79.4155019059721,127.959053103007,47.9846449136276,25.0218675070398,20.5911518957805,28.8714439955648,NSW
10032,2016,January,1,75 to 84,5,27.9792635499952,6284,1136,1076,79.5671546785487,143.86189258312,79.4155019059721,173.720783322805,29.1229718856655,25.0218675070398,28.2932915932502,NSW
10032,2016,February,2,75 to 84,4,27.881628395282,6400,1136,1076,62.5,79.5671546785487,143.86189258312,237.079184447606,27.9792635499952,29.1229718856655,29.9874195121374,NSW
10032,2016,March,3,75 to 84,4,25.8673952401559,6406,1136,1076,62.4414611301905,62.5,79.5671546785487,113.932291666667,27.881628395282,27.9792635499952,27.4157951565978,NSW
10032,2016,November,11,75 to 84,4,26.0439956427998,6402,1136,1076,62.4804748516089,499.436120509103,156.274417877793,79.4155019059721,21.4219159685584,15.1490967905924,25.0218675070398,NSW
10032,2016,December,12,75 to 84,0,29.1639434311074,6304,1136,1076,0,62.4804748516089,499.436120509103,143.86189258312,26.0439956427998,21.4219159685584,29.1229718856655,NSW
10032,2011,January,1,85+,13,29.8586304056108,5837,1136,1076,222.71714922049,16.9204737732657,51.8672199170125,133.645172068159,28.9927586890833,27.6938211592838,29.9161558109872,NSW
10032,2011,February,2,85+,8,28.4458288915542,5976,1136,1076,133.868808567604,222.71714922049,16.9204737732657,316.297652738472,29.8586304056108,28.9927586890833,29.0270021570667,NSW
10032,2011,March,3,85+,0,24.3571577155847,5993,1136,1076,0,133.868808567604,222.71714922049,114.453891432309,28.4458288915542,29.8586304056108,26.3344018329272,NSW
10032,2011,November,11,85+,1,27.6264469711383,6060,1136,1076,16.5016501650165,33.82949932341,83.139341536415,51.8672199170125,19.7544181289382,17.902371082859,27.6938211592838,NSW
10032,2011,December,12,85+,0,27.8000202965787,5961,1136,1076,0,16.5016501650165,33.82949932341,16.9204737732657,27.6264469711383,19.7544181289382,28.9927586890833,NSW
10032,2012,January,1,85+,5,31.6273840468682,6060,1136,1076,82.5082508250825,0,16.5016501650165,222.71714922049,27.8000202965787,27.6264469711383,29.8586304056108,NSW
10032,2012,February,2,85+,10,28.7509517398271,6002,1136,1076,166.611129623459,82.5082508250825,0,133.868808567604,31.6273840468682,27.8000202965787,28.4458288915542,NSW
10032,2012,March,3,85+,1,27.6174597545732,6057,1136,1076,16.5098233448902,166.611129623459,82.5082508250825,0,28.7509517398271,31.6273840468682,24.3571577155847,NSW
10032,2012,November,11,85+,4,24.3228245104202,6231,1136,1076,64.1951532659284,238.815475242796,66.4783114508892,16.5016501650165,21.7306261918255,17.1052881941074,27.6264469711383,NSW
10032,2012,December,12,85+,13,26.9448589275731,6078,1136,1076,213.886146758802,64.1951532659284,238.815475242796,0,24.3228245104202,21.7306261918255,27.8000202965787,NSW
10032,2013,January,1,85+,11,28.9678934461502,6160,1136,1076,178.571428571429,213.886146758802,64.1951532659284,82.5082508250825,26.9448589275731,24.3228245104202,31.6273840468682,NSW
10032,2013,February,2,85+,6,25.6029052407511,5986,1136,1076,100.233879051119,178.571428571429,213.886146758802,166.611129623459,28.9678934461502,26.9448589275731,28.7509517398271,NSW
10032,2013,March,3,85+,2,23.9494428239946,6406,1136,1076,31.2207305650952,100.233879051119,178.571428571429,16.5098233448902,25.6029052407511,28.9678934461502,27.6174597545732,NSW
10032,2013,November,11,85+,10,28.3299090499253,6295,1136,1076,158.856235107228,214.415305954148,32.123353678124,64.1951532659284,22.5416422758188,15.608500518394,24.3228245104202,NSW
10032,2013,December,12,85+,32,27.5843824246784,6120,1136,1076,522.875816993464,158.856235107228,214.415305954148,213.886146758802,28.3299090499253,22.5416422758188,26.9448589275731,NSW
10032,2014,January,1,85+,38,30.7666542575918,6234,1136,1076,609.560474815528,522.875816993464,158.856235107228,178.571428571429,27.5843824246784,28.3299090499253,28.9678934461502,NSW
10032,2014,February,2,85+,14,27.9452085316954,6171,1136,1076,226.867606546751,609.560474815528,522.875816993464,100.233879051119,30.7666542575918,27.5843824246784,25.6029052407511,NSW
10032,2014,March,3,85+,5,25.5710490193721,6071,1136,1076,82.3587547356284,226.867606546751,609.560474815528,31.2207305650952,27.9452085316954,30.7666542575918,23.9494428239946,NSW
10032,2014,November,11,85+,6,26.2736191339371,6269,1136,1076,95.7090445047057,31.8268618714195,133.779264214047,158.856235107228,22.3625328945132,18.4723370977337,28.3299090499253,NSW
10032,2014,December,12,85+,8,28.7847896671848,6168,1136,1076,129.70168612192,95.7090445047057,31.8268618714195,522.875816993464,26.2736191339371,22.3625328945132,27.5843824246784,NSW
10032,2015,January,1,85+,51,31.1811530154807,6325,1136,1076,806.324110671937,129.70168612192,95.7090445047057,609.560474815528,28.7847896671848,26.2736191339371,30.7666542575918,NSW
10032,2015,February,2,85+,30,28.7680404990273,6296,1136,1076,476.493011435832,806.324110671937,129.70168612192,226.867606546751,31.1811530154807,28.7847896671848,27.9452085316954,NSW
10032,2015,March,3,85+,18,30.2005214838993,6324,1136,1076,284.629981024668,476.493011435832,806.324110671937,82.3587547356284,28.7680404990273,31.1811530154807,25.5710490193721,NSW
10032,2015,November,11,85+,13,26.7596757584823,6290,1136,1076,206.677265500795,108.695652173913,77.9666302822392,95.7090445047057,22.1914689926185,16.7090694909093,26.2736191339371,NSW
10032,2015,December,12,85+,35,31.0047846300758,6202,1136,1076,564.334085778781,206.677265500795,108.695652173913,129.70168612192,26.7596757584823,22.1914689926185,28.7847896671848,NSW
10032,2016,January,1,85+,11,30.3207332698582,6322,1136,1076,173.995571021829,564.334085778781,206.677265500795,806.324110671937,31.0047846300758,26.7596757584823,31.1811530154807,NSW
10032,2016,February,2,85+,18,28.3119049716088,6391,1136,1076,281.646064778595,173.995571021829,564.334085778781,476.493011435832,30.3207332698582,31.0047846300758,28.7680404990273,NSW
10032,2016,March,3,85+,13,26.9592590046762,6148,1136,1076,211.450878334418,281.646064778595,173.995571021829,284.629981024668,28.3119049716088,30.3207332698582,30.2005214838993,NSW
10032,2016,November,11,85+,3,27.3256935168957,6333,1136,1076,47.3709142586452,623.401534526854,260.883743681722,206.677265500795,22.3391795301369,17.6095835486417,26.7596757584823,NSW
10032,2016,December,12,85+,1,28.1272920073366,6253,1136,1076,15.9923236846314,47.3709142586452,623.401534526854,564.334085778781,27.3256935168957,22.3391795301369,31.0047846300758,NSW
10033,2011,January,1,75 to 84,52,32.2708333661132,15551,1133,1016,334.383640923413,100.933636134242,68.9093528785316,446.297492512772,30.0249908217813,24.8183476543384,26.736045666571,NSW
10033,2011,February,2,75 to 84,49,28.7952994783049,16388,1133,1016,298.999267756895,334.383640923413,100.933636134242,273.257226135536,32.2708333661132,30.0249908217813,27.7555769199059,NSW
10033,2011,March,3,75 to 84,22,26.3987393599042,17191,1133,1016,127.973939852248,298.999267756895,334.383640923413,290.732889158086,28.7952994783049,32.2708333661132,26.3807444732851,NSW
10033,2011,November,11,75 to 84,1,28.2577910249607,16124,1133,1016,6.20193500372116,30.1841231512225,173.413861149315,68.9093528785316,24.6178663030435,16.9727236010623,24.8183476543384,NSW
10033,2011,December,12,75 to 84,29,29.0584435608932,15861,1133,1016,182.838408675367,6.20193500372116,30.1841231512225,100.933636134242,28.2577910249607,24.6178663030435,30.0249908217813,NSW
10033,2012,January,1,75 to 84,47,28.5729198269925,16462,1133,1016,285.506013850079,182.838408675367,6.20193500372116,334.383640923413,29.0584435608932,28.2577910249607,32.2708333661132,NSW
10033,2012,February,2,75 to 84,21,30.6164169284321,16518,1133,1016,127.13403559753,285.506013850079,182.838408675367,298.999267756895,28.5729198269925,29.0584435608932,28.7952994783049,NSW
10033,2012,March,3,75 to 84,14,24.8911963865515,16233,1133,1016,86.244070720138,127.13403559753,285.506013850079,127.973939852248,30.6164169284321,28.5729198269925,26.3987393599042,NSW
10033,2012,November,11,75 to 84,9,25.8704422088684,16691,1133,1016,53.9212749385897,73.0237935860768,50.3271263210871,6.20193500372116,21.8778616336398,18.8974636407534,28.2577910249607,NSW
10033,2012,December,12,75 to 84,54,30.8513565669295,16601,1133,1016,325.281609541594,53.9212749385897,73.0237935860768,182.838408675367,25.8704422088684,21.8778616336398,29.0584435608932,NSW
10033,2013,January,1,75 to 84,28,31.8161982965094,16451,1133,1016,170.202419305817,325.281609541594,53.9212749385897,285.506013850079,30.8513565669295,25.8704422088684,28.5729198269925,NSW
10033,2013,February,2,75 to 84,3,29.6427984640108,16659,1133,1016,18.0082838105529,170.202419305817,325.281609541594,127.13403559753,31.8161982965094,30.8513565669295,30.6164169284321,NSW
10033,2013,March,3,75 to 84,42,26.0853009605756,16526,1133,1016,254.144983662108,18.0082838105529,170.202419305817,86.244070720138,29.6427984640108,31.8161982965094,24.8911963865515,NSW
10033,2013,November,11,75 to 84,1,24.2424508092382,16494,1133,1016,6.06281071904935,161.107464645862,214.2602071182,53.9212749385897,22.1764782521565,18.3411982934154,25.8704422088684,NSW
10033,2013,December,12,75 to 84,18,27.8500177488419,16889,1133,1016,106.578246195749,6.06281071904935,161.107464645862,325.281609541594,24.2424508092382,22.1764782521565,30.8513565669295,NSW
10033,2014,January,1,75 to 84,62,30.1903763543218,16963,1133,1016,365.501385368154,106.578246195749,6.06281071904935,170.202419305817,27.8500177488419,24.2424508092382,31.8161982965094,NSW
10033,2014,February,2,75 to 84,37,29.6057951132001,17007,1133,1016,217.557476333275,365.501385368154,106.578246195749,18.0082838105529,30.1903763543218,27.8500177488419,29.6427984640108,NSW
10033,2014,March,3,75 to 84,22,26.4879314696913,17082,1133,1016,128.790539749444,217.557476333275,365.501385368154,254.144983662108,29.6057951132001,30.1903763543218,26.0853009605756,NSW
10033,2014,November,11,75 to 84,12,28.3825096942835,16430,1133,1016,73.0371272063299,87.719298245614,11.889899530349,6.06281071904935,22.1193627363721,17.2862022358161,24.2424508092382,NSW
10033,2014,December,12,75 to 84,1,31.1147977159098,16878,1133,1016,5.92487261523877,73.0371272063299,87.719298245614,106.578246195749,28.3825096942835,22.1193627363721,27.8500177488419,NSW
10033,2015,January,1,75 to 84,18,28.2569699677139,16697,1133,1016,107.803797089297,5.92487261523877,73.0371272063299,365.501385368154,31.1147977159098,28.3825096942835,30.1903763543218,NSW
10033,2015,February,2,75 to 84,12,30.7173948669522,16679,1133,1016,71.9467593980455,107.803797089297,5.92487261523877,217.557476333275,28.2569699677139,31.1147977159098,29.6057951132001,NSW
10033,2015,March,3,75 to 84,17,26.963799642347,17130,1133,1016,99.241097489784,71.9467593980455,107.803797089297,128.790539749444,30.7173948669522,28.2569699677139,26.4879314696913,NSW
10033,2015,November,11,75 to 84,7,26.1017217566843,16563,1133,1016,42.2628750830164,222.352252779403,48.3558994197292,73.0371272063299,25.3250088369578,18.4904807917203,28.3825096942835,NSW
10033,2015,December,12,75 to 84,20,28.9846023178943,17154,1133,1016,116.590882592981,42.2628750830164,222.352252779403,5.92487261523877,26.1017217566843,25.3250088369578,31.1147977159098,NSW
10033,2016,January,1,75 to 84,73,31.2616172897588,17138,1133,1016,425.954020305753,116.590882592981,42.2628750830164,107.803797089297,28.9846023178943,26.1017217566843,28.2569699677139,NSW
10033,2016,February,2,75 to 84,10,27.7917865125632,17328,1133,1016,57.7100646352724,425.954020305753,116.590882592981,71.9467593980455,31.2616172897588,28.9846023178943,30.7173948669522,NSW
10033,2016,March,3,75 to 84,24,27.3662091211618,17328,1133,1016,138.504155124654,57.7100646352724,425.954020305753,99.241097489784,27.7917865125632,31.2616172897588,26.963799642347,NSW
10033,2016,November,11,75 to 84,10,25.8593308504904,17065,1133,1016,58.5994726047466,17.0862284998291,270.66651629638,42.2628750830164,21.5091973458668,19.7323354865848,26.1017217566843,NSW
10033,2016,December,12,75 to 84,18,27.2380124124979,16660,1133,1016,108.043217286915,58.5994726047466,17.0862284998291,116.590882592981,25.8593308504904,21.5091973458668,28.9846023178943,NSW
10033,2011,January,1,85+,17,29.379690453004,16604,1133,1016,102.384967477716,177.088422081094,144.626799974848,412.421154779233,28.998677875645,24.1649569423057,31.4495104341297,NSW
10033,2011,February,2,85+,21,28.5538702222622,17002,1133,1016,123.514880602282,102.384967477716,177.088422081094,420.811017597552,29.379690453004,28.998677875645,29.548073572306,NSW
10033,2011,March,3,85+,32,21.9292013717473,16228,1133,1016,197.190041902884,123.514880602282,102.384967477716,31.3656608744746,28.5538702222622,29.379690453004,28.4002123462368,NSW
10033,2011,November,11,85+,38,26.8495436299033,16118,1133,1016,235.76126070232,324.448120109422,536.494073611978,144.626799974848,20.9497377381981,17.2282333676274,24.1649569423057,NSW
10033,2011,December,12,85+,4,33.2767273192537,16033,1133,1016,24.9485436287657,235.76126070232,324.448120109422,177.088422081094,26.8495436299033,20.9497377381981,28.998677875645,NSW
10033,2012,January,1,85+,2,28.8403243055715,16518,1133,1016,12.108003390241,24.9485436287657,235.76126070232,102.384967477716,33.2767273192537,26.8495436299033,29.379690453004,NSW
10033,2012,February,2,85+,13,28.4931694214258,15849,1133,1016,82.0241024670326,12.108003390241,24.9485436287657,123.514880602282,28.8403243055715,33.2767273192537,28.5538702222622,NSW
10033,2012,March,3,85+,30,25.0624896290211,16702,1133,1016,179.619207280565,82.0241024670326,12.108003390241,197.190041902884,28.4931694214258,28.8403243055715,21.9292013717473,NSW
10033,2012,November,11,85+,85,24.6226875379601,16203,1133,1016,524.59421094859,749.131008030684,105.367546795587,235.76126070232,21.976870548203,16.8791829642658,26.8495436299033,NSW
10033,2012,December,12,85+,23,28.3670185255898,16047,1133,1016,143.328971147255,524.59421094859,749.131008030684,24.9485436287657,24.6226875379601,21.976870548203,33.2767273192537,NSW
10033,2013,January,1,85+,23,28.5536553381353,17144,1133,1016,134.157722818479,143.328971147255,524.59421094859,12.108003390241,28.3670185255898,24.6226875379601,28.8403243055715,NSW
10033,2013,February,2,85+,39,24.7377219853324,16255,1133,1016,239.926176561058,134.157722818479,143.328971147255,82.0241024670326,28.5536553381353,28.3670185255898,28.4931694214258,NSW
10033,2013,March,3,85+,40,24.3734074686056,16950,1133,1016,235.988200589971,239.926176561058,134.157722818479,179.619207280565,24.7377219853324,28.5536553381353,25.0624896290211,NSW
10033,2013,November,11,85+,25,25.1127741265209,16962,1133,1016,147.388279684,294.400384522951,86.9111767773336,524.59421094859,24.4773264773228,19.0382668003565,24.6226875379601,NSW
10033,2013,December,12,85+,37,29.569952468044,16408,1133,1016,225.49975621648,147.388279684,294.400384522951,143.328971147255,25.1127741265209,24.4773264773228,28.3670185255898,NSW
10033,2014,January,1,85+,10,29.9256416149544,16717,1133,1016,59.8193455763594,225.49975621648,147.388279684,134.157722818479,29.569952468044,25.1127741265209,28.5536553381353,NSW
10033,2014,February,2,85+,23,29.4436122419173,16086,1133,1016,142.981474574164,59.8193455763594,225.49975621648,239.926176561058,29.9256416149544,29.569952468044,24.7377219853324,NSW
10033,2014,March,3,85+,21,25.7239853608082,16766,1133,1016,125.253489204342,142.981474574164,59.8193455763594,235.988200589971,29.4436122419173,29.9256416149544,24.3734074686056,NSW
10033,2014,November,11,85+,20,23.8264057177146,16680,1133,1016,119.904076738609,34.9629974943185,40.3365218393454,147.388279684,23.21501785965,18.2163838534583,25.1127741265209,NSW
10033,2014,December,12,85+,25,30.0521703081301,16946,1133,1016,147.527440103859,119.904076738609,34.9629974943185,225.49975621648,23.8264057177146,23.21501785965,29.569952468044,NSW
10033,2015,January,1,85+,49,31.8995969612311,17043,1133,1016,287.508067828434,147.527440103859,119.904076738609,59.8193455763594,30.0521703081301,23.8264057177146,29.9256416149544,NSW
10033,2015,February,2,85+,68,29.1861139516975,17933,1133,1016,379.189204260302,287.508067828434,147.527440103859,142.981474574164,31.8995969612311,30.0521703081301,29.4436122419173,NSW
10033,2015,March,3,85+,17,23.6835961653267,16971,1133,1016,100.17087973602,379.189204260302,287.508067828434,125.253489204342,29.1861139516975,31.8995969612311,25.7239853608082,NSW
10033,2015,November,11,85+,4,24.2533374798065,17499,1133,1016,22.8584490542317,284.420710471326,542.099192618224,119.904076738609,19.5380020293748,18.1395218026075,23.8264057177146,NSW
10033,2015,December,12,85+,21,29.9913501637706,17173,1133,1016,122.284982239562,22.8584490542317,284.420710471326,147.527440103859,24.2533374798065,19.5380020293748,30.0521703081301,NSW
10033,2016,January,1,85+,91,33.7664312080864,17362,1133,1016,524.133164381984,122.284982239562,22.8584490542317,287.508067828434,29.9913501637706,24.2533374798065,31.8995969612311,NSW
10033,2016,February,2,85+,64,29.5101679986821,16835,1133,1016,380.16038016038,524.133164381984,122.284982239562,379.189204260302,33.7664312080864,29.9913501637706,29.1861139516975,NSW
10033,2016,March,3,85+,11,27.4743956416022,16755,1133,1016,65.6520441659206,380.16038016038,524.133164381984,100.17087973602,29.5101679986821,33.7664312080864,23.6835961653267,NSW
10033,2016,November,11,85+,21,26.2335181532944,17734,1133,1016,118.416600879666,45.7718274402106,217.204915690197,22.8584490542317,22.1598738804542,18.2157624306457,24.2533374798065,NSW
10033,2016,December,12,85+,50,26.4250696779821,17117,1133,1016,292.107261786528,118.416600879666,45.7718274402106,122.284982239562,26.2335181532944,22.1598738804542,29.9913501637706,NSW
10034,2011,January,1,75 to 84,60,29.076977597227,19393,866,871,309.389986077451,154.460719041278,272.647769947014,164.338537387017,29.6769976102505,26.1434149632161,31.2250923531957,NSW
10034,2011,February,2,75 to 84,39,30.9007016697302,19569,866,871,199.294803004752,309.389986077451,154.460719041278,153.058531693672,29.076977597227,29.6769976102505,28.0276654522546,NSW
10034,2011,March,3,75 to 84,131,28.75419718812,19343,866,871,677.247583104999,199.294803004752,309.389986077451,203.427757717541,30.9007016697302,29.076977597227,24.9965281839629,NSW
10034,2011,November,11,75 to 84,21,27.995765321521,19502,866,871,107.681263460158,143.934881874131,361.364926952661,272.647769947014,23.0766184768342,19.9523621275211,26.1434149632161,NSW
10034,2011,December,12,75 to 84,17,27.4498455658981,19998,866,871,85.008500850085,107.681263460158,143.934881874131,154.460719041278,27.995765321521,23.0766184768342,29.6769976102505,NSW
10034,2012,January,1,75 to 84,11,30.2974208389634,20577,866,871,53.4577440831997,85.008500850085,107.681263460158,309.389986077451,27.4498455658981,27.995765321521,29.076977597227,NSW
10034,2012,February,2,75 to 84,15,27.6755812861344,19399,866,871,77.3235733800711,53.4577440831997,85.008500850085,199.294803004752,30.2974208389634,27.4498455658981,30.9007016697302,NSW
10034,2012,March,3,75 to 84,107,26.910218426792,19507,866,871,548.521043727893,77.3235733800711,53.4577440831997,677.247583104999,27.6755812861344,30.2974208389634,28.75419718812,NSW
10034,2012,November,11,75 to 84,28,27.6810795155253,18932,866,871,147.897739277414,128.303823453939,306.936771025169,107.681263460158,21.6514787736386,17.8149907043173,27.995765321521,NSW
10034,2012,December,12,75 to 84,72,27.6327958410359,19593,866,871,367.478180983004,147.897739277414,128.303823453939,85.008500850085,27.6810795155253,21.6514787736386,27.4498455658981,NSW
10034,2013,January,1,75 to 84,58,32.0110999130668,19638,866,871,295.345758223852,367.478180983004,147.897739277414,53.4577440831997,27.6327958410359,27.6810795155253,30.2974208389634,NSW
10034,2013,February,2,75 to 84,14,30.0750856110275,20114,866,871,69.6032614099632,295.345758223852,367.478180983004,77.3235733800711,32.0110999130668,27.6327958410359,27.6755812861344,NSW
10034,2013,March,3,75 to 84,45,26.7384095978498,19713,866,871,228.275757114594,69.6032614099632,295.345758223852,548.521043727893,30.0750856110275,32.0110999130668,26.910218426792,NSW
10034,2013,November,11,75 to 84,55,26.0817344637688,19985,866,871,275.206404803603,84.5476699656836,83.5791543756146,147.897739277414,23.1817228416197,16.9913841079487,27.6810795155253,NSW
10034,2013,December,12,75 to 84,15,33.0664930539165,19569,866,871,76.6518473095202,275.206404803603,84.5476699656836,367.478180983004,26.0817344637688,23.1817228416197,27.6327958410359,NSW
10034,2014,January,1,75 to 84,62,29.10829256076,20410,866,871,303.772660460559,76.6518473095202,275.206404803603,295.345758223852,33.0664930539165,26.0817344637688,32.0110999130668,NSW
10034,2014,February,2,75 to 84,3,28.7862807769298,20424,866,871,14.6886016451234,303.772660460559,76.6518473095202,69.6032614099632,29.10829256076,33.0664930539165,30.0750856110275,NSW
10034,2014,March,3,75 to 84,8,27.2433220917091,19925,866,871,40.1505646173149,14.6886016451234,303.772660460559,228.275757114594,28.7862807769298,29.10829256076,26.7384095978498,NSW
10034,2014,November,11,75 to 84,48,28.0631895940747,20101,866,871,238.794089846276,230.131942313593,45.6458893340772,275.206404803603,23.5225489829712,15.9747786279959,26.0817344637688,NSW
10034,2014,December,12,75 to 84,35,26.4503402822217,21325,866,871,164.126611957796,238.794089846276,230.131942313593,76.6518473095202,28.0631895940747,23.5225489829712,33.0664930539165,NSW
10034,2015,January,1,75 to 84,31,31.3227066366197,20865,866,871,148.574167265756,164.126611957796,238.794089846276,303.772660460559,26.4503402822217,28.0631895940747,29.10829256076,NSW
10034,2015,February,2,75 to 84,27,27.2525758923459,19778,866,871,136.515320052584,148.574167265756,164.126611957796,14.6886016451234,31.3227066366197,26.4503402822217,28.7862807769298,NSW
10034,2015,March,3,75 to 84,33,28.1452783959667,19823,866,871,166.473288604147,136.515320052584,148.574167265756,40.1505646173149,27.2525758923459,31.3227066366197,27.2433220917091,NSW
10034,2015,November,11,75 to 84,42,27.6759255742373,20902,866,871,200.937709310114,169.103750124341,44.4159305137443,238.794089846276,20.0708676704185,18.6993450172687,28.0631895940747,NSW
10034,2015,December,12,75 to 84,49,28.3837667062038,20416,866,871,240.007836990596,200.937709310114,169.103750124341,164.126611957796,27.6759255742373,20.0708676704185,26.4503402822217,NSW
10034,2016,January,1,75 to 84,17,27.8441763213442,21112,866,871,80.5229253505116,240.007836990596,200.937709310114,148.574167265756,28.3837667062038,27.6759255742373,31.3227066366197,NSW
10034,2016,February,2,75 to 84,25,28.1920395269193,20196,866,871,123.786888492771,80.5229253505116,240.007836990596,136.515320052584,27.8441763213442,28.3837667062038,27.2525758923459,NSW
10034,2016,March,3,75 to 84,22,24.4403747672895,21023,866,871,104.64729106217,123.786888492771,80.5229253505116,166.473288604147,28.1920395269193,27.8441763213442,28.1452783959667,NSW
10034,2016,November,11,75 to 84,20,25.647098833079,20427,866,871,97.9096294120527,71.2758374910905,105.444785276074,200.937709310114,22.7021114893401,19.6587148523461,27.6759255742373,NSW
10034,2016,December,12,75 to 84,1,28.0450909081019,21488,866,871,4.65376023827252,97.9096294120527,71.2758374910905,240.007836990596,25.647098833079,22.7021114893401,28.3837667062038,NSW
10034,2011,January,1,85+,151,30.5771435829523,19402,866,871,778.270281414287,291.313559322034,484.669687071963,535.059111292295,27.0339305256983,25.0368559702882,29.802094048707,NSW
10034,2011,February,2,85+,17,24.8702893170656,19920,866,871,85.3413654618474,778.270281414287,291.313559322034,334.535570539961,30.5771435829523,27.0339305256983,28.1298819469108,NSW
10034,2011,March,3,85+,38,26.3379499253891,19252,866,871,197.38209017245,85.3413654618474,778.270281414287,272.956687438842,24.8702893170656,30.5771435829523,27.3437259947752,NSW
10034,2011,November,11,85+,125,26.8727421442794,18990,866,871,658.241179568194,123.271518919498,62.7385371464422,484.669687071963,21.1429817913806,17.1420492944176,25.0368559702882,NSW
10034,2011,December,12,85+,43,29.749684486489,19905,866,871,216.026124089425,658.241179568194,123.271518919498,291.313559322034,26.8727421442794,21.1429817913806,27.0339305256983,NSW
10034,2012,January,1,85+,83,27.6857020790215,19698,866,871,421.362574880699,216.026124089425,658.241179568194,778.270281414287,29.749684486489,26.8727421442794,30.5771435829523,NSW
10034,2012,February,2,85+,15,29.0981117183,19787,866,871,75.8073482589579,421.362574880699,216.026124089425,85.3413654618474,27.6857020790215,29.749684486489,24.8702893170656,NSW
10034,2012,March,3,85+,33,26.1443402655395,19685,866,871,167.640335280671,75.8073482589579,421.362574880699,197.38209017245,29.0981117183,27.6857020790215,26.3379499253891,NSW
10034,2012,November,11,85+,43,27.5411285795974,19742,866,871,217.809745719785,294.431189400477,169.869412888842,658.241179568194,21.7026972223141,14.4230498559457,26.8727421442794,NSW
10034,2012,December,12,85+,106,30.3745393428034,20299,866,871,522.193211488251,217.809745719785,294.431189400477,216.026124089425,27.5411285795974,21.7026972223141,29.749684486489,NSW
10034,2013,January,1,85+,228,30.6382102419583,19809,866,871,1150.99197334545,522.193211488251,217.809745719785,421.362574880699,30.3745393428034,27.5411285795974,27.6857020790215,NSW
10034,2013,February,2,85+,191,28.3820571299826,20447,866,871,934.12236513914,1150.99197334545,522.193211488251,75.8073482589579,30.6382102419583,30.3745393428034,29.0981117183,NSW
10034,2013,March,3,85+,45,22.6368095151997,20143,866,871,223.402670903043,934.12236513914,1150.99197334545,167.640335280671,28.3820571299826,30.6382102419583,26.1443402655395,NSW
10034,2013,November,11,85+,72,26.3172135451067,20784,866,871,346.420323325635,390.323824209715,427.522382054119,217.809745719785,19.4267041636556,19.9457070054208,27.5411285795974,NSW
10034,2013,December,12,85+,130,30.9307064608374,19708,866,871,659.630606860158,346.420323325635,390.323824209715,522.193211488251,26.3172135451067,19.4267041636556,30.3745393428034,NSW
10034,2014,January,1,85+,116,33.7465670016336,20290,866,871,571.710202069985,659.630606860158,346.420323325635,1150.99197334545,30.9307064608374,26.3172135451067,30.6382102419583,NSW
10034,2014,February,2,85+,83,26.7072240258658,20758,866,871,399.845842566721,571.710202069985,659.630606860158,934.12236513914,33.7465670016336,30.9307064608374,28.3820571299826,NSW
10034,2014,March,3,85+,46,27.1231047740624,19979,866,871,230.241753841534,399.845842566721,571.710202069985,223.402670903043,26.7072240258658,33.7465670016336,22.6368095151997,NSW
10034,2014,November,11,85+,79,26.4416564147664,21056,866,871,375.189969604863,136.692052333529,24.1510892141236,346.420323325635,20.6400636541392,16.7830936121838,26.3172135451067,NSW
10034,2014,December,12,85+,79,29.4015731914795,20749,866,871,380.741240541713,375.189969604863,136.692052333529,659.630606860158,26.4416564147664,20.6400636541392,30.9307064608374,NSW
10034,2015,January,1,85+,118,29.9484944839628,20340,866,871,580.137659783678,380.741240541713,375.189969604863,571.710202069985,29.4015731914795,26.4416564147664,33.7465670016336,NSW
10034,2015,February,2,85+,107,26.1864364762384,20050,866,871,533.665835411471,580.137659783678,380.741240541713,399.845842566721,29.9484944839628,29.4015731914795,26.7072240258658,NSW
10034,2015,March,3,85+,125,26.5208469714481,20058,866,871,623.192741050952,533.665835411471,580.137659783678,230.241753841534,26.1864364762384,29.9484944839628,27.1231047740624,NSW
10034,2015,November,11,85+,32,26.3275216133489,20061,866,871,159.513483874184,112.778268118074,19.7063750123165,375.189969604863,23.9450701064785,17.215138335251,26.4416564147664,NSW
10034,2015,December,12,85+,28,27.221209848981,20453,866,871,136.899232386447,159.513483874184,112.778268118074,380.741240541713,26.3275216133489,23.9450701064785,29.4015731914795,NSW
10034,2016,January,1,85+,23,30.2249152999677,20842,866,871,110.354092697438,136.899232386447,159.513483874184,580.137659783678,27.221209848981,26.3275216133489,29.9484944839628,NSW
10034,2016,February,2,85+,55,28.1451615291776,20497,866,871,268.331951017222,110.354092697438,136.899232386447,533.665835411471,30.2249152999677,27.221209848981,26.1864364762384,NSW
10034,2016,March,3,85+,67,27.2805465732082,20553,866,871,325.986473994064,268.331951017222,110.354092697438,623.192741050952,28.1451615291776,30.2249152999677,26.5208469714481,NSW
10034,2016,November,11,85+,17,25.0149600259329,21266,866,871,79.9398100253927,470.16625466531,179.9785971398,159.513483874184,20.8363695102956,17.7073552215084,26.3275216133489,NSW
10034,2016,December,12,85+,56,28.145514656904,20895,866,871,268.006700167504,79.9398100253927,470.16625466531,136.899232386447,25.0149600259329,20.8363695102956,27.221209848981,NSW
10035,2011,January,1,75 to 84,7,28.7357123988976,11891,1016,1016,58.8680514674964,106.24387054593,138.961264547507,146.29388816645,31.0723045653789,26.6448274941756,28.6565965416812,NSW
10035,2011,February,2,75 to 84,16,28.7198137600764,11716,1016,1016,136.565380675999,58.8680514674964,106.24387054593,8.43525938422607,28.7357123988976,31.0723045653789,29.7832888009131,NSW
10035,2011,March,3,75 to 84,6,25.9392273339727,12072,1016,1016,49.7017892644135,136.565380675999,58.8680514674964,17.2384071711774,28.7198137600764,28.7357123988976,28.1448362892027,NSW
10035,2011,November,11,75 to 84,29,25.7388113601937,12128,1016,1016,239.116094986807,117.164616285882,125.965737319449,138.961264547507,24.1438401164391,17.1700306063449,26.6448274941756,NSW
10035,2011,December,12,75 to 84,17,29.3314117413203,11707,1016,1016,145.212266165542,239.116094986807,117.164616285882,106.24387054593,25.7388113601937,24.1438401164391,31.0723045653789,NSW
10035,2012,January,1,75 to 84,32,29.7798845090512,12022,1016,1016,266.178672433871,145.212266165542,239.116094986807,58.8680514674964,29.3314117413203,25.7388113601937,28.7357123988976,NSW
10035,2012,February,2,75 to 84,67,28.1151255673181,11503,1016,1016,582.456750412936,266.178672433871,145.212266165542,136.565380675999,29.7798845090512,29.3314117413203,28.7198137600764,NSW
10035,2012,March,3,75 to 84,38,25.6543877227736,12633,1016,1016,300.799493390327,582.456750412936,266.178672433871,49.7017892644135,28.1151255673181,29.7798845090512,25.9392273339727,NSW
10035,2012,November,11,75 to 84,9,23.6455287946528,11775,1016,1016,76.4331210191083,97.2526136639922,133.067198935462,239.116094986807,23.295596750005,19.2438239083874,25.7388113601937,NSW
10035,2012,December,12,75 to 84,16,29.5890060521902,12184,1016,1016,131.319763624425,76.4331210191083,97.2526136639922,145.212266165542,23.6455287946528,23.295596750005,29.3314117413203,NSW
10035,2013,January,1,75 to 84,7,29.031684922101,11864,1016,1016,59.0020229265003,131.319763624425,76.4331210191083,266.178672433871,29.5890060521902,23.6455287946528,29.7798845090512,NSW
10035,2013,February,2,75 to 84,10,28.6184457172161,12107,1016,1016,82.5968448005286,59.0020229265003,131.319763624425,582.456750412936,29.031684922101,29.5890060521902,28.1151255673181,NSW
10035,2013,March,3,75 to 84,47,27.3972181897136,12335,1016,1016,381.029590595865,82.5968448005286,59.0020229265003,300.799493390327,28.6184457172161,29.031684922101,25.6543877227736,NSW
10035,2013,November,11,75 to 84,19,23.929033161269,12300,1016,1016,154.471544715447,217.076700434153,58.4746470637374,76.4331210191083,22.5024081905291,19.5043885265409,23.6455287946528,NSW
10035,2013,December,12,75 to 84,30,28.3302950130253,12473,1016,1016,240.519522167883,154.471544715447,217.076700434153,131.319763624425,23.929033161269,22.5024081905291,29.5890060521902,NSW
10035,2014,January,1,75 to 84,15,30.427055389288,12479,1016,1016,120.201939257953,240.519522167883,154.471544715447,59.0020229265003,28.3302950130253,23.929033161269,29.031684922101,NSW
10035,2014,February,2,75 to 84,69,30.0039850606032,12314,1016,1016,560.337826863732,120.201939257953,240.519522167883,82.5968448005286,30.427055389288,28.3302950130253,28.6184457172161,NSW
10035,2014,March,3,75 to 84,25,26.1698723453574,12714,1016,1016,196.633632216454,560.337826863732,120.201939257953,381.029590595865,30.0039850606032,30.427055389288,27.3972181897136,NSW
10035,2014,November,11,75 to 84,7,26.714647492787,12278,1016,1016,57.0125427594071,8.09257910496075,31.4762354422411,154.471544715447,23.1827153050797,18.033604938019,23.929033161269,NSW
10035,2014,December,12,75 to 84,0,31.4752931302187,12286,1016,1016,0,57.0125427594071,8.09257910496075,240.519522167883,26.714647492787,23.1827153050797,28.3302950130253,NSW
10035,2015,January,1,75 to 84,3,30.1323353416251,12195,1016,1016,24.60024600246,0,57.0125427594071,120.201939257953,31.4752931302187,26.714647492787,30.427055389288,NSW
10035,2015,February,2,75 to 84,9,26.3782567576548,12746,1016,1016,70.6103875725718,24.60024600246,0,560.337826863732,30.1323353416251,31.4752931302187,30.0039850606032,NSW
10035,2015,March,3,75 to 84,7,26.0118408559974,12536,1016,1016,55.8391831525207,70.6103875725718,24.60024600246,196.633632216454,26.3782567576548,30.1323353416251,26.1698723453574,NSW
10035,2015,November,11,75 to 84,39,24.9132794625028,12821,1016,1016,304.188440839248,257.16957605985,307.473982970672,57.0125427594071,20.5095729767616,22.8976433712078,26.714647492787,NSW
10035,2015,December,12,75 to 84,4,29.1639063662247,12603,1016,1016,31.7384749662779,304.188440839248,257.16957605985,0,24.9132794625028,20.5095729767616,31.4752931302187,NSW
10035,2016,January,1,75 to 84,12,27.3224187357758,12906,1016,1016,92.9800092980009,31.7384749662779,304.188440839248,24.60024600246,29.1639063662247,24.9132794625028,30.1323353416251,NSW
10035,2016,February,2,75 to 84,32,29.2748151398992,12393,1016,1016,258.210279996772,92.9800092980009,31.7384749662779,70.6103875725718,27.3224187357758,29.1639063662247,26.3782567576548,NSW
10035,2016,March,3,75 to 84,17,25.3939079924561,12525,1016,1016,135.728542914172,258.210279996772,92.9800092980009,55.8391831525207,29.2748151398992,27.3224187357758,26.0118408559974,NSW
10035,2016,November,11,75 to 84,13,27.6429488768568,12666,1016,1016,102.636980893731,254.432694601256,100.084687042882,304.188440839248,21.8769162101943,17.628155906772,24.9132794625028,NSW
10035,2016,December,12,75 to 84,12,30.3666091484439,12831,1016,1016,93.5234977788169,102.636980893731,254.432694601256,31.7384749662779,27.6429488768568,21.8769162101943,29.1639063662247,NSW
10035,2011,January,1,85+,5,29.008502278917,11484,1016,1016,43.5388366422849,134.736842105263,101.55721056195,322.96447390787,28.1527836835488,23.1481944447478,28.3894324658085,NSW
10035,2011,February,2,85+,8,31.2713905015638,12121,1016,1016,66.0011550202129,43.5388366422849,134.736842105263,366.697224768731,29.008502278917,28.1527836835488,28.7804195966421,NSW
10035,2011,March,3,85+,49,25.5854943110986,11835,1016,1016,414.026193493874,66.0011550202129,43.5388366422849,147.686248769281,31.2713905015638,29.008502278917,27.0840532080325,NSW
10035,2011,November,11,85+,67,24.6379955549737,12113,1016,1016,553.124742012714,90.208299163523,212.957654189532,101.55721056195,23.9614185621803,19.0577907310306,23.1481944447478,NSW
10035,2011,December,12,85+,20,27.642295972034,11980,1016,1016,166.944908180301,553.124742012714,90.208299163523,134.736842105263,24.6379955549737,23.9614185621803,28.1527836835488,NSW
10035,2012,January,1,85+,52,32.9719968865087,12262,1016,1016,424.074376121351,166.944908180301,553.124742012714,43.5388366422849,27.642295972034,24.6379955549737,29.008502278917,NSW
10035,2012,February,2,85+,68,31.2488241648544,12211,1016,1016,556.874948816641,424.074376121351,166.944908180301,66.0011550202129,32.9719968865087,27.642295972034,31.2713905015638,NSW
10035,2012,March,3,85+,1,26.4062708097194,12063,1016,1016,8.28981182127166,556.874948816641,424.074376121351,414.026193493874,31.2488241648544,32.9719968865087,25.5854943110986,NSW
10035,2012,November,11,85+,17,26.6251611830603,12476,1016,1016,136.261622314845,260.99013131066,354.376133179496,553.124742012714,20.5143793144983,15.4716488999659,24.6379955549737,NSW
10035,2012,December,12,85+,6,29.3098080618662,11814,1016,1016,50.7872016251905,136.261622314845,260.99013131066,166.944908180301,26.6251611830603,20.5143793144983,27.642295972034,NSW
10035,2013,January,1,85+,35,28.62487376972,12623,1016,1016,277.271646993583,50.7872016251905,136.261622314845,424.074376121351,29.3098080618662,26.6251611830603,32.9719968865087,NSW
10035,2013,February,2,85+,63,29.8008705800944,11999,1016,1016,525.043753646137,277.271646993583,50.7872016251905,556.874948816641,28.62487376972,29.3098080618662,31.2488241648544,NSW
10035,2013,March,3,85+,22,27.5738468300692,11952,1016,1016,184.069611780455,525.043753646137,277.271646993583,8.28981182127166,29.8008705800944,28.62487376972,26.4062708097194,NSW
10035,2013,November,11,85+,12,25.8460398264145,11949,1016,1016,100.426813959327,570.962479608483,507.822098451962,136.261622314845,23.5557906566455,19.4576061535077,26.6251611830603,NSW
10035,2013,December,12,85+,52,29.5079355650975,12185,1016,1016,426.754205990973,100.426813959327,570.962479608483,50.7872016251905,25.8460398264145,23.5557906566455,29.3098080618662,NSW
10035,2014,January,1,85+,24,30.2179178934984,12170,1016,1016,197.206244864421,426.754205990973,100.426813959327,277.271646993583,29.5079355650975,25.8460398264145,28.62487376972,NSW
10035,2014,February,2,85+,95,29.3780353654418,12464,1016,1016,762.195121951219,197.206244864421,426.754205990973,525.043753646137,30.2179178934984,29.5079355650975,29.8008705800944,NSW
10035,2014,March,3,85+,10,27.3487447814324,12314,1016,1016,81.2083807048888,762.195121951219,197.206244864421,184.069611780455,29.3780353654418,30.2179178934984,27.5738468300692,NSW
10035,2014,November,11,85+,10,27.1821972204654,12580,1016,1016,79.4912559618442,24.7320692497939,188.634755953785,100.426813959327,21.2784449353054,17.9990061898582,25.8460398264145,NSW
10035,2014,December,12,85+,26,29.5952058985805,12499,1016,1016,208.016641331307,79.4912559618442,24.7320692497939,426.754205990973,27.1821972204654,21.2784449353054,29.5079355650975,NSW
10035,2015,January,1,85+,24,29.7223077154739,12286,1016,1016,195.344294318737,208.016641331307,79.4912559618442,197.206244864421,29.5952058985805,27.1821972204654,30.2179178934984,NSW
10035,2015,February,2,85+,73,29.4206927425973,12447,1016,1016,586.486703623363,195.344294318737,208.016641331307,762.195121951219,29.7223077154739,29.5952058985805,29.3780353654418,NSW
10035,2015,March,3,85+,42,25.5464084890603,12420,1016,1016,338.16425120773,586.486703623363,195.344294318737,81.2083807048888,29.4206927425973,29.7223077154739,27.3487447814324,NSW
10035,2015,November,11,85+,8,26.6724592699704,12429,1016,1016,64.3655965886234,57.4995892886479,65.4664484451719,79.4912559618442,19.9905006835826,17.5036907696074,27.1821972204654,NSW
10035,2015,December,12,85+,11,27.7667801393828,12722,1016,1016,86.4643923911335,64.3655965886234,57.4995892886479,208.016641331307,26.6724592699704,19.9905006835826,29.5952058985805,NSW
10035,2016,January,1,85+,35,29.2388359522853,12916,1016,1016,270.981728089192,86.4643923911335,64.3655965886234,195.344294318737,27.7667801393828,26.6724592699704,29.7223077154739,NSW
10035,2016,February,2,85+,60,30.1439193313767,12578,1016,1016,477.023374145333,270.981728089192,86.4643923911335,586.486703623363,29.2388359522853,27.7667801393828,29.4206927425973,NSW
10035,2016,March,3,85+,12,24.3213855606556,12725,1016,1016,94.3025540275049,477.023374145333,270.981728089192,338.16425120773,30.1439193313767,29.2388359522853,25.5464084890603,NSW
10035,2016,November,11,85+,98,26.2922259661547,12472,1016,1016,785.760102629891,218.358269308532,33.2391557254446,64.3655965886234,23.2263300935118,18.5200483558003,26.6724592699704,NSW
10035,2016,December,12,85+,16,26.5118510458673,12367,1016,1016,129.376566669362,785.760102629891,218.358269308532,86.4643923911335,26.2922259661547,23.2263300935118,27.7667801393828,NSW
10036,2011,January,1,75 to 84,0,29.4333674012526,5268,816,924,0,143.884892086331,771.023847946925,90.7605736068252,28.6790034349646,25.1774423991554,28.7282060048355,NSW
10036,2011,February,2,75 to 84,1,29.2990955551306,5479,816,924,18.2515057492243,0,143.884892086331,288.496213487198,29.4333674012526,28.6790034349646,31.0929101482959,NSW
10036,2011,March,3,75 to 84,12,25.3842222625375,5630,816,924,213.143872113677,18.2515057492243,0,495.049504950495,29.2990955551306,29.4333674012526,26.7915762485536,NSW
10036,2011,November,11,75 to 84,32,25.6397528017987,5580,816,924,573.476702508961,182.315405651778,105.15247108307,771.023847946925,23.105690521258,20.1428393844955,25.1774423991554,NSW
10036,2011,December,12,75 to 84,11,25.1232650463197,5661,816,924,194.311959017841,573.476702508961,182.315405651778,143.884892086331,25.6397528017987,23.105690521258,28.6790034349646,NSW
10036,2012,January,1,75 to 84,27,29.4506916214101,5619,816,924,480.512546716498,194.311959017841,573.476702508961,0,25.1232650463197,25.6397528017987,29.4333674012526,NSW
10036,2012,February,2,75 to 84,10,28.3261575310526,5466,816,924,182.949140139041,480.512546716498,194.311959017841,18.2515057492243,29.4506916214101,25.1232650463197,29.2990955551306,NSW
10036,2012,March,3,75 to 84,4,27.6338693636335,5546,816,924,72.1240533717995,182.949140139041,480.512546716498,213.143872113677,28.3261575310526,29.4506916214101,25.3842222625375,NSW
10036,2012,November,11,75 to 84,1,26.8024041650477,5544,816,924,18.037518037518,0,111.379246333766,573.476702508961,24.4566118474712,18.8390365917452,25.6397528017987,NSW
10036,2012,December,12,75 to 84,6,33.1135990251799,5605,816,924,107.047279214987,18.037518037518,0,194.311959017841,26.8024041650477,24.4566118474712,25.1232650463197,NSW
10036,2013,January,1,75 to 84,8,27.7507952277623,5564,816,924,143.781452192667,107.047279214987,18.037518037518,480.512546716498,33.1135990251799,26.8024041650477,29.4506916214101,NSW
10036,2013,February,2,75 to 84,9,27.6005630708621,5692,816,924,158.116654954322,143.781452192667,107.047279214987,182.949140139041,27.7507952277623,33.1135990251799,28.3261575310526,NSW
10036,2013,March,3,75 to 84,11,25.4293403372385,5472,816,924,201.023391812865,158.116654954322,143.781452192667,72.1240533717995,27.6005630708621,27.7507952277623,27.6338693636335,NSW
10036,2013,November,11,75 to 84,14,27.9169431337841,5763,816,924,242.929030019087,143.087104274727,379.375754440421,18.037518037518,21.9864279557732,16.7203223144123,26.8024041650477,NSW
10036,2013,December,12,75 to 84,6,30.104431741889,5621,816,924,106.742572495997,242.929030019087,143.087104274727,107.047279214987,27.9169431337841,21.9864279557732,33.1135990251799,NSW
10036,2014,January,1,75 to 84,13,30.7932360247834,5589,816,924,232.599749507962,106.742572495997,242.929030019087,143.781452192667,30.104431741889,27.9169431337841,27.7507952277623,NSW
10036,2014,February,2,75 to 84,15,29.060089592242,5583,816,924,268.672756582483,232.599749507962,106.742572495997,158.116654954322,30.7932360247834,30.104431741889,27.6005630708621,NSW
10036,2014,March,3,75 to 84,22,26.0147615828012,5739,816,924,383.342045652553,268.672756582483,232.599749507962,201.023391812865,29.060089592242,30.7932360247834,25.4293403372385,NSW
10036,2014,November,11,75 to 84,10,23.7056137374269,5646,816,924,177.116542685087,123.217743355043,68.8112850507483,242.929030019087,19.425588771856,19.7022988271484,27.9169431337841,NSW
10036,2014,December,12,75 to 84,8,25.0821753276376,5534,816,924,144.560896277557,177.116542685087,123.217743355043,106.742572495997,23.7056137374269,19.425588771856,30.104431741889,NSW
10036,2015,January,1,75 to 84,18,27.7581485796249,5706,816,924,315.457413249211,144.560896277557,177.116542685087,232.599749507962,25.0821753276376,23.7056137374269,30.7932360247834,NSW
10036,2015,February,2,75 to 84,1,30.5125800167267,5750,816,924,17.3913043478261,315.457413249211,144.560896277557,268.672756582483,27.7581485796249,25.0821753276376,29.060089592242,NSW
10036,2015,March,3,75 to 84,1,26.1297161955466,5564,816,924,17.9726815240834,17.3913043478261,315.457413249211,383.342045652553,30.5125800167267,27.7581485796249,26.0147615828012,NSW
10036,2015,November,11,75 to 84,9,22.0501747892713,5781,816,924,155.682407887909,119.59678797198,52.2830254444057,177.116542685087,21.7770775680256,15.4523875944852,23.7056137374269,NSW
10036,2015,December,12,75 to 84,7,29.5373697209218,5699,816,924,122.828566415161,155.682407887909,119.59678797198,144.560896277557,22.0501747892713,21.7770775680256,25.0821753276376,NSW
10036,2016,January,1,75 to 84,12,30.1088138254818,5696,816,924,210.674157303371,122.828566415161,155.682407887909,315.457413249211,29.5373697209218,22.0501747892713,27.7581485796249,NSW
10036,2016,February,2,75 to 84,8,27.3320819391651,5827,816,924,137.29191693839,210.674157303371,122.828566415161,17.3913043478261,30.1088138254818,29.5373697209218,30.5125800167267,NSW
10036,2016,March,3,75 to 84,21,23.9161650865154,5835,816,924,359.897172236504,137.29191693839,210.674157303371,17.9726815240834,27.3320819391651,30.1088138254818,26.1297161955466,NSW
10036,2016,November,11,75 to 84,4,27.2944348037266,6015,816,924,66.5004156275977,131.643903241731,154.50643776824,155.682407887909,22.7691023969316,17.187423392687,22.0501747892713,NSW
10036,2016,December,12,75 to 84,4,30.1301321720836,5942,816,924,67.3174015483003,66.5004156275977,131.643903241731,122.828566415161,27.2944348037266,22.7691023969316,29.5373697209218,NSW
10036,2011,January,1,85+,1,28.4816449600212,5612,816,924,17.8189593727726,18.254837531946,36.4564345607,141.392718275009,28.8098468592899,24.09614026023,29.5037830020636,NSW
10036,2011,February,2,85+,9,28.4238689241827,5353,816,924,168.130020549225,17.8189593727726,18.254837531946,456.140350877193,28.4816449600212,28.8098468592899,29.3383672531851,NSW
10036,2011,March,3,85+,12,28.0907166351755,5601,816,924,214.247455811462,168.130020549225,17.8189593727726,54.3478260869565,28.4238689241827,28.4816449600212,28.8331058113814,NSW
10036,2011,November,11,85+,3,26.4065184045029,5554,816,924,54.0151242347857,126.650986068392,72.1630885801912,36.4564345607,21.5896505452952,16.1108869555202,24.09614026023,NSW
10036,2011,December,12,85+,13,30.0599776325358,5588,816,924,232.641374373658,54.0151242347857,126.650986068392,18.254837531946,26.4065184045029,21.5896505452952,28.8098468592899,NSW
10036,2012,January,1,85+,14,30.5733704773206,5457,816,924,256.551218618288,232.641374373658,54.0151242347857,17.8189593727726,30.0599776325358,26.4065184045029,28.4816449600212,NSW
10036,2012,February,2,85+,9,26.4148337198746,5530,816,924,162.748643761302,256.551218618288,232.641374373658,168.130020549225,30.5733704773206,30.0599776325358,28.4238689241827,NSW
10036,2012,March,3,85+,9,23.2277883213585,5726,816,924,157.177785539644,162.748643761302,256.551218618288,214.247455811462,26.4148337198746,30.5733704773206,28.0907166351755,NSW
10036,2012,November,11,85+,28,26.397930958965,5643,816,924,496.18996987418,271.051680520419,226.994936266806,54.0151242347857,23.1425350345589,17.1689561463389,26.4065184045029,NSW
10036,2012,December,12,85+,21,26.6344565993946,5555,816,924,378.037803780378,496.18996987418,271.051680520419,232.641374373658,26.397930958965,23.1425350345589,30.0599776325358,NSW
10036,2013,January,1,85+,20,29.4139840612493,5836,816,924,342.700479780672,378.037803780378,496.18996987418,256.551218618288,26.6344565993946,26.397930958965,30.5733704773206,NSW
10036,2013,February,2,85+,7,31.9385477482029,5707,816,924,122.656386893289,342.700479780672,378.037803780378,162.748643761302,29.4139840612493,26.6344565993946,26.4148337198746,NSW
10036,2013,March,3,85+,21,24.4153185138382,5607,816,924,374.531835205993,122.656386893289,342.700479780672,157.177785539644,31.9385477482029,29.4139840612493,23.2277883213585,NSW
10036,2013,November,11,85+,26,24.8435858565455,5714,816,924,455.022751137557,351.55563367903,124.866214769889,496.18996987418,24.0538898056589,19.4685075979948,26.397930958965,NSW
10036,2013,December,12,85+,21,29.4515358225804,5685,816,924,369.393139841689,455.022751137557,351.55563367903,378.037803780378,24.8435858565455,24.0538898056589,26.6344565993946,NSW
10036,2014,January,1,85+,1,29.3605730202552,5654,816,924,17.6865935620799,369.393139841689,455.022751137557,342.700479780672,29.4515358225804,24.8435858565455,29.4139840612493,NSW
10036,2014,February,2,85+,8,30.6848546124198,5689,816,924,140.622253471612,17.6865935620799,369.393139841689,122.656386893289,29.3605730202552,29.4515358225804,31.9385477482029,NSW
10036,2014,March,3,85+,5,25.944352531291,5689,816,924,87.8889084197574,140.622253471612,17.6865935620799,374.531835205993,30.6848546124198,29.3605730202552,24.4153185138382,NSW
10036,2014,November,11,85+,36,28.8833890845657,5735,816,924,627.724498692241,156.19576535925,155.655482531996,455.022751137557,22.8632305217688,18.4455830834539,24.8435858565455,NSW
10036,2014,December,12,85+,17,27.6656968233299,5683,816,924,299.137779341897,627.724498692241,156.19576535925,369.393139841689,28.8833890845657,22.8632305217688,29.4515358225804,NSW
10036,2015,January,1,85+,13,30.6179794980176,5847,816,924,222.336240807252,299.137779341897,627.724498692241,17.6865935620799,27.6656968233299,28.8833890845657,29.3605730202552,NSW
10036,2015,February,2,85+,10,31.7800061484039,5893,816,924,169.692855930765,222.336240807252,299.137779341897,140.622253471612,30.6179794980176,27.6656968233299,30.6848546124198,NSW
10036,2015,March,3,85+,14,26.3274352323807,5800,816,924,241.379310344828,169.692855930765,222.336240807252,87.8889084197574,31.7800061484039,30.6179794980176,25.944352531291,NSW
10036,2015,November,11,85+,29,28.4410820362759,5595,816,924,518.319928507596,356.951633053721,69.6257615317668,627.724498692241,22.7838964507768,19.0517306397427,28.8833890845657,NSW
10036,2015,December,12,85+,23,29.9535358199161,5617,816,924,409.471247997152,518.319928507596,356.951633053721,299.137779341897,28.4410820362759,22.7838964507768,27.6656968233299,NSW
10036,2016,January,1,85+,7,29.7530313411102,5793,816,924,120.83549110996,409.471247997152,518.319928507596,222.336240807252,29.9535358199161,28.4410820362759,30.6179794980176,NSW
10036,2016,February,2,85+,9,29.5839485857783,5722,816,924,157.287661656763,120.83549110996,409.471247997152,169.692855930765,29.7530313411102,29.9535358199161,31.7800061484039,NSW
10036,2016,March,3,85+,16,21.9144830957136,5680,816,924,281.69014084507,157.287661656763,120.83549110996,241.379310344828,29.5839485857783,29.7530313411102,26.3274352323807,NSW
10036,2016,November,11,85+,11,26.2002032801821,5724,816,924,192.173305380853,86.400552963539,34.5125107851596,518.319928507596,18.7858477678029,19.1290759128365,28.4410820362759,NSW
10036,2016,December,12,85+,13,28.2924867853817,5977,816,924,217.500418270035,192.173305380853,86.400552963539,409.471247997152,26.2002032801821,18.7858477678029,29.9535358199161,NSW
10037,2011,January,1,75 to 84,7,31.5798836553235,16419,1015,1063,42.6335343199951,32.6797385620915,192.093196182922,334.987593052109,28.2461964522444,24.6966192571839,30.3628360844899,NSW
10037,2011,February,2,75 to 84,36,30.3934242954298,16248,1015,1063,221.565731166913,42.6335343199951,32.6797385620915,378.764358894753,31.5798836553235,28.2461964522444,29.3034665206945,NSW
10037,2011,March,3,75 to 84,8,25.938499109686,15695,1015,1063,50.9716470213444,221.565731166913,42.6335343199951,309.616694532169,30.3934242954298,31.5798836553235,25.3029320256269,NSW
10037,2011,November,11,75 to 84,25,27.8471396667072,16323,1015,1063,153.158120443546,167.369204066452,418.006430868167,192.093196182922,23.082468341261,21.3274218628961,24.6966192571839,NSW
10037,2011,December,12,75 to 84,52,27.0890826874506,16206,1015,1063,320.868814019499,153.158120443546,167.369204066452,32.6797385620915,27.8471396667072,23.082468341261,28.2461964522444,NSW
10037,2012,January,1,75 to 84,33,30.6474697417215,16394,1015,1063,201.293156032695,320.868814019499,153.158120443546,42.6335343199951,27.0890826874506,27.8471396667072,31.5798836553235,NSW
10037,2012,February,2,75 to 84,39,28.4523766102482,16072,1015,1063,242.658038825286,201.293156032695,320.868814019499,221.565731166913,30.6474697417215,27.0890826874506,30.3934242954298,NSW
10037,2012,March,3,75 to 84,40,23.5700457545941,15934,1015,1063,251.035521526296,242.658038825286,201.293156032695,50.9716470213444,28.4523766102482,30.6474697417215,25.938499109686,NSW
10037,2012,November,11,75 to 84,39,23.4060132808174,15987,1015,1063,243.948207918934,54.8680119490337,72.3676275479436,153.158120443546,25.1880472112995,15.5417962664266,27.8471396667072,NSW
10037,2012,December,12,75 to 84,42,27.2077243069135,15595,1015,1063,269.317088810516,243.948207918934,54.8680119490337,320.868814019499,23.4060132808174,25.1880472112995,27.0890826874506,NSW
10037,2013,January,1,75 to 84,30,28.5248438389043,16408,1015,1063,182.837640175524,269.317088810516,243.948207918934,201.293156032695,27.2077243069135,23.4060132808174,30.6474697417215,NSW
10037,2013,February,2,75 to 84,11,30.8250344037126,16354,1015,1063,67.2618319677143,182.837640175524,269.317088810516,242.658038825286,28.5248438389043,27.2077243069135,28.4523766102482,NSW
10037,2013,March,3,75 to 84,21,23.0758627225285,16527,1015,1063,127.064803049555,67.2618319677143,182.837640175524,251.035521526296,30.8250344037126,28.5248438389043,23.5700457545941,NSW
10037,2013,November,11,75 to 84,14,25.6318361283827,16748,1015,1063,83.5920706950084,66.0462323626539,62.5312656328164,243.948207918934,24.2725857240481,20.6778915908655,23.4060132808174,NSW
10037,2013,December,12,75 to 84,22,29.5148613286996,16534,1015,1063,133.059150840692,83.5920706950084,66.0462323626539,269.317088810516,25.6318361283827,24.2725857240481,27.2077243069135,NSW
10037,2014,January,1,75 to 84,14,28.0194863036384,16508,1015,1063,84.8073661255149,133.059150840692,83.5920706950084,182.837640175524,29.5148613286996,25.6318361283827,28.5248438389043,NSW
10037,2014,February,2,75 to 84,2,29.3752887036733,16588,1015,1063,12.0569086086327,84.8073661255149,133.059150840692,67.2618319677143,28.0194863036384,29.5148613286996,30.8250344037126,NSW
10037,2014,March,3,75 to 84,6,26.916205865261,16062,1015,1063,37.3552484124019,12.0569086086327,84.8073661255149,127.064803049555,29.3752887036733,28.0194863036384,23.0758627225285,NSW
10037,2014,November,11,75 to 84,4,24.2574900326394,17218,1015,1063,23.2315019165989,125.111706881144,41.7138430367678,83.5920706950084,23.4558947950795,15.9820080111635,25.6318361283827,NSW
10037,2014,December,12,75 to 84,4,28.194560184857,16813,1015,1063,23.7911140189139,23.2315019165989,125.111706881144,133.059150840692,24.2574900326394,23.4558947950795,29.5148613286996,NSW
10037,2015,January,1,75 to 84,6,28.2504185537016,16447,1015,1063,36.4808171703046,23.7911140189139,23.2315019165989,84.8073661255149,28.194560184857,24.2574900326394,28.0194863036384,NSW
10037,2015,February,2,75 to 84,10,26.4543675699745,16267,1015,1063,61.4741501198746,36.4808171703046,23.7911140189139,12.0569086086327,28.2504185537016,28.194560184857,29.3752887036733,NSW
10037,2015,March,3,75 to 84,9,25.4568495158543,17052,1015,1063,52.7797325826883,61.4741501198746,36.4808171703046,37.3552484124019,26.4543675699745,28.2504185537016,26.916205865261,NSW
10037,2015,November,11,75 to 84,39,27.519754297916,16666,1015,1063,234.009360374415,205.894464380258,70.3482237073514,23.2315019165989,19.3887361117229,18.1875454814813,24.2574900326394,NSW
10037,2015,December,12,75 to 84,20,29.7708037664848,16032,1015,1063,124.750499001996,234.009360374415,205.894464380258,23.7911140189139,27.519754297916,19.3887361117229,28.194560184857,NSW
10037,2016,January,1,75 to 84,13,30.8176443745331,16688,1015,1063,77.9002876318313,124.750499001996,234.009360374415,36.4808171703046,29.7708037664848,27.519754297916,28.2504185537016,NSW
10037,2016,February,2,75 to 84,15,28.403443333497,16179,1015,1063,92.7127758205081,77.9002876318313,124.750499001996,61.4741501198746,30.8176443745331,29.7708037664848,26.4543675699745,NSW
10037,2016,March,3,75 to 84,21,27.5796325782805,16761,1015,1063,125.290853767675,92.7127758205081,77.9002876318313,52.7797325826883,28.403443333497,30.8176443745331,25.4568495158543,NSW
10037,2016,November,11,75 to 84,11,26.4989390532913,16490,1015,1063,66.7070952092177,24.6852628980499,6.02591141910214,234.009360374415,20.7259291125306,16.9145218581266,27.519754297916,NSW
10037,2016,December,12,75 to 84,9,27.8617777800735,16781,1015,1063,53.6320839044157,66.7070952092177,24.6852628980499,124.750499001996,26.4989390532913,20.7259291125306,29.7708037664848,NSW
10037,2011,January,1,85+,26,29.039646362849,16397,1015,1063,158.565591266695,74.7803327724808,226.171243941842,109.698651351875,29.8202328161156,23.5355762909747,31.022283145341,NSW
10037,2011,February,2,85+,30,28.8299888084424,15859,1015,1063,189.167034491456,158.565591266695,74.7803327724808,410.805427611104,29.039646362849,29.8202328161156,29.9144183651063,NSW
10037,2011,March,3,85+,8,26.147903229838,15878,1015,1063,50.3841793676786,189.167034491456,158.565591266695,502.906407158252,28.8299888084424,29.039646362849,24.094196544787,NSW
10037,2011,November,11,85+,73,22.1842287408488,16361,1015,1063,446.18299614938,515.755707906158,201.674509564261,226.171243941842,20.2080852775347,15.118315874274,23.5355762909747,NSW
10037,2011,December,12,85+,28,29.2742383218685,16073,1015,1063,174.205188825981,446.18299614938,515.755707906158,74.7803327724808,22.1842287408488,20.2080852775347,29.8202328161156,NSW
10037,2012,January,1,85+,18,32.980434575393,15452,1015,1063,116.489774786435,174.205188825981,446.18299614938,158.565591266695,29.2742383218685,22.1842287408488,29.039646362849,NSW
10037,2012,February,2,85+,39,31.2135299437919,16780,1015,1063,232.419547079857,116.489774786435,174.205188825981,189.167034491456,32.980434575393,29.2742383218685,28.8299888084424,NSW
10037,2012,March,3,85+,7,29.6491302907456,16566,1015,1063,42.2552215380901,232.419547079857,116.489774786435,50.3841793676786,31.2135299437919,32.980434575393,26.147903229838,NSW
10037,2012,November,11,85+,28,26.9915041278751,16435,1015,1063,170.368116823852,168.127777110604,269.606374692948,446.18299614938,21.7917984448351,18.4573034324645,22.1842287408488,NSW
10037,2012,December,12,85+,68,29.5307567592426,16348,1015,1063,415.953021776364,170.368116823852,168.127777110604,174.205188825981,26.9915041278751,21.7917984448351,29.2742383218685,NSW
10037,2013,January,1,85+,6,29.3937142906205,16384,1015,1063,36.62109375,415.953021776364,170.368116823852,116.489774786435,29.5307567592426,26.9915041278751,32.980434575393,NSW
10037,2013,February,2,85+,32,27.6789754107579,16868,1015,1063,189.708323452692,36.62109375,415.953021776364,232.419547079857,29.3937142906205,29.5307567592426,31.2135299437919,NSW
10037,2013,March,3,85+,101,27.0638396367002,15957,1015,1063,632.9510559629,189.708323452692,36.62109375,42.2552215380901,27.6789754107579,29.3937142906205,29.6491302907456,NSW
10037,2013,November,11,85+,51,26.4202109335427,16772,1015,1063,304.078225614119,464.914455740144,308.287493199541,170.368116823852,20.0711830673276,16.8073014332333,26.9915041278751,NSW
10037,2013,December,12,85+,61,30.515289700353,16351,1015,1063,373.065867531038,304.078225614119,464.914455740144,415.953021776364,26.4202109335427,20.0711830673276,29.5307567592426,NSW
10037,2014,January,1,85+,16,28.6128007473983,16687,1015,1063,95.883022712291,373.065867531038,304.078225614119,36.62109375,30.515289700353,26.4202109335427,29.3937142906205,NSW
10037,2014,February,2,85+,5,29.2622819856406,16511,1015,1063,30.2828417418691,95.883022712291,373.065867531038,189.708323452692,28.6128007473983,30.515289700353,27.6789754107579,NSW
10037,2014,March,3,85+,34,24.954574641402,16422,1015,1063,207.03933747412,30.2828417418691,95.883022712291,632.9510559629,29.2622819856406,28.6128007473983,27.0638396367002,NSW
10037,2014,November,11,85+,79,26.027884307216,16308,1015,1063,484.424822173167,138.872116894095,102.650806110742,304.078225614119,20.3610774530506,17.2765172569662,26.4202109335427,NSW
10037,2014,December,12,85+,77,30.2490993408861,17016,1015,1063,452.515279736718,484.424822173167,138.872116894095,373.065867531038,26.027884307216,20.3610774530506,30.515289700353,NSW
10037,2015,January,1,85+,40,30.4172595632995,16649,1015,1063,240.254669950147,452.515279736718,484.424822173167,95.883022712291,30.2490993408861,26.027884307216,28.6128007473983,NSW
10037,2015,February,2,85+,67,29.4078033494881,16877,1015,1063,396.989986371986,240.254669950147,452.515279736718,30.2828417418691,30.4172595632995,30.2490993408861,29.2622819856406,NSW
10037,2015,March,3,85+,64,26.3482628865467,17292,1015,1063,370.113347212584,396.989986371986,240.254669950147,207.03933747412,29.4078033494881,30.4172595632995,24.954574641402,NSW
10037,2015,November,11,85+,29,26.4670822697518,16841,1015,1063,172.198800546286,59.1680965623336,343.80557202134,484.424822173167,22.1083746235747,16.6196873786123,26.027884307216,NSW
10037,2015,December,12,85+,36,30.6232950885561,16806,1015,1063,214.209210996073,172.198800546286,59.1680965623336,452.515279736718,26.4670822697518,22.1083746235747,30.2490993408861,NSW
10037,2016,January,1,85+,33,31.5151243489784,17301,1015,1063,190.740419628923,214.209210996073,172.198800546286,240.254669950147,30.6232950885561,26.4670822697518,30.4172595632995,NSW
10037,2016,February,2,85+,30,28.5828214847898,16845,1015,1063,178.094390026714,190.740419628923,214.209210996073,396.989986371986,31.5151243489784,30.6232950885561,29.4078033494881,NSW
10037,2016,March,3,85+,32,26.7504052839153,16702,1015,1063,191.59382109927,178.094390026714,190.740419628923,370.113347212584,28.5828214847898,31.5151243489784,26.3482628865467,NSW
10037,2016,November,11,85+,25,24.0383735688627,17031,1015,1063,146.7911455581,51.5168860904408,156.31332136861,172.198800546286,24.7970078345785,16.3234297757398,26.4670822697518,NSW
10037,2016,December,12,85+,42,25.1829432423191,16975,1015,1063,247.422680412371,146.7911455581,51.5168860904408,214.209210996073,24.0383735688627,24.7970078345785,30.6232950885561,NSW
10038,2011,January,1,75 to 84,38,29.0114469548186,17923,1240,1007,212.018077330804,451.528669350452,781.517398745009,375.371169253179,27.816572172803,27.0265394476375,29.7888375768001,NSW
10038,2011,February,2,75 to 84,54,31.6083137327027,17983,1240,1007,300.283601178891,212.018077330804,451.528669350452,125.8963271115,29.0114469548186,27.816572172803,31.0241778529283,NSW
10038,2011,March,3,75 to 84,15,23.8051875828889,17623,1240,1007,85.1160415366283,300.283601178891,212.018077330804,27.6778300581234,31.6083137327027,29.0114469548186,26.0294758287468,NSW
10038,2011,November,11,75 to 84,30,24.4278428040277,17910,1240,1007,167.50418760469,10.8707468203066,129.774868814535,781.517398745009,22.1581210221859,17.0449144038627,27.0265394476375,NSW
10038,2011,December,12,75 to 84,76,26.9810575968604,17790,1240,1007,427.206295671726,167.50418760469,10.8707468203066,451.528669350452,24.4278428040277,22.1581210221859,27.816572172803,NSW
10038,2012,January,1,75 to 84,35,28.3957239451617,18193,1240,1007,192.381685263563,427.206295671726,167.50418760469,212.018077330804,26.9810575968604,24.4278428040277,29.0114469548186,NSW
10038,2012,February,2,75 to 84,70,29.6220467558907,18096,1240,1007,386.825817860301,192.381685263563,427.206295671726,300.283601178891,28.3957239451617,26.9810575968604,31.6083137327027,NSW
10038,2012,March,3,75 to 84,17,27.9421903770371,18668,1240,1007,91.0649239340047,386.825817860301,192.381685263563,85.1160415366283,29.6220467558907,28.3957239451617,23.8051875828889,NSW
10038,2012,November,11,75 to 84,4,24.7420583694912,18628,1240,1007,21.4730513205927,367.965367965368,163.536611099388,167.50418760469,23.1642682169605,19.6980762735656,24.4278428040277,NSW
10038,2012,December,12,75 to 84,35,28.297796943448,18553,1240,1007,188.648736053468,21.4730513205927,367.965367965368,427.206295671726,24.7420583694912,23.1642682169605,26.9810575968604,NSW
10038,2013,January,1,75 to 84,21,30.9409938317774,18406,1240,1007,114.093230468326,188.648736053468,21.4730513205927,192.381685263563,28.297796943448,24.7420583694912,28.3957239451617,NSW
10038,2013,February,2,75 to 84,19,28.3174023494335,18448,1240,1007,102.992194275802,114.093230468326,188.648736053468,386.825817860301,30.9409938317774,28.297796943448,29.6220467558907,NSW
10038,2013,March,3,75 to 84,8,24.2515267895979,18207,1240,1007,43.939144285165,102.992194275802,114.093230468326,91.0649239340047,28.3174023494335,30.9409938317774,27.9421903770371,NSW
10038,2013,November,11,75 to 84,6,27.7099580341355,18895,1240,1007,31.754432389521,144.779880958765,42.4110692890845,21.4730513205927,22.8325709793221,20.6995329612687,24.7420583694912,NSW
10038,2013,December,12,75 to 84,50,29.6070585059442,18890,1240,1007,264.690312334569,31.754432389521,144.779880958765,188.648736053468,27.7099580341355,22.8325709793221,28.297796943448,NSW
10038,2014,January,1,75 to 84,38,32.1885771836141,18785,1240,1007,202.289060420548,264.690312334569,31.754432389521,114.093230468326,29.6070585059442,27.7099580341355,30.9409938317774,NSW
10038,2014,February,2,75 to 84,11,28.8926589778862,18590,1240,1007,59.1715976331361,202.289060420548,264.690312334569,102.992194275802,32.1885771836141,29.6070585059442,28.3174023494335,NSW
10038,2014,March,3,75 to 84,17,25.2762147182002,19660,1240,1007,86.46998982706,59.1715976331361,202.289060420548,43.939144285165,28.8926589778862,32.1885771836141,24.2515267895979,NSW
10038,2014,November,11,75 to 84,32,27.1266635914787,18945,1240,1007,168.910002639219,128.355973900952,68.1020483000681,31.754432389521,21.4392128317942,18.6857776585687,27.7099580341355,NSW
10038,2014,December,12,75 to 84,110,29.0234749005115,18749,1240,1007,586.697957224385,168.910002639219,128.355973900952,264.690312334569,27.1266635914787,21.4392128317942,29.6070585059442,NSW
10038,2015,January,1,75 to 84,36,31.4737632510967,18524,1240,1007,194.34247462751,586.697957224385,168.910002639219,202.289060420548,29.0234749005115,27.1266635914787,32.1885771836141,NSW
10038,2015,February,2,75 to 84,9,28.2488362537763,19418,1240,1007,46.3487485837882,194.34247462751,586.697957224385,59.1715976331361,31.4737632510967,29.0234749005115,28.8926589778862,NSW
10038,2015,March,3,75 to 84,20,24.7385519049557,19155,1240,1007,104.411380840512,46.3487485837882,194.34247462751,86.46998982706,28.2488362537763,31.4737632510967,25.2762147182002,NSW
10038,2015,November,11,75 to 84,25,27.5606349205988,18464,1240,1007,135.398613518198,360.695157940759,107.014821552785,168.910002639219,22.8875850244482,17.5626882286228,27.1266635914787,NSW
10038,2015,December,12,75 to 84,68,31.1974918976349,19291,1240,1007,352.495982582551,135.398613518198,360.695157940759,586.697957224385,27.5606349205988,22.8875850244482,29.0234749005115,NSW
10038,2016,January,1,75 to 84,78,32.661310976434,19155,1240,1007,407.204385277995,352.495982582551,135.398613518198,194.34247462751,31.1974918976349,27.5606349205988,31.4737632510967,NSW
10038,2016,February,2,75 to 84,6,28.6234411655411,18987,1240,1007,31.6005688102386,407.204385277995,352.495982582551,46.3487485837882,32.661310976434,31.1974918976349,28.2488362537763,NSW
10038,2016,March,3,75 to 84,26,25.91316604646,18949,1240,1007,137.21040688163,31.6005688102386,407.204385277995,104.411380840512,28.6234411655411,32.661310976434,24.7385519049557,NSW
10038,2016,November,11,75 to 84,14,25.578026558891,18980,1240,1007,73.7618545837724,135.266746023158,69.8661793948514,135.398613518198,22.7866135791527,20.4535699699087,27.5606349205988,NSW
10038,2016,December,12,75 to 84,17,31.3467347939144,18619,1240,1007,91.3045813416403,73.7618545837724,135.266746023158,352.495982582551,25.578026558891,22.7866135791527,31.1974918976349,NSW
10038,2011,January,1,85+,106,29.4941527744084,18490,1240,1007,573.28285559762,102.271503929379,64.2742367434387,141.739426238803,29.782473216399,27.6553711585707,31.9320054071742,NSW
10038,2011,February,2,85+,27,29.7779789294519,17910,1240,1007,150.753768844221,573.28285559762,102.271503929379,140.121438580103,29.4941527744084,29.782473216399,27.6121829010589,NSW
10038,2011,March,3,85+,9,25.011515295787,18491,1240,1007,48.672327078038,150.753768844221,573.28285559762,367.062948556402,29.7779789294519,29.4941527744084,25.1249169805524,NSW
10038,2011,November,11,85+,50,24.1413957537548,18842,1240,1007,265.36461097548,136.55232685165,225.402907697509,64.2742367434387,20.9870876906643,16.4049368672471,27.6553711585707,NSW
10038,2011,December,12,85+,17,28.3239164224304,18288,1240,1007,92.9571303587052,265.36461097548,136.55232685165,102.271503929379,24.1413957537548,20.9870876906643,29.782473216399,NSW
10038,2012,January,1,85+,17,32.9552826757817,18854,1240,1007,90.1665429086666,92.9571303587052,265.36461097548,573.28285559762,28.3239164224304,24.1413957537548,29.4941527744084,NSW
10038,2012,February,2,85+,29,28.4506650766042,17911,1240,1007,161.91167439004,90.1665429086666,92.9571303587052,150.753768844221,32.9552826757817,28.3239164224304,29.7779789294519,NSW
10038,2012,March,3,85+,1,28.6978465105058,18396,1240,1007,5.43596434007393,161.91167439004,90.1665429086666,48.672327078038,28.4506650766042,32.9552826757817,25.011515295787,NSW
10038,2012,November,11,85+,40,26.2168191570493,18386,1240,1007,217.556836723594,450.474607175417,151.408641107446,265.36461097548,21.3298896031138,18.8796814665077,24.1413957537548,NSW
10038,2012,December,12,85+,144,28.5837665865039,18701,1240,1007,770.01229880755,217.556836723594,450.474607175417,92.9571303587052,26.2168191570493,21.3298896031138,28.3239164224304,NSW
10038,2013,January,1,85+,15,29.0133495168023,18290,1240,1007,82.0120284308365,770.01229880755,217.556836723594,90.1665429086666,28.5837665865039,26.2168191570493,32.9552826757817,NSW
10038,2013,February,2,85+,21,29.8173332917152,18821,1240,1007,111.577493225652,82.0120284308365,770.01229880755,161.91167439004,29.0133495168023,28.5837665865039,28.4506650766042,NSW
10038,2013,March,3,85+,23,26.4226606298345,18137,1240,1007,126.812593041848,111.577493225652,82.0120284308365,5.43596434007393,29.8173332917152,29.0133495168023,28.6978465105058,NSW
10038,2013,November,11,85+,4,23.7879465981936,18328,1240,1007,21.8245307725884,181.857081728712,269.328263624842,217.556836723594,23.5200413939773,17.9142265424507,26.2168191570493,NSW
10038,2013,December,12,85+,54,27.9872192424263,18250,1240,1007,295.890410958904,21.8245307725884,181.857081728712,770.01229880755,23.7879465981936,23.5200413939773,28.5837665865039,NSW
10038,2014,January,1,85+,30,30.0506162448353,18919,1240,1007,158.570748982504,295.890410958904,21.8245307725884,82.0120284308365,27.9872192424263,23.7879465981936,29.0133495168023,NSW
10038,2014,February,2,85+,71,30.764323302377,18486,1240,1007,384.074434707346,158.570748982504,295.890410958904,111.577493225652,30.0506162448353,27.9872192424263,29.8173332917152,NSW
10038,2014,March,3,85+,44,25.7101679985217,19479,1240,1007,225.884285640947,384.074434707346,158.570748982504,126.812593041848,30.764323302377,30.0506162448353,26.4226606298345,NSW
10038,2014,November,11,85+,21,24.7389025187453,18502,1240,1007,113.501243108853,37.1648526679055,10.3044979133392,21.8245307725884,21.9150623480228,17.2304519401182,23.7879465981936,NSW
10038,2014,December,12,85+,36,30.9997883689759,19151,1240,1007,187.97973996136,113.501243108853,37.1648526679055,295.890410958904,24.7389025187453,21.9150623480228,27.9872192424263,NSW
10038,2015,January,1,85+,58,33.0356115190728,18892,1240,1007,307.008257463477,187.97973996136,113.501243108853,158.570748982504,30.9997883689759,24.7389025187453,30.0506162448353,NSW
10038,2015,February,2,85+,18,30.4273391739463,18820,1240,1007,95.6429330499469,307.008257463477,187.97973996136,384.074434707346,33.0356115190728,30.9997883689759,30.764323302377,NSW
10038,2015,March,3,85+,35,28.5667204807959,19188,1240,1007,182.405670210548,95.6429330499469,307.008257463477,225.884285640947,30.4273391739463,33.0356115190728,25.7101679985217,NSW
10038,2015,November,11,85+,12,27.7285970122446,18675,1240,1007,64.2570281124498,37.2836218375499,20.6302542678839,113.501243108853,21.4885897418821,17.49204457798,24.7389025187453,NSW
10038,2015,December,12,85+,9,30.9147529973874,18887,1240,1007,47.65182400593,64.2570281124498,37.2836218375499,187.97973996136,27.7285970122446,21.4885897418821,30.9997883689759,NSW
10038,2016,January,1,85+,13,29.7693797087272,19060,1240,1007,68.205666316894,47.65182400593,64.2570281124498,307.008257463477,30.9147529973874,27.7285970122446,33.0356115190728,NSW
10038,2016,February,2,85+,19,26.707855614227,19974,1240,1007,95.1236607589867,68.205666316894,47.65182400593,95.6429330499469,29.7693797087272,30.9147529973874,30.4273391739463,NSW
10038,2016,March,3,85+,10,25.0849998749593,18769,1240,1007,53.2793435984869,95.1236607589867,68.205666316894,182.405670210548,26.707855614227,29.7693797087272,28.5667204807959,NSW
10038,2016,November,11,85+,38,25.0001481513669,18565,1240,1007,204.686237543765,138.319944672022,108.163790883338,64.2570281124498,22.2551843753467,20.8597888004174,27.7285970122446,NSW
10038,2016,December,12,85+,18,30.8219865326058,18941,1240,1007,95.0319412913785,204.686237543765,138.319944672022,47.65182400593,25.0001481513669,22.2551843753467,30.9147529973874,NSW
10039,2011,January,1,75 to 84,39,28.1088866562248,13758,883,949,283.47143480157,203.007518796993,187.820559127357,37.4307531067525,29.3821388429645,25.4937304427765,31.4458104594768,NSW
10039,2011,February,2,75 to 84,19,29.8333634144178,13803,883,949,137.651235238716,283.47143480157,203.007518796993,14.65094132298,28.1088866562248,29.3821388429645,28.8964894848142,NSW
10039,2011,March,3,75 to 84,49,23.7181549280307,13706,883,949,357.507660878447,137.651235238716,283.47143480157,73.2439756830001,29.8333634144178,28.1088866562248,27.8802438084176,NSW
10039,2011,November,11,75 to 84,26,24.1283955504006,13728,883,949,189.393939393939,132.284853384288,124.688279301746,187.820559127357,21.6210427984122,16.989363263912,25.4937304427765,NSW
10039,2011,December,12,75 to 84,52,33.3080612563523,13752,883,949,378.126817917394,189.393939393939,132.284853384288,203.007518796993,24.1283955504006,21.6210427984122,29.3821388429645,NSW
10039,2012,January,1,75 to 84,44,30.593355145119,14014,883,949,313.971742543171,378.126817917394,189.393939393939,283.47143480157,33.3080612563523,24.1283955504006,28.1088866562248,NSW
10039,2012,February,2,75 to 84,11,27.663664803898,13614,883,949,80.7991773174673,313.971742543171,378.126817917394,137.651235238716,30.593355145119,33.3080612563523,29.8333634144178,NSW
10039,2012,March,3,75 to 84,17,29.7101014096348,13822,883,949,122.992331066416,80.7991773174673,313.971742543171,357.507660878447,27.663664803898,30.593355145119,23.7181549280307,NSW
10039,2012,November,11,75 to 84,26,28.6973146504645,13623,883,949,190.853703295897,147.167034584253,44.5964025568604,189.393939393939,25.9750335452144,19.6847684868044,24.1283955504006,NSW
10039,2012,December,12,75 to 84,33,30.6511275720746,14269,883,949,231.270586586306,190.853703295897,147.167034584253,378.126817917394,28.6973146504645,25.9750335452144,33.3080612563523,NSW
10039,2013,January,1,75 to 84,56,31.6645403654089,13959,883,949,401.174869259976,231.270586586306,190.853703295897,313.971742543171,30.6511275720746,28.6973146504645,30.593355145119,NSW
10039,2013,February,2,75 to 84,21,29.3877951473092,13882,883,949,151.275032416078,401.174869259976,231.270586586306,80.7991773174673,31.6645403654089,30.6511275720746,27.663664803898,NSW
10039,2013,March,3,75 to 84,85,25.2009306319241,13965,883,949,608.664518438955,151.275032416078,401.174869259976,122.992331066416,29.3877951473092,31.6645403654089,29.7101014096348,NSW
10039,2013,November,11,75 to 84,42,26.4646033078415,13825,883,949,303.79746835443,233.049304493482,87.9636416947662,190.853703295897,22.1347576820098,17.9014937252663,28.6973146504645,NSW
10039,2013,December,12,75 to 84,61,30.9493222133121,13712,883,949,444.865810968495,303.79746835443,233.049304493482,231.270586586306,26.4646033078415,22.1347576820098,30.6511275720746,NSW
10039,2014,January,1,75 to 84,32,30.8458279843425,13703,883,949,233.525505363789,444.865810968495,303.79746835443,401.174869259976,30.9493222133121,26.4646033078415,31.6645403654089,NSW
10039,2014,February,2,75 to 84,5,30.3893273430673,13765,883,949,36.3240101707229,233.525505363789,444.865810968495,151.275032416078,30.8458279843425,30.9493222133121,29.3877951473092,NSW
10039,2014,March,3,75 to 84,10,25.1116657458408,14836,883,949,67.4036128336479,36.3240101707229,233.525505363789,608.664518438955,30.3893273430673,30.8458279843425,25.2009306319241,NSW
10039,2014,November,11,75 to 84,21,25.380521747694,13594,883,949,154.479917610711,70.8165144111607,21.7407058482499,303.79746835443,18.2544515815356,17.7330044716596,26.4646033078415,NSW
10039,2014,December,12,75 to 84,19,28.1420858826876,14057,883,949,135.163975243651,154.479917610711,70.8165144111607,444.865810968495,25.380521747694,18.2544515815356,30.9493222133121,NSW
10039,2015,January,1,75 to 84,25,30.3124216112658,13772,883,949,181.527737438281,135.163975243651,154.479917610711,233.525505363789,28.1420858826876,25.380521747694,30.8458279843425,NSW
10039,2015,February,2,75 to 84,3,28.384064516458,14288,883,949,20.996640537514,181.527737438281,135.163975243651,36.3240101707229,30.3124216112658,28.1420858826876,30.3893273430673,NSW
10039,2015,March,3,75 to 84,2,28.0220589666406,14429,883,949,13.8609744265022,20.996640537514,181.527737438281,67.4036128336479,28.384064516458,30.3124216112658,25.1116657458408,NSW
10039,2015,November,11,75 to 84,38,25.1992071336272,13981,883,949,271.797439382019,69.7690643968465,49.2472210496694,154.479917610711,20.3056036247079,16.5264109949101,25.380521747694,NSW
10039,2015,December,12,75 to 84,35,28.5229642329291,14295,883,949,244.840853445261,271.797439382019,69.7690643968465,135.163975243651,25.1992071336272,20.3056036247079,28.1420858826876,NSW
10039,2016,January,1,75 to 84,20,28.3337635321175,14537,883,949,137.579968356607,244.840853445261,271.797439382019,181.527737438281,28.5229642329291,25.1992071336272,30.3124216112658,NSW
10039,2016,February,2,75 to 84,12,27.4351358467065,14091,883,949,85.1607408984458,137.579968356607,244.840853445261,20.996640537514,28.3337635321175,28.5229642329291,28.384064516458,NSW
10039,2016,March,3,75 to 84,4,23.6244647940327,14008,883,949,28.5551113649343,85.1607408984458,137.579968356607,13.8609744265022,27.4351358467065,28.3337635321175,28.0220589666406,NSW
10039,2016,November,11,75 to 84,70,27.0749286876617,14044,883,949,498.433494730846,148.672566371681,35.9247018249749,271.797439382019,22.0710044520814,18.7532935841602,25.1992071336272,NSW
10039,2016,December,12,75 to 84,14,28.4521952953446,14268,883,949,98.1216708718812,498.433494730846,148.672566371681,244.840853445261,27.0749286876617,22.0710044520814,28.5229642329291,NSW
10039,2011,January,1,85+,39,27.5018666404461,13890,883,949,280.777537796976,207.357345825973,148.720999405116,492.170022371365,26.7209046684717,26.3664598800632,30.5823262753838,NSW
10039,2011,February,2,85+,69,30.135385618293,13729,883,949,502.585767353777,280.777537796976,207.357345825973,568.662107123646,27.5018666404461,26.7209046684717,29.3676903202338,NSW
10039,2011,March,3,85+,79,22.7262639765643,13836,883,949,570.974270020237,502.585767353777,280.777537796976,555.720213396562,30.135385618293,27.5018666404461,26.9987710598225,NSW
10039,2011,November,11,85+,16,24.1860253392712,13742,883,949,116.43137825644,236.176715754376,95.827804806133,148.720999405116,21.6655050762003,16.9838650301243,26.3664598800632,NSW
10039,2011,December,12,85+,47,28.6065533928177,13476,883,949,348.768180468982,116.43137825644,236.176715754376,207.357345825973,24.1860253392712,21.6655050762003,26.7209046684717,NSW
10039,2012,January,1,85+,35,31.1885996013259,13904,883,949,251.726121979287,348.768180468982,116.43137825644,280.777537796976,28.6065533928177,24.1860253392712,27.5018666404461,NSW
10039,2012,February,2,85+,8,26.398381761324,14133,883,949,56.6051086110522,251.726121979287,348.768180468982,502.585767353777,31.1885996013259,28.6065533928177,30.135385618293,NSW
10039,2012,March,3,85+,59,26.7543122250596,13535,883,949,435.906908016254,56.6051086110522,251.726121979287,570.974270020237,26.398381761324,31.1885996013259,22.7262639765643,NSW
10039,2012,November,11,85+,25,25.5697380339925,14073,883,949,177.645136076174,123.313506455825,89.086859688196,116.43137825644,21.0436143145766,16.6195009213537,24.1860253392712,NSW
10039,2012,December,12,85+,69,30.4773458242551,13621,883,949,506.570736362969,177.645136076174,123.313506455825,348.768180468982,25.5697380339925,21.0436143145766,28.6065533928177,NSW
10039,2013,January,1,85+,34,32.3995114302773,13994,883,949,242.961269115335,506.570736362969,177.645136076174,251.726121979287,30.4773458242551,25.5697380339925,31.1885996013259,NSW
10039,2013,February,2,85+,86,29.4804083989165,14008,883,949,613.934894346088,242.961269115335,506.570736362969,56.6051086110522,32.3995114302773,30.4773458242551,26.398381761324,NSW
10039,2013,March,3,85+,51,27.1867611178427,14223,883,949,358.574140476693,613.934894346088,242.961269115335,435.906908016254,29.4804083989165,32.3995114302773,26.7543122250596,NSW
10039,2013,November,11,85+,16,28.848684198927,14116,883,949,113.346557098328,356.571095910348,65.1465798045603,177.645136076174,21.7295007942731,16.3356816358292,25.5697380339925,NSW
10039,2013,December,12,85+,29,28.6851633884469,14109,883,949,205.542561485577,113.346557098328,356.571095910348,506.570736362969,28.848684198927,21.7295007942731,30.4773458242551,NSW
10039,2014,January,1,85+,62,29.9782426777858,13931,883,949,445.050606560907,205.542561485577,113.346557098328,242.961269115335,28.6851633884469,28.848684198927,32.3995114302773,NSW
10039,2014,February,2,85+,51,28.7941564068259,14049,883,949,363.015161221439,445.050606560907,205.542561485577,613.934894346088,29.9782426777858,28.6851633884469,29.4804083989165,NSW
10039,2014,March,3,85+,120,28.2332341002162,14548,883,949,824.855650261204,363.015161221439,445.050606560907,358.574140476693,28.7941564068259,29.9782426777858,27.1867611178427,NSW
10039,2014,November,11,85+,11,26.8974406379661,14476,883,949,75.9878419452888,170.527213301123,159.589231196225,113.346557098328,21.7440774101444,17.9010221648768,28.848684198927,NSW
10039,2014,December,12,85+,41,27.1543118965646,13621,883,949,301.005799867851,75.9878419452888,170.527213301123,205.542561485577,26.8974406379661,21.7440774101444,28.6851633884469,NSW
10039,2015,January,1,85+,23,27.5662763379213,14463,883,949,159.026481366245,301.005799867851,75.9878419452888,445.050606560907,27.1543118965646,26.8974406379661,29.9782426777858,NSW
10039,2015,February,2,85+,47,27.7029572985271,13946,883,949,337.014197619389,159.026481366245,301.005799867851,363.015161221439,27.5662763379213,27.1543118965646,28.7941564068259,NSW
10039,2015,March,3,85+,7,25.3278149179259,14592,883,949,47.9714912280702,337.014197619389,159.026481366245,824.855650261204,27.7029572985271,27.5662763379213,28.2332341002162,NSW
10039,2015,November,11,85+,13,27.1292183155361,13915,883,949,93.4243621990658,93.8560392751426,178.15150003563,75.9878419452888,23.2466091877903,16.0979342082328,26.8974406379661,NSW
10039,2015,December,12,85+,40,27.7272886383167,14403,883,949,277.719919461223,93.4243621990658,93.8560392751426,301.005799867851,27.1292183155361,23.2466091877903,27.1543118965646,NSW
10039,2016,January,1,85+,26,29.4295937150252,13962,883,949,186.219739292365,277.719919461223,93.4243621990658,159.026481366245,27.7272886383167,27.1292183155361,27.5662763379213,NSW
10039,2016,February,2,85+,45,30.2911611941238,14450,883,949,311.418685121107,186.219739292365,277.719919461223,337.014197619389,29.4295937150252,27.7272886383167,27.7029572985271,NSW
10039,2016,March,3,85+,97,24.4346006426632,14260,883,949,680.224403927069,311.418685121107,186.219739292365,47.9714912280702,30.2911611941238,29.4295937150252,25.3278149179259,NSW
10039,2016,November,11,85+,13,24.9324351714723,14647,883,949,88.7553765276166,6.93192846249827,154.483533459729,93.4243621990658,24.712500951206,18.8288898850486,27.1292183155361,NSW
10039,2016,December,12,85+,23,27.1106385819182,14056,883,949,163.631189527604,88.7553765276166,6.93192846249827,277.719919461223,24.9324351714723,24.712500951206,27.7272886383167,NSW
