lga_code,year,month,month_num,age_group,deaths,tmean,erp,IRSD,IRSAD,mortality_rate,mortality_lag1,mortality_lag2,mortality_lag12,tmean_lag1,tmean_lag2,tmean_lag12,state
10110,2011,January,1,75 to 84,17,27.6382795258319,11239,991,961,151.259008808613,116.019634091923,154.069240529273,100.173026136053,27.720556099541,25.2631083443239,31.2110649574236,WA
10110,2011,February,2,75 to 84,5,26.4660436199347,11153,991,961,44.8309871783377,151.259008808613,116.019634091923,191.938579654511,27.6382795258319,27.720556099541,30.3863697675839,WA
10110,2011,March,3,75 to 84,25,24.7302249787064,11232,991,961,222.578347578348,44.8309871783377,151.259008808613,326.768524242692,26.4660436199347,27.6382795258319,25.8315890094241,WA
10110,2011,November,11,75 to 84,27,27.6538479900538,11446,991,961,235.890267342303,44.2477876106195,61.7392838243076,154.069240529273,20.5209399936988,18.5822348811552,25.2631083443239,WA
10110,2011,December,12,75 to 84,2,28.044402264088,11284,991,961,17.7242112725984,235.890267342303,44.2477876106195,116.019634091923,27.6538479900538,20.5209399936988,27.720556099541,WA
10110,2012,January,1,75 to 84,11,28.7382557891874,11114,991,961,98.9742666906604,17.7242112725984,235.890267342303,151.259008808613,28.044402264088,27.6538479900538,27.6382795258319,WA
10110,2012,February,2,75 to 84,14,29.1039576114965,11237,991,961,124.588413277565,98.9742666906604,17.7242112725984,44.8309871783377,28.7382557891874,28.044402264088,26.4660436199347,WA
10110,2012,March,3,75 to 84,9,27.3512981251835,11241,991,961,80.0640512409928,124.588413277565,98.9742666906604,222.578347578348,29.1039576114965,28.7382557891874,24.7302249787064,WA
10110,2012,November,11,75 to 84,10,28.4578479222279,11383,991,961,87.8503030835456,43.721580972368,327.173048014855,235.890267342303,23.9395186167003,18.3907150960969,27.6538479900538,WA
10110,2012,December,12,75 to 84,32,30.4442181008576,10930,991,961,292.772186642269,87.8503030835456,43.721580972368,17.7242112725984,28.4578479222279,23.9395186167003,28.044402264088,WA
10110,2013,January,1,75 to 84,14,30.655827226987,11632,991,961,120.357634112792,292.772186642269,87.8503030835456,98.9742666906604,30.4442181008576,28.4578479222279,28.7382557891874,WA
10110,2013,February,2,75 to 84,14,26.8168738069946,11449,991,961,122.28142195825,120.357634112792,292.772186642269,124.588413277565,30.655827226987,30.4442181008576,29.1039576114965,WA
10110,2013,March,3,75 to 84,5,25.7103505222044,11250,991,961,44.4444444444445,122.28142195825,120.357634112792,80.0640512409928,26.8168738069946,30.655827226987,27.3512981251835,WA
10110,2013,November,11,75 to 84,10,27.3700248280019,11532,991,961,86.7152271938953,151.591712986357,8.82145377558222,87.8503030835456,21.6432774038569,16.6356432578945,28.4578479222279,WA
10110,2013,December,12,75 to 84,13,31.7930491652158,11377,991,961,114.265623626615,86.7152271938953,151.591712986357,292.772186642269,27.3700248280019,21.6432774038569,30.4442181008576,WA
10110,2014,January,1,75 to 84,20,29.2838920488159,11391,991,961,175.577210078132,114.265623626615,86.7152271938953,120.357634112792,31.7930491652158,27.3700248280019,30.655827226987,WA
10110,2014,February,2,75 to 84,28,27.156821592489,11675,991,961,239.82869379015,175.577210078132,114.265623626615,122.28142195825,29.2838920488159,31.7930491652158,26.8168738069946,WA
10110,2014,March,3,75 to 84,12,25.0357368741674,11406,991,961,105.207785376118,239.82869379015,175.577210078132,44.4444444444445,27.156821592489,29.2838920488159,25.7103505222044,WA
10110,2014,November,11,75 to 84,16,25.4954527924217,11216,991,961,142.65335235378,370.276866111251,171.86560109994,86.7152271938953,20.6385815118103,14.5948798911298,27.3700248280019,WA
10110,2014,December,12,75 to 84,9,30.9885468574182,11515,991,961,78.1589231437256,142.65335235378,370.276866111251,114.265623626615,25.4954527924217,20.6385815118103,31.7930491652158,WA
10110,2015,January,1,75 to 84,11,31.9742577241076,11458,991,961,96.0027928085181,78.1589231437256,142.65335235378,175.577210078132,30.9885468574182,25.4954527924217,29.2838920488159,WA
10110,2015,February,2,75 to 84,38,28.6443791582309,11773,991,961,322.772445425975,96.0027928085181,78.1589231437256,239.82869379015,31.9742577241076,30.9885468574182,27.156821592489,WA
10110,2015,March,3,75 to 84,16,26.228134148451,11575,991,961,138.228941684665,322.772445425975,96.0027928085181,105.207785376118,28.6443791582309,31.9742577241076,25.0357368741674,WA
10110,2015,November,11,75 to 84,22,25.6583302823366,11827,991,961,186.015050308616,172.309813043853,96.1286375950363,142.65335235378,22.4423880477581,18.7148306998197,25.4954527924217,WA
10110,2015,December,12,75 to 84,15,26.7908447885439,11267,991,961,133.132155853377,186.015050308616,172.309813043853,78.1589231437256,25.6583302823366,22.4423880477581,30.9885468574182,WA
10110,2016,January,1,75 to 84,7,29.7128819232469,11967,991,961,58.4941923623297,133.132155853377,186.015050308616,96.0027928085181,26.7908447885439,25.6583302823366,31.9742577241076,WA
10110,2016,February,2,75 to 84,21,29.3529280231668,11712,991,961,179.303278688525,58.4941923623297,133.132155853377,322.772445425975,29.7128819232469,26.7908447885439,28.6443791582309,WA
10110,2016,March,3,75 to 84,10,26.8672441531598,11830,991,961,84.530853761623,179.303278688525,58.4941923623297,138.228941684665,29.3529280231668,29.7128819232469,26.228134148451,WA
10110,2016,November,11,75 to 84,14,23.9633517873438,12130,991,961,115.416323165705,127.518490181076,151.79625569236,186.015050308616,22.1261619805541,16.755196420179,25.6583302823366,WA
10110,2016,December,12,75 to 84,25,27.8837036356686,11568,991,961,216.113416320885,115.416323165705,127.518490181076,133.132155853377,23.9633517873438,22.1261619805541,26.7908447885439,WA
10110,2011,January,1,85+,66,26.8112686827023,11199,991,961,589.338333779802,239.510334427393,460.164215465127,134.746676248653,29.8273549431802,25.8513455389334,29.996986002582,WA
10110,2011,February,2,85+,83,27.8583967534995,11260,991,961,737.122557726465,589.338333779802,239.510334427393,225.890529973936,26.8112686827023,29.8273549431802,29.8752705619912,WA
10110,2011,March,3,85+,46,25.2989813651378,11156,991,961,412.334169953388,737.122557726465,589.338333779802,305.782060785767,27.8583967534995,26.8112686827023,24.9496273355731,WA
10110,2011,November,11,85+,11,24.0228341925195,11336,991,961,97.0359915314044,71.0542676969536,125.594330313089,460.164215465127,21.5617195206714,18.6968062561196,25.8513455389334,WA
10110,2011,December,12,85+,58,29.1635372244751,11159,991,961,519.759835110673,97.0359915314044,71.0542676969536,239.510334427393,24.0228341925195,21.5617195206714,29.8273549431802,WA
10110,2012,January,1,85+,36,29.9857548998441,11538,991,961,312.01248049922,519.759835110673,97.0359915314044,589.338333779802,29.1635372244751,24.0228341925195,26.8112686827023,WA
10110,2012,February,2,85+,26,28.3327137906176,11085,991,961,234.551195308976,312.01248049922,519.759835110673,737.122557726465,29.9857548998441,29.1635372244751,27.8583967534995,WA
10110,2012,March,3,85+,5,25.8050967820054,11355,991,961,44.0334654337296,234.551195308976,312.01248049922,412.334169953388,28.3327137906176,29.9857548998441,25.2989813651378,WA
10110,2012,November,11,85+,51,27.7479613109609,11480,991,961,444.250871080139,27.5103163686382,268.444752338067,97.0359915314044,20.3567937815401,18.7007189202199,24.0228341925195,WA
10110,2012,December,12,85+,10,29.3544449493862,11551,991,961,86.5725911176522,444.250871080139,27.5103163686382,519.759835110673,27.7479613109609,20.3567937815401,29.1635372244751,WA
10110,2013,January,1,85+,16,30.2091719950401,11014,991,961,145.269656800436,86.5725911176522,444.250871080139,312.01248049922,29.3544449493862,27.7479613109609,29.9857548998441,WA
10110,2013,February,2,85+,39,30.4419352754929,11505,991,961,338.983050847458,145.269656800436,86.5725911176522,234.551195308976,30.2091719950401,29.3544449493862,28.3327137906176,WA
10110,2013,March,3,85+,17,27.2854682412943,11694,991,961,145.373695912434,338.983050847458,145.269656800436,44.0334654337296,30.4419352754929,30.2091719950401,25.8050967820054,WA
10110,2013,November,11,85+,13,26.1428053312849,11635,991,961,111.731843575419,256.344527044348,26.7761513745091,444.250871080139,22.9165680301782,18.7126921712304,27.7479613109609,WA
10110,2013,December,12,85+,23,29.9718865269356,11560,991,961,198.961937716263,111.731843575419,256.344527044348,86.5725911176522,26.1428053312849,22.9165680301782,29.3544449493862,WA
10110,2014,January,1,85+,84,29.7740071626031,11568,991,961,726.141078838174,198.961937716263,111.731843575419,145.269656800436,29.9718865269356,26.1428053312849,30.2091719950401,WA
10110,2014,February,2,85+,40,30.2039814525725,11634,991,961,343.819838404676,726.141078838174,198.961937716263,338.983050847458,29.7740071626031,29.9718865269356,30.4419352754929,WA
10110,2014,March,3,85+,22,27.5063763766712,11595,991,961,189.736955584304,343.819838404676,726.141078838174,145.373695912434,30.2039814525725,29.7740071626031,27.2854682412943,WA
10110,2014,November,11,85+,37,24.3950926692609,11784,991,961,313.985064494229,284.237726098191,174.474395882404,111.731843575419,26.2341295627103,19.0256960554794,26.1428053312849,WA
10110,2014,December,12,85+,18,28.1388367532201,11736,991,961,153.374233128834,313.985064494229,284.237726098191,198.961937716263,24.3950926692609,26.2341295627103,29.9718865269356,WA
10110,2015,January,1,85+,21,30.5060221240518,11723,991,961,179.135033694447,153.374233128834,313.985064494229,726.141078838174,28.1388367532201,24.3950926692609,29.7740071626031,WA
10110,2015,February,2,85+,46,27.9522236370535,11629,991,961,395.562817095193,179.135033694447,153.374233128834,343.819838404676,30.5060221240518,28.1388367532201,30.2039814525725,WA
10110,2015,March,3,85+,24,26.3791370943157,11984,991,961,200.267022696929,395.562817095193,179.135033694447,189.736955584304,27.9522236370535,30.5060221240518,27.5063763766712,WA
10110,2015,November,11,85+,53,25.2077594857431,11829,991,961,448.051399103897,215.164816249247,177.746178457163,313.985064494229,23.2833454147103,15.4852139263527,24.3950926692609,WA
10110,2015,December,12,85+,63,27.8233630983599,11486,991,961,548.493818561727,448.051399103897,215.164816249247,153.374233128834,25.2077594857431,23.2833454147103,28.1388367532201,WA
10110,2016,January,1,85+,34,30.5605604187372,11860,991,961,286.677908937605,548.493818561727,448.051399103897,179.135033694447,27.8233630983599,25.2077594857431,30.5060221240518,WA
10110,2016,February,2,85+,49,29.8835760296635,11745,991,961,417.198808003406,286.677908937605,548.493818561727,395.562817095193,30.5605604187372,27.8233630983599,27.9522236370535,WA
10110,2016,March,3,85+,141,25.7020782662597,11801,991,961,1194.81399881366,417.198808003406,286.677908937605,200.267022696929,29.8835760296635,30.5605604187372,26.3791370943157,WA
10110,2016,November,11,85+,12,26.5291807504931,11305,991,961,106.147722246793,83.0909846281679,86.1029791630791,448.051399103897,21.8315707611711,17.7107769274553,25.2077594857431,WA
10110,2016,December,12,85+,22,27.0806652327883,11384,991,961,193.253689388616,106.147722246793,83.0909846281679,548.493818561727,26.5291807504931,21.8315707611711,27.8233630983599,WA
10111,2011,January,1,75 to 84,7,29.0973885338576,4532,886,996,154.457193292145,137.299771167048,88.4564352056612,163.704396632367,27.3995049557715,23.8345809431162,30.7473019318654,WA
10111,2011,February,2,75 to 84,14,29.4046411819565,4521,886,996,309.66600309666,154.457193292145,137.299771167048,222.37046920169,29.0973885338576,27.3995049557715,27.9940863199101,WA
10111,2011,March,3,75 to 84,12,26.7599406374756,4340,886,996,276.497695852535,309.66600309666,154.457193292145,140.350877192982,29.4046411819565,29.0973885338576,23.243173750475,WA
10111,2011,November,11,75 to 84,2,25.5954089661353,4451,886,996,44.9337227589306,0,0,88.4564352056612,19.3313552387199,17.2182551730497,23.8345809431162,WA
10111,2011,December,12,75 to 84,2,29.7433703644219,4402,886,996,45.4338936846888,44.9337227589306,0,137.299771167048,25.5954089661353,19.3313552387199,27.3995049557715,WA
10111,2012,January,1,75 to 84,14,30.5820571763398,4597,886,996,304.546443332608,45.4338936846888,44.9337227589306,154.457193292145,29.7433703644219,25.5954089661353,29.0973885338576,WA
10111,2012,February,2,75 to 84,4,31.5634845592366,4386,886,996,91.1992704058368,304.546443332608,45.4338936846888,309.66600309666,30.5820571763398,29.7433703644219,29.4046411819565,WA
10111,2012,March,3,75 to 84,7,25.7927682019731,4325,886,996,161.849710982659,91.1992704058368,304.546443332608,276.497695852535,31.5634845592366,30.5820571763398,26.7599406374756,WA
10111,2012,November,11,75 to 84,3,23.9832756160379,4412,886,996,67.9963735267453,113.199003848766,114.103149246919,44.9337227589306,22.8656835633512,16.7093161673227,25.5954089661353,WA
10111,2012,December,12,75 to 84,12,30.3914219571124,4414,886,996,271.862256456729,67.9963735267453,113.199003848766,45.4338936846888,23.9832756160379,22.8656835633512,29.7433703644219,WA
10111,2013,January,1,75 to 84,19,30.3092923225942,4524,886,996,419.982316534041,271.862256456729,67.9963735267453,304.546443332608,30.3914219571124,23.9832756160379,30.5820571763398,WA
10111,2013,February,2,75 to 84,6,30.1387084794211,4612,886,996,130.09540329575,419.982316534041,271.862256456729,91.1992704058368,30.3092923225942,30.3914219571124,31.5634845592366,WA
10111,2013,March,3,75 to 84,8,26.7318878841248,4489,886,996,178.213410559145,130.09540329575,419.982316534041,161.849710982659,30.1387084794211,30.3092923225942,25.7927682019731,WA
10111,2013,November,11,75 to 84,9,26.7291875274084,4372,886,996,205.855443732845,314.536059312514,270.148581719946,67.9963735267453,22.1573342802199,20.8940758143077,23.9832756160379,WA
10111,2013,December,12,75 to 84,3,29.2521178725101,4475,886,996,67.0391061452514,205.855443732845,314.536059312514,271.862256456729,26.7291875274084,22.1573342802199,30.3914219571124,WA
10111,2014,January,1,75 to 84,14,27.5457992604181,4534,886,996,308.778120864579,67.0391061452514,205.855443732845,419.982316534041,29.2521178725101,26.7291875274084,30.3092923225942,WA
10111,2014,February,2,75 to 84,0,26.3783039183845,4335,886,996,0,308.778120864579,67.0391061452514,130.09540329575,27.5457992604181,29.2521178725101,30.1387084794211,WA
10111,2014,March,3,75 to 84,3,28.5296376435547,4634,886,996,64.7388864911524,0,308.778120864579,178.213410559145,26.3783039183845,27.5457992604181,26.7318878841248,WA
10111,2014,November,11,75 to 84,11,27.6204816753837,4398,886,996,250.113688040018,66.0211267605634,127.659574468085,205.855443732845,21.9900723603087,19.5693871998267,26.7291875274084,WA
10111,2014,December,12,75 to 84,9,29.7536558590451,4569,886,996,196.979645436638,250.113688040018,66.0211267605634,67.0391061452514,27.6204816753837,21.9900723603087,29.2521178725101,WA
10111,2015,January,1,75 to 84,19,30.3746487082282,4576,886,996,415.20979020979,196.979645436638,250.113688040018,308.778120864579,29.7536558590451,27.6204816753837,27.5457992604181,WA
10111,2015,February,2,75 to 84,1,28.4228576129606,4628,886,996,21.6076058772688,415.20979020979,196.979645436638,0,30.3746487082282,29.7536558590451,26.3783039183845,WA
10111,2015,March,3,75 to 84,5,25.2608685192864,4400,886,996,113.636363636364,21.6076058772688,415.20979020979,64.7388864911524,28.4228576129606,30.3746487082282,28.5296376435547,WA
10111,2015,November,11,75 to 84,6,25.9980759459667,4687,886,996,128.013654789844,43.6395374209033,0,250.113688040018,20.4031080000816,21.0730780207405,27.6204816753837,WA
10111,2015,December,12,75 to 84,3,27.7608330885028,4554,886,996,65.8761528326746,128.013654789844,43.6395374209033,196.979645436638,25.9980759459667,20.4031080000816,29.7536558590451,WA
10111,2016,January,1,75 to 84,7,28.0285520193329,4725,886,996,148.148148148148,65.8761528326746,128.013654789844,415.20979020979,27.7608330885028,25.9980759459667,30.3746487082282,WA
10111,2016,February,2,75 to 84,1,27.9449504217744,4551,886,996,21.9731927049,148.148148148148,65.8761528326746,21.6076058772688,28.0285520193329,27.7608330885028,28.4228576129606,WA
10111,2016,March,3,75 to 84,16,27.1872662947091,4576,886,996,349.65034965035,21.9731927049,148.148148148148,113.636363636364,27.9449504217744,28.0285520193329,25.2608685192864,WA
10111,2016,November,11,75 to 84,1,26.197139484261,4674,886,996,21.3949507916132,0,0,128.013654789844,24.154551078922,19.9648660569389,25.9980759459667,WA
10111,2016,December,12,75 to 84,6,29.5515593072108,4628,886,996,129.645635263613,21.3949507916132,0,65.8761528326746,26.197139484261,24.154551078922,27.7608330885028,WA
10111,2011,January,1,85+,6,30.4544413981922,4411,886,996,136.023577420086,303.951367781155,159.63511972634,521.697889494902,30.648972676457,26.6920771897692,31.4530577540051,WA
10111,2011,February,2,85+,11,27.4336611138839,4423,886,996,248.699977390911,136.023577420086,303.951367781155,227.427791676143,30.4544413981922,30.648972676457,26.6093562950024,WA
10111,2011,March,3,85+,16,28.1232821079241,4415,886,996,362.400906002265,248.699977390911,136.023577420086,298.438934802571,27.4336611138839,30.4544413981922,25.1547653866199,WA
10111,2011,November,11,85+,4,27.4926962502779,4357,886,996,91.8062887307781,46.0829493087558,45.7770656900893,159.63511972634,20.8102370393095,16.1573024236352,26.6920771897692,WA
10111,2011,December,12,85+,4,29.3036527608186,4302,886,996,92.9800092980009,91.8062887307781,46.0829493087558,303.951367781155,27.4926962502779,20.8102370393095,30.648972676457,WA
10111,2012,January,1,85+,14,30.1721133401753,4369,886,996,320.439459830625,92.9800092980009,91.8062887307781,136.023577420086,29.3036527608186,27.4926962502779,30.4544413981922,WA
10111,2012,February,2,85+,8,28.9799320120713,4508,886,996,177.462289263532,320.439459830625,92.9800092980009,248.699977390911,30.1721133401753,29.3036527608186,27.4336611138839,WA
10111,2012,March,3,85+,2,24.2689083989142,4398,886,996,45.475216007276,177.462289263532,320.439459830625,362.400906002265,28.9799320120713,30.1721133401753,28.1232821079241,WA
10111,2012,November,11,85+,25,24.084426873584,4400,886,996,568.181818181818,459.770114942529,248.868778280543,91.8062887307781,24.2828165689481,18.3574090244782,27.4926962502779,WA
10111,2012,December,12,85+,19,28.6988022216672,4362,886,996,435.580009170106,568.181818181818,459.770114942529,92.9800092980009,24.084426873584,24.2828165689481,29.3036527608186,WA
10111,2013,January,1,85+,1,30.8554088789351,4478,886,996,22.3313979455114,435.580009170106,568.181818181818,320.439459830625,28.6988022216672,24.084426873584,30.1721133401753,WA
10111,2013,February,2,85+,15,28.989709430566,4352,886,996,344.669117647059,22.3313979455114,435.580009170106,177.462289263532,30.8554088789351,28.6988022216672,28.9799320120713,WA
10111,2013,March,3,85+,14,25.2796454835808,4480,886,996,312.5,344.669117647059,22.3313979455114,45.475216007276,28.989709430566,30.8554088789351,24.2689083989142,WA
10111,2013,November,11,85+,5,28.1161114550033,4291,886,996,116.522955022139,272.603362108133,173.272687892571,568.181818181818,20.5374848684646,17.8607559656805,24.084426873584,WA
10111,2013,December,12,85+,29,30.5819940091359,4582,886,996,632.911392405063,116.522955022139,272.603362108133,435.580009170106,28.1161114550033,20.5374848684646,28.6988022216672,WA
10111,2014,January,1,85+,25,28.5636534745246,4499,886,996,555.679039786619,632.911392405063,116.522955022139,22.3313979455114,30.5819940091359,28.1161114550033,30.8554088789351,WA
10111,2014,February,2,85+,22,29.5631333460774,4572,886,996,481.189851268591,555.679039786619,632.911392405063,344.669117647059,28.5636534745246,30.5819940091359,28.989709430566,WA
10111,2014,March,3,85+,8,26.8744872957381,4553,886,996,175.708324181858,481.189851268591,555.679039786619,312.5,29.5631333460774,28.5636534745246,25.2796454835808,WA
10111,2014,November,11,85+,3,26.481431191758,4573,886,996,65.6024491581019,65.1607298001738,68.3526999316473,116.522955022139,21.7733599287378,20.4603476696053,28.1161114550033,WA
10111,2014,December,12,85+,19,28.9526754447103,4386,886,996,433.196534427725,65.6024491581019,65.1607298001738,632.911392405063,26.481431191758,21.7733599287378,30.5819940091359,WA
10111,2015,January,1,85+,5,30.4360623190378,4457,886,996,112.183082791115,433.196534427725,65.6024491581019,555.679039786619,28.9526754447103,26.481431191758,28.5636534745246,WA
10111,2015,February,2,85+,7,27.5383170336982,4478,886,996,156.31978561858,112.183082791115,433.196534427725,481.189851268591,30.4360623190378,28.9526754447103,29.5631333460774,WA
10111,2015,March,3,85+,2,26.2934166545646,4736,886,996,42.2297297297297,156.31978561858,112.183082791115,175.708324181858,27.5383170336982,30.4360623190378,26.8744872957381,WA
10111,2015,November,11,85+,39,26.0887988000659,4621,886,996,843.973165981389,68.073519400953,89.4654439722657,65.6024491581019,20.9441051365441,20.6357243646241,26.481431191758,WA
10111,2015,December,12,85+,7,29.5641031092232,4598,886,996,152.240104393214,843.973165981389,68.073519400953,433.196534427725,26.0887988000659,20.9441051365441,28.9526754447103,WA
10111,2016,January,1,85+,19,31.5084916774691,4698,886,996,404.427415921669,152.240104393214,843.973165981389,112.183082791115,29.5641031092232,26.0887988000659,30.4360623190378,WA
10111,2016,February,2,85+,14,27.6755762091822,4517,886,996,309.940225813593,404.427415921669,152.240104393214,156.31978561858,31.5084916774691,29.5641031092232,27.5383170336982,WA
10111,2016,March,3,85+,10,25.6268439349584,4530,886,996,220.75055187638,309.940225813593,404.427415921669,42.2297297297297,27.6755762091822,31.5084916774691,26.2934166545646,WA
10111,2016,November,11,85+,3,25.9808886524697,4550,886,996,65.9340659340659,65.4735923177652,65.2315720808872,843.973165981389,23.2146266724511,20.984750389248,26.0887988000659,WA
10111,2016,December,12,85+,9,28.6146486047205,4558,886,996,197.455024133392,65.9340659340659,65.4735923177652,152.240104393214,25.9808886524697,23.2146266724511,29.5641031092232,WA
10112,2011,January,1,75 to 84,9,28.0642764426025,9555,1009,939,94.1915227629513,31.5789473684211,0,54.1301288297066,27.3975146883615,25.7163190233912,30.7038276364118,WA
10112,2011,February,2,75 to 84,16,27.5625952861332,9781,1009,939,163.582455781617,94.1915227629513,31.5789473684211,83.7170364169108,28.0642764426025,27.3975146883615,28.7396636648747,WA
10112,2011,March,3,75 to 84,17,24.269505573981,9469,1009,939,179.533213644524,163.582455781617,94.1915227629513,130.653266331658,27.5625952861332,28.0642764426025,25.2996517452073,WA
10112,2011,November,11,75 to 84,3,27.5730456469044,10015,1009,939,29.9550673989017,221.099178774479,20.5655526992288,0,23.8569499259255,17.4005168029261,25.7163190233912,WA
10112,2011,December,12,75 to 84,30,30.0193623156402,9437,1009,939,317.897636960899,29.9550673989017,221.099178774479,31.5789473684211,27.5730456469044,23.8569499259255,27.3975146883615,WA
10112,2012,January,1,75 to 84,5,27.2179210259344,9736,1009,939,51.3557929334429,317.897636960899,29.9550673989017,94.1915227629513,30.0193623156402,27.5730456469044,28.0642764426025,WA
10112,2012,February,2,75 to 84,7,28.190649793837,9746,1009,939,71.8243381900267,51.3557929334429,317.897636960899,163.582455781617,27.2179210259344,30.0193623156402,27.5625952861332,WA
10112,2012,March,3,75 to 84,16,24.2098005399275,9485,1009,939,168.687401159726,71.8243381900267,51.3557929334429,179.533213644524,28.190649793837,27.2179210259344,24.269505573981,WA
10112,2012,November,11,75 to 84,12,25.7344371167994,9814,1009,939,122.274302017526,178.346621905162,0,29.9550673989017,21.6058695557963,17.379049101766,27.5730456469044,WA
10112,2012,December,12,75 to 84,28,28.2739833702446,9429,1009,939,296.956198960653,122.274302017526,178.346621905162,317.897636960899,25.7344371167994,21.6058695557963,30.0193623156402,WA
10112,2013,January,1,75 to 84,43,29.1922204206313,9495,1009,939,452.869931542917,296.956198960653,122.274302017526,51.3557929334429,28.2739833702446,25.7344371167994,27.2179210259344,WA
10112,2013,February,2,75 to 84,43,27.814309862474,9753,1009,939,440.889982569466,452.869931542917,296.956198960653,71.8243381900267,29.1922204206313,28.2739833702446,28.190649793837,WA
10112,2013,March,3,75 to 84,30,24.2577494023923,9742,1009,939,307.944980496818,440.889982569466,452.869931542917,168.687401159726,27.814309862474,29.1922204206313,24.2098005399275,WA
10112,2013,November,11,75 to 84,6,24.8254167836305,9773,1009,939,61.3936355264504,31.7830278631211,124.779037121764,122.274302017526,25.1691125170724,17.6695534956115,25.7344371167994,WA
10112,2013,December,12,75 to 84,21,29.7067906907957,9355,1009,939,224.478888295029,61.3936355264504,31.7830278631211,296.956198960653,24.8254167836305,25.1691125170724,28.2739833702446,WA
10112,2014,January,1,75 to 84,14,30.2516683922799,9683,1009,939,144.583290302592,224.478888295029,61.3936355264504,452.869931542917,29.7067906907957,24.8254167836305,29.1922204206313,WA
10112,2014,February,2,75 to 84,41,29.6664466744186,9934,1009,939,412.723978256493,144.583290302592,224.478888295029,440.889982569466,30.2516683922799,29.7067906907957,27.814309862474,WA
10112,2014,March,3,75 to 84,28,25.2493860777963,9891,1009,939,283.085633404105,412.723978256493,144.583290302592,307.944980496818,29.6664466744186,30.2516683922799,24.2577494023923,WA
10112,2014,November,11,75 to 84,8,25.069710286704,9891,1009,939,80.8816095440299,135.586149353358,131.85921493052,61.3936355264504,22.1740474819734,17.1645019304458,24.8254167836305,WA
10112,2014,December,12,75 to 84,13,30.4593373995409,9663,1009,939,134.533788678464,80.8816095440299,135.586149353358,224.478888295029,25.069710286704,22.1740474819734,29.7067906907957,WA
10112,2015,January,1,75 to 84,5,32.1557468619971,9731,1009,939,51.3821806597472,134.533788678464,80.8816095440299,144.583290302592,30.4593373995409,25.069710286704,30.2516683922799,WA
10112,2015,February,2,75 to 84,34,30.4490615189331,9946,1009,939,341.845968228434,51.3821806597472,134.533788678464,412.723978256493,32.1557468619971,30.4593373995409,29.6664466744186,WA
10112,2015,March,3,75 to 84,12,28.2286134873494,9913,1009,939,121.053162513871,341.845968228434,51.3821806597472,283.085633404105,30.4490615189331,32.1557468619971,25.2493860777963,WA
10112,2015,November,11,75 to 84,32,25.0030573879151,10232,1009,939,312.744331508991,197.511356903022,59.3178447849728,80.8816095440299,21.2968077393645,17.3205525856919,25.069710286704,WA
10112,2015,December,12,75 to 84,75,29.1560647627182,9823,1009,939,763.514201364145,312.744331508991,197.511356903022,134.533788678464,25.0030573879151,21.2968077393645,30.4593373995409,WA
10112,2016,January,1,75 to 84,38,28.7084178700935,10110,1009,939,375.865479723047,763.514201364145,312.744331508991,51.3821806597472,29.1560647627182,25.0030573879151,32.1557468619971,WA
10112,2016,February,2,75 to 84,45,32.7473626396035,10091,1009,939,445.941928451095,375.865479723047,763.514201364145,341.845968228434,28.7084178700935,29.1560647627182,30.4490615189331,WA
10112,2016,March,3,75 to 84,20,24.4590988175037,9752,1009,939,205.086136177194,445.941928451095,375.865479723047,121.053162513871,32.7473626396035,28.7084178700935,28.2286134873494,WA
10112,2016,November,11,75 to 84,10,26.2162897205385,9928,1009,939,100.725221595488,534.651467769595,78.0107264748903,312.744331508991,21.8388877485402,19.6108216997409,25.0030573879151,WA
10112,2016,December,12,75 to 84,56,28.1321526011842,10326,1009,939,542.320356381949,100.725221595488,534.651467769595,763.514201364145,26.2162897205385,21.8388877485402,29.1560647627182,WA
10112,2011,January,1,85+,68,28.7679074440587,9649,1009,939,704.736242097627,95.8874920093757,86.6269626421224,1534.58061803658,30.1740625219226,26.2038442993937,31.2921955990107,WA
10112,2011,February,2,85+,9,30.4587861387344,9393,1009,939,95.8160332162248,704.736242097627,95.8874920093757,217.054263565891,28.7679074440587,30.1740625219226,30.5670295201831,WA
10112,2011,March,3,85+,52,22.6722624607871,9469,1009,939,549.16041820678,95.8160332162248,704.736242097627,183.654729109275,30.4587861387344,28.7679074440587,28.0663717758447,WA
10112,2011,November,11,85+,5,25.4701021226317,9565,1009,939,52.2739153162572,171.269535431385,187.871829662874,86.6269626421224,21.8468209752713,21.1415946744156,26.2038442993937,WA
10112,2011,December,12,85+,31,28.0760318092514,9412,1009,939,329.366765830854,52.2739153162572,171.269535431385,95.8874920093757,25.4701021226317,21.8468209752713,30.1740625219226,WA
10112,2012,January,1,85+,33,31.6290308540307,9872,1009,939,334.278768233387,329.366765830854,52.2739153162572,704.736242097627,28.0760318092514,25.4701021226317,28.7679074440587,WA
10112,2012,February,2,85+,59,30.5887960392306,9674,1009,939,609.882158362622,334.278768233387,329.366765830854,95.8160332162248,31.6290308540307,28.0760318092514,30.4587861387344,WA
10112,2012,March,3,85+,36,27.7190359966547,9279,1009,939,387.972841901067,609.882158362622,334.278768233387,549.16041820678,30.5887960392306,31.6290308540307,22.6722624607871,WA
10112,2012,November,11,85+,15,22.6327617251594,9832,1009,939,152.563059397884,419.155401865242,169.168957496299,52.2739153162572,24.5494255546826,18.637207172507,25.4701021226317,WA
10112,2012,December,12,85+,10,26.9373064055347,9603,1009,939,104.134124752681,152.563059397884,419.155401865242,329.366765830854,22.6327617251594,24.5494255546826,28.0760318092514,WA
10112,2013,January,1,85+,30,29.6782666696577,9964,1009,939,301.083902047371,104.134124752681,152.563059397884,334.278768233387,26.9373064055347,22.6327617251594,31.6290308540307,WA
10112,2013,February,2,85+,15,29.8729005803718,9491,1009,939,158.04446317564,301.083902047371,104.134124752681,609.882158362622,29.6782666696577,26.9373064055347,30.5887960392306,WA
10112,2013,March,3,85+,13,25.1057998999833,9287,1009,939,139.980618068267,158.04446317564,301.083902047371,387.972841901067,29.8729005803718,29.6782666696577,27.7190359966547,WA
10112,2013,November,11,85+,68,24.4176518174388,9863,1009,939,689.445402007503,165.067574538327,61.7919670442842,152.563059397884,22.5539951074264,16.6534356045377,22.6327617251594,WA
10112,2013,December,12,85+,76,29.0550880958228,9430,1009,939,805.93849416755,689.445402007503,165.067574538327,104.134124752681,24.4176518174388,22.5539951074264,26.9373064055347,WA
10112,2014,January,1,85+,65,29.0409251835086,9823,1009,939,661.712307848926,805.93849416755,689.445402007503,301.083902047371,29.0550880958228,24.4176518174388,29.6782666696577,WA
10112,2014,February,2,85+,22,27.6287328949904,9805,1009,939,224.375318714941,661.712307848926,805.93849416755,158.04446317564,29.0409251835086,29.0550880958228,29.8729005803718,WA
10112,2014,March,3,85+,22,28.4294581598145,9890,1009,939,222.446916076845,224.375318714941,661.712307848926,139.980618068267,27.6287328949904,29.0409251835086,25.1057998999833,WA
10112,2014,November,11,85+,34,25.2584478109383,9994,1009,939,340.204122473484,258.024563938487,422.110552763819,689.445402007503,23.4365821970662,17.4046953276703,24.4176518174388,WA
10112,2014,December,12,85+,2,28.1975381899476,10000,1009,939,20,340.204122473484,258.024563938487,805.93849416755,25.2584478109383,23.4365821970662,29.0550880958228,WA
10112,2015,January,1,85+,29,31.1233301580551,10113,1009,939,286.75961633541,20,340.204122473484,661.712307848926,28.1975381899476,25.2584478109383,29.0409251835086,WA
10112,2015,February,2,85+,17,24.732320868571,9996,1009,939,170.068027210884,286.75961633541,20,224.375318714941,31.1233301580551,28.1975381899476,27.6287328949904,WA
10112,2015,March,3,85+,29,25.2922428715141,10078,1009,939,287.755507045049,170.068027210884,286.75961633541,222.446916076845,24.732320868571,31.1233301580551,28.4294581598145,WA
10112,2015,November,11,85+,56,23.6800665102841,10367,1009,939,540.175557056043,40.5720661324678,89.003164556962,340.204122473484,24.1652725232228,16.635875914157,25.2584478109383,WA
10112,2015,December,12,85+,50,25.8423433067459,10024,1009,939,498.802873104549,540.175557056043,40.5720661324678,20,23.6800665102841,24.1652725232228,28.1975381899476,WA
10112,2016,January,1,85+,45,29.2056383676995,9988,1009,939,450.540648778534,498.802873104549,540.175557056043,286.75961633541,25.8423433067459,23.6800665102841,31.1233301580551,WA
10112,2016,February,2,85+,16,28.5472522670857,9996,1009,939,160.064025610244,450.540648778534,498.802873104549,170.068027210884,29.2056383676995,25.8423433067459,24.732320868571,WA
10112,2016,March,3,85+,42,27.2376959512668,10192,1009,939,412.087912087912,160.064025610244,450.540648778534,287.755507045049,28.5472522670857,29.2056383676995,25.2922428715141,WA
10112,2016,November,11,85+,19,28.4260844458703,10110,1009,939,187.932739861523,111.066235864297,49.9101617089239,540.175557056043,23.1377415165561,21.7788296471226,23.6800665102841,WA
10112,2016,December,12,85+,36,28.7778570365235,9920,1009,939,362.903225806452,187.932739861523,111.066235864297,498.802873104549,28.4260844458703,23.1377415165561,25.8423433067459,WA
10113,2011,January,1,75 to 84,47,26.627826291781,16984,994,871,276.731040979746,179.399938137952,117.283950617284,158.526919090299,29.0362755759403,25.343392859094,31.5857230354997,WA
10113,2011,February,2,75 to 84,118,29.1807002996755,17365,994,871,679.527785775986,276.731040979746,179.399938137952,208.011410911684,26.627826291781,29.0362755759403,28.9970330874746,WA
10113,2011,March,3,75 to 84,41,28.2083494735379,17046,994,871,240.525636512965,679.527785775986,276.731040979746,166.728417932568,29.1807002996755,26.627826291781,25.694117483024,WA
10113,2011,November,11,75 to 84,8,27.2554329816456,16634,994,871,48.0942647589275,35.8273123544515,5.9175099118291,117.283950617284,22.7449357291157,18.4804340735577,25.343392859094,WA
10113,2011,December,12,75 to 84,26,29.1101017135862,16435,994,871,158.198965622148,48.0942647589275,35.8273123544515,179.399938137952,27.2554329816456,22.7449357291157,29.0362755759403,WA
10113,2012,January,1,75 to 84,37,31.2206194935973,17400,994,871,212.64367816092,158.198965622148,48.0942647589275,276.731040979746,29.1101017135862,27.2554329816456,26.627826291781,WA
10113,2012,February,2,75 to 84,65,29.7547087971063,17465,994,871,372.172917263098,212.64367816092,158.198965622148,679.527785775986,31.2206194935973,29.1101017135862,29.1807002996755,WA
10113,2012,March,3,75 to 84,44,26.3364976408369,16980,994,871,259.128386336867,372.172917263098,212.64367816092,240.525636512965,29.7547087971063,31.2206194935973,28.2083494735379,WA
10113,2012,November,11,75 to 84,70,24.5508262234001,17023,994,871,411.208365153028,307.183364839319,114.757860913473,48.0942647589275,21.3126674505007,17.1436921056552,27.2554329816456,WA
10113,2012,December,12,75 to 84,41,30.3832971837328,16088,994,871,254.848334162108,411.208365153028,307.183364839319,158.198965622148,24.5508262234001,21.3126674505007,29.1101017135862,WA
10113,2013,January,1,75 to 84,26,29.414737814218,17034,994,871,152.635904661266,254.848334162108,411.208365153028,212.64367816092,30.3832971837328,24.5508262234001,31.2206194935973,WA
10113,2013,February,2,75 to 84,91,28.8649133760867,17710,994,871,513.833992094862,152.635904661266,254.848334162108,372.172917263098,29.414737814218,30.3832971837328,29.7547087971063,WA
10113,2013,March,3,75 to 84,101,26.0150362178811,17257,994,871,585.269745610477,513.833992094862,152.635904661266,259.128386336867,28.8649133760867,29.414737814218,26.3364976408369,WA
10113,2013,November,11,75 to 84,31,23.7073876139859,17449,994,871,177.660610923262,411.451089476124,277.794925612692,411.208365153028,23.7115994475693,18.1158373969067,24.5508262234001,WA
10113,2013,December,12,75 to 84,33,28.6400536973872,17612,994,871,187.372246195776,177.660610923262,411.451089476124,254.848334162108,23.7073876139859,23.7115994475693,30.3832971837328,WA
10113,2014,January,1,75 to 84,6,28.8269630110168,17179,994,871,34.9263635834449,187.372246195776,177.660610923262,152.635904661266,28.6400536973872,23.7073876139859,29.414737814218,WA
10113,2014,February,2,75 to 84,17,30.3389889639359,17412,994,871,97.6338157592465,34.9263635834449,187.372246195776,513.833992094862,28.8269630110168,28.6400536973872,28.8649133760867,WA
10113,2014,March,3,75 to 84,19,27.0052022018958,17001,994,871,111.758131874596,97.6338157592465,34.9263635834449,585.269745610477,30.3389889639359,28.8269630110168,26.0150362178811,WA
10113,2014,November,11,75 to 84,64,28.4238923334725,17897,994,871,357.601832709393,151.110077879809,57.9810981619992,177.660610923262,23.8346580042195,17.3088629745952,23.7073876139859,WA
10113,2014,December,12,75 to 84,13,28.4583256475919,17383,994,871,74.7857101766093,357.601832709393,151.110077879809,187.372246195776,28.4238923334725,23.8346580042195,28.6400536973872,WA
10113,2015,January,1,75 to 84,40,31.9973335970145,17382,994,871,230.123115866989,74.7857101766093,357.601832709393,34.9263635834449,28.4583256475919,28.4238923334725,28.8269630110168,WA
10113,2015,February,2,75 to 84,5,28.6256664084878,17059,994,871,29.3100416202591,230.123115866989,74.7857101766093,97.6338157592465,31.9973335970145,28.4583256475919,30.3389889639359,WA
10113,2015,March,3,75 to 84,6,25.6573683314307,17758,994,871,33.7875886924203,29.3100416202591,230.123115866989,111.758131874596,28.6256664084878,31.9973335970145,27.0052022018958,WA
10113,2015,November,11,75 to 84,22,25.5442099528155,17684,994,871,124.406242931463,337.170096500407,92.1393607831846,357.601832709393,19.6230618577046,16.9686503992803,28.4238923334725,WA
10113,2015,December,12,75 to 84,16,29.8998221755478,17487,994,871,91.4965402870704,124.406242931463,337.170096500407,74.7857101766093,25.5442099528155,19.6230618577046,28.4583256475919,WA
10113,2016,January,1,75 to 84,10,27.552568170291,18256,994,871,54.7765118317266,91.4965402870704,124.406242931463,230.123115866989,29.8998221755478,25.5442099528155,31.9973335970145,WA
10113,2016,February,2,75 to 84,18,29.2647771848902,17359,994,871,103.692609021257,54.7765118317266,91.4965402870704,29.3100416202591,27.552568170291,29.8998221755478,28.6256664084878,WA
10113,2016,March,3,75 to 84,13,26.4278842405443,18135,994,871,71.6845878136201,103.692609021257,54.7765118317266,33.7875886924203,29.2647771848902,27.552568170291,25.6573683314307,WA
10113,2016,November,11,75 to 84,48,28.6681729320004,17581,994,871,273.02201239975,33.5158082895766,147.175365108117,124.406242931463,21.239117615773,16.8627926803213,25.5442099528155,WA
10113,2016,December,12,75 to 84,21,28.007247541641,17550,994,871,119.65811965812,273.02201239975,33.5158082895766,91.4965402870704,28.6681729320004,21.239117615773,29.8998221755478,WA
10113,2011,January,1,85+,31,30.7431612964726,16458,994,871,188.358245230283,343.003313760828,341.133520857023,134.056425568216,29.271618501772,26.1540711284833,28.9706062119775,WA
10113,2011,February,2,85+,66,28.8758672617603,17374,994,871,379.877978588696,188.358245230283,343.003313760828,341.573554101777,30.7431612964726,29.271618501772,29.5618871758068,WA
10113,2011,March,3,85+,67,26.4711891469733,16468,994,871,406.849647801798,379.877978588696,188.358245230283,1179.16014919986,28.8758672617603,30.7431612964726,28.6312161564496,WA
10113,2011,November,11,85+,37,27.1962618874286,16980,994,871,217.903415783274,198.019801980198,294.334069168506,341.133520857023,19.6226089691045,19.7590706029329,26.1540711284833,WA
10113,2011,December,12,85+,37,29.7699468151433,16533,994,871,223.794834573278,217.903415783274,198.019801980198,343.003313760828,27.1962618874286,19.6226089691045,29.271618501772,WA
10113,2012,January,1,85+,76,33.1584724046062,16969,994,871,447.8755377453,223.794834573278,217.903415783274,188.358245230283,29.7699468151433,27.1962618874286,30.7431612964726,WA
10113,2012,February,2,85+,67,27.9474465159232,17192,994,871,389.716147045137,447.8755377453,223.794834573278,379.877978588696,33.1584724046062,29.7699468151433,28.8758672617603,WA
10113,2012,March,3,85+,27,22.7574475723161,17375,994,871,155.395683453237,389.716147045137,447.8755377453,406.849647801798,27.9474465159232,33.1584724046062,26.4711891469733,WA
10113,2012,November,11,85+,28,27.7592099445233,16985,994,871,164.851339417133,232.378001549187,428.291727851199,217.903415783274,21.4821632184326,18.9086175273287,27.1962618874286,WA
10113,2012,December,12,85+,17,29.1598937907524,17269,994,871,98.4422954427008,164.851339417133,232.378001549187,223.794834573278,27.7592099445233,21.4821632184326,29.7699468151433,WA
10113,2013,January,1,85+,37,31.0595926984626,17416,994,871,212.448323380799,98.4422954427008,164.851339417133,447.8755377453,29.1598937907524,27.7592099445233,33.1584724046062,WA
10113,2013,February,2,85+,14,29.8492257984669,17194,994,871,81.4237524717925,212.448323380799,98.4422954427008,389.716147045137,31.0595926984626,29.1598937907524,27.9474465159232,WA
10113,2013,March,3,85+,53,23.9511078490622,16718,994,871,317.02356741237,81.4237524717925,212.448323380799,155.395683453237,29.8492257984669,31.0595926984626,22.7574475723161,WA
10113,2013,November,11,85+,87,26.1790351630923,16342,994,871,532.370578876515,389.311626260839,202.195262853842,164.851339417133,20.8146405383129,17.5292063272336,27.7592099445233,WA
10113,2013,December,12,85+,94,27.4777194483387,16829,994,871,558.55962921148,532.370578876515,389.311626260839,98.4422954427008,26.1790351630923,20.8146405383129,29.1598937907524,WA
10113,2014,January,1,85+,7,27.8931660907083,18014,994,871,38.8586654824026,558.55962921148,532.370578876515,212.448323380799,27.4777194483387,26.1790351630923,31.0595926984626,WA
10113,2014,February,2,85+,15,32.2652988511496,16757,994,871,89.514829623441,38.8586654824026,558.55962921148,81.4237524717925,27.8931660907083,27.4777194483387,29.8492257984669,WA
10113,2014,March,3,85+,9,25.1976889938591,17545,994,871,51.2966657167284,89.514829623441,38.8586654824026,317.02356741237,32.2652988511496,27.8931660907083,23.9511078490622,WA
10113,2014,November,11,85+,60,26.0650383802399,17035,994,871,352.216025829175,216.216216216216,82.5131136912831,532.370578876515,20.3176191941261,17.5912705606897,26.1790351630923,WA
10113,2014,December,12,85+,70,28.9065025974753,16752,994,871,417.860553963706,352.216025829175,216.216216216216,558.55962921148,26.0650383802399,20.3176191941261,27.4777194483387,WA
10113,2015,January,1,85+,11,31.261925879259,17383,994,871,63.2802163032848,417.860553963706,352.216025829175,38.8586654824026,28.9065025974753,26.0650383802399,27.8931660907083,WA
10113,2015,February,2,85+,39,27.3325484736991,17627,994,871,221.251489192716,63.2802163032848,417.860553963706,89.514829623441,31.261925879259,28.9065025974753,32.2652988511496,WA
10113,2015,March,3,85+,29,27.8127974522857,17874,994,871,162.246838983999,221.251489192716,63.2802163032848,51.2966657167284,27.3325484736991,31.261925879259,25.1976889938591,WA
10113,2015,November,11,85+,118,24.8980199594556,17851,994,871,661.027393423338,336.602634786141,127.403289321288,352.216025829175,25.5822507710756,19.0704451510542,26.0650383802399,WA
10113,2015,December,12,85+,10,29.2146959521115,17134,994,871,58.3634878020311,661.027393423338,336.602634786141,417.860553963706,24.8980199594556,25.5822507710756,28.9065025974753,WA
10113,2016,January,1,85+,46,31.5771342002062,17652,994,871,260.593700430546,58.3634878020311,661.027393423338,63.2802163032848,29.2146959521115,24.8980199594556,31.261925879259,WA
10113,2016,February,2,85+,2,27.3765146838238,18092,994,871,11.054609772275,260.593700430546,58.3634878020311,221.251489192716,31.5771342002062,29.2146959521115,27.3325484736991,WA
10113,2016,March,3,85+,36,24.4834643458341,17223,994,871,209.022818324334,11.054609772275,260.593700430546,162.246838983999,27.3765146838238,31.5771342002062,27.8127974522857,WA
10113,2016,November,11,85+,21,23.2004165215981,17677,994,871,118.798438649092,157.369220751031,83.259325044405,661.027393423338,21.4381064496186,18.7584759808233,24.8980199594556,WA
10113,2016,December,12,85+,73,29.5691331155974,18146,994,871,402.292516257026,118.798438649092,157.369220751031,58.3634878020311,23.2004165215981,21.4381064496186,29.2146959521115,WA
10114,2011,January,1,75 to 84,49,27.3898808396703,8246,998,1028,594.227504244482,582.479030754893,257.159555815313,263.78896882494,28.6056445235393,25.8635299815184,29.3212647987571,WA
10114,2011,February,2,75 to 84,38,28.2833508292705,8445,998,1028,449.970396684429,594.227504244482,582.479030754893,263.694114826801,27.3898808396703,28.6056445235393,27.7552794840791,WA
10114,2011,March,3,75 to 84,6,24.5936260919694,8576,998,1028,69.9626865671642,449.970396684429,594.227504244482,12.0569086086327,28.2833508292705,27.3898808396703,24.7945880506648,WA
10114,2011,November,11,75 to 84,15,29.4383473501022,8644,998,1028,173.530772790375,23.3399463181235,0,257.159555815313,20.7337164847622,16.3241854762361,25.8635299815184,WA
10114,2011,December,12,75 to 84,13,27.5256402618608,8495,998,1028,153.031194820483,173.530772790375,23.3399463181235,582.479030754893,29.4383473501022,20.7337164847622,28.6056445235393,WA
10114,2012,January,1,75 to 84,23,30.6912199963535,8717,998,1028,263.852242744063,153.031194820483,173.530772790375,594.227504244482,27.5256402618608,29.4383473501022,27.3898808396703,WA
10114,2012,February,2,75 to 84,3,29.8254950790066,8774,998,1028,34.1919307043538,263.852242744063,153.031194820483,449.970396684429,30.6912199963535,27.5256402618608,28.2833508292705,WA
10114,2012,March,3,75 to 84,3,26.8156209430103,8774,998,1028,34.1919307043538,34.1919307043538,263.852242744063,69.9626865671642,29.8254950790066,30.6912199963535,24.5936260919694,WA
10114,2012,November,11,75 to 84,27,26.984221343929,8503,998,1028,317.534987651417,117.137167623287,54.4365813826892,173.530772790375,24.5867288023093,16.2673591542386,29.4383473501022,WA
10114,2012,December,12,75 to 84,29,29.8242202302478,8637,998,1028,335.764733124928,317.534987651417,117.137167623287,153.031194820483,26.984221343929,24.5867288023093,27.5256402618608,WA
10114,2013,January,1,75 to 84,22,31.0432277529743,8878,998,1028,247.803559360216,335.764733124928,317.534987651417,263.852242744063,29.8242202302478,26.984221343929,30.6912199963535,WA
10114,2013,February,2,75 to 84,11,29.5061255128038,8783,998,1028,125.241944665832,247.803559360216,335.764733124928,34.1919307043538,31.0432277529743,29.8242202302478,29.8254950790066,WA
10114,2013,March,3,75 to 84,3,26.3679796096172,8868,998,1028,33.82949932341,125.241944665832,247.803559360216,34.1919307043538,29.5061255128038,31.0432277529743,26.8156209430103,WA
10114,2013,November,11,75 to 84,11,27.0141514994686,8720,998,1028,126.146788990826,34.4234079173838,124.758988318022,317.534987651417,22.2698993133997,19.4538069493455,26.984221343929,WA
10114,2013,December,12,75 to 84,21,26.8695724393068,8747,998,1028,240.082313936207,126.146788990826,34.4234079173838,335.764733124928,27.0141514994686,22.2698993133997,29.8242202302478,WA
10114,2014,January,1,75 to 84,16,30.9129593982831,8737,998,1028,183.129220556255,240.082313936207,126.146788990826,247.803559360216,26.8695724393068,27.0141514994686,31.0432277529743,WA
10114,2014,February,2,75 to 84,12,27.479090014511,8738,998,1028,137.331197070268,183.129220556255,240.082313936207,125.241944665832,30.9129593982831,26.8695724393068,29.5061255128038,WA
10114,2014,March,3,75 to 84,10,27.165165815718,8822,998,1028,113.352981183405,137.331197070268,183.129220556255,33.82949932341,27.479090014511,30.9129593982831,26.3679796096172,WA
10114,2014,November,11,75 to 84,15,28.1726708159645,8587,998,1028,174.682659834634,127.684271619269,114.41647597254,126.146788990826,20.3153634365383,19.0203032206038,27.0141514994686,WA
10114,2014,December,12,75 to 84,15,28.0695849759049,8682,998,1028,172.771250863856,174.682659834634,127.684271619269,240.082313936207,28.1726708159645,20.3153634365383,26.8695724393068,WA
10114,2015,January,1,75 to 84,5,32.2241099395403,8883,998,1028,56.2872903298435,172.771250863856,174.682659834634,183.129220556255,28.0695849759049,28.1726708159645,30.9129593982831,WA
10114,2015,February,2,75 to 84,6,27.999201106403,8998,998,1028,66.6814847743943,56.2872903298435,172.771250863856,137.331197070268,32.2241099395403,28.0695849759049,27.479090014511,WA
10114,2015,March,3,75 to 84,6,26.3159149760976,8741,998,1028,68.6420318041414,66.6814847743943,56.2872903298435,113.352981183405,27.999201106403,32.2241099395403,27.165165815718,WA
10114,2015,November,11,75 to 84,6,25.4244503179472,8824,998,1028,67.9963735267453,67.6971680018053,337.571733993474,174.682659834634,23.6415029382176,19.3764985470249,28.1726708159645,WA
10114,2015,December,12,75 to 84,2,29.2562602931695,8691,998,1028,23.0123115866989,67.9963735267453,67.6971680018053,172.771250863856,25.4244503179472,23.6415029382176,28.0695849759049,WA
10114,2016,January,1,75 to 84,23,30.3577815321084,9002,998,1028,255.498778049322,23.0123115866989,67.9963735267453,56.2872903298435,29.2562602931695,25.4244503179472,32.2241099395403,WA
10114,2016,February,2,75 to 84,35,29.1195022681472,9040,998,1028,387.16814159292,255.498778049322,23.0123115866989,66.6814847743943,30.3577815321084,29.2562602931695,27.999201106403,WA
10114,2016,March,3,75 to 84,19,27.888984959936,8838,998,1028,214.980764878932,387.16814159292,255.498778049322,68.6420318041414,29.1195022681472,30.3577815321084,26.3159149760976,WA
10114,2016,November,11,75 to 84,9,23.9918348531091,9158,998,1028,98.2747324743394,91.3346272405526,97.9645150756504,67.9963735267453,23.8765069597411,17.4772074085027,25.4244503179472,WA
10114,2016,December,12,75 to 84,12,30.2572663649108,9112,998,1028,131.694468832309,98.2747324743394,91.3346272405526,23.0123115866989,23.9918348531091,23.8765069597411,29.2562602931695,WA
10114,2011,January,1,85+,30,30.9478612837088,8273,998,1028,362.625407953584,113.636363636364,184.778842822497,286.204922724671,30.6766307958818,26.9975381675215,29.4461345288726,WA
10114,2011,February,2,85+,25,29.8573644398728,8725,998,1028,286.532951289398,362.625407953584,113.636363636364,121.403423576545,30.9478612837088,30.6766307958818,29.0595991473843,WA
10114,2011,March,3,85+,3,24.1298831291491,8429,998,1028,35.5914106062404,286.532951289398,362.625407953584,423.216444981862,29.8573644398728,30.9478612837088,25.371193456912,WA
10114,2011,November,11,85+,33,25.9248278567067,8121,998,1028,406.353897303288,47.6020468880162,69.3000693000693,184.778842822497,24.2056839544068,18.2675794654377,26.9975381675215,WA
10114,2011,December,12,85+,41,28.7024188736051,8449,998,1028,485.26452834655,406.353897303288,47.6020468880162,113.636363636364,25.9248278567067,24.2056839544068,30.6766307958818,WA
10114,2012,January,1,85+,18,28.1673764480911,8492,998,1028,211.964201601507,485.26452834655,406.353897303288,362.625407953584,28.7024188736051,25.9248278567067,30.9478612837088,WA
10114,2012,February,2,85+,20,30.7645915075619,8671,998,1028,230.653903817322,211.964201601507,485.26452834655,286.532951289398,28.1673764480911,28.7024188736051,29.8573644398728,WA
10114,2012,March,3,85+,40,24.8117865647023,8751,998,1028,457.090618215061,230.653903817322,211.964201601507,35.5914106062404,30.7645915075619,28.1673764480911,24.1298831291491,WA
10114,2012,November,11,85+,19,23.5403983424565,8749,998,1028,217.167676305864,299.642733663709,68.4072511686239,406.353897303288,24.958618419356,17.1828399262543,25.9248278567067,WA
10114,2012,December,12,85+,57,30.1819803684325,8557,998,1028,666.121304195396,217.167676305864,299.642733663709,485.26452834655,23.5403983424565,24.958618419356,28.7024188736051,WA
10114,2013,January,1,85+,66,30.7349553470907,8978,998,1028,735.130318556471,666.121304195396,217.167676305864,211.964201601507,30.1819803684325,23.5403983424565,28.1673764480911,WA
10114,2013,February,2,85+,20,30.6427726418883,8964,998,1028,223.114680946006,735.130318556471,666.121304195396,230.653903817322,30.7349553470907,30.1819803684325,30.7645915075619,WA
10114,2013,March,3,85+,24,26.1535119145947,8655,998,1028,277.296360485269,223.114680946006,735.130318556471,457.090618215061,30.6427726418883,30.7349553470907,24.8117865647023,WA
10114,2013,November,11,85+,5,27.2359944756299,8726,998,1028,57.3000229200092,162.847504943585,304.271503803394,217.167676305864,22.4294344046069,19.014271318547,23.5403983424565,WA
10114,2013,December,12,85+,1,29.4362552127043,8763,998,1028,11.4116170261326,57.3000229200092,162.847504943585,666.121304195396,27.2359944756299,22.4294344046069,30.1819803684325,WA
10114,2014,January,1,85+,4,28.8384861036114,8645,998,1028,46.2695199537305,11.4116170261326,57.3000229200092,735.130318556471,29.4362552127043,27.2359944756299,30.7349553470907,WA
10114,2014,February,2,85+,8,30.4057097931626,8700,998,1028,91.9540229885057,46.2695199537305,11.4116170261326,223.114680946006,28.8384861036114,29.4362552127043,30.6427726418883,WA
10114,2014,March,3,85+,19,25.8187144273645,8862,998,1028,214.398555630783,91.9540229885057,46.2695199537305,277.296360485269,30.4057097931626,28.8384861036114,26.1535119145947,WA
10114,2014,November,11,85+,8,26.8220346878527,8548,998,1028,93.5891436593355,159.398838665604,113.856313332574,57.3000229200092,20.1004604274107,17.6739451716641,27.2359944756299,WA
10114,2014,December,12,85+,8,29.4485797562661,8868,998,1028,90.21199819576,93.5891436593355,159.398838665604,11.4116170261326,26.8220346878527,20.1004604274107,29.4362552127043,WA
10114,2015,January,1,85+,22,30.2530691603731,9046,998,1028,243.201414990051,90.21199819576,93.5891436593355,46.2695199537305,29.4485797562661,26.8220346878527,28.8384861036114,WA
10114,2015,February,2,85+,45,30.925219488253,8792,998,1028,511.828935395814,243.201414990051,90.21199819576,91.9540229885057,30.2530691603731,29.4485797562661,30.4057097931626,WA
10114,2015,March,3,85+,13,25.465217653027,8867,998,1028,146.611029660539,511.828935395814,243.201414990051,214.398555630783,30.925219488253,30.2530691603731,25.8187144273645,WA
10114,2015,November,11,85+,81,25.4920536317757,8743,998,1028,926.455450074345,940.083814701552,359.673024523161,93.5891436593355,22.3234598673706,16.7256651551907,26.8220346878527,WA
10114,2015,December,12,85+,23,31.90258948637,9117,998,1028,252.275967971921,926.455450074345,940.083814701552,90.21199819576,25.4920536317757,22.3234598673706,29.4485797562661,WA
10114,2016,January,1,85+,4,29.7000494711426,9071,998,1028,44.0965714915665,252.275967971921,926.455450074345,243.201414990051,31.90258948637,25.4920536317757,30.2530691603731,WA
10114,2016,February,2,85+,12,28.8018033734838,8976,998,1028,133.689839572193,44.0965714915665,252.275967971921,511.828935395814,29.7000494711426,31.90258948637,30.925219488253,WA
10114,2016,March,3,85+,18,29.0358268325932,8988,998,1028,200.267022696929,133.689839572193,44.0965714915665,146.611029660539,28.8018033734838,29.7000494711426,25.465217653027,WA
10114,2016,November,11,85+,26,26.6987556733224,8944,998,1028,290.697674418605,44.9034575662326,65.9848234905972,926.455450074345,22.5497195268797,18.6439972387012,25.4920536317757,WA
10114,2016,December,12,85+,17,27.9817374771975,8843,998,1028,192.242451656678,290.697674418605,44.9034575662326,252.275967971921,26.6987556733224,22.5497195268797,31.90258948637,WA
10115,2011,January,1,75 to 84,36,32.5971278235306,13987,1020,924,257.381854579252,257.785828746604,166.041004909038,457.535030025736,26.0115794540092,25.4111739890694,29.2226164961944,WA
10115,2011,February,2,75 to 84,5,28.4547302630676,14145,1020,924,35.3481795687522,257.381854579252,257.785828746604,532.302756307423,32.5971278235306,26.0115794540092,27.5351090614609,WA
10115,2011,March,3,75 to 84,24,24.0973522902374,13638,1020,924,175.978882534096,35.3481795687522,257.381854579252,73.4052704984218,28.4547302630676,32.5971278235306,25.1818442855429,WA
10115,2011,November,11,75 to 84,34,25.6988806392162,14091,1020,924,241.28876587893,220.555800617556,67.0690811535882,166.041004909038,19.810069044456,17.773846047187,25.4111739890694,WA
10115,2011,December,12,75 to 84,42,29.6228003899584,13978,1020,924,300.472170553727,241.28876587893,220.555800617556,257.785828746604,25.6988806392162,19.810069044456,26.0115794540092,WA
10115,2012,January,1,75 to 84,17,31.6817594818361,13762,1020,924,123.5285568958,300.472170553727,241.28876587893,257.381854579252,29.6228003899584,25.6988806392162,32.5971278235306,WA
10115,2012,February,2,75 to 84,16,30.399983807161,13611,1020,924,117.551980016163,123.5285568958,300.472170553727,35.3481795687522,31.6817594818361,29.6228003899584,28.4547302630676,WA
10115,2012,March,3,75 to 84,1,26.610356014825,13558,1020,924,7.37571913261543,117.551980016163,123.5285568958,175.978882534096,30.399983807161,31.6817594818361,24.0973522902374,WA
10115,2012,November,11,75 to 84,39,25.6257379172726,14452,1020,924,269.858843066704,42.2594731652345,235.092968583031,241.28876587893,22.5571796775053,17.0704170248857,25.6988806392162,WA
10115,2012,December,12,75 to 84,12,28.3932195550942,14298,1020,924,83.9278220730172,269.858843066704,42.2594731652345,300.472170553727,25.6257379172726,22.5571796775053,29.6228003899584,WA
10115,2013,January,1,75 to 84,42,29.6025475915915,13564,1020,924,309.643173105279,83.9278220730172,269.858843066704,123.5285568958,28.3932195550942,25.6257379172726,31.6817594818361,WA
10115,2013,February,2,75 to 84,27,29.412015785671,14334,1020,924,188.363331938049,309.643173105279,83.9278220730172,117.551980016163,29.6025475915915,28.3932195550942,30.399983807161,WA
10115,2013,March,3,75 to 84,9,24.7474297775259,13694,1020,924,65.7222141083686,188.363331938049,309.643173105279,7.37571913261543,29.412015785671,29.6025475915915,26.610356014825,WA
10115,2013,November,11,75 to 84,13,25.3461960089773,14247,1020,924,91.24728012915,42.1023086099221,211.37180300148,269.858843066704,21.4079904357066,18.3280238420463,25.6257379172726,WA
10115,2013,December,12,75 to 84,8,28.5405961465318,14321,1020,924,55.8620208086028,91.24728012915,42.1023086099221,83.9278220730172,25.3461960089773,21.4079904357066,28.3932195550942,WA
10115,2014,January,1,75 to 84,16,29.5747468175572,14229,1020,924,112.446412256659,55.8620208086028,91.24728012915,309.643173105279,28.5405961465318,25.3461960089773,29.6025475915915,WA
10115,2014,February,2,75 to 84,41,29.7828660581368,14165,1020,924,289.445817154959,112.446412256659,55.8620208086028,188.363331938049,29.5747468175572,28.5405961465318,29.412015785671,WA
10115,2014,March,3,75 to 84,22,27.8976026805425,14675,1020,924,149.914821124361,289.445817154959,112.446412256659,65.7222141083686,29.7828660581368,29.5747468175572,24.7474297775259,WA
10115,2014,November,11,75 to 84,5,27.9798579410304,13852,1020,924,36.0958706323997,55.4170130229981,161.687170474517,91.24728012915,23.7824467585293,17.4007338527694,25.3461960089773,WA
10115,2014,December,12,75 to 84,33,29.4026462508315,14062,1020,924,234.675010667046,36.0958706323997,55.4170130229981,55.8620208086028,27.9798579410304,23.7824467585293,28.5405961465318,WA
10115,2015,January,1,75 to 84,27,31.8369631610047,14306,1020,924,188.732000559206,234.675010667046,36.0958706323997,112.446412256659,29.4026462508315,27.9798579410304,29.5747468175572,WA
10115,2015,February,2,75 to 84,60,31.4078065505414,14741,1020,924,407.028017095177,188.732000559206,234.675010667046,289.445817154959,31.8369631610047,29.4026462508315,29.7828660581368,WA
10115,2015,March,3,75 to 84,57,25.3666065330851,14678,1020,924,388.336285597493,407.028017095177,188.732000559206,149.914821124361,31.4078065505414,31.8369631610047,27.8976026805425,WA
10115,2015,November,11,75 to 84,4,26.2385803084838,14319,1020,924,27.9349116558419,287.21189057227,75.6585734919871,36.0958706323997,22.5539882590725,19.7662645490318,27.9798579410304,WA
10115,2015,December,12,75 to 84,21,27.6738210562085,14627,1020,924,143.570110070418,27.9349116558419,287.21189057227,234.675010667046,26.2385803084838,22.5539882590725,29.4026462508315,WA
10115,2016,January,1,75 to 84,39,29.7411140934199,14661,1020,924,266.011868221813,143.570110070418,27.9349116558419,188.732000559206,27.6738210562085,26.2385803084838,31.8369631610047,WA
10115,2016,February,2,75 to 84,19,29.0430126630112,14327,1020,924,132.616737628254,266.011868221813,143.570110070418,407.028017095177,29.7411140934199,27.6738210562085,31.4078065505414,WA
10115,2016,March,3,75 to 84,41,24.4493812770871,14627,1020,924,280.30354823272,132.616737628254,266.011868221813,388.336285597493,29.0430126630112,29.7411140934199,25.3666065330851,WA
10115,2016,November,11,75 to 84,8,27.1751323442392,14441,1020,924,55.3978256353438,48.3726072835326,249.843847595253,27.9349116558419,23.474959829185,20.9124216292409,26.2385803084838,WA
10115,2016,December,12,75 to 84,0,32.4793410170659,14810,1020,924,0,55.3978256353438,48.3726072835326,143.570110070418,27.1751323442392,23.474959829185,27.6738210562085,WA
10115,2011,January,1,85+,25,28.1827348293608,14402,1020,924,173.587001805305,132.508833922262,136.543298598635,331.925165962583,30.1909221765217,27.898208754372,29.9165123034307,WA
10115,2011,February,2,85+,137,27.0702417065901,13989,1020,924,979.340910715562,173.587001805305,132.508833922262,909.981800363993,28.1827348293608,30.1909221765217,29.3073679865219,WA
10115,2011,March,3,85+,83,25.2131383268433,13846,1020,924,599.451105012278,979.340910715562,173.587001805305,27.9739841946989,27.0702417065901,28.1827348293608,24.3112587827322,WA
10115,2011,November,11,85+,50,23.7833618113119,14045,1020,924,355.998576005696,42.6530177010024,98.702763677383,136.543298598635,21.6227496591176,20.4970252882665,27.898208754372,WA
10115,2011,December,12,85+,5,29.8111446014319,13806,1020,924,36.2161379110532,355.998576005696,42.6530177010024,132.508833922262,23.7833618113119,21.6227496591176,30.1909221765217,WA
10115,2012,January,1,85+,21,29.8906085186542,13654,1020,924,153.801083931449,36.2161379110532,355.998576005696,173.587001805305,29.8111446014319,23.7833618113119,28.1827348293608,WA
10115,2012,February,2,85+,37,27.9754089023739,14279,1020,924,259.121787240003,153.801083931449,36.2161379110532,979.340910715562,29.8906085186542,29.8111446014319,27.0702417065901,WA
10115,2012,March,3,85+,87,23.4645325055922,14099,1020,924,617.065040073764,259.121787240003,153.801083931449,599.451105012278,27.9754089023739,29.8906085186542,25.2131383268433,WA
10115,2012,November,11,85+,41,26.1480582825287,14244,1020,924,287.84049424319,344.852360083339,69.4589150517469,355.998576005696,23.5262999781544,18.1926249409864,23.7833618113119,WA
10115,2012,December,12,85+,82,26.4692405711544,13884,1020,924,590.607893978681,287.84049424319,344.852360083339,36.2161379110532,26.1480582825287,23.5262999781544,29.8111446014319,WA
10115,2013,January,1,85+,53,27.7829391508625,14446,1020,924,366.883566385159,590.607893978681,287.84049424319,153.801083931449,26.4692405711544,26.1480582825287,29.8906085186542,WA
10115,2013,February,2,85+,8,28.9247172957599,14246,1020,924,56.1561139969114,366.883566385159,590.607893978681,259.121787240003,27.7829391508625,26.4692405711544,27.9754089023739,WA
10115,2013,March,3,85+,21,27.5252280397567,14499,1020,924,144.837575005173,56.1561139969114,366.883566385159,617.065040073764,28.9247172957599,27.7829391508625,23.4645325055922,WA
10115,2013,November,11,85+,28,25.6185004977051,14280,1020,924,196.078431372549,28.604118993135,55.0509221029452,287.84049424319,20.8779902861865,17.2197269378714,26.1480582825287,WA
10115,2013,December,12,85+,15,29.849971815976,13925,1020,924,107.719928186715,196.078431372549,28.604118993135,590.607893978681,25.6185004977051,20.8779902861865,26.4692405711544,WA
10115,2014,January,1,85+,34,30.0462648602798,14341,1020,924,237.082490760756,107.719928186715,196.078431372549,366.883566385159,29.849971815976,25.6185004977051,27.7829391508625,WA
10115,2014,February,2,85+,33,30.1773089061369,14617,1020,924,225.764520763495,237.082490760756,107.719928186715,56.1561139969114,30.0462648602798,29.849971815976,28.9247172957599,WA
10115,2014,March,3,85+,99,25.7389301962731,14317,1020,924,691.485646434309,225.764520763495,237.082490760756,144.837575005173,30.1773089061369,30.0462648602798,27.5252280397567,WA
10115,2014,November,11,85+,47,26.3939800662998,13510,1020,924,347.890451517395,105.322286195759,124.378109452736,196.078431372549,25.0113894917342,16.7483827885574,25.6185004977051,WA
10115,2014,December,12,85+,46,30.663263532993,14597,1020,924,315.133246557512,347.890451517395,105.322286195759,107.719928186715,26.3939800662998,25.0113894917342,29.849971815976,WA
10115,2015,January,1,85+,9,29.6711661553848,14876,1020,924,60.5001344447432,315.133246557512,347.890451517395,237.082490760756,30.663263532993,26.3939800662998,30.0462648602798,WA
10115,2015,February,2,85+,30,30.5918980394104,14560,1020,924,206.043956043956,60.5001344447432,315.133246557512,225.764520763495,29.6711661553848,30.663263532993,30.1773089061369,WA
10115,2015,March,3,85+,61,23.9375548901414,14501,1020,924,420.660644093511,206.043956043956,60.5001344447432,691.485646434309,30.5918980394104,29.6711661553848,25.7389301962731,WA
10115,2015,November,11,85+,28,26.8964283560664,14371,1020,924,194.836824159766,125.147743864284,34.7101700798334,347.890451517395,19.7110762254637,17.3417204906975,26.3939800662998,WA
10115,2015,December,12,85+,15,29.6283146229461,14509,1020,924,103.384106416707,194.836824159766,125.147743864284,315.133246557512,26.8964283560664,19.7110762254637,30.663263532993,WA
10115,2016,January,1,85+,34,30.2809517586536,14602,1020,924,232.84481577866,103.384106416707,194.836824159766,60.5001344447432,29.6283146229461,26.8964283560664,29.6711661553848,WA
10115,2016,February,2,85+,47,29.3727218857108,14293,1020,924,328.83229552928,232.84481577866,103.384106416707,206.043956043956,30.2809517586536,29.6283146229461,30.5918980394104,WA
10115,2016,March,3,85+,63,25.7675229165007,14469,1020,924,435.413642960813,328.83229552928,232.84481577866,420.660644093511,29.3727218857108,30.2809517586536,23.9375548901414,WA
10115,2016,November,11,85+,48,27.0263741659897,14957,1020,924,320.919970582336,147.206423553028,136.96753869333,194.836824159766,21.4957497509276,19.8858071238891,26.8964283560664,WA
10115,2016,December,12,85+,26,28.3600265562053,14996,1020,924,173.379567884769,320.919970582336,147.206423553028,103.384106416707,27.0263741659897,21.4957497509276,29.6283146229461,WA
10116,2011,January,1,75 to 84,5,29.197724723597,11388,1027,1165,43.905865823674,116.331096196868,72.3785397629603,152.866242038217,30.6756387083735,26.9457048627643,28.4455204547534,WA
10116,2011,February,2,75 to 84,4,30.6500929918599,11174,1027,1165,35.7973867907643,43.905865823674,116.331096196868,62.7296352719778,29.197724723597,30.6756387083735,28.3320179363985,WA
10116,2011,March,3,75 to 84,1,26.4321110736643,11140,1027,1165,8.97666068222621,35.7973867907643,43.905865823674,62.8422659125595,30.6500929918599,29.197724723597,28.1555470972862,WA
10116,2011,November,11,75 to 84,19,26.4421964589191,11160,1027,1165,170.250896057348,61.9633531025936,105.364825709017,72.3785397629603,22.3711674388893,18.9711802813438,26.9457048627643,WA
10116,2011,December,12,75 to 84,50,31.1325954673712,11455,1027,1165,436.490615451768,170.250896057348,61.9633531025936,116.331096196868,26.4421964589191,22.3711674388893,30.6756387083735,WA
10116,2012,January,1,75 to 84,31,32.3195429999306,11450,1027,1165,270.742358078603,436.490615451768,170.250896057348,43.905865823674,31.1325954673712,26.4421964589191,29.197724723597,WA
10116,2012,February,2,75 to 84,13,27.1165619228306,11453,1027,1165,113.507377979569,270.742358078603,436.490615451768,35.7973867907643,32.3195429999306,31.1325954673712,30.6500929918599,WA
10116,2012,March,3,75 to 84,5,25.3327243972817,11624,1027,1165,43.0144528561597,113.507377979569,270.742358078603,8.97666068222621,27.1165619228306,32.3195429999306,26.4321110736643,WA
10116,2012,November,11,75 to 84,12,26.9257369593637,11076,1027,1165,108.342361863489,189.802432922095,106.063284426374,170.250896057348,21.8454159679905,19.3142469815451,26.4421964589191,WA
10116,2012,December,12,75 to 84,36,28.9910156381419,11437,1027,1165,314.767858704206,108.342361863489,189.802432922095,436.490615451768,26.9257369593637,21.8454159679905,31.1325954673712,WA
10116,2013,January,1,75 to 84,3,26.3297206172619,11555,1027,1165,25.9627866724362,314.767858704206,108.342361863489,270.742358078603,28.9910156381419,26.9257369593637,32.3195429999306,WA
10116,2013,February,2,75 to 84,1,27.269562008093,11536,1027,1165,8.66851595006935,25.9627866724362,314.767858704206,113.507377979569,26.3297206172619,28.9910156381419,27.1165619228306,WA
10116,2013,March,3,75 to 84,17,26.0267210897194,11793,1027,1165,144.153311286356,8.66851595006935,25.9627866724362,43.0144528561597,27.269562008093,26.3297206172619,25.3327243972817,WA
10116,2013,November,11,75 to 84,10,25.3733909299349,11263,1027,1165,88.7862913966084,8.61846074291132,87.0549316618787,108.342361863489,22.3650225430132,17.7260076152293,26.9257369593637,WA
10116,2013,December,12,75 to 84,34,28.9443792614422,11869,1027,1165,286.460527424383,88.7862913966084,8.61846074291132,314.767858704206,25.3733909299349,22.3650225430132,28.9910156381419,WA
10116,2014,January,1,75 to 84,9,27.9365393100353,11460,1027,1165,78.5340314136126,286.460527424383,88.7862913966084,25.9627866724362,28.9443792614422,25.3733909299349,26.3297206172619,WA
10116,2014,February,2,75 to 84,1,28.1011967859737,11751,1027,1165,8.5099140498681,78.5340314136126,286.460527424383,8.66851595006935,27.9365393100353,28.9443792614422,27.269562008093,WA
10116,2014,March,3,75 to 84,6,26.4185531081814,11423,1027,1165,52.5256062330386,8.5099140498681,78.5340314136126,144.153311286356,28.1011967859737,27.9365393100353,26.0267210897194,WA
10116,2014,November,11,75 to 84,2,24.5322235120544,11688,1027,1165,17.1115674195756,69.2460832684151,148.419766020604,88.7862913966084,20.8575067198229,16.1510394823163,25.3733909299349,WA
10116,2014,December,12,75 to 84,14,30.0699872905114,11793,1027,1165,118.714491647588,17.1115674195756,69.2460832684151,286.460527424383,24.5322235120544,20.8575067198229,28.9443792614422,WA
10116,2015,January,1,75 to 84,12,32.5268883811071,11665,1027,1165,102.871838834119,118.714491647588,17.1115674195756,78.5340314136126,30.0699872905114,24.5322235120544,27.9365393100353,WA
10116,2015,February,2,75 to 84,6,29.0527009226691,12108,1027,1165,49.5540138751239,102.871838834119,118.714491647588,8.5099140498681,32.5268883811071,30.0699872905114,28.1011967859737,WA
10116,2015,March,3,75 to 84,13,26.328664344381,11890,1027,1165,109.335576114382,49.5540138751239,102.871838834119,52.5256062330386,29.0527009226691,32.5268883811071,26.4185531081814,WA
10116,2015,November,11,75 to 84,14,26.6429655196582,11810,1027,1165,118.543607112616,42.083999663328,8.31186102568365,17.1115674195756,23.4453061221305,18.190607573758,24.5322235120544,WA
10116,2015,December,12,75 to 84,8,28.7090661250103,12197,1027,1165,65.5898991555301,118.543607112616,42.083999663328,118.714491647588,26.6429655196582,23.4453061221305,30.0699872905114,WA
10116,2016,January,1,75 to 84,21,28.3966734194686,11726,1027,1165,179.089203479447,65.5898991555301,118.543607112616,102.871838834119,28.7090661250103,26.6429655196582,32.5268883811071,WA
10116,2016,February,2,75 to 84,17,28.205269855309,12068,1027,1165,140.868412330129,179.089203479447,65.5898991555301,49.5540138751239,28.3966734194686,28.7090661250103,29.0527009226691,WA
10116,2016,March,3,75 to 84,14,24.1565000450799,11995,1027,1165,116.71529804085,140.868412330129,179.089203479447,109.335576114382,28.205269855309,28.3966734194686,26.328664344381,WA
10116,2016,November,11,75 to 84,4,25.3986799441561,11832,1027,1165,33.8066260987154,57.4476815757079,175.644028103045,118.543607112616,24.2467381021142,17.4411925828035,26.6429655196582,WA
10116,2016,December,12,75 to 84,15,29.1046353816666,12045,1027,1165,124.53300124533,33.8066260987154,57.4476815757079,65.5898991555301,25.3986799441561,24.2467381021142,28.7090661250103,WA
10116,2011,January,1,85+,7,30.0551982956845,11398,1027,1165,61.4142832075803,530.250347705146,226.599267910058,432.315590380978,28.3507865421051,26.8916327145696,29.6720429142226,WA
10116,2011,February,2,85+,5,28.5630859962586,11512,1027,1165,43.4329395413482,61.4142832075803,530.250347705146,18.1620050853614,30.0551982956845,28.3507865421051,28.3911060315494,WA
10116,2011,March,3,85+,20,25.2369845932368,11301,1027,1165,176.975488894788,43.4329395413482,61.4142832075803,35.778175313059,28.5630859962586,30.0551982956845,26.5717092711737,WA
10116,2011,November,11,85+,5,24.8802845437907,11228,1027,1165,44.531528322052,128.346167950128,61.9469026548673,226.599267910058,21.943292153938,18.3607264948469,26.8916327145696,WA
10116,2011,December,12,85+,33,29.7980934104514,11281,1027,1165,292.527258221789,44.531528322052,128.346167950128,530.250347705146,24.8802845437907,21.943292153938,28.3507865421051,WA
10116,2012,January,1,85+,60,26.9537819756312,11434,1027,1165,524.750743396887,292.527258221789,44.531528322052,61.4142832075803,29.7980934104514,24.8802845437907,30.0551982956845,WA
10116,2012,February,2,85+,71,31.2242047781804,11184,1027,1165,634.83547925608,524.750743396887,292.527258221789,43.4329395413482,26.9537819756312,29.7980934104514,28.5630859962586,WA
10116,2012,March,3,85+,8,27.2756815905724,11165,1027,1165,71.6524854455889,634.83547925608,524.750743396887,176.975488894788,31.2242047781804,26.9537819756312,25.2369845932368,WA
10116,2012,November,11,85+,0,24.7062387248281,11010,1027,1165,0,51.70185264972,177.289247407145,44.531528322052,22.4195107857123,18.8886439762143,24.8802845437907,WA
10116,2012,December,12,85+,7,28.9330656104982,11333,1027,1165,61.7665225447807,0,51.70185264972,292.527258221789,24.7062387248281,22.4195107857123,29.7980934104514,WA
10116,2013,January,1,85+,13,31.2048992405313,11330,1027,1165,114.739629302736,61.7665225447807,0,524.750743396887,28.9330656104982,24.7062387248281,26.9537819756312,WA
10116,2013,February,2,85+,12,29.3323653628092,11521,1027,1165,104.157625206145,114.739629302736,61.7665225447807,634.83547925608,31.2048992405313,28.9330656104982,31.2242047781804,WA
10116,2013,March,3,85+,22,28.5487140175048,11427,1027,1165,192.526472389954,104.157625206145,114.739629302736,71.6524854455889,29.3323653628092,31.2048992405313,27.2756815905724,WA
10116,2013,November,11,85+,28,24.756033338639,11718,1027,1165,238.9486260454,101.789804054627,78.5134781470819,0,17.9900312515156,17.7366447121115,24.7062387248281,WA
10116,2013,December,12,85+,1,28.992798876258,11568,1027,1165,8.64453665283541,238.9486260454,101.789804054627,61.7665225447807,24.756033338639,17.9900312515156,28.9330656104982,WA
10116,2014,January,1,85+,21,27.4458907892151,11424,1027,1165,183.823529411765,8.64453665283541,238.9486260454,114.739629302736,28.992798876258,24.756033338639,31.2048992405313,WA
10116,2014,February,2,85+,51,29.2084518424402,11641,1027,1165,438.10669186496,183.823529411765,8.64453665283541,104.157625206145,27.4458907892151,28.992798876258,29.3323653628092,WA
10116,2014,March,3,85+,5,26.7324892085815,11583,1027,1165,43.1667098333765,438.10669186496,183.823529411765,192.526472389954,29.2084518424402,27.4458907892151,28.5487140175048,WA
10116,2014,November,11,85+,15,26.8642268646994,11517,1027,1165,130.24225058609,266.758454521986,245.098039215686,238.9486260454,22.6934916972045,18.4509152378602,24.756033338639,WA
10116,2014,December,12,85+,24,28.2504951247643,11471,1027,1165,209.223258652254,130.24225058609,266.758454521986,8.64453665283541,26.8642268646994,22.6934916972045,28.992798876258,WA
10116,2015,January,1,85+,25,28.4612438541284,11676,1027,1165,214.114422747516,209.223258652254,130.24225058609,183.823529411765,28.2504951247643,26.8642268646994,27.4458907892151,WA
10116,2015,February,2,85+,42,25.2200804771483,11862,1027,1165,354.071825998988,214.114422747516,209.223258652254,438.10669186496,28.4612438541284,28.2504951247643,29.2084518424402,WA
10116,2015,March,3,85+,29,27.55797143079,11715,1027,1165,247.545881348698,354.071825998988,214.114422747516,43.1667098333765,25.2200804771483,28.4612438541284,26.7324892085815,WA
10116,2015,November,11,85+,21,28.9056099425762,11462,1027,1165,183.214098761124,59.1866069163778,182.212581344902,130.24225058609,21.6495697896703,19.2298827924133,26.8642268646994,WA
10116,2015,December,12,85+,10,28.0024591837123,11947,1027,1165,83.7030216790826,183.214098761124,59.1866069163778,209.223258652254,28.9056099425762,21.6495697896703,28.2504951247643,WA
10116,2016,January,1,85+,65,30.3512805748497,12195,1027,1165,533.005330053301,83.7030216790826,183.214098761124,214.114422747516,28.0024591837123,28.9056099425762,28.4612438541284,WA
10116,2016,February,2,85+,44,28.154463489287,11812,1027,1165,372.502539790044,533.005330053301,83.7030216790826,354.071825998988,30.3512805748497,28.0024591837123,25.2200804771483,WA
10116,2016,March,3,85+,19,24.5962468802213,11929,1027,1165,159.275714644983,372.502539790044,533.005330053301,247.545881348698,28.154463489287,30.3512805748497,27.55797143079,WA
10116,2016,November,11,85+,3,26.7514246947385,11948,1027,1165,25.1088048208905,41.6631947337722,254.411161263849,183.214098761124,19.0506686905272,15.843261650265,28.9056099425762,WA
10116,2016,December,12,85+,18,30.0233419817917,11752,1027,1165,153.165418652144,25.1088048208905,41.6631947337722,83.7030216790826,26.7514246947385,19.0506686905272,28.0024591837123,WA
10117,2011,January,1,75 to 84,8,31.8437018853103,12521,1008,1177,63.8926603306445,254.614894971356,259.349117376391,63.6891967200064,28.2363409502886,24.9185748096175,27.5123737581122,WA
10117,2011,February,2,75 to 84,28,28.0214367433274,12581,1008,1177,222.557825292107,63.8926603306445,254.614894971356,92.1305182341651,31.8437018853103,28.2363409502886,29.2970622079614,WA
10117,2011,March,3,75 to 84,8,26.6508332221523,13063,1008,1177,61.2416749598102,222.557825292107,63.8926603306445,267.076723858854,28.0214367433274,31.8437018853103,27.6526622457529,WA
10117,2011,November,11,75 to 84,18,27.9411062998964,13041,1008,1177,138.026224982747,55.2704303197789,259.822061255019,259.349117376391,21.2357082988254,20.2764061543181,24.9185748096175,WA
10117,2011,December,12,75 to 84,28,27.4919240401953,12985,1008,1177,215.633423180593,138.026224982747,55.2704303197789,254.614894971356,27.9411062998964,21.2357082988254,28.2363409502886,WA
10117,2012,January,1,75 to 84,8,31.9775808307154,13531,1008,1177,59.1234941985071,215.633423180593,138.026224982747,63.8926603306445,27.4919240401953,27.9411062998964,31.8437018853103,WA
10117,2012,February,2,75 to 84,10,29.4440100226082,12778,1008,1177,78.2595085302864,59.1234941985071,215.633423180593,222.557825292107,31.9775808307154,27.4919240401953,28.0214367433274,WA
10117,2012,March,3,75 to 84,11,26.400358038591,13227,1008,1177,83.1632267331973,78.2595085302864,59.1234941985071,61.2416749598102,29.4440100226082,31.9775808307154,26.6508332221523,WA
10117,2012,November,11,75 to 84,20,27.3591997782659,12724,1008,1177,157.183275699466,87.0804306523116,75.7862826828344,138.026224982747,19.351650562291,16.7050803049888,27.9411062998964,WA
10117,2012,December,12,75 to 84,40,28.427639468437,13101,1008,1177,305.320204564537,157.183275699466,87.0804306523116,215.633423180593,27.3591997782659,19.351650562291,27.4919240401953,WA
10117,2013,January,1,75 to 84,28,31.7995381175626,13073,1008,1177,214.181901629312,305.320204564537,157.183275699466,59.1234941985071,28.427639468437,27.3591997782659,31.9775808307154,WA
10117,2013,February,2,75 to 84,6,27.2528927697735,12763,1008,1177,47.0108908563817,214.181901629312,305.320204564537,78.2595085302864,31.7995381175626,28.427639468437,29.4440100226082,WA
10117,2013,March,3,75 to 84,14,26.9319815930359,13418,1008,1177,104.337457147116,47.0108908563817,214.181901629312,83.1632267331973,27.2528927697735,31.7995381175626,26.400358038591,WA
10117,2013,November,11,75 to 84,4,25.6189155957341,12760,1008,1177,31.3479623824451,119.655392469687,78.3944810285356,157.183275699466,22.0868451225484,16.8308188906541,27.3591997782659,WA
10117,2013,December,12,75 to 84,19,29.3819138474423,13432,1008,1177,141.45324597975,31.3479623824451,119.655392469687,305.320204564537,25.6189155957341,22.0868451225484,28.427639468437,WA
10117,2014,January,1,75 to 84,14,30.164234134197,13341,1008,1177,104.939659695675,141.45324597975,31.3479623824451,214.181901629312,29.3819138474423,25.6189155957341,31.7995381175626,WA
10117,2014,February,2,75 to 84,17,30.0065164753859,12993,1008,1177,130.83968290618,104.939659695675,141.45324597975,47.0108908563817,30.164234134197,29.3819138474423,27.2528927697735,WA
10117,2014,March,3,75 to 84,66,26.8495749813674,13002,1008,1177,507.61421319797,130.83968290618,104.939659695675,104.337457147116,30.0065164753859,30.164234134197,26.9319815930359,WA
10117,2014,November,11,75 to 84,35,26.4270469508931,12988,1008,1177,269.479519556514,147.102088849662,59.7550044816253,31.3479623824451,21.3616044701544,17.7015408393632,25.6189155957341,WA
10117,2014,December,12,75 to 84,22,27.5980651499347,12996,1008,1177,169.282856263466,269.479519556514,147.102088849662,141.45324597975,26.4270469508931,21.3616044701544,29.3819138474423,WA
10117,2015,January,1,75 to 84,33,30.493364406329,13130,1008,1177,251.332825590251,169.282856263466,269.479519556514,104.939659695675,27.5980651499347,26.4270469508931,30.164234134197,WA
10117,2015,February,2,75 to 84,33,28.8333714227298,13133,1008,1177,251.27541308155,251.332825590251,169.282856263466,130.83968290618,30.493364406329,27.5980651499347,30.0065164753859,WA
10117,2015,March,3,75 to 84,8,26.9123537071294,13168,1008,1177,60.7533414337789,251.27541308155,251.332825590251,507.61421319797,28.8333714227298,30.493364406329,26.8495749813674,WA
10117,2015,November,11,75 to 84,21,23.2432115935489,13502,1008,1177,155.532513701674,110.286008381737,52.2856289214222,269.479519556514,23.2327180345548,16.9567887952588,26.4270469508931,WA
10117,2015,December,12,75 to 84,31,28.3418314569075,13262,1008,1177,233.750565525562,155.532513701674,110.286008381737,169.282856263466,23.2432115935489,23.2327180345548,27.5980651499347,WA
10117,2016,January,1,75 to 84,6,31.1304508346894,13658,1008,1177,43.9302972616781,233.750565525562,155.532513701674,251.332825590251,28.3418314569075,23.2432115935489,30.493364406329,WA
10117,2016,February,2,75 to 84,11,27.6039157579364,12996,1008,1177,84.6414281317329,43.9302972616781,233.750565525562,251.27541308155,31.1304508346894,28.3418314569075,28.8333714227298,WA
10117,2016,March,3,75 to 84,13,26.4247463962438,13284,1008,1177,97.8620897320084,84.6414281317329,43.9302972616781,60.7533414337789,27.6039157579364,31.1304508346894,26.9123537071294,WA
10117,2016,November,11,75 to 84,16,26.4485028366227,13455,1008,1177,118.914901523597,115.841297422531,22.6825948888553,155.532513701674,24.1704008101317,16.6117768784177,23.2432115935489,WA
10117,2016,December,12,75 to 84,2,28.0720631604459,13415,1008,1177,14.9086843086098,118.914901523597,115.841297422531,233.750565525562,26.4485028366227,24.1704008101317,28.3418314569075,WA
10117,2011,January,1,85+,8,31.7039351090737,12805,1008,1177,62.4755954705193,329.290820014457,126.004095133092,112.467866323907,31.0934768072495,27.3887820659008,30.0551998967955,WA
10117,2011,February,2,85+,11,29.1477287810386,12821,1008,1177,85.7967397238905,62.4755954705193,329.290820014457,125.59855561661,31.7039351090737,31.0934768072495,30.1589724721855,WA
10117,2011,March,3,85+,55,27.0364890595794,12727,1008,1177,432.152117545376,85.7967397238905,62.4755954705193,255.713600767141,29.1477287810386,31.7039351090737,26.812172229469,WA
10117,2011,November,11,85+,4,26.7568027375982,12679,1008,1177,31.5482293556274,142.834470718934,86.8878357030016,126.004095133092,19.1605028062872,16.7633865714462,27.3887820659008,WA
10117,2011,December,12,85+,16,26.9275692856725,12564,1008,1177,127.347978350844,31.5482293556274,142.834470718934,329.290820014457,26.7568027375982,19.1605028062872,31.0934768072495,WA
10117,2012,January,1,85+,40,31.8971489562565,12607,1008,1177,317.284048544459,127.347978350844,31.5482293556274,62.4755954705193,26.9275692856725,26.7568027375982,31.7039351090737,WA
10117,2012,February,2,85+,42,29.4242111667055,13073,1008,1177,321.272852443969,317.284048544459,127.347978350844,85.7967397238905,31.8971489562565,26.9275692856725,29.1477287810386,WA
10117,2012,March,3,85+,26,26.3797205913006,13033,1008,1177,199.493593186527,321.272852443969,317.284048544459,432.152117545376,29.4242111667055,31.8971489562565,27.0364890595794,WA
10117,2012,November,11,85+,26,23.3710997338272,12950,1008,1177,200.772200772201,75.7403620389306,38.0691335465205,31.5482293556274,20.5693699685787,19.2367737635904,26.7568027375982,WA
10117,2012,December,12,85+,76,28.0273420083441,13151,1008,1177,577.902821078245,200.772200772201,75.7403620389306,127.347978350844,23.3710997338272,20.5693699685787,26.9275692856725,WA
10117,2013,January,1,85+,40,29.2157800318332,12764,1008,1177,313.381385145722,577.902821078245,200.772200772201,317.284048544459,28.0273420083441,23.3710997338272,31.8971489562565,WA
10117,2013,February,2,85+,38,28.0165647963087,13126,1008,1177,289.501752247448,313.381385145722,577.902821078245,321.272852443969,29.2157800318332,28.0273420083441,29.4242111667055,WA
10117,2013,March,3,85+,60,26.03390703834,13181,1008,1177,455.200667627646,289.501752247448,313.381385145722,199.493593186527,28.0165647963087,29.2157800318332,26.3797205913006,WA
10117,2013,November,11,85+,19,26.9320891445125,13594,1008,1177,139.767544504929,282.572170459753,67.5320777369251,200.772200772201,22.2782196425645,17.8408713661359,23.3710997338272,WA
10117,2013,December,12,85+,1,29.8089599435491,12612,1008,1177,7.92895654931811,139.767544504929,282.572170459753,577.902821078245,26.9320891445125,22.2782196425645,28.0273420083441,WA
10117,2014,January,1,85+,14,32.2921265448364,13372,1008,1177,104.69638049656,7.92895654931811,139.767544504929,313.381385145722,29.8089599435491,26.9320891445125,29.2157800318332,WA
10117,2014,February,2,85+,13,28.3495848803558,12912,1008,1177,100.681536555143,104.69638049656,7.92895654931811,289.501752247448,32.2921265448364,29.8089599435491,28.0165647963087,WA
10117,2014,March,3,85+,56,29.5587258166728,13293,1008,1177,421.274354923644,100.681536555143,104.69638049656,455.200667627646,28.3495848803558,32.2921265448364,26.03390703834,WA
10117,2014,November,11,85+,34,26.4028391764132,13089,1008,1177,259.760103904042,156.284885018977,108.216742676045,139.767544504929,17.2703762971875,16.3240130515048,26.9320891445125,WA
10117,2014,December,12,85+,32,29.391162493019,12979,1008,1177,246.552122659681,259.760103904042,156.284885018977,7.92895654931811,26.4028391764132,17.2703762971875,29.8089599435491,WA
10117,2015,January,1,85+,36,32.3582737704771,13240,1008,1177,271.90332326284,246.552122659681,259.760103904042,104.69638049656,29.391162493019,26.4028391764132,32.2921265448364,WA
10117,2015,February,2,85+,20,27.2428764428607,12974,1008,1177,154.154462771697,271.90332326284,246.552122659681,100.681536555143,32.3582737704771,29.391162493019,28.3495848803558,WA
10117,2015,March,3,85+,24,27.3252037014713,12914,1008,1177,185.844819575654,154.154462771697,271.90332326284,421.274354923644,27.2428764428607,32.3582737704771,29.5587258166728,WA
10117,2015,November,11,85+,16,25.0702050331679,13159,1008,1177,121.589786457938,53.5045478865704,120.654550938843,259.760103904042,21.0320547352499,19.4281609807407,26.4028391764132,WA
10117,2015,December,12,85+,24,28.8202755290169,13217,1008,1177,181.584323220095,121.589786457938,53.5045478865704,246.552122659681,25.0702050331679,21.0320547352499,29.391162493019,WA
10117,2016,January,1,85+,32,30.3765494487879,13478,1008,1177,237.42395014097,181.584323220095,121.589786457938,271.90332326284,28.8202755290169,25.0702050331679,32.3582737704771,WA
10117,2016,February,2,85+,105,28.08967588844,13627,1008,1177,770.529096646364,237.42395014097,181.584323220095,154.154462771697,30.3765494487879,28.8202755290169,27.2428764428607,WA
10117,2016,March,3,85+,120,28.5258137951809,13028,1008,1177,921.09303039607,770.529096646364,237.42395014097,185.844819575654,28.08967588844,30.3765494487879,27.3252037014713,WA
10117,2016,November,11,85+,6,26.4480365914225,13209,1008,1177,45.4235748353395,139.838408949658,477.047000860249,121.589786457938,25.3708407254681,19.6578231202127,25.0702050331679,WA
10117,2016,December,12,85+,18,25.5928977057076,12975,1008,1177,138.728323699422,45.4235748353395,139.838408949658,181.584323220095,26.4480365914225,25.3708407254681,28.8202755290169,WA
10118,2011,January,1,75 to 84,40,29.4030743090924,14056,935,956,284.575981787137,214.546234713581,80.5978898007034,363.382250174703,27.3925109564322,25.3898631997572,29.6245780771797,WA
10118,2011,February,2,75 to 84,38,27.3181036256822,13537,935,956,280.712122331388,284.575981787137,214.546234713581,189.104662157248,29.4030743090924,27.3925109564322,29.0632902202364,WA
10118,2011,March,3,75 to 84,11,25.4074110698682,13633,935,956,80.6865693537739,280.712122331388,284.575981787137,217.391304347826,27.3181036256822,29.4030743090924,27.0081092772611,WA
10118,2011,November,11,75 to 84,32,27.0818950198189,13757,935,956,232.608853674493,382.68856109101,43.5445242760723,80.5978898007034,25.4193854312398,16.0038356981061,25.3898631997572,WA
10118,2011,December,12,75 to 84,94,28.7111858554004,13876,935,956,677.428653790718,232.608853674493,382.68856109101,214.546234713581,27.0818950198189,25.4193854312398,27.3925109564322,WA
10118,2012,January,1,75 to 84,87,28.7114899656251,14358,935,956,605.933974091099,677.428653790718,232.608853674493,284.575981787137,28.7111858554004,27.0818950198189,29.4030743090924,WA
10118,2012,February,2,75 to 84,43,28.7547145582424,14275,935,956,301.22591943958,605.933974091099,677.428653790718,280.712122331388,28.7114899656251,28.7111858554004,27.3181036256822,WA
10118,2012,March,3,75 to 84,29,26.3786907233746,14096,935,956,205.732122587968,301.22591943958,605.933974091099,80.6865693537739,28.7547145582424,28.7114899656251,25.4074110698682,WA
10118,2012,November,11,75 to 84,23,24.5942046852653,14043,935,956,163.782667521185,159.860485394565,202.457414130131,232.608853674493,21.7185063880228,15.6528793863582,27.0818950198189,WA
10118,2012,December,12,75 to 84,64,27.0787998165051,13961,935,956,458.419883962467,163.782667521185,159.860485394565,677.428653790718,24.5942046852653,21.7185063880228,28.7111858554004,WA
10118,2013,January,1,75 to 84,37,28.5533721605934,14093,935,956,262.54168736252,458.419883962467,163.782667521185,605.933974091099,27.0787998165051,24.5942046852653,28.7114899656251,WA
10118,2013,February,2,75 to 84,17,26.8019860572102,14163,935,956,120.031066864365,262.54168736252,458.419883962467,301.22591943958,28.5533721605934,27.0787998165051,28.7547145582424,WA
10118,2013,March,3,75 to 84,27,26.5309862272969,14028,935,956,192.472198460222,120.031066864365,262.54168736252,205.732122587968,26.8019860572102,28.5533721605934,26.3786907233746,WA
10118,2013,November,11,75 to 84,9,26.310749116031,14266,935,956,63.0870601429973,264.771460423634,192.466318394281,163.782667521185,21.0682701197014,17.9768808970818,24.5942046852653,WA
10118,2013,December,12,75 to 84,14,27.9070835774927,14414,935,956,97.1277924240322,63.0870601429973,264.771460423634,458.419883962467,26.310749116031,21.0682701197014,27.0787998165051,WA
10118,2014,January,1,75 to 84,25,29.848821943604,13721,935,956,182.202463377305,97.1277924240322,63.0870601429973,262.54168736252,27.9070835774927,26.310749116031,28.5533721605934,WA
10118,2014,February,2,75 to 84,36,28.0957690550468,14276,935,956,252.171476604091,182.202463377305,97.1277924240322,120.031066864365,29.848821943604,27.9070835774927,26.8019860572102,WA
10118,2014,March,3,75 to 84,19,25.9998747759494,13836,935,956,137.32292570107,252.171476604091,182.202463377305,192.472198460222,28.0957690550468,29.848821943604,26.5309862272969,WA
10118,2014,November,11,75 to 84,1,26.93245823092,14980,935,956,6.67556742323098,14.0262290483204,142.093511062995,63.0870601429973,19.8331441017959,19.8060668756835,26.310749116031,WA
10118,2014,December,12,75 to 84,4,30.8389097762429,14471,935,956,27.6414898763043,6.67556742323098,14.0262290483204,97.1277924240322,26.93245823092,19.8331441017959,27.9070835774927,WA
10118,2015,January,1,75 to 84,12,31.2521951315463,14511,935,956,82.6958858796775,27.6414898763043,6.67556742323098,182.202463377305,30.8389097762429,26.93245823092,29.848821943604,WA
10118,2015,February,2,75 to 84,11,31.3749096982111,14234,935,956,77.2797527047914,82.6958858796775,27.6414898763043,252.171476604091,31.2521951315463,30.8389097762429,28.0957690550468,WA
10118,2015,March,3,75 to 84,15,29.0834991684899,15403,935,956,97.3836265662533,77.2797527047914,82.6958858796775,137.32292570107,31.3749096982111,31.2521951315463,25.9998747759494,WA
10118,2015,November,11,75 to 84,9,24.7923407533215,13834,935,956,65.0571056816539,13.8811771238201,34.5280022097921,6.67556742323098,24.3957248624085,17.6393098589422,26.93245823092,WA
10118,2015,December,12,75 to 84,3,30.3151457638039,14488,935,956,20.7067918277195,65.0571056816539,13.8811771238201,27.6414898763043,24.7923407533215,24.3957248624085,30.8389097762429,WA
10118,2016,January,1,75 to 84,19,27.7277146538423,14771,935,956,128.630424480401,20.7067918277195,65.0571056816539,82.6958858796775,30.3151457638039,24.7923407533215,31.2521951315463,WA
10118,2016,February,2,75 to 84,33,28.8104208650973,14527,935,956,227.163213326909,128.630424480401,20.7067918277195,77.2797527047914,27.7277146538423,30.3151457638039,31.3749096982111,WA
10118,2016,March,3,75 to 84,44,29.4588523586828,15045,935,956,292.455965437022,227.163213326909,128.630424480401,97.3836265662533,28.8104208650973,27.7277146538423,29.0834991684899,WA
10118,2016,November,11,75 to 84,15,26.2182777480753,14634,935,956,102.50102501025,20.7382828701784,6.94733916909824,65.0571056816539,21.4382807613522,15.8699853681276,24.7923407533215,WA
10118,2016,December,12,75 to 84,53,30.2629091436914,14930,935,956,354.989953114535,102.50102501025,20.7382828701784,20.7067918277195,26.2182777480753,21.4382807613522,30.3151457638039,WA
10118,2011,January,1,85+,76,31.9659135486561,13846,935,956,548.894987722086,372.995151063036,321.925957029883,896.109573073,29.1337660499631,26.972224941111,29.0552345434417,WA
10118,2011,February,2,85+,27,26.29415603735,13574,935,956,198.909680271107,548.894987722086,372.995151063036,926.324859974149,31.9659135486561,29.1337660499631,29.0152548880976,WA
10118,2011,March,3,85+,19,25.9596047276379,13908,935,956,136.612021857924,198.909680271107,548.894987722086,154.947244152586,26.29415603735,31.9659135486561,27.3343053341183,WA
10118,2011,November,11,85+,12,27.8882802826007,14179,935,956,84.6322025530714,178.660758950904,90.7251029380976,321.925957029883,24.6997428838306,17.5764605059864,26.972224941111,WA
10118,2011,December,12,85+,75,28.2185370271644,14377,935,956,521.666550740767,84.6322025530714,178.660758950904,372.995151063036,27.8882802826007,24.6997428838306,29.1337660499631,WA
10118,2012,January,1,85+,46,30.9381846345412,14739,935,956,312.097157201981,521.666550740767,84.6322025530714,548.894987722086,28.2185370271644,27.8882802826007,31.9659135486561,WA
10118,2012,February,2,85+,60,28.8981609814983,14143,935,956,424.238139008697,312.097157201981,521.666550740767,198.909680271107,30.9381846345412,28.2185370271644,26.29415603735,WA
10118,2012,March,3,85+,4,25.6982220975623,14765,935,956,27.0910938029123,424.238139008697,312.097157201981,136.612021857924,28.8981609814983,30.9381846345412,25.9596047276379,WA
10118,2012,November,11,85+,27,22.6921175973863,14393,935,956,187.591190161884,155.093408530137,118.499930294159,84.6322025530714,22.6177130531499,16.0773533808642,27.8882802826007,WA
10118,2012,December,12,85+,1,28.4164167145072,13624,935,956,7.33998825601879,187.591190161884,155.093408530137,521.666550740767,22.6921175973863,22.6177130531499,28.2185370271644,WA
10118,2013,January,1,85+,14,27.6380382763352,13698,935,956,102.204701416265,7.33998825601879,187.591190161884,312.097157201981,28.4164167145072,22.6921175973863,30.9381846345412,WA
10118,2013,February,2,85+,20,26.95043803217,13691,935,956,146.081367321598,102.204701416265,7.33998825601879,424.238139008697,27.6380382763352,28.4164167145072,28.8981609814983,WA
10118,2013,March,3,85+,1,27.0852252946805,13752,935,956,7.2716695753345,146.081367321598,102.204701416265,27.0910938029123,26.95043803217,27.6380382763352,25.6982220975623,WA
10118,2013,November,11,85+,32,26.1146966707032,13940,935,956,229.555236728838,606.488011283498,510.131784044211,187.591190161884,25.232856725704,20.4848319227052,22.6921175973863,WA
10118,2013,December,12,85+,45,29.3157258672192,14695,935,956,306.22660768969,229.555236728838,606.488011283498,7.33998825601879,26.1146966707032,25.232856725704,28.4164167145072,WA
10118,2014,January,1,85+,17,32.4618620937767,14654,935,956,116.009280742459,306.22660768969,229.555236728838,102.204701416265,29.3157258672192,26.1146966707032,27.6380382763352,WA
10118,2014,February,2,85+,15,27.2354896598296,14615,935,956,102.63427984947,116.009280742459,306.22660768969,146.081367321598,32.4618620937767,29.3157258672192,26.95043803217,WA
10118,2014,March,3,85+,18,26.3477900198234,14382,935,956,125.156445556946,102.63427984947,116.009280742459,7.2716695753345,27.2354896598296,32.4618620937767,27.0852252946805,WA
10118,2014,November,11,85+,40,28.6599799532643,14372,935,956,278.318953520735,174.532253560458,228.261644910479,229.555236728838,19.6367883850656,17.7640437039043,26.1146966707032,WA
10118,2014,December,12,85+,13,28.3020394251172,14690,935,956,88.4955752212389,278.318953520735,174.532253560458,306.22660768969,28.6599799532643,19.6367883850656,29.3157258672192,WA
10118,2015,January,1,85+,55,27.3596491714746,14672,935,956,374.863685932388,88.4955752212389,278.318953520735,116.009280742459,28.3020394251172,28.6599799532643,32.4618620937767,WA
10118,2015,February,2,85+,72,28.1045436986247,14647,935,956,491.568239229876,374.863685932388,88.4955752212389,102.63427984947,27.3596491714746,28.3020394251172,27.2354896598296,WA
10118,2015,March,3,85+,58,28.2683082841232,14271,935,956,406.418611169505,491.568239229876,374.863685932388,125.156445556946,28.1045436986247,27.3596491714746,26.3477900198234,WA
10118,2015,November,11,85+,24,26.6584046982295,14033,935,956,171.025440034205,180.919908148354,204.876049989756,278.318953520735,17.8577475049083,16.6518935929713,28.6599799532643,WA
10118,2015,December,12,85+,88,30.1417320713415,14203,935,956,619.587411110329,171.025440034205,180.919908148354,88.4955752212389,26.6584046982295,17.8577475049083,28.3020394251172,WA
10118,2016,January,1,85+,21,28.509934991897,14688,935,956,142.97385620915,619.587411110329,171.025440034205,374.863685932388,30.1417320713415,26.6584046982295,27.3596491714746,WA
10118,2016,February,2,85+,20,28.4500371356944,14672,935,956,136.314067611778,142.97385620915,619.587411110329,491.568239229876,28.509934991897,30.1417320713415,28.1045436986247,WA
10118,2016,March,3,85+,58,26.1735202858038,14825,935,956,391.231028667791,136.314067611778,142.97385620915,406.418611169505,28.4500371356944,28.509934991897,28.2683082841232,WA
10118,2016,November,11,85+,38,26.4491847449937,14336,935,956,265.066964285714,287.914295279545,118.897747936774,171.025440034205,20.3851225748094,17.1183916912951,26.6584046982295,WA
10118,2016,December,12,85+,36,25.8251158141195,14445,935,956,249.221183800623,265.066964285714,287.914295279545,619.587411110329,26.4491847449937,20.3851225748094,30.1417320713415,WA
10119,2011,January,1,75 to 84,21,28.5789915822378,10285,1035,888,204.180845892076,199.43318988139,264.711871309306,101.26582278481,30.2272998665743,23.6223992532447,26.5178629605298,WA
10119,2011,February,2,75 to 84,24,30.4394407939844,9869,1035,888,243.185733103658,204.180845892076,199.43318988139,51.4827018121911,28.5789915822378,30.2272998665743,28.9862497717341,WA
10119,2011,March,3,75 to 84,14,27.0935880615803,10145,1035,888,137.999014292755,243.185733103658,204.180845892076,204.876049989756,30.4394407939844,28.5789915822378,27.3461726617243,WA
10119,2011,November,11,75 to 84,21,23.8291698243273,9638,1035,888,217.887528532891,289.855072463768,417.727967396842,264.711871309306,21.1693802773436,18.6208361714923,23.6223992532447,WA
10119,2011,December,12,75 to 84,44,29.1039784774472,9794,1035,888,449.25464570145,217.887528532891,289.855072463768,199.43318988139,23.8291698243273,21.1693802773436,30.2272998665743,WA
10119,2012,January,1,75 to 84,24,30.3984341156821,10002,1035,888,239.95200959808,449.25464570145,217.887528532891,204.180845892076,29.1039784774472,23.8291698243273,28.5789915822378,WA
10119,2012,February,2,75 to 84,33,28.8228995859682,9828,1035,888,335.775335775336,239.95200959808,449.25464570145,243.185733103658,30.3984341156821,29.1039784774472,30.4394407939844,WA
10119,2012,March,3,75 to 84,10,29.6199091142929,9918,1035,888,100.82677959266,335.775335775336,239.95200959808,137.999014292755,28.8228995859682,30.3984341156821,27.0935880615803,WA
10119,2012,November,11,75 to 84,18,25.9879475192095,9622,1035,888,187.071294949075,278.551532033426,495.83498611662,217.887528532891,22.4442603577857,18.9969759573754,23.8291698243273,WA
10119,2012,December,12,75 to 84,14,27.1862108511488,9716,1035,888,144.092219020173,187.071294949075,278.551532033426,449.25464570145,25.9879475192095,22.4442603577857,29.1039784774472,WA
10119,2013,January,1,75 to 84,0,28.9082972442191,9780,1035,888,0,144.092219020173,187.071294949075,239.95200959808,27.1862108511488,25.9879475192095,30.3984341156821,WA
10119,2013,February,2,75 to 84,12,27.9194556146759,10226,1035,888,117.347936632114,0,144.092219020173,335.775335775336,28.9082972442191,27.1862108511488,28.8228995859682,WA
10119,2013,March,3,75 to 84,21,25.1523334850657,9968,1035,888,210.674157303371,117.347936632114,0,100.82677959266,27.9194556146759,28.9082972442191,29.6199091142929,WA
10119,2013,November,11,75 to 84,10,24.1699530861189,9826,1035,888,101.770812131081,88.5129819040126,10.0836946657255,187.071294949075,23.1246351534796,20.5048224756416,25.9879475192095,WA
10119,2013,December,12,75 to 84,61,29.1721831477927,9912,1035,888,615.415657788539,101.770812131081,88.5129819040126,144.092219020173,24.1699530861189,23.1246351534796,27.1862108511488,WA
10119,2014,January,1,75 to 84,55,30.3130051994964,9870,1035,888,557.244174265451,615.415657788539,101.770812131081,0,29.1721831477927,24.1699530861189,28.9082972442191,WA
10119,2014,February,2,75 to 84,27,29.1296533642673,9439,1035,888,286.04725076809,557.244174265451,615.415657788539,117.347936632114,30.3130051994964,29.1721831477927,27.9194556146759,WA
10119,2014,March,3,75 to 84,32,26.5510264994954,10284,1035,888,311.162971606379,286.04725076809,557.244174265451,210.674157303371,29.1296533642673,30.3130051994964,25.1523334850657,WA
10119,2014,November,11,75 to 84,14,25.9247054933529,10115,1035,888,138.40830449827,0,0,101.770812131081,21.4026964974191,17.5069665444126,24.1699530861189,WA
10119,2014,December,12,75 to 84,89,27.731946963685,9936,1035,888,895.73268921095,138.40830449827,0,615.415657788539,25.9247054933529,21.4026964974191,29.1721831477927,WA
10119,2015,January,1,75 to 84,8,32.0375732395939,10200,1035,888,78.4313725490196,895.73268921095,138.40830449827,557.244174265451,27.731946963685,25.9247054933529,30.3130051994964,WA
10119,2015,February,2,75 to 84,19,29.0020166970811,10212,1035,888,186.05562083823,78.4313725490196,895.73268921095,286.04725076809,32.0375732395939,27.731946963685,29.1296533642673,WA
10119,2015,March,3,75 to 84,9,23.7410807696814,10070,1035,888,89.3743793445879,186.05562083823,78.4313725490196,311.162971606379,29.0020166970811,32.0375732395939,26.5510264994954,WA
10119,2015,November,11,75 to 84,23,23.5024186851193,10299,1035,888,223.322652684727,79.6892120729156,89.7755610972569,138.40830449827,25.1888751054585,19.1220124373853,25.9247054933529,WA
10119,2015,December,12,75 to 84,14,29.9075383935205,10260,1035,888,136.4522417154,223.322652684727,79.6892120729156,895.73268921095,23.5024186851193,25.1888751054585,27.731946963685,WA
10119,2016,January,1,75 to 84,4,31.9974289285949,10562,1035,888,37.8716152243893,136.4522417154,223.322652684727,78.4313725490196,29.9075383935205,23.5024186851193,32.0375732395939,WA
10119,2016,February,2,75 to 84,4,28.8534033035125,10501,1035,888,38.0916103228264,37.8716152243893,136.4522417154,186.05562083823,31.9974289285949,29.9075383935205,29.0020166970811,WA
10119,2016,March,3,75 to 84,26,24.9581273255612,10704,1035,888,242.899850523169,38.0916103228264,37.8716152243893,89.3743793445879,28.8534033035125,31.9974289285949,23.7410807696814,WA
10119,2016,November,11,75 to 84,12,25.7803941323798,10182,1035,888,117.855038302887,29.3054605841555,84.985835694051,223.322652684727,22.5256780206644,18.2254394750531,23.5024186851193,WA
10119,2016,December,12,75 to 84,2,28.8753900078659,10416,1035,888,19.2012288786482,117.855038302887,29.3054605841555,136.4522417154,25.7803941323798,22.5256780206644,29.9075383935205,WA
10119,2011,January,1,85+,125,30.8185276615829,9883,1035,888,1264.79813821714,313.545150501672,292.899707100293,697.078421322399,29.7049134412006,26.9985959459872,34.0362936884841,WA
10119,2011,February,2,85+,172,26.6224887245388,10049,1035,888,1711.61309583043,1264.79813821714,313.545150501672,334.448160535117,30.8185276615829,29.7049134412006,30.6422948042077,WA
10119,2011,March,3,85+,63,28.6136085771296,9728,1035,888,647.615131578947,1711.61309583043,1264.79813821714,135.135135135135,26.6224887245388,30.8185276615829,24.0974444441913,WA
10119,2011,November,11,85+,9,24.6339718956319,10035,1035,888,89.6860986547085,79.6971508268579,70.7356507679871,292.899707100293,20.9806859797884,18.8267022175772,26.9985959459872,WA
10119,2011,December,12,85+,78,29.9929017328453,9800,1035,888,795.918367346939,89.6860986547085,79.6971508268579,313.545150501672,24.6339718956319,20.9806859797884,29.7049134412006,WA
10119,2012,January,1,85+,6,30.6431094258474,9712,1035,888,61.7792421746293,795.918367346939,89.6860986547085,1264.79813821714,29.9929017328453,24.6339718956319,30.8185276615829,WA
10119,2012,February,2,85+,34,27.0574077335047,10000,1035,888,340,61.7792421746293,795.918367346939,1711.61309583043,30.6431094258474,29.9929017328453,26.6224887245388,WA
10119,2012,March,3,85+,23,26.8770061667082,10059,1035,888,228.650959339895,340,61.7792421746293,647.615131578947,27.0574077335047,30.6431094258474,28.6136085771296,WA
10119,2012,November,11,85+,32,27.5731195184699,9696,1035,888,330.03300330033,188.305252725471,343.018563357546,89.6860986547085,23.11193537455,16.0404945611207,24.6339718956319,WA
10119,2012,December,12,85+,20,28.8112121151246,10081,1035,888,198.393016565817,330.03300330033,188.305252725471,795.918367346939,27.5731195184699,23.11193537455,29.9929017328453,WA
10119,2013,January,1,85+,3,32.9077981393884,10018,1035,888,29.9460970253544,198.393016565817,330.03300330033,61.7792421746293,28.8112121151246,27.5731195184699,30.6431094258474,WA
10119,2013,February,2,85+,30,28.1533132808004,10172,1035,888,294.927251278018,29.9460970253544,198.393016565817,340,32.9077981393884,28.8112121151246,27.0574077335047,WA
10119,2013,March,3,85+,1,24.2839666409367,10159,1035,888,9.84348853233586,294.927251278018,29.9460970253544,228.650959339895,28.1533132808004,32.9077981393884,26.8770061667082,WA
10119,2013,November,11,85+,13,27.5248711628876,10359,1035,888,125.494738874409,196.321554040091,90.8540278619019,330.03300330033,21.1670278615103,16.7832029814827,27.5731195184699,WA
10119,2013,December,12,85+,37,28.3533287611319,9920,1035,888,372.983870967742,125.494738874409,196.321554040091,198.393016565817,27.5248711628876,21.1670278615103,28.8112121151246,WA
10119,2014,January,1,85+,15,30.2743219887222,9993,1035,888,150.105073551486,372.983870967742,125.494738874409,29.9460970253544,28.3533287611319,27.5248711628876,32.9077981393884,WA
10119,2014,February,2,85+,14,32.066176849484,10270,1035,888,136.319376825706,150.105073551486,372.983870967742,294.927251278018,30.2743219887222,28.3533287611319,28.1533132808004,WA
10119,2014,March,3,85+,2,25.7322847762364,9742,1035,888,20.5296653664545,136.319376825706,150.105073551486,9.84348853233586,32.066176849484,30.2743219887222,24.2839666409367,WA
10119,2014,November,11,85+,22,26.3936701073259,9589,1035,888,229.429554698092,99.3739441518434,49.5000495000495,125.494738874409,20.6889365092519,17.4224141933988,27.5248711628876,WA
10119,2014,December,12,85+,58,30.6398389987833,10331,1035,888,561.417094182557,229.429554698092,99.3739441518434,372.983870967742,26.3936701073259,20.6889365092519,28.3533287611319,WA
10119,2015,January,1,85+,28,29.9010609134123,10035,1035,888,279.023418036871,561.417094182557,229.429554698092,150.105073551486,30.6398389987833,26.3936701073259,30.2743219887222,WA
10119,2015,February,2,85+,35,28.8870471536216,10377,1035,888,337.284378914908,279.023418036871,561.417094182557,136.319376825706,29.9010609134123,30.6398389987833,32.066176849484,WA
10119,2015,March,3,85+,49,29.9081166981292,9582,1035,888,511.375495721144,337.284378914908,279.023418036871,20.5296653664545,28.8870471536216,29.9010609134123,25.7322847762364,WA
10119,2015,November,11,85+,10,26.1932263214253,10138,1035,888,98.6387847701717,151.730678046468,163.226116178589,229.429554698092,23.3653594275857,18.0223802868096,26.3936701073259,WA
10119,2015,December,12,85+,18,31.9982413750316,10040,1035,888,179.282868525896,98.6387847701717,151.730678046468,561.417094182557,26.1932263214253,23.3653594275857,30.6398389987833,WA
10119,2016,January,1,85+,11,29.1030259225378,10142,1035,888,108.459869848156,179.282868525896,98.6387847701717,279.023418036871,31.9982413750316,26.1932263214253,29.9010609134123,WA
10119,2016,February,2,85+,45,29.6328460258433,10255,1035,888,438.810336421258,108.459869848156,179.282868525896,337.284378914908,29.1030259225378,31.9982413750316,28.8870471536216,WA
10119,2016,March,3,85+,78,26.1803710074021,10016,1035,888,778.753993610224,438.810336421258,108.459869848156,511.375495721144,29.6328460258433,29.1030259225378,29.9081166981292,WA
10119,2016,November,11,85+,16,25.6777142449936,10272,1035,888,155.763239875389,250.578257517348,165.643574003703,98.6387847701717,21.7565104046401,19.903972500613,26.1932263214253,WA
10119,2016,December,12,85+,39,29.6503069684787,10449,1035,888,373.241458512776,155.763239875389,250.578257517348,179.282868525896,25.6777142449936,21.7565104046401,31.9982413750316,WA
10120,2011,January,1,75 to 84,11,32.7601997148826,7766,895,1141,141.643059490085,50.3651473180559,38.7747188832881,25.3871541000254,26.0343768768028,23.7561929067179,29.5664388504848,WA
10120,2011,February,2,75 to 84,5,27.6214097413751,7893,895,1141,63.3472697326745,141.643059490085,50.3651473180559,48.7448208627833,32.7601997148826,26.0343768768028,28.631250588776,WA
10120,2011,March,3,75 to 84,16,23.1667237826628,7860,895,1141,203.562340966921,63.3472697326745,141.643059490085,149.514079242462,27.6214097413751,32.7601997148826,25.1763959218811,WA
10120,2011,November,11,75 to 84,0,25.6681808865288,8182,895,1141,0,24.9252243270189,38.0035469977198,38.7747188832881,21.8899572181298,19.1088634075159,23.7561929067179,WA
10120,2011,December,12,75 to 84,4,27.644712876746,7906,895,1141,50.5944852011131,0,24.9252243270189,50.3651473180559,25.6681808865288,21.8899572181298,26.0343768768028,WA
10120,2012,January,1,75 to 84,5,29.6789187146736,7944,895,1141,62.9405840886204,50.5944852011131,0,141.643059490085,27.644712876746,25.6681808865288,32.7601997148826,WA
10120,2012,February,2,75 to 84,0,28.0216466629942,7956,895,1141,0,62.9405840886204,50.5944852011131,63.3472697326745,29.6789187146736,27.644712876746,27.6214097413751,WA
10120,2012,March,3,75 to 84,4,24.7079338594291,8116,895,1141,49.2853622474125,0,62.9405840886204,203.562340966921,28.0216466629942,29.6789187146736,23.1667237826628,WA
10120,2012,November,11,75 to 84,7,24.142052622871,8124,895,1141,86.164451009355,12.2970978848992,0,0,20.3533235676189,18.4773525154444,25.6681808865288,WA
10120,2012,December,12,75 to 84,15,30.637078015161,8264,895,1141,181.510164569216,86.164451009355,12.2970978848992,50.5944852011131,24.142052622871,20.3533235676189,27.644712876746,WA
10120,2013,January,1,75 to 84,13,27.4082828376151,8070,895,1141,161.090458488228,181.510164569216,86.164451009355,62.9405840886204,30.637078015161,24.142052622871,29.6789187146736,WA
10120,2013,February,2,75 to 84,2,30.4368463662328,8009,895,1141,24.9719066050693,161.090458488228,181.510164569216,0,27.4082828376151,30.637078015161,28.0216466629942,WA
10120,2013,March,3,75 to 84,13,22.0523802655163,8163,895,1141,159.255175793213,24.9719066050693,161.090458488228,49.2853622474125,30.4368463662328,27.4082828376151,24.7079338594291,WA
10120,2013,November,11,75 to 84,8,27.7822982388741,8019,895,1141,99.7630627260257,36.8459837877671,12.3548307388189,86.164451009355,22.0368072111543,16.2857802335079,24.142052622871,WA
10120,2013,December,12,75 to 84,18,28.5934872576282,8216,895,1141,219.084712755599,99.7630627260257,36.8459837877671,181.510164569216,27.7822982388741,22.0368072111543,30.637078015161,WA
10120,2014,January,1,75 to 84,5,30.4782594284987,8046,895,1141,62.142679592344,219.084712755599,99.7630627260257,161.090458488228,28.5934872576282,27.7822982388741,27.4082828376151,WA
10120,2014,February,2,75 to 84,11,30.1333845802713,8088,895,1141,136.003956478734,62.142679592344,219.084712755599,24.9719066050693,30.4782594284987,28.5934872576282,30.4368463662328,WA
10120,2014,March,3,75 to 84,10,25.7633049261839,8218,895,1141,121.684108055488,136.003956478734,62.142679592344,159.255175793213,30.1333845802713,30.4782594284987,22.0523802655163,WA
10120,2014,November,11,75 to 84,7,27.2849569443961,8268,895,1141,84.6637639090469,0,49.3705257960997,99.7630627260257,22.4512634568095,19.6396321758957,27.7822982388741,WA
10120,2014,December,12,75 to 84,0,27.1071918316074,8175,895,1141,0,84.6637639090469,0,219.084712755599,27.2849569443961,22.4512634568095,28.5934872576282,WA
10120,2015,January,1,75 to 84,10,32.3061449776203,8287,895,1141,120.670930372873,0,84.6637639090469,62.142679592344,27.1071918316074,27.2849569443961,30.4782594284987,WA
10120,2015,February,2,75 to 84,11,28.3005334803598,8505,895,1141,129.33568489124,120.670930372873,0,136.003956478734,32.3061449776203,27.1071918316074,30.1333845802713,WA
10120,2015,March,3,75 to 84,30,27.4726417272593,8165,895,1141,367.421922841396,129.33568489124,120.670930372873,121.684108055488,28.3005334803598,32.3061449776203,25.7633049261839,WA
10120,2015,November,11,75 to 84,19,25.7290946844942,8635,895,1141,220.034742327736,73.4394124847001,119.918455450294,84.6637639090469,24.0868073002432,19.3572016857951,27.2849569443961,WA
10120,2015,December,12,75 to 84,9,26.1233191916976,8412,895,1141,106.990014265335,220.034742327736,73.4394124847001,0,25.7290946844942,24.0868073002432,27.1071918316074,WA
10120,2016,January,1,75 to 84,12,30.8408199817879,8408,895,1141,142.721217887726,106.990014265335,220.034742327736,120.670930372873,26.1233191916976,25.7290946844942,32.3061449776203,WA
10120,2016,February,2,75 to 84,1,29.1769255126977,8510,895,1141,11.7508813160987,142.721217887726,106.990014265335,129.33568489124,30.8408199817879,26.1233191916976,28.3005334803598,WA
10120,2016,March,3,75 to 84,12,24.3116420204779,8661,895,1141,138.552130239002,11.7508813160987,142.721217887726,367.421922841396,29.1769255126977,30.8408199817879,27.4726417272593,WA
10120,2016,November,11,75 to 84,3,25.7381835716655,8153,895,1141,36.7962713111738,11.8736642127761,0,220.034742327736,23.5260567839401,16.4084788802459,25.7290946844942,WA
10120,2016,December,12,75 to 84,11,29.6163272487382,8566,895,1141,128.414662619659,36.7962713111738,11.8736642127761,106.990014265335,25.7381835716655,23.5260567839401,26.1233191916976,WA
10120,2011,January,1,85+,7,33.0628731807869,8174,895,1141,85.6373868363103,174.259397560368,219.646125686394,274.862568715642,31.4124840747044,27.2202385642183,30.8780089807277,WA
10120,2011,February,2,85+,5,30.3481343259993,8039,895,1141,62.1967906456027,85.6373868363103,174.259397560368,200.979776409999,33.0628731807869,31.4124840747044,27.5642113809159,WA
10120,2011,March,3,85+,14,25.1312176251431,7859,895,1141,178.139712431607,62.1967906456027,85.6373868363103,200.050012503126,30.3481343259993,33.0628731807869,26.911857584818,WA
10120,2011,November,11,85+,46,27.6104673448963,8209,895,1141,560.360579851383,461.634435433562,61.9885940986859,219.646125686394,20.8472448638448,19.6164390962345,27.2202385642183,WA
10120,2011,December,12,85+,20,27.9855450423326,8141,895,1141,245.670065102567,560.360579851383,461.634435433562,174.259397560368,27.6104673448963,20.8472448638448,31.4124840747044,WA
10120,2012,January,1,85+,13,32.4009081643324,8219,895,1141,158.170093685363,245.670065102567,560.360579851383,85.6373868363103,27.9855450423326,27.6104673448963,33.0628731807869,WA
10120,2012,February,2,85+,1,28.1802331696571,8286,895,1141,12.0685493603669,158.170093685363,245.670065102567,62.1967906456027,32.4009081643324,27.9855450423326,30.3481343259993,WA
10120,2012,March,3,85+,3,26.3430784149817,7995,895,1141,37.5234521575985,12.0685493603669,158.170093685363,178.139712431607,28.1802331696571,32.4009081643324,25.1312176251431,WA
10120,2012,November,11,85+,25,26.186997668415,8079,895,1141,309.444238148286,149.943771085843,24.6791707798618,560.360579851383,21.2320448915829,17.6066234685655,27.6104673448963,WA
10120,2012,December,12,85+,23,28.8121678165319,8374,895,1141,274.659660855028,309.444238148286,149.943771085843,245.670065102567,26.186997668415,21.2320448915829,27.9855450423326,WA
10120,2013,January,1,85+,29,29.1325510137441,7895,895,1141,367.321089297023,274.659660855028,309.444238148286,158.170093685363,28.8121678165319,26.186997668415,32.4009081643324,WA
10120,2013,February,2,85+,13,27.0995209752604,7931,895,1141,163.913756146766,367.321089297023,274.659660855028,12.0685493603669,29.1325510137441,28.8121678165319,28.1802331696571,WA
10120,2013,March,3,85+,4,27.0460198283219,7996,895,1141,50.0250125062531,163.913756146766,367.321089297023,37.5234521575985,27.0995209752604,29.1325510137441,26.3430784149817,WA
10120,2013,November,11,85+,22,25.6744670915015,8367,895,1141,262.93773156448,297.840655249442,263.852242744063,309.444238148286,22.5659963453685,18.9876509995631,26.186997668415,WA
10120,2013,December,12,85+,19,32.2951676454134,8075,895,1141,235.294117647059,262.93773156448,297.840655249442,274.659660855028,25.6744670915015,22.5659963453685,28.8121678165319,WA
10120,2014,January,1,85+,29,29.0815512350939,8338,895,1141,347.80522907172,235.294117647059,262.93773156448,367.321089297023,32.2951676454134,25.6744670915015,29.1325510137441,WA
10120,2014,February,2,85+,16,29.3228910764353,8102,895,1141,197.482103184399,347.80522907172,235.294117647059,163.913756146766,29.0815512350939,32.2951676454134,27.0995209752604,WA
10120,2014,March,3,85+,12,27.2787028441625,8385,895,1141,143.112701252236,197.482103184399,347.80522907172,50.0250125062531,29.3228910764353,29.0815512350939,27.0460198283219,WA
10120,2014,November,11,85+,7,24.4213644727386,8195,895,1141,85.4179377669311,297.103243377074,445.032475342795,262.93773156448,21.2248938880242,16.0511828580797,25.6744670915015,WA
10120,2014,December,12,85+,36,26.9348236309232,8271,895,1141,435.25571273123,85.4179377669311,297.103243377074,235.294117647059,24.4213644727386,21.2248938880242,32.2951676454134,WA
10120,2015,January,1,85+,36,29.4204597588754,8032,895,1141,448.207171314741,435.25571273123,85.4179377669311,347.80522907172,26.9348236309232,24.4213644727386,29.0815512350939,WA
10120,2015,February,2,85+,22,29.9989745026224,8430,895,1141,260.972716488731,448.207171314741,435.25571273123,197.482103184399,29.4204597588754,26.9348236309232,29.3228910764353,WA
10120,2015,March,3,85+,16,25.0699019889168,8315,895,1141,192.423331328924,260.972716488731,448.207171314741,143.112701252236,29.9989745026224,29.4204597588754,27.2787028441625,WA
10120,2015,November,11,85+,10,28.1146266309981,8436,895,1141,118.539592223803,23.6434566733657,35.5576626763067,85.4179377669311,21.5632599473821,17.937425690864,24.4213644727386,WA
10120,2015,December,12,85+,3,29.9380914988073,8377,895,1141,35.812343320998,118.539592223803,23.6434566733657,435.25571273123,28.1146266309981,21.5632599473821,26.9348236309232,WA
10120,2016,January,1,85+,15,31.3864000491351,8543,895,1141,175.582348121269,35.812343320998,118.539592223803,448.207171314741,29.9380914988073,28.1146266309981,29.4204597588754,WA
10120,2016,February,2,85+,18,28.5621406030792,8449,895,1141,213.042963664339,175.582348121269,35.812343320998,260.972716488731,31.3864000491351,29.9380914988073,29.9989745026224,WA
10120,2016,March,3,85+,33,25.4494622551591,8483,895,1141,389.013320759165,213.042963664339,175.582348121269,192.423331328924,28.5621406030792,31.3864000491351,25.0699019889168,WA
10120,2016,November,11,85+,22,28.2266406107552,8357,895,1141,263.252363288261,256.97503671072,70.5716302046577,118.539592223803,22.032794333882,16.7127844738058,28.1146266309981,WA
10120,2016,December,12,85+,6,28.9216225856732,8150,895,1141,73.6196319018405,263.252363288261,256.97503671072,35.812343320998,28.2266406107552,22.032794333882,29.9380914988073,WA
10121,2011,January,1,75 to 84,9,30.8323976025525,3628,972,1054,248.070562293275,57.20823798627,271.517784414879,84.6023688663283,29.3797826623396,26.1560414436233,30.7420288237088,WA
10121,2011,February,2,75 to 84,11,30.5533565922562,3627,972,1054,303.280948442239,248.070562293275,57.20823798627,306.321358952938,30.8323976025525,29.3797826623396,27.3874599488808,WA
10121,2011,March,3,75 to 84,15,25.2159916056147,3662,972,1054,409.612233752048,303.280948442239,248.070562293275,167.037861915368,30.5533565922562,30.8323976025525,26.340633071163,WA
10121,2011,November,11,75 to 84,0,26.2905622461393,3593,972,1054,0,0,186.965811965812,271.517784414879,23.118971181854,15.3620188793212,26.1560414436233,WA
10121,2011,December,12,75 to 84,0,30.5238143096088,3632,972,1054,0,0,0,57.20823798627,26.2905622461393,23.118971181854,29.3797826623396,WA
10121,2012,January,1,75 to 84,2,32.4728312916067,3739,972,1054,53.4902380315592,0,0,248.070562293275,30.5238143096088,26.2905622461393,30.8323976025525,WA
10121,2012,February,2,75 to 84,5,28.7966879484697,3788,972,1054,131.995776135164,53.4902380315592,0,303.280948442239,32.4728312916067,30.5238143096088,30.5533565922562,WA
10121,2012,March,3,75 to 84,2,25.4181580850115,3663,972,1054,54.6000546000546,131.995776135164,53.4902380315592,409.612233752048,28.7966879484697,32.4728312916067,25.2159916056147,WA
10121,2012,November,11,75 to 84,9,27.363356757771,3763,972,1054,239.170874302418,81.6104461371056,80.58017727639,0,22.196585176095,17.5414025040567,26.2905622461393,WA
10121,2012,December,12,75 to 84,2,27.8872839964533,3732,972,1054,53.5905680600214,239.170874302418,81.6104461371056,0,27.363356757771,22.196585176095,30.5238143096088,WA
10121,2013,January,1,75 to 84,11,30.1420902221497,3714,972,1054,296.176628971459,53.5905680600214,239.170874302418,53.4902380315592,27.8872839964533,27.363356757771,32.4728312916067,WA
10121,2013,February,2,75 to 84,5,25.9205275855815,3875,972,1054,129.032258064516,296.176628971459,53.5905680600214,131.995776135164,30.1420902221497,27.8872839964533,28.7966879484697,WA
10121,2013,March,3,75 to 84,10,26.8591917074741,3691,972,1054,270.929287455974,129.032258064516,296.176628971459,54.6000546000546,25.9205275855815,30.1420902221497,25.4181580850115,WA
10121,2013,November,11,75 to 84,7,26.7219875114305,3773,972,1054,185.528756957328,246.238030095759,27.2553829381303,239.170874302418,20.2604565291731,18.297495320153,27.363356757771,WA
10121,2013,December,12,75 to 84,16,30.2452745071761,3817,972,1054,419.177364422321,185.528756957328,246.238030095759,53.5905680600214,26.7219875114305,20.2604565291731,27.8872839964533,WA
10121,2014,January,1,75 to 84,4,29.5259887985588,3740,972,1054,106.951871657754,419.177364422321,185.528756957328,296.176628971459,30.2452745071761,26.7219875114305,30.1420902221497,WA
10121,2014,February,2,75 to 84,4,28.6929155516256,3706,972,1054,107.933081489477,106.951871657754,419.177364422321,129.032258064516,29.5259887985588,30.2452745071761,25.9205275855815,WA
10121,2014,March,3,75 to 84,11,24.9148095714822,3756,972,1054,292.864749733759,107.933081489477,106.951871657754,270.929287455974,28.6929155516256,29.5259887985588,26.8591917074741,WA
10121,2014,November,11,75 to 84,6,25.176608899377,3840,972,1054,156.25,108.548168249661,81.8553888130969,185.528756957328,20.5276022381293,21.0714849914131,26.7219875114305,WA
10121,2014,December,12,75 to 84,4,26.9088198946193,3681,972,1054,108.66612333605,156.25,108.548168249661,419.177364422321,25.176608899377,20.5276022381293,30.2452745071761,WA
10121,2015,January,1,75 to 84,5,29.0291328823905,3776,972,1054,132.415254237288,108.66612333605,156.25,106.951871657754,26.9088198946193,25.176608899377,29.5259887985588,WA
10121,2015,February,2,75 to 84,6,25.651640285316,3694,972,1054,162.425554953979,132.415254237288,108.66612333605,107.933081489477,29.0291328823905,26.9088198946193,28.6929155516256,WA
10121,2015,March,3,75 to 84,17,25.1484760549698,3862,972,1054,440.18643190057,162.425554953979,132.415254237288,292.864749733759,25.651640285316,29.0291328823905,24.9148095714822,WA
10121,2015,November,11,75 to 84,3,28.3949850893598,3818,972,1054,78.5751702462022,323.45013477089,796.60116834838,156.25,20.5089954766381,14.7430970720002,25.176608899377,WA
10121,2015,December,12,75 to 84,5,29.9141185792143,3714,972,1054,134.625740441572,78.5751702462022,323.45013477089,108.66612333605,28.3949850893598,20.5089954766381,26.9088198946193,WA
10121,2016,January,1,75 to 84,4,32.2631003883441,3818,972,1054,104.766893661603,134.625740441572,78.5751702462022,132.415254237288,29.9141185792143,28.3949850893598,29.0291328823905,WA
10121,2016,February,2,75 to 84,5,29.4294828455495,3817,972,1054,130.992926381975,104.766893661603,134.625740441572,162.425554953979,32.2631003883441,29.9141185792143,25.651640285316,WA
10121,2016,March,3,75 to 84,4,25.6281017161616,3897,972,1054,102.643058763151,130.992926381975,104.766893661603,440.18643190057,29.4294828455495,32.2631003883441,25.1484760549698,WA
10121,2016,November,11,75 to 84,12,29.0103156619428,3800,972,1054,315.789473684211,104.65724751439,640.854472630174,78.5751702462022,22.1869693641213,17.7386622728223,28.3949850893598,WA
10121,2016,December,12,75 to 84,2,29.4160705043555,3839,972,1054,52.0969002344361,315.789473684211,104.65724751439,134.625740441572,29.0103156619428,22.1869693641213,29.9141185792143,WA
10121,2011,January,1,85+,8,29.2079334671075,3668,972,1054,218.102508178844,415.167450871852,248.824993088195,276.472214542439,28.6821860170903,26.7960138352123,30.9588127678826,WA
10121,2011,February,2,85+,7,26.4047842365248,3662,972,1054,191.152375750956,218.102508178844,415.167450871852,242.522231204527,29.2079334671075,28.6821860170903,26.7868590774876,WA
10121,2011,March,3,85+,7,26.3509794414924,3634,972,1054,192.62520638415,191.152375750956,218.102508178844,134.989200863931,26.4047842365248,29.2079334671075,28.0584460151966,WA
10121,2011,November,11,85+,5,28.0970859699755,3751,972,1054,133.297787256732,211.193241816262,311.438278595697,248.824993088195,22.9466113870287,19.1737828700281,26.7960138352123,WA
10121,2011,December,12,85+,9,32.1063953554343,3542,972,1054,254.093732354602,133.297787256732,211.193241816262,415.167450871852,28.0970859699755,22.9466113870287,28.6821860170903,WA
10121,2012,January,1,85+,14,28.6748105994414,3599,972,1054,388.996943595443,254.093732354602,133.297787256732,218.102508178844,32.1063953554343,28.0970859699755,29.2079334671075,WA
10121,2012,February,2,85+,22,29.9325001874731,3765,972,1054,584.329349269588,388.996943595443,254.093732354602,191.152375750956,28.6748105994414,32.1063953554343,26.4047842365248,WA
10121,2012,March,3,85+,11,27.9000997466235,3566,972,1054,308.468872686483,584.329349269588,388.996943595443,192.62520638415,29.9325001874731,28.6748105994414,26.3509794414924,WA
10121,2012,November,11,85+,4,26.579587551542,3680,972,1054,108.695652173913,160.342063067878,210.194429847609,133.297787256732,22.6959851844163,18.2312936822017,28.0970859699755,WA
10121,2012,December,12,85+,12,28.0902645581245,3621,972,1054,331.400165700083,108.695652173913,160.342063067878,254.093732354602,26.579587551542,22.6959851844163,32.1063953554343,WA
10121,2013,January,1,85+,17,28.733318534357,3782,972,1054,449.497620306716,331.400165700083,108.695652173913,388.996943595443,28.0902645581245,26.579587551542,28.6748105994414,WA
10121,2013,February,2,85+,8,29.1032084810342,3559,972,1054,224.782242202866,449.497620306716,331.400165700083,584.329349269588,28.733318534357,28.0902645581245,29.9325001874731,WA
10121,2013,March,3,85+,3,27.435611246763,3706,972,1054,80.9498111171074,224.782242202866,449.497620306716,308.468872686483,29.1032084810342,28.733318534357,27.9000997466235,WA
10121,2013,November,11,85+,7,26.6117931610129,3776,972,1054,185.381355932203,430.22317827373,256.93730729702,108.695652173913,23.9753612673832,16.7319715023641,26.579587551542,WA
10121,2013,December,12,85+,8,29.7320838845712,3709,972,1054,215.691561067673,185.381355932203,430.22317827373,331.400165700083,26.6117931610129,23.9753612673832,28.0902645581245,WA
10121,2014,January,1,85+,19,28.6538529481178,3727,972,1054,509.793399517038,215.691561067673,185.381355932203,449.497620306716,29.7320838845712,26.6117931610129,28.733318534357,WA
10121,2014,February,2,85+,29,25.5351189323536,3862,972,1054,750.906266183325,509.793399517038,215.691561067673,224.782242202866,28.6538529481178,29.7320838845712,29.1032084810342,WA
10121,2014,March,3,85+,25,26.3266217115101,3824,972,1054,653.765690376569,750.906266183325,509.793399517038,80.9498111171074,25.5351189323536,28.6538529481178,27.435611246763,WA
10121,2014,November,11,85+,4,25.1579674701154,3698,972,1054,108.166576527853,258.331180573495,219.53896816685,185.381355932203,19.7205573112052,18.7163954606085,26.6117931610129,WA
10121,2014,December,12,85+,3,28.7931139979231,3844,972,1054,78.0437044745057,108.166576527853,258.331180573495,215.691561067673,25.1579674701154,19.7205573112052,29.7320838845712,WA
10121,2015,January,1,85+,10,30.314255729102,3773,972,1054,265.041081367612,78.0437044745057,108.166576527853,509.793399517038,28.7931139979231,25.1579674701154,28.6538529481178,WA
10121,2015,February,2,85+,13,29.1571977490311,3771,972,1054,344.736144258817,265.041081367612,78.0437044745057,750.906266183325,30.314255729102,28.7931139979231,25.5351189323536,WA
10121,2015,March,3,85+,16,25.6488065983799,3771,972,1054,424.290639087775,344.736144258817,265.041081367612,653.765690376569,29.1571977490311,30.314255729102,26.3266217115101,WA
10121,2015,November,11,85+,11,24.7684336078517,3773,972,1054,291.545189504373,180.878552971576,103.51966873706,108.166576527853,23.9781631359025,19.4096575482861,25.1579674701154,WA
10121,2015,December,12,85+,11,29.1224497039399,3782,972,1054,290.851401374934,291.545189504373,180.878552971576,78.0437044745057,24.7684336078517,23.9781631359025,28.7931139979231,WA
10121,2016,January,1,85+,9,29.4992098589851,3848,972,1054,233.887733887734,290.851401374934,291.545189504373,265.041081367612,29.1224497039399,24.7684336078517,30.314255729102,WA
10121,2016,February,2,85+,3,31.1420181859524,3781,972,1054,79.3440888653795,233.887733887734,290.851401374934,344.736144258817,29.4992098589851,29.1224497039399,29.1571977490311,WA
10121,2016,March,3,85+,7,24.2248740830943,3744,972,1054,186.965811965812,79.3440888653795,233.887733887734,424.290639087775,31.1420181859524,29.4992098589851,25.6488065983799,WA
10121,2016,November,11,85+,7,26.7253884198121,3779,972,1054,185.234188938873,517.063081695967,132.94336612603,291.545189504373,20.9533216805804,17.172902800202,24.7684336078517,WA
10121,2016,December,12,85+,3,25.1005175595941,3692,972,1054,81.2567713976165,185.234188938873,517.063081695967,290.851401374934,26.7253884198121,20.9533216805804,29.1224497039399,WA
10122,2011,January,1,75 to 84,77,30.1248702542924,18504,1094,1122,416.126242974492,31.1300197156792,10.7665805340224,76.2527233115468,30.4744568290095,25.9633232418881,32.9924422401186,WA
10122,2011,February,2,75 to 84,63,29.2668227271357,18861,1094,1122,334.022586289168,416.126242974492,31.1300197156792,289.699570815451,30.1248702542924,30.4744568290095,28.4989244397302,WA
10122,2011,March,3,75 to 84,52,23.2558470121164,19014,1094,1122,273.482696960135,334.022586289168,416.126242974492,31.5026777276069,29.2668227271357,30.1248702542924,26.2556037202428,WA
10122,2011,November,11,75 to 84,48,25.8687218524687,18780,1094,1122,255.591054313099,37.0174510840825,42.3146091187983,10.7665805340224,21.0157169502282,17.8079407523593,25.9633232418881,WA
10122,2011,December,12,75 to 84,15,27.9585409418123,18554,1094,1122,80.8451007868923,255.591054313099,37.0174510840825,31.1300197156792,25.8687218524687,21.0157169502282,30.4744568290095,WA
10122,2012,January,1,75 to 84,40,27.8408788231197,19063,1094,1122,209.830561821329,80.8451007868923,255.591054313099,416.126242974492,27.9585409418123,25.8687218524687,30.1248702542924,WA
10122,2012,February,2,75 to 84,10,27.3091787430128,18508,1094,1122,54.0306894315972,209.830561821329,80.8451007868923,334.022586289168,27.8408788231197,27.9585409418123,29.2668227271357,WA
10122,2012,March,3,75 to 84,14,24.0499286205643,19026,1094,1122,73.5835172921266,54.0306894315972,209.830561821329,273.482696960135,27.3091787430128,27.8408788231197,23.2558470121164,WA
10122,2012,November,11,75 to 84,20,25.6555269135266,18984,1094,1122,105.35187526338,125.65445026178,20.9731543624161,255.591054313099,23.7342637676986,20.8326089537205,25.8687218524687,WA
10122,2012,December,12,75 to 84,16,28.7231012900496,18965,1094,1122,84.3659372528342,105.35187526338,125.65445026178,80.8451007868923,25.6555269135266,23.7342637676986,27.9585409418123,WA
10122,2013,January,1,75 to 84,34,30.3113785754013,19026,1094,1122,178.70282770945,84.3659372528342,105.35187526338,209.830561821329,28.7231012900496,25.6555269135266,27.8408788231197,WA
10122,2013,February,2,75 to 84,34,30.378485460186,18974,1094,1122,179.192579319068,178.70282770945,84.3659372528342,54.0306894315972,30.3113785754013,28.7231012900496,27.3091787430128,WA
10122,2013,March,3,75 to 84,24,25.2453410531764,19088,1094,1122,125.733445096396,179.192579319068,178.70282770945,73.5835172921266,30.378485460186,30.3113785754013,24.0499286205643,WA
10122,2013,November,11,75 to 84,46,26.4842800032703,19062,1094,1122,241.317805057182,64.464141821112,58.3926106805393,105.35187526338,22.2147869588153,18.4188096021071,25.6555269135266,WA
10122,2013,December,12,75 to 84,79,28.355355648421,18744,1094,1122,421.468203158344,241.317805057182,64.464141821112,84.3659372528342,26.4842800032703,22.2147869588153,28.7231012900496,WA
10122,2014,January,1,75 to 84,21,31.0357168705255,18804,1094,1122,111.678366305041,421.468203158344,241.317805057182,178.70282770945,28.355355648421,26.4842800032703,30.3113785754013,WA
10122,2014,February,2,75 to 84,11,29.3699964717624,18829,1094,1122,58.4205215359286,111.678366305041,421.468203158344,179.192579319068,31.0357168705255,28.355355648421,30.378485460186,WA
10122,2014,March,3,75 to 84,37,27.3799919380776,19262,1094,1122,192.08804900841,58.4205215359286,111.678366305041,125.733445096396,29.3699964717624,31.0357168705255,25.2453410531764,WA
10122,2014,November,11,75 to 84,13,28.1832956854913,19742,1094,1122,65.8494580083072,15.6225589751601,96.7117988394584,241.317805057182,20.6280227484987,16.1492414829146,26.4842800032703,WA
10122,2014,December,12,75 to 84,39,31.3720059085043,19476,1094,1122,200.246457178065,65.8494580083072,15.6225589751601,421.468203158344,28.1832956854913,20.6280227484987,28.355355648421,WA
10122,2015,January,1,75 to 84,32,31.664365235597,19414,1094,1122,164.829504481302,200.246457178065,65.8494580083072,111.678366305041,31.3720059085043,28.1832956854913,31.0357168705255,WA
10122,2015,February,2,75 to 84,55,30.0991097798227,19469,1094,1122,282.500385227798,164.829504481302,200.246457178065,58.4205215359286,31.664365235597,31.3720059085043,29.3699964717624,WA
10122,2015,March,3,75 to 84,32,27.1091798000796,19182,1094,1122,166.8230632885,282.500385227798,164.829504481302,192.08804900841,30.0991097798227,31.664365235597,27.3799919380776,WA
10122,2015,November,11,75 to 84,71,26.697855004482,18792,1094,1122,377.820349084717,206.590748765494,106.94615261216,65.8494580083072,20.8411576571372,16.5500454662169,28.1832956854913,WA
10122,2015,December,12,75 to 84,8,29.3208845266439,19621,1094,1122,40.7726415575149,377.820349084717,206.590748765494,200.246457178065,26.697855004482,20.8411576571372,31.3720059085043,WA
10122,2016,January,1,75 to 84,22,27.8142499728723,20021,1094,1122,109.884621147795,40.7726415575149,377.820349084717,164.829504481302,29.3208845266439,26.697855004482,31.664365235597,WA
10122,2016,February,2,75 to 84,13,30.5312360671256,19589,1094,1122,66.3637755883404,109.884621147795,40.7726415575149,282.500385227798,27.8142499728723,29.3208845266439,30.0991097798227,WA
10122,2016,March,3,75 to 84,22,26.3511696840139,20008,1094,1122,109.956017592963,66.3637755883404,109.884621147795,166.8230632885,30.5312360671256,27.8142499728723,27.1091798000796,WA
10122,2016,November,11,75 to 84,2,26.6354588191291,19349,1094,1122,10.3364514962014,104.487748811452,106.023123138284,377.820349084717,20.8917913677109,19.5641807820687,26.697855004482,WA
10122,2016,December,12,75 to 84,13,28.9049859871006,18846,1094,1122,68.9801549400403,10.3364514962014,104.487748811452,40.7726415575149,26.6354588191291,20.8917913677109,29.3208845266439,WA
10122,2011,January,1,85+,42,29.0681103680192,18342,1094,1122,228.98266274125,83.0472815856494,92.8860233854224,253.711201079622,30.8989982265708,26.7879989197366,31.2050957252325,WA
10122,2011,February,2,85+,4,28.7982123232506,18487,1094,1122,21.6368258776438,228.98266274125,83.0472815856494,255.863539445629,29.0681103680192,30.8989982265708,29.2710877668715,WA
10122,2011,March,3,85+,5,25.9817635249353,18600,1094,1122,26.8817204301075,21.6368258776438,228.98266274125,684.780207643031,28.7982123232506,29.0681103680192,26.8564538407161,WA
10122,2011,November,11,85+,13,27.1010583703514,18676,1094,1122,69.608053116299,5.34902380315593,271.03209019948,92.8860233854224,20.1234328818109,15.6032203165077,26.7879989197366,WA
10122,2011,December,12,85+,9,28.6531617455717,19199,1094,1122,46.8774415334132,69.608053116299,5.34902380315593,83.0472815856494,27.1010583703514,20.1234328818109,30.8989982265708,WA
10122,2012,January,1,85+,103,28.9022930186936,18698,1094,1122,550.861054658252,46.8774415334132,69.608053116299,228.98266274125,28.6531617455717,27.1010583703514,29.0681103680192,WA
10122,2012,February,2,85+,16,28.5201450278896,18534,1094,1122,86.327829934175,550.861054658252,46.8774415334132,21.6368258776438,28.9022930186936,28.6531617455717,28.7982123232506,WA
10122,2012,March,3,85+,45,27.8852026865899,18652,1094,1122,241.260990778469,86.327829934175,550.861054658252,26.8817204301075,28.5201450278896,28.9022930186936,25.9817635249353,WA
10122,2012,November,11,85+,44,27.2637107859781,19427,1094,1122,226.488907191023,348.693739606244,121.13203391697,69.608053116299,20.4312473097578,18.8422634158528,27.1010583703514,WA
10122,2012,December,12,85+,5,29.8934519285111,19570,1094,1122,25.5493101686255,226.488907191023,348.693739606244,46.8774415334132,27.2637107859781,20.4312473097578,28.6531617455717,WA
10122,2013,January,1,85+,65,28.3027063280996,19161,1094,1122,339.230729085121,25.5493101686255,226.488907191023,550.861054658252,29.8934519285111,27.2637107859781,28.9022930186936,WA
10122,2013,February,2,85+,16,32.9846171833802,18941,1094,1122,84.4728367034476,339.230729085121,25.5493101686255,86.327829934175,28.3027063280996,29.8934519285111,28.5201450278896,WA
10122,2013,March,3,85+,80,24.0969555285434,18181,1094,1122,440.01980089104,84.4728367034476,339.230729085121,241.260990778469,32.9846171833802,28.3027063280996,27.8852026865899,WA
10122,2013,November,11,85+,6,26.6478242308293,19151,1094,1122,31.3299566602266,281.765018607124,108.772502311416,226.488907191023,21.626830361668,17.2509683901737,27.2637107859781,WA
10122,2013,December,12,85+,86,28.8919715050697,19207,1094,1122,447.753423231114,31.3299566602266,281.765018607124,25.5493101686255,26.6478242308293,21.626830361668,29.8934519285111,WA
10122,2014,January,1,85+,36,31.4529376371857,19509,1094,1122,184.530216823005,447.753423231114,31.3299566602266,339.230729085121,28.8919715050697,26.6478242308293,28.3027063280996,WA
10122,2014,February,2,85+,35,27.543489164797,18629,1094,1122,187.879113210586,184.530216823005,447.753423231114,84.4728367034476,31.4529376371857,28.8919715050697,32.9846171833802,WA
10122,2014,March,3,85+,22,22.0074202936467,20119,1094,1122,109.349371241115,187.879113210586,184.530216823005,440.01980089104,27.543489164797,31.4529376371857,24.0969555285434,WA
10122,2014,November,11,85+,13,26.431918907793,18123,1094,1122,71.7320531920764,31.126789790413,152.334926721647,31.3299566602266,21.4706361156191,15.8677085863162,26.6478242308293,WA
10122,2014,December,12,85+,26,29.4016733482421,19669,1094,1122,132.187706543291,71.7320531920764,31.126789790413,447.753423231114,26.431918907793,21.4706361156191,28.8919715050697,WA
10122,2015,January,1,85+,45,31.5132075996246,19466,1094,1122,231.172300421247,132.187706543291,71.7320531920764,184.530216823005,29.4016733482421,26.431918907793,31.4529376371857,WA
10122,2015,February,2,85+,39,27.1725369625841,19400,1094,1122,201.030927835052,231.172300421247,132.187706543291,187.879113210586,31.5132075996246,29.4016733482421,27.543489164797,WA
10122,2015,March,3,85+,9,21.9501244682547,19289,1094,1122,46.6587174037016,201.030927835052,231.172300421247,109.349371241115,27.1725369625841,31.5132075996246,22.0074202936467,WA
10122,2015,November,11,85+,25,26.7616482007251,19157,1094,1122,130.500600302761,102.737966815637,285.1469015734,71.7320531920764,24.2634731007117,15.2414374243059,26.431918907793,WA
10122,2015,December,12,85+,40,30.6718334066127,19360,1094,1122,206.611570247934,130.500600302761,102.737966815637,132.187706543291,26.7616482007251,24.2634731007117,29.4016733482421,WA
10122,2016,January,1,85+,34,30.9712899771281,19810,1094,1122,171.630489651691,206.611570247934,130.500600302761,231.172300421247,30.6718334066127,26.7616482007251,31.5132075996246,WA
10122,2016,February,2,85+,57,27.2535748243685,19152,1094,1122,297.619047619048,171.630489651691,206.611570247934,201.030927835052,30.9712899771281,30.6718334066127,27.1725369625841,WA
10122,2016,March,3,85+,46,26.5467710462224,19402,1094,1122,237.088959901041,297.619047619048,171.630489651691,46.6587174037016,27.2535748243685,30.9712899771281,21.9501244682547,WA
10122,2016,November,11,85+,3,23.8261493884114,19521,1094,1122,15.3680651605963,156.257875901003,112.64018806014,130.500600302761,20.7744510952329,18.706548748023,26.7616482007251,WA
10122,2016,December,12,85+,25,28.9375240544624,19473,1094,1122,128.382889128537,15.3680651605963,156.257875901003,206.611570247934,23.8261493884114,20.7744510952329,30.6718334066127,WA
10123,2011,January,1,75 to 84,3,30.1759498142641,6568,938,980,45.6760048721072,82.3180770497201,150.854844116661,352.507610959782,26.9154455997137,26.7245505898218,29.6788551545758,WA
10123,2011,February,2,75 to 84,13,28.1261602282801,6319,938,980,205.728754549771,45.6760048721072,82.3180770497201,290.182169917782,30.1759498142641,26.9154455997137,28.0106773864664,WA
10123,2011,March,3,75 to 84,10,29.4364539406547,6158,938,980,162.39038648912,205.728754549771,45.6760048721072,162.416761409778,28.1261602282801,30.1759498142641,28.7298903301691,WA
10123,2011,November,11,75 to 84,14,25.0373708413147,6059,938,980,231.061231226275,224.791265253693,32.6850792613172,150.854844116661,21.795169510241,19.3831384486806,26.7245505898218,WA
10123,2011,December,12,75 to 84,9,29.49202962595,6167,938,980,145.938057402303,231.061231226275,224.791265253693,82.3180770497201,25.0373708413147,21.795169510241,26.9154455997137,WA
10123,2012,January,1,75 to 84,12,29.214442447518,6180,938,980,194.174757281553,145.938057402303,231.061231226275,45.6760048721072,29.49202962595,25.0373708413147,30.1759498142641,WA
10123,2012,February,2,75 to 84,34,31.650510793495,6370,938,980,533.751962323391,194.174757281553,145.938057402303,205.728754549771,29.214442447518,29.49202962595,28.1261602282801,WA
10123,2012,March,3,75 to 84,8,24.4564102279962,6349,938,980,126.004095133092,533.751962323391,194.174757281553,162.39038648912,31.650510793495,29.214442447518,29.4364539406547,WA
10123,2012,November,11,75 to 84,3,23.838062806638,6141,938,980,48.8519785051295,47.4158368895211,47.1772291240761,231.061231226275,23.8725863990872,18.4851192604799,25.0373708413147,WA
10123,2012,December,12,75 to 84,15,29.5068074289309,6330,938,980,236.96682464455,48.8519785051295,47.4158368895211,145.938057402303,23.838062806638,23.8725863990872,29.49202962595,WA
10123,2013,January,1,75 to 84,17,29.2239611862257,6342,938,980,268.054241564175,236.96682464455,48.8519785051295,194.174757281553,29.5068074289309,23.838062806638,29.214442447518,WA
10123,2013,February,2,75 to 84,15,31.2170930892355,6569,938,980,228.345258030142,268.054241564175,236.96682464455,533.751962323391,29.2239611862257,29.5068074289309,31.650510793495,WA
10123,2013,March,3,75 to 84,15,27.4106558410984,6308,938,980,237.793278376665,228.345258030142,268.054241564175,126.004095133092,31.2170930892355,29.2239611862257,24.4564102279962,WA
10123,2013,November,11,75 to 84,42,25.3905182446123,6365,938,980,659.858601728201,371.920037192004,123.304562268804,48.8519785051295,21.5971416423062,21.2347308300198,23.838062806638,WA
10123,2013,December,12,75 to 84,20,28.2979442335358,6191,938,980,323.049588111775,659.858601728201,371.920037192004,236.96682464455,25.3905182446123,21.5971416423062,29.5068074289309,WA
10123,2014,January,1,75 to 84,12,30.1641471658141,6328,938,980,189.633375474083,323.049588111775,659.858601728201,268.054241564175,28.2979442335358,25.3905182446123,29.2239611862257,WA
10123,2014,February,2,75 to 84,21,29.1713122165547,6435,938,980,326.340326340326,189.633375474083,323.049588111775,228.345258030142,30.1641471658141,28.2979442335358,31.2170930892355,WA
10123,2014,March,3,75 to 84,27,25.4372162092582,6568,938,980,411.084043848965,326.340326340326,189.633375474083,237.793278376665,29.1713122165547,30.1641471658141,27.4106558410984,WA
10123,2014,November,11,75 to 84,5,24.4309642436549,6361,938,980,78.6039930828486,108.661906240298,16.0025604096655,659.858601728201,20.212593844973,17.6095511340906,25.3905182446123,WA
10123,2014,December,12,75 to 84,31,29.8748960533078,6562,938,980,472.416946053033,78.6039930828486,108.661906240298,323.049588111775,24.4309642436549,20.212593844973,28.2979442335358,WA
10123,2015,January,1,75 to 84,2,29.2602985440453,6724,938,980,29.7441998810232,472.416946053033,78.6039930828486,189.633375474083,29.8748960533078,24.4309642436549,30.1641471658141,WA
10123,2015,February,2,75 to 84,9,27.5952695431243,6493,938,980,138.610811643308,29.7441998810232,472.416946053033,326.340326340326,29.2602985440453,29.8748960533078,29.1713122165547,WA
10123,2015,March,3,75 to 84,20,25.9232259978637,6446,938,980,310.269934843314,138.610811643308,29.7441998810232,411.084043848965,27.5952695431243,29.2602985440453,25.4372162092582,WA
10123,2015,November,11,75 to 84,3,28.6704443147142,6496,938,980,46.1822660098522,108.258583359109,62.7746390458255,78.6039930828486,23.0557542445112,17.3589063476805,24.4309642436549,WA
10123,2015,December,12,75 to 84,2,30.1755602313858,6423,938,980,31.1380974622451,46.1822660098522,108.258583359109,472.416946053033,28.6704443147142,23.0557542445112,29.8748960533078,WA
10123,2016,January,1,75 to 84,11,31.6537016053978,6412,938,980,171.553337492202,31.1380974622451,46.1822660098522,29.7441998810232,30.1755602313858,28.6704443147142,29.2602985440453,WA
10123,2016,February,2,75 to 84,19,28.7596409161858,6577,938,980,288.885510110993,171.553337492202,31.1380974622451,138.610811643308,31.6537016053978,30.1755602313858,27.5952695431243,WA
10123,2016,March,3,75 to 84,5,28.3539421634124,6847,938,980,73.0246823426318,288.885510110993,171.553337492202,310.269934843314,28.7596409161858,31.6537016053978,25.9232259978637,WA
10123,2016,November,11,75 to 84,1,26.0458344668881,6683,938,980,14.9633398174473,0,14.9387511204063,46.1822660098522,24.4065439902142,18.2512277183173,28.6704443147142,WA
10123,2016,December,12,75 to 84,9,29.3339219809517,6611,938,980,136.13674179398,14.9633398174473,0,31.1380974622451,26.0458344668881,24.4065439902142,30.1755602313858,WA
10123,2011,January,1,85+,15,27.5705404881398,6312,938,980,237.642585551331,171.526586620926,49.9583680266445,116.998161457463,31.1414883649158,26.57726316925,31.2577565435311,WA
10123,2011,February,2,85+,14,31.093884170358,6444,938,980,217.256362507759,237.642585551331,171.526586620926,516.838946315439,27.5705404881398,31.1414883649158,27.7365656606833,WA
10123,2011,March,3,85+,10,25.2669027557869,6211,938,980,161.004669135405,217.256362507759,237.642585551331,444.810543657331,31.093884170358,27.5705404881398,26.2468109775166,WA
10123,2011,November,11,85+,31,24.9379974410395,6261,938,980,495.12857371027,390.497884803124,98.3123054235622,49.9583680266445,20.436340116998,18.9984180207197,26.57726316925,WA
10123,2011,December,12,85+,42,29.1182629622018,6386,938,980,657.688694018165,495.12857371027,390.497884803124,171.526586620926,24.9379974410395,20.436340116998,31.1414883649158,WA
10123,2012,January,1,85+,18,30.6683131918618,6285,938,980,286.396181384248,657.688694018165,495.12857371027,237.642585551331,29.1182629622018,24.9379974410395,27.5705404881398,WA
10123,2012,February,2,85+,33,30.2050123233517,6139,938,980,537.546831731552,286.396181384248,657.688694018165,217.256362507759,30.6683131918618,29.1182629622018,31.093884170358,WA
10123,2012,March,3,85+,24,24.128510473789,6547,938,980,366.580113028868,537.546831731552,286.396181384248,161.004669135405,30.2050123233517,30.6683131918618,25.2669027557869,WA
10123,2012,November,11,85+,24,24.3294888722993,6177,938,980,388.538125303545,154.559505409583,81.1161583387411,495.12857371027,22.2068798567202,18.6358577012869,24.9379974410395,WA
10123,2012,December,12,85+,70,31.7504574483319,6261,938,980,1118.03226321674,388.538125303545,154.559505409583,657.688694018165,24.3294888722993,22.2068798567202,29.1182629622018,WA
10123,2013,January,1,85+,2,30.3864939749063,6367,938,980,31.4119679597927,1118.03226321674,388.538125303545,286.396181384248,31.7504574483319,24.3294888722993,30.6683131918618,WA
10123,2013,February,2,85+,16,28.6985634350927,6480,938,980,246.913580246914,31.4119679597927,1118.03226321674,537.546831731552,30.3864939749063,31.7504574483319,30.2050123233517,WA
10123,2013,March,3,85+,32,27.6382407368122,6559,938,980,487.879249885653,246.913580246914,31.4119679597927,366.580113028868,28.6985634350927,30.3864939749063,24.128510473789,WA
10123,2013,November,11,85+,16,27.3112588155671,6669,938,980,239.916029389714,155.56938394524,405.742821473159,388.538125303545,21.8990055143325,16.9937573186801,24.3294888722993,WA
10123,2013,December,12,85+,42,29.362435844415,6205,938,980,676.873489121676,239.916029389714,155.56938394524,1118.03226321674,27.3112588155671,21.8990055143325,31.7504574483319,WA
10123,2014,January,1,85+,4,31.5469984979524,6427,938,980,62.2374358176443,676.873489121676,239.916029389714,31.4119679597927,29.362435844415,27.3112588155671,30.3864939749063,WA
10123,2014,February,2,85+,10,28.7986575357663,6318,938,980,158.277936055714,62.2374358176443,676.873489121676,246.913580246914,31.5469984979524,29.362435844415,28.6985634350927,WA
10123,2014,March,3,85+,15,24.1492428743961,6471,938,980,231.803430690774,158.277936055714,62.2374358176443,487.879249885653,28.7986575357663,31.5469984979524,27.6382407368122,WA
10123,2014,November,11,85+,23,27.5438619579888,6613,938,980,347.799788295781,45.0788880540947,231.588698471515,239.916029389714,22.8072630256562,17.9501467475124,27.3112588155671,WA
10123,2014,December,12,85+,5,31.6317884383485,6508,938,980,76.8285187461586,347.799788295781,45.0788880540947,676.873489121676,27.5438619579888,22.8072630256562,29.362435844415,WA
10123,2015,January,1,85+,1,29.6976440202349,6320,938,980,15.8227848101266,76.8285187461586,347.799788295781,62.2374358176443,31.6317884383485,27.5438619579888,31.5469984979524,WA
10123,2015,February,2,85+,7,29.5073397553227,6363,938,980,110.01100110011,15.8227848101266,76.8285187461586,158.277936055714,29.6976440202349,31.6317884383485,28.7986575357663,WA
10123,2015,March,3,85+,18,27.1332725013534,6327,938,980,284.495021337127,110.01100110011,15.8227848101266,231.803430690774,29.5073397553227,29.6976440202349,24.1492428743961,WA
10123,2015,November,11,85+,15,26.545014558611,6623,938,980,226.48346670693,192.153722978383,294.802172226532,347.799788295781,21.7865854045263,19.5826358140491,27.5438619579888,WA
10123,2015,December,12,85+,10,28.6711231759637,6605,938,980,151.400454201363,226.48346670693,192.153722978383,76.8285187461586,26.545014558611,21.7865854045263,31.6317884383485,WA
10123,2016,January,1,85+,13,30.0894907214446,6483,938,980,200.524448557767,151.400454201363,226.48346670693,15.8227848101266,28.6711231759637,26.545014558611,29.6976440202349,WA
10123,2016,February,2,85+,22,29.547010029415,6570,938,980,334.855403348554,200.524448557767,151.400454201363,110.01100110011,30.0894907214446,28.6711231759637,29.5073397553227,WA
10123,2016,March,3,85+,2,24.4383832651354,6458,938,980,30.9693403530505,334.855403348554,200.524448557767,284.495021337127,29.547010029415,30.0894907214446,27.1332725013534,WA
10123,2016,November,11,85+,18,26.3667383492957,6605,938,980,272.520817562453,61.9099210648507,0,226.48346670693,19.7030398527864,16.8577170197583,26.545014558611,WA
10123,2016,December,12,85+,50,26.6575323909155,6526,938,980,766.166104811523,272.520817562453,61.9099210648507,151.400454201363,26.3667383492957,19.7030398527864,28.6711231759637,WA
10124,2011,January,1,75 to 84,7,29.6983551463404,10921,1070,1106,64.0966944419009,64.98932318262,200.109150445698,152.192523542281,31.7379987104154,23.1366410218819,31.4703668840248,WA
10124,2011,February,2,75 to 84,3,29.3994376110994,10605,1070,1106,28.2885431400283,64.0966944419009,64.98932318262,82.6901874310915,29.6983551463404,31.7379987104154,29.3877271534853,WA
10124,2011,March,3,75 to 84,4,24.059061366771,10996,1070,1106,36.3768643142961,28.2885431400283,64.0966944419009,28.20344081978,29.3994376110994,29.6983551463404,25.2073247955091,WA
10124,2011,November,11,75 to 84,41,26.1795722504574,10515,1070,1106,389.919163100333,291.408159428464,141.296156744537,200.109150445698,24.1095011985727,18.4073810852923,23.1366410218819,WA
10124,2011,December,12,75 to 84,14,28.6751363285651,11114,1070,1106,125.967248515386,389.919163100333,291.408159428464,64.98932318262,26.1795722504574,24.1095011985727,31.7379987104154,WA
10124,2012,January,1,75 to 84,11,30.3484469054758,11350,1070,1106,96.9162995594714,125.967248515386,389.919163100333,64.0966944419009,28.6751363285651,26.1795722504574,29.6983551463404,WA
10124,2012,February,2,75 to 84,2,29.6491473298357,11068,1070,1106,18.0701120346946,96.9162995594714,125.967248515386,28.2885431400283,30.3484469054758,28.6751363285651,29.3994376110994,WA
10124,2012,March,3,75 to 84,22,25.1468218502441,10811,1070,1106,203.496438812321,18.0701120346946,96.9162995594714,36.3768643142961,29.6491473298357,30.3484469054758,24.059061366771,WA
10124,2012,November,11,75 to 84,2,21.7717110985035,10929,1070,1106,18.2999359502242,64.7129518350744,28.0007466865783,389.919163100333,23.914719440939,18.9466709303595,26.1795722504574,WA
10124,2012,December,12,75 to 84,9,29.8124702186514,10811,1070,1106,83.2485431504949,18.2999359502242,64.7129518350744,125.967248515386,21.7717110985035,23.914719440939,28.6751363285651,WA
10124,2013,January,1,75 to 84,20,30.3447260805577,11445,1070,1106,174.74879860201,83.2485431504949,18.2999359502242,96.9162995594714,29.8124702186514,21.7717110985035,30.3484469054758,WA
10124,2013,February,2,75 to 84,23,27.9961510592431,11078,1070,1106,207.618703737137,174.74879860201,83.2485431504949,18.0701120346946,30.3447260805577,29.8124702186514,29.6491473298357,WA
10124,2013,March,3,75 to 84,4,25.4836688846753,11022,1070,1106,36.2910542551261,207.618703737137,174.74879860201,203.496438812321,27.9961510592431,30.3447260805577,25.1468218502441,WA
10124,2013,November,11,75 to 84,16,25.2964589704461,11298,1070,1106,141.617985484156,140.765765765766,308.723648231455,18.2999359502242,24.6396082038215,21.3948840130418,21.7717110985035,WA
10124,2013,December,12,75 to 84,31,28.0238027040971,11005,1070,1106,281.69014084507,141.617985484156,140.765765765766,83.2485431504949,25.2964589704461,24.6396082038215,29.8124702186514,WA
10124,2014,January,1,75 to 84,9,26.7906647586324,11382,1070,1106,79.0722192936215,281.69014084507,141.617985484156,174.74879860201,28.0238027040971,25.2964589704461,30.3447260805577,WA
10124,2014,February,2,75 to 84,18,28.8088120585531,11135,1070,1106,161.652447238437,79.0722192936215,281.69014084507,207.618703737137,26.7906647586324,28.0238027040971,27.9961510592431,WA
10124,2014,March,3,75 to 84,5,25.2225376131799,11277,1070,1106,44.3380331648488,161.652447238437,79.0722192936215,36.2910542551261,28.8088120585531,26.7906647586324,25.4836688846753,WA
10124,2014,November,11,75 to 84,11,24.745104330344,11268,1070,1106,97.6215832445865,280.416101311624,180.6684733514,141.617985484156,22.0750470725044,16.436603808951,25.2964589704461,WA
10124,2014,December,12,75 to 84,11,29.7114134813786,11305,1070,1106,97.3020787262273,97.6215832445865,280.416101311624,281.69014084507,24.745104330344,22.0750470725044,28.0238027040971,WA
10124,2015,January,1,75 to 84,26,30.7501481595438,11165,1070,1106,232.870577698164,97.3020787262273,97.6215832445865,79.0722192936215,29.7114134813786,24.745104330344,26.7906647586324,WA
10124,2015,February,2,75 to 84,12,29.1601311370779,11424,1070,1106,105.042016806723,232.870577698164,97.3020787262273,161.652447238437,30.7501481595438,29.7114134813786,28.8088120585531,WA
10124,2015,March,3,75 to 84,17,26.1150347216091,11664,1070,1106,145.747599451303,105.042016806723,232.870577698164,44.3380331648488,29.1601311370779,30.7501481595438,25.2225376131799,WA
10124,2015,November,11,75 to 84,3,27.8905343583239,10924,1070,1106,27.4624679604541,87.9275477006946,64.0673622551712,97.6215832445865,19.8854842773932,18.3370800026622,24.745104330344,WA
10124,2015,December,12,75 to 84,8,29.1392654825014,11168,1070,1106,71.6332378223496,27.4624679604541,87.9275477006946,97.3020787262273,27.8905343583239,19.8854842773932,29.7114134813786,WA
10124,2016,January,1,75 to 84,3,29.6553948395393,11168,1070,1106,26.8624641833811,71.6332378223496,27.4624679604541,232.870577698164,29.1392654825014,27.8905343583239,30.7501481595438,WA
10124,2016,February,2,75 to 84,5,26.468904912145,11549,1070,1106,43.2937916702745,26.8624641833811,71.6332378223496,105.042016806723,29.6553948395393,29.1392654825014,29.1601311370779,WA
10124,2016,March,3,75 to 84,16,25.5775765610273,11721,1070,1106,136.507123965532,43.2937916702745,26.8624641833811,145.747599451303,26.468904912145,29.6553948395393,26.1150347216091,WA
10124,2016,November,11,75 to 84,5,26.4407051674845,11097,1070,1106,45.0572226727944,111.568829385513,185.561544578952,27.4624679604541,21.6491971916835,18.7562504368151,27.8905343583239,WA
10124,2016,December,12,75 to 84,6,29.2737904504831,11501,1070,1106,52.1693765759499,45.0572226727944,111.568829385513,71.6332378223496,26.4407051674845,21.6491971916835,29.1392654825014,WA
10124,2011,January,1,85+,86,28.9395792114036,10945,1070,1106,785.746916400183,438.767550702028,113.004991053772,237.597414940125,28.2848795250421,26.2039889463104,31.0473770024965,WA
10124,2011,February,2,85+,61,29.151560721597,10524,1070,1106,579.627518053972,785.746916400183,438.767550702028,232.904788522452,28.9395792114036,28.2848795250421,30.5412071509396,WA
10124,2011,March,3,85+,11,25.2083267032698,10668,1070,1106,103.112110986127,579.627518053972,785.746916400183,322.672487425263,29.151560721597,28.9395792114036,25.1623462503509,WA
10124,2011,November,11,85+,25,25.9584282470801,10480,1070,1106,238.549618320611,441.148864276328,826.446280991736,113.004991053772,20.5885764429884,19.6419811240117,26.2039889463104,WA
10124,2011,December,12,85+,41,28.0955023482886,11091,1070,1106,369.669101072942,238.549618320611,441.148864276328,438.767550702028,25.9584282470801,20.5885764429884,28.2848795250421,WA
10124,2012,January,1,85+,39,32.821659012681,10941,1070,1106,356.45736221552,369.669101072942,238.549618320611,785.746916400183,28.0955023482886,25.9584282470801,28.9395792114036,WA
10124,2012,February,2,85+,36,33.9744115631551,10464,1070,1106,344.036697247706,356.45736221552,369.669101072942,579.627518053972,32.821659012681,28.0955023482886,29.151560721597,WA
10124,2012,March,3,85+,18,28.3968992088285,11059,1070,1106,162.763360159146,344.036697247706,356.45736221552,103.112110986127,33.9744115631551,32.821659012681,25.2083267032698,WA
10124,2012,November,11,85+,26,27.9952944767037,10729,1070,1106,242.333861496878,246.435486710086,221.670508955489,238.549618320611,22.2336785552231,19.1130303182983,25.9584282470801,WA
10124,2012,December,12,85+,19,27.7213717699425,10687,1070,1106,177.786095255918,242.333861496878,246.435486710086,369.669101072942,27.9952944767037,22.2336785552231,28.0955023482886,WA
10124,2013,January,1,85+,92,31.0580936264616,11028,1070,1106,834.24011606819,177.786095255918,242.333861496878,356.45736221552,27.7213717699425,27.9952944767037,32.821659012681,WA
10124,2013,February,2,85+,74,27.8980901731493,10866,1070,1106,681.023375667219,834.24011606819,177.786095255918,344.036697247706,31.0580936264616,27.7213717699425,33.9744115631551,WA
10124,2013,March,3,85+,33,29.2754971700099,10734,1070,1106,307.434320849637,681.023375667219,834.24011606819,162.763360159146,27.8980901731493,31.0580936264616,28.3968992088285,WA
10124,2013,November,11,85+,31,26.0099564915586,11025,1070,1106,281.179138321996,354.974311069594,53.2197977647685,242.333861496878,22.5783690419057,15.5543846232171,27.9952944767037,WA
10124,2013,December,12,85+,40,30.0700916075479,10597,1070,1106,377.465320373691,281.179138321996,354.974311069594,177.786095255918,26.0099564915586,22.5783690419057,27.7213717699425,WA
10124,2014,January,1,85+,13,28.6536935401799,11393,1070,1106,114.105152286492,377.465320373691,281.179138321996,834.24011606819,30.0700916075479,26.0099564915586,31.0580936264616,WA
10124,2014,February,2,85+,47,26.9749559158832,10788,1070,1106,435.669262143122,114.105152286492,377.465320373691,681.023375667219,28.6536935401799,30.0700916075479,27.8980901731493,WA
10124,2014,March,3,85+,6,26.8065523245024,11357,1070,1106,52.8308532182795,435.669262143122,114.105152286492,307.434320849637,26.9749559158832,28.6536935401799,29.2754971700099,WA
10124,2014,November,11,85+,12,24.7592493714862,11147,1070,1106,107.652283125505,268.456375838926,167.666784327568,281.179138321996,24.8035549983687,16.6387285479597,26.0099564915586,WA
10124,2014,December,12,85+,33,27.3195375894014,11104,1070,1106,297.190201729107,107.652283125505,268.456375838926,377.465320373691,24.7592493714862,24.8035549983687,30.0700916075479,WA
10124,2015,January,1,85+,32,28.5584515389982,11079,1070,1106,288.834732376568,297.190201729107,107.652283125505,114.105152286492,27.3195375894014,24.7592493714862,28.6536935401799,WA
10124,2015,February,2,85+,25,30.4093529698524,11119,1070,1106,224.840363342027,288.834732376568,297.190201729107,435.669262143122,28.5584515389982,27.3195375894014,26.9749559158832,WA
10124,2015,March,3,85+,19,29.0376974097363,11259,1070,1106,168.753885780265,224.840363342027,288.834732376568,52.8308532182795,30.4093529698524,28.5584515389982,26.8065523245024,WA
10124,2015,November,11,85+,23,25.1378028430868,11183,1070,1106,205.669319502817,404.075895994378,284.596229099964,107.652283125505,23.1432820389542,18.2637939472073,24.7592493714862,WA
10124,2015,December,12,85+,29,30.9234918886797,11405,1070,1106,254.274441034634,205.669319502817,404.075895994378,297.190201729107,25.1378028430868,23.1432820389542,27.3195375894014,WA
10124,2016,January,1,85+,5,31.4327748242189,11170,1070,1106,44.762757385855,254.274441034634,205.669319502817,288.834732376568,30.9234918886797,25.1378028430868,28.5584515389982,WA
10124,2016,February,2,85+,42,29.4672460012432,10785,1070,1106,389.429763560501,44.762757385855,254.274441034634,224.840363342027,31.4327748242189,30.9234918886797,30.4093529698524,WA
10124,2016,March,3,85+,50,25.3230963797502,11144,1070,1106,448.671931083991,389.429763560501,44.762757385855,168.753885780265,29.4672460012432,31.4327748242189,29.0376974097363,WA
10124,2016,November,11,85+,32,24.6973640600909,11161,1070,1106,286.7126601559,143.484889247601,51.7063081695967,205.669319502817,24.5788776372503,15.9437566873954,25.1378028430868,WA
10124,2016,December,12,85+,6,29.6320040956569,11604,1070,1106,51.7063081695967,286.7126601559,143.484889247601,254.274441034634,24.6973640600909,24.5788776372503,30.9234918886797,WA
10125,2011,January,1,75 to 84,0,28.1886095079624,1417,994,1045,0,145.666423889294,69.3000693000693,0,28.6242882483495,25.0321792079742,31.2683345950624,WA
10125,2011,February,2,75 to 84,1,29.0340960577899,1432,994,1045,69.8324022346369,0,145.666423889294,69.1085003455425,28.1886095079624,28.6242882483495,29.3465038200103,WA
10125,2011,March,3,75 to 84,3,25.589608032895,1472,994,1045,203.804347826087,69.8324022346369,0,208.91364902507,29.0340960577899,28.1886095079624,23.3607531796926,WA
10125,2011,November,11,75 to 84,0,26.5360745470779,1418,994,1045,0,68.4462696783025,0,69.3000693000693,23.0806664960742,18.932491557138,25.0321792079742,WA
10125,2011,December,12,75 to 84,1,29.1638141893356,1505,994,1045,66.4451827242525,0,68.4462696783025,145.666423889294,26.5360745470779,23.0806664960742,28.6242882483495,WA
10125,2012,January,1,75 to 84,2,31.5228832291702,1490,994,1045,134.228187919463,66.4451827242525,0,0,29.1638141893356,26.5360745470779,28.1886095079624,WA
10125,2012,February,2,75 to 84,0,28.9723273125491,1448,994,1045,0,134.228187919463,66.4451827242525,69.8324022346369,31.5228832291702,29.1638141893356,29.0340960577899,WA
10125,2012,March,3,75 to 84,0,25.9066362653333,1482,994,1045,0,0,134.228187919463,203.804347826087,28.9723273125491,31.5228832291702,25.589608032895,WA
10125,2012,November,11,75 to 84,0,25.3176283918675,1462,994,1045,0,0,0,0,23.5291275922202,18.0689364109968,26.5360745470779,WA
10125,2012,December,12,75 to 84,0,28.2803820567853,1484,994,1045,0,0,0,66.4451827242525,25.3176283918675,23.5291275922202,29.1638141893356,WA
10125,2013,January,1,75 to 84,0,31.2679877388387,1499,994,1045,0,0,0,134.228187919463,28.2803820567853,25.3176283918675,31.5228832291702,WA
10125,2013,February,2,75 to 84,0,28.9542062471169,1489,994,1045,0,0,0,0,31.2679877388387,28.2803820567853,28.9723273125491,WA
10125,2013,March,3,75 to 84,0,28.3687174907552,1448,994,1045,0,0,0,0,28.9542062471169,31.2679877388387,25.9066362653333,WA
10125,2013,November,11,75 to 84,1,24.659161825259,1450,994,1045,68.9655172413793,67.9347826086957,66.1375661375661,0,21.7601969945538,17.4071599251988,25.3176283918675,WA
10125,2013,December,12,75 to 84,0,30.144939850476,1481,994,1045,0,68.9655172413793,67.9347826086957,0,24.659161825259,21.7601969945538,28.2803820567853,WA
10125,2014,January,1,75 to 84,0,28.5003680794311,1527,994,1045,0,0,68.9655172413793,0,30.144939850476,24.659161825259,31.2679877388387,WA
10125,2014,February,2,75 to 84,0,29.9007780335043,1463,994,1045,0,0,0,0,28.5003680794311,30.144939850476,28.9542062471169,WA
10125,2014,March,3,75 to 84,2,24.2356689453339,1452,994,1045,137.741046831956,0,0,0,29.9007780335043,28.5003680794311,28.3687174907552,WA
10125,2014,November,11,75 to 84,1,25.5614656596505,1521,994,1045,65.7462195923734,198.675496688742,0,68.9655172413793,23.698988670255,17.7371873982038,24.659161825259,WA
10125,2014,December,12,75 to 84,2,28.4874884513194,1511,994,1045,132.362673726009,65.7462195923734,198.675496688742,0,25.5614656596505,23.698988670255,30.144939850476,WA
10125,2015,January,1,75 to 84,1,31.6466913679795,1483,994,1045,67.4308833445718,132.362673726009,65.7462195923734,0,28.4874884513194,25.5614656596505,28.5003680794311,WA
10125,2015,February,2,75 to 84,0,27.7918646387714,1528,994,1045,0,67.4308833445718,132.362673726009,0,31.6466913679795,28.4874884513194,29.9007780335043,WA
10125,2015,March,3,75 to 84,2,26.4931393665563,1456,994,1045,137.362637362637,0,67.4308833445718,137.741046831956,27.7918646387714,31.6466913679795,24.2356689453339,WA
10125,2015,November,11,75 to 84,1,25.9614260655316,1513,994,1045,66.0938532716457,137.551581843191,0,65.7462195923734,22.244865537995,17.6091927799487,25.5614656596505,WA
10125,2015,December,12,75 to 84,2,28.5863894392586,1501,994,1045,133.244503664224,66.0938532716457,137.551581843191,132.362673726009,25.9614260655316,22.244865537995,28.4874884513194,WA
10125,2016,January,1,75 to 84,1,27.3201804546221,1467,994,1045,68.1663258350375,133.244503664224,66.0938532716457,67.4308833445718,28.5863894392586,25.9614260655316,31.6466913679795,WA
10125,2016,February,2,75 to 84,2,28.0985369499225,1532,994,1045,130.548302872063,68.1663258350375,133.244503664224,0,27.3201804546221,28.5863894392586,27.7918646387714,WA
10125,2016,March,3,75 to 84,3,24.0913874872235,1510,994,1045,198.675496688742,130.548302872063,68.1663258350375,137.362637362637,28.0985369499225,27.3201804546221,26.4931393665563,WA
10125,2016,November,11,75 to 84,0,24.3575758433032,1511,994,1045,0,0,0,66.0938532716457,23.4839678231185,16.1170204578877,25.9614260655316,WA
10125,2016,December,12,75 to 84,0,29.1596307652374,1501,994,1045,0,0,0,133.244503664224,24.3575758433032,23.4839678231185,28.5863894392586,WA
10125,2011,January,1,85+,12,30.7681042664939,1466,994,1045,818.553888130969,140.154169586545,417.246175243394,141.643059490085,28.0406755308955,26.0857011573101,33.284224257842,WA
10125,2011,February,2,85+,1,30.9076532651167,1421,994,1045,70.3729767769177,818.553888130969,140.154169586545,349.895031490553,30.7681042664939,28.0406755308955,30.679933085039,WA
10125,2011,March,3,85+,1,24.7928918971592,1448,994,1045,69.060773480663,70.3729767769177,818.553888130969,0,30.9076532651167,30.7681042664939,27.7592377001734,WA
10125,2011,November,11,85+,8,28.5066449138289,1478,994,1045,541.27198917456,207.900207900208,535.475234270415,417.246175243394,20.2094205714575,19.1129013966762,26.0857011573101,WA
10125,2011,December,12,85+,7,31.3917203097551,1457,994,1045,480.439258750858,541.27198917456,207.900207900208,140.154169586545,28.5066449138289,20.2094205714575,28.0406755308955,WA
10125,2012,January,1,85+,4,30.4545117345291,1464,994,1045,273.224043715847,480.439258750858,541.27198917456,818.553888130969,31.3917203097551,28.5066449138289,30.7681042664939,WA
10125,2012,February,2,85+,3,31.1960264581305,1439,994,1045,208.478109798471,273.224043715847,480.439258750858,70.3729767769177,30.4545117345291,31.3917203097551,30.9076532651167,WA
10125,2012,March,3,85+,1,29.2681745346237,1453,994,1045,68.8231245698555,208.478109798471,273.224043715847,69.060773480663,31.1960264581305,30.4545117345291,24.7928918971592,WA
10125,2012,November,11,85+,2,24.1513065877222,1505,994,1045,132.890365448505,207.325501036628,281.888653981677,541.27198917456,21.2830468259451,18.3815766301054,28.5066449138289,WA
10125,2012,December,12,85+,5,29.0813508103199,1483,994,1045,337.154416722859,132.890365448505,207.325501036628,480.439258750858,24.1513065877222,21.2830468259451,31.3917203097551,WA
10125,2013,January,1,85+,4,29.4100218082788,1503,994,1045,266.134397870925,337.154416722859,132.890365448505,273.224043715847,29.0813508103199,24.1513065877222,30.4545117345291,WA
10125,2013,February,2,85+,3,29.6080135359442,1478,994,1045,202.97699594046,266.134397870925,337.154416722859,208.478109798471,29.4100218082788,29.0813508103199,31.1960264581305,WA
10125,2013,March,3,85+,3,26.9248193394507,1459,994,1045,205.620287868403,202.97699594046,266.134397870925,68.8231245698555,29.6080135359442,29.4100218082788,29.2681745346237,WA
10125,2013,November,11,85+,2,27.5710319531857,1469,994,1045,136.147038801906,0,0,132.890365448505,22.2001140236037,20.8343543196765,24.1513065877222,WA
10125,2013,December,12,85+,2,27.9003919605087,1439,994,1045,138.985406532314,136.147038801906,0,337.154416722859,27.5710319531857,22.2001140236037,29.0813508103199,WA
10125,2014,January,1,85+,10,29.7117048486018,1480,994,1045,675.675675675676,138.985406532314,136.147038801906,266.134397870925,27.9003919605087,27.5710319531857,29.4100218082788,WA
10125,2014,February,2,85+,5,28.7698159233482,1500,994,1045,333.333333333333,675.675675675676,138.985406532314,202.97699594046,29.7117048486018,27.9003919605087,29.6080135359442,WA
10125,2014,March,3,85+,5,24.9130970129735,1462,994,1045,341.997264021888,333.333333333333,675.675675675676,205.620287868403,28.7698159233482,29.7117048486018,26.9248193394507,WA
10125,2014,November,11,85+,2,26.2483066384133,1432,994,1045,139.664804469274,0,0,136.147038801906,20.8845656216502,16.8234347901988,27.5710319531857,WA
10125,2014,December,12,85+,4,29.4547948986278,1492,994,1045,268.096514745308,139.664804469274,0,138.985406532314,26.2483066384133,20.8845656216502,27.9003919605087,WA
10125,2015,January,1,85+,11,29.9929168198796,1506,994,1045,730.411686586985,268.096514745308,139.664804469274,675.675675675676,29.4547948986278,26.2483066384133,29.7117048486018,WA
10125,2015,February,2,85+,10,30.1291063563358,1493,994,1045,669.792364367046,730.411686586985,268.096514745308,333.333333333333,29.9929168198796,29.4547948986278,28.7698159233482,WA
10125,2015,March,3,85+,1,26.7218922704782,1493,994,1045,66.9792364367046,669.792364367046,730.411686586985,341.997264021888,30.1291063563358,29.9929168198796,24.9130970129735,WA
10125,2015,November,11,85+,3,26.4887873099176,1507,994,1045,199.07100199071,0,65.5737704918033,139.664804469274,21.7441542976192,18.3332603281086,26.2483066384133,WA
10125,2015,December,12,85+,2,29.2227814888171,1471,994,1045,135.961930659415,199.07100199071,0,268.096514745308,26.4887873099176,21.7441542976192,29.4547948986278,WA
10125,2016,January,1,85+,4,30.2374145546858,1573,994,1045,254.291163382073,135.961930659415,199.07100199071,730.411686586985,29.2227814888171,26.4887873099176,29.9929168198796,WA
10125,2016,February,2,85+,2,27.1696034484607,1541,994,1045,129.785853341986,254.291163382073,135.961930659415,669.792364367046,30.2374145546858,29.2227814888171,30.1291063563358,WA
10125,2016,March,3,85+,8,27.0171657476803,1497,994,1045,534.402137608551,129.785853341986,254.291163382073,66.9792364367046,27.1696034484607,30.2374145546858,26.7218922704782,WA
10125,2016,November,11,85+,0,26.2709133757083,1500,994,1045,0,0,0,199.07100199071,23.5618526356975,18.9258737885743,26.4887873099176,WA
10125,2016,December,12,85+,1,28.1179247815678,1565,994,1045,63.8977635782748,0,0,135.961930659415,26.2709133757083,23.5618526356975,29.2227814888171,WA
10126,2011,January,1,75 to 84,32,28.9741387933035,13275,1095,1079,241.05461393597,177.195685670262,69.8866283584408,113.233184872047,28.094099679755,24.7122789976349,31.0371940733875,WA
10126,2011,February,2,75 to 84,10,30.596405052432,13498,1095,1079,74.0850496369833,241.05461393597,177.195685670262,153.621068032187,28.9741387933035,28.094099679755,28.1641102226418,WA
10126,2011,March,3,75 to 84,14,28.0451580401572,13072,1095,1079,107.099143206854,74.0850496369833,241.05461393597,99.3731845283596,30.596405052432,28.9741387933035,24.8247139086404,WA
10126,2011,November,11,75 to 84,12,25.1638184733339,13547,1095,1079,88.5804975271278,15.0977579829395,29.9647913701401,69.8866283584408,23.013068666922,16.3531637622269,24.7122789976349,WA
10126,2011,December,12,75 to 84,3,28.5392498655855,13376,1095,1079,22.4282296650718,88.5804975271278,15.0977579829395,177.195685670262,25.1638184733339,23.013068666922,28.094099679755,WA
10126,2012,January,1,75 to 84,20,30.6267450942404,13577,1095,1079,147.307947263755,22.4282296650718,88.5804975271278,241.05461393597,28.5392498655855,25.1638184733339,28.9741387933035,WA
10126,2012,February,2,75 to 84,9,28.0087299406978,13596,1095,1079,66.1959399823478,147.307947263755,22.4282296650718,74.0850496369833,30.6267450942404,28.5392498655855,30.596405052432,WA
10126,2012,March,3,75 to 84,11,26.1568826703767,13486,1095,1079,81.5660685154976,66.1959399823478,147.307947263755,107.099143206854,28.0087299406978,30.6267450942404,28.0451580401572,WA
10126,2012,November,11,75 to 84,19,26.9546417900567,13817,1095,1079,137.511760874285,117.130307467057,145.415582427675,88.5804975271278,20.1234715926186,21.4019007331723,25.1638184733339,WA
10126,2012,December,12,75 to 84,12,27.6914521756514,13514,1095,1079,88.7968033150807,137.511760874285,117.130307467057,22.4282296650718,26.9546417900567,20.1234715926186,28.5392498655855,WA
10126,2013,January,1,75 to 84,3,28.9789677665987,13941,1095,1079,21.519259737465,88.7968033150807,137.511760874285,147.307947263755,27.6914521756514,26.9546417900567,30.6267450942404,WA
10126,2013,February,2,75 to 84,12,29.8091248871662,13532,1095,1079,88.6786875554242,21.519259737465,88.7968033150807,66.1959399823478,28.9789677665987,27.6914521756514,28.0087299406978,WA
10126,2013,March,3,75 to 84,4,24.2804568864708,13546,1095,1079,29.5290122545401,88.6786875554242,21.519259737465,81.5660685154976,29.8091248871662,28.9789677665987,26.1568826703767,WA
10126,2013,November,11,75 to 84,24,24.0295105191652,14217,1095,1079,168.811985650981,14.800562421372,50.5743804638393,137.511760874285,20.7587660849066,16.281555326427,26.9546417900567,WA
10126,2013,December,12,75 to 84,9,28.8142216256796,13153,1095,1079,68.4254542689881,168.811985650981,14.800562421372,88.7968033150807,24.0295105191652,20.7587660849066,27.6914521756514,WA
10126,2014,January,1,75 to 84,13,29.4769069960839,13719,1095,1079,94.7590932283694,68.4254542689881,168.811985650981,21.519259737465,28.8142216256796,24.0295105191652,28.9789677665987,WA
10126,2014,February,2,75 to 84,17,30.7414354111987,13326,1095,1079,127.570163589975,94.7590932283694,68.4254542689881,88.6786875554242,29.4769069960839,28.8142216256796,29.8091248871662,WA
10126,2014,March,3,75 to 84,12,25.6130809715084,13195,1095,1079,90.9435392194013,127.570163589975,94.7590932283694,29.5290122545401,30.7414354111987,29.4769069960839,24.2804568864708,WA
10126,2014,November,11,75 to 84,42,28.2641734775072,13246,1095,1079,317.076853389703,185.053380782918,73.8989062961868,168.811985650981,22.1666386901343,17.091667047518,24.0295105191652,WA
10126,2014,December,12,75 to 84,28,28.8360268461817,13917,1095,1079,201.192785801538,317.076853389703,185.053380782918,68.4254542689881,28.2641734775072,22.1666386901343,28.8142216256796,WA
10126,2015,January,1,75 to 84,4,28.3251213480671,13597,1095,1079,29.4182540266235,201.192785801538,317.076853389703,94.7590932283694,28.8360268461817,28.2641734775072,29.4769069960839,WA
10126,2015,February,2,75 to 84,5,27.6289608525606,13382,1095,1079,37.3636227768644,29.4182540266235,201.192785801538,127.570163589975,28.3251213480671,28.8360268461817,30.7414354111987,WA
10126,2015,March,3,75 to 84,7,26.6168035624349,13869,1095,1079,50.4722762996611,37.3636227768644,29.4182540266235,90.9435392194013,27.6289608525606,28.3251213480671,25.6130809715084,WA
10126,2015,November,11,75 to 84,17,26.9956897322136,13658,1095,1079,124.469175574755,190.78368065747,137.32292570107,317.076853389703,20.7922227909399,21.2756696243396,28.2641734775072,WA
10126,2015,December,12,75 to 84,1,28.5037063332646,14202,1095,1079,7.0412617941135,124.469175574755,190.78368065747,201.192785801538,26.9956897322136,20.7922227909399,28.8360268461817,WA
10126,2016,January,1,75 to 84,11,28.7562278333992,14124,1095,1079,77.8816199376947,7.0412617941135,124.469175574755,29.4182540266235,28.5037063332646,26.9956897322136,28.3251213480671,WA
10126,2016,February,2,75 to 84,7,28.2037587024391,13952,1095,1079,50.1720183486239,77.8816199376947,7.0412617941135,37.3636227768644,28.7562278333992,28.5037063332646,27.6289608525606,WA
10126,2016,March,3,75 to 84,9,26.7852075355598,14061,1095,1079,64.0068273949221,50.1720183486239,77.8816199376947,50.4722762996611,28.2037587024391,28.7562278333992,26.6168035624349,WA
10126,2016,November,11,75 to 84,36,25.4058518120337,13621,1095,1079,264.297775493723,34.7850285237234,223.261006069909,124.469175574755,23.529839431476,17.1285174604978,26.9956897322136,WA
10126,2016,December,12,75 to 84,10,29.3108091392345,13827,1095,1079,72.3222680263253,264.297775493723,34.7850285237234,7.0412617941135,25.4058518120337,23.529839431476,28.5037063332646,WA
10126,2011,January,1,85+,55,29.3751003858208,13008,1095,1079,422.816728167282,312.977099236641,361.01083032491,274.888558692422,30.0899922530048,27.0193933344345,28.0132912095116,WA
10126,2011,February,2,85+,142,32.3345622578791,13317,1095,1079,1066.30622512578,422.816728167282,312.977099236641,479.963431357611,29.3751003858208,30.0899922530048,28.636781194009,WA
10126,2011,March,3,85+,33,26.640091468889,13486,1095,1079,244.698205546493,1066.30622512578,422.816728167282,353.942314933353,32.3345622578791,29.3751003858208,24.3618327846432,WA
10126,2011,November,11,85+,63,24.6041574586426,13444,1095,1079,468.610532579589,67.0590865062216,268.496420047733,361.01083032491,20.7376446871921,14.732203986186,27.0193933344345,WA
10126,2011,December,12,85+,74,28.3086314934315,13084,1095,1079,565.576276368083,468.610532579589,67.0590865062216,312.977099236641,24.6041574586426,20.7376446871921,30.0899922530048,WA
10126,2012,January,1,85+,111,28.600885151927,13027,1095,1079,852.076456590159,565.576276368083,468.610532579589,422.816728167282,28.3086314934315,24.6041574586426,29.3751003858208,WA
10126,2012,February,2,85+,68,27.6832614594073,13277,1095,1079,512.163892445583,852.076456590159,565.576276368083,1066.30622512578,28.600885151927,28.3086314934315,32.3345622578791,WA
10126,2012,March,3,85+,17,23.7630138610702,13618,1095,1079,124.834777500367,512.163892445583,852.076456590159,244.698205546493,27.6832614594073,28.600885151927,26.640091468889,WA
10126,2012,November,11,85+,140,25.9240013222571,13436,1095,1079,1041.97677880322,202.216896345117,90.1645503043054,468.610532579589,22.1033188551498,16.2229917562723,24.6041574586426,WA
10126,2012,December,12,85+,56,29.8702274679751,13080,1095,1079,428.134556574924,1041.97677880322,202.216896345117,565.576276368083,25.9240013222571,22.1033188551498,28.3086314934315,WA
10126,2013,January,1,85+,32,33.9811800187142,13358,1095,1079,239.556819883216,428.134556574924,1041.97677880322,852.076456590159,29.8702274679751,25.9240013222571,28.600885151927,WA
10126,2013,February,2,85+,19,29.7206216723502,13650,1095,1079,139.194139194139,239.556819883216,428.134556574924,512.163892445583,33.9811800187142,29.8702274679751,27.6832614594073,WA
10126,2013,March,3,85+,4,24.7678698959214,13261,1095,1079,30.1636377347108,139.194139194139,239.556819883216,124.834777500367,29.7206216723502,33.9811800187142,23.7630138610702,WA
10126,2013,November,11,85+,43,27.1931561288862,13523,1095,1079,317.976780300229,164.016259003066,425.849831901382,1041.97677880322,23.8402449495673,17.2514033413386,25.9240013222571,WA
10126,2013,December,12,85+,49,28.6731134211391,13583,1095,1079,360.745048958257,317.976780300229,164.016259003066,428.134556574924,27.1931561288862,23.8402449495673,29.8702274679751,WA
10126,2014,January,1,85+,20,32.3955681248281,13526,1095,1079,147.8633742422,360.745048958257,317.976780300229,239.556819883216,28.6731134211391,27.1931561288862,33.9811800187142,WA
10126,2014,February,2,85+,54,30.0537219396379,13485,1095,1079,400.444938820912,147.8633742422,360.745048958257,139.194139194139,32.3955681248281,28.6731134211391,29.7206216723502,WA
10126,2014,March,3,85+,71,26.944521483706,13902,1095,1079,510.717882319091,400.444938820912,147.8633742422,30.1636377347108,30.0537219396379,32.3955681248281,24.7678698959214,WA
10126,2014,November,11,85+,80,26.2325115572339,13878,1095,1079,576.451938319643,128.333095679452,197.123457691465,317.976780300229,24.9557472172556,18.3625261679428,27.1931561288862,WA
10126,2014,December,12,85+,110,29.0366480888933,13587,1095,1079,809.59740928829,576.451938319643,128.333095679452,360.745048958257,26.2325115572339,24.9557472172556,28.6731134211391,WA
10126,2015,January,1,85+,17,30.8546954338889,13850,1095,1079,122.743682310469,809.59740928829,576.451938319643,147.8633742422,29.0366480888933,26.2325115572339,32.3955681248281,WA
10126,2015,February,2,85+,20,27.8790115514547,13691,1095,1079,146.081367321598,122.743682310469,809.59740928829,400.444938820912,30.8546954338889,29.0366480888933,30.0537219396379,WA
10126,2015,March,3,85+,107,25.8469566144801,13627,1095,1079,785.20584134439,146.081367321598,122.743682310469,510.717882319091,27.8790115514547,30.8546954338889,26.944521483706,WA
10126,2015,November,11,85+,50,24.6206025849358,13852,1095,1079,360.958706323997,185.290763968073,230.243612596554,576.451938319643,25.0705664418496,18.4531772145342,26.2325115572339,WA
10126,2015,December,12,85+,18,28.895733021497,13728,1095,1079,131.118881118881,360.958706323997,185.290763968073,809.59740928829,24.6206025849358,25.0705664418496,29.0366480888933,WA
10126,2016,January,1,85+,12,29.2181085918045,13533,1095,1079,88.6721347816449,131.118881118881,360.958706323997,122.743682310469,28.895733021497,24.6206025849358,30.8546954338889,WA
10126,2016,February,2,85+,17,29.7011045647082,13782,1095,1079,123.349296183428,88.6721347816449,131.118881118881,146.081367321598,29.2181085918045,28.895733021497,27.8790115514547,WA
10126,2016,March,3,85+,13,27.536440718829,13680,1095,1079,95.0292397660819,123.349296183428,88.6721347816449,785.20584134439,29.7011045647082,29.2181085918045,25.8469566144801,WA
10126,2016,November,11,85+,63,25.0187588604949,13905,1095,1079,453.074433656958,594.277329420396,401.203610832498,360.958706323997,20.0430154131611,18.6609835340718,24.6206025849358,WA
10126,2016,December,12,85+,75,32.0857531089177,14407,1095,1079,520.58027347817,453.074433656958,594.277329420396,131.118881118881,25.0187588604949,20.0430154131611,28.895733021497,WA
10127,2011,January,1,75 to 84,27,28.2565914476645,7265,1055,1138,371.64487267722,282.525780477469,13.9899272523783,169.971671388102,29.5302138104506,25.742783011667,28.9330425494397,WA
10127,2011,February,2,75 to 84,7,28.9651224813875,6936,1055,1138,100.922722029988,371.64487267722,282.525780477469,156.316612192696,28.2565914476645,29.5302138104506,27.2972359682899,WA
10127,2011,March,3,75 to 84,8,23.6190452453425,7340,1055,1138,108.991825613079,100.922722029988,371.64487267722,232.84481577866,28.9651224813875,28.2565914476645,23.0913003706091,WA
10127,2011,November,11,75 to 84,5,24.6837136230656,7080,1055,1138,70.6214689265537,27.4687542919929,13.978194017333,13.9899272523783,20.6635016651875,15.5053539513972,25.742783011667,WA
10127,2011,December,12,75 to 84,12,29.0343210870735,7170,1055,1138,167.364016736402,70.6214689265537,27.4687542919929,282.525780477469,24.6837136230656,20.6635016651875,29.5302138104506,WA
10127,2012,January,1,75 to 84,0,31.0583907609289,7567,1055,1138,0,167.364016736402,70.6214689265537,371.64487267722,29.0343210870735,24.6837136230656,28.2565914476645,WA
10127,2012,February,2,75 to 84,6,29.7294958560674,7389,1055,1138,81.2017864393017,0,167.364016736402,100.922722029988,31.0583907609289,29.0343210870735,28.9651224813875,WA
10127,2012,March,3,75 to 84,2,29.0112885702713,7298,1055,1138,27.4047684297068,81.2017864393017,0,108.991825613079,29.7294958560674,31.0583907609289,23.6190452453425,WA
10127,2012,November,11,75 to 84,7,24.0267175445291,7180,1055,1138,97.4930362116992,174.966352624495,96.2596259625963,70.6214689265537,22.4074423200499,14.0060773562273,24.6837136230656,WA
10127,2012,December,12,75 to 84,9,29.5773960836048,7256,1055,1138,124.035281146637,97.4930362116992,174.966352624495,167.364016736402,24.0267175445291,22.4074423200499,29.0343210870735,WA
10127,2013,January,1,75 to 84,6,29.7358823967585,7286,1055,1138,82.3497117760088,124.035281146637,97.4930362116992,0,29.5773960836048,24.0267175445291,31.0583907609289,WA
10127,2013,February,2,75 to 84,3,25.9784476830445,7388,1055,1138,40.6063887384949,82.3497117760088,124.035281146637,81.2017864393017,29.7358823967585,29.5773960836048,29.7294958560674,WA
10127,2013,March,3,75 to 84,3,23.6739744291224,7441,1055,1138,40.3171616718183,40.6063887384949,82.3497117760088,27.4047684297068,25.9784476830445,29.7358823967585,29.0112885702713,WA
10127,2013,November,11,75 to 84,6,27.4315676684241,7220,1055,1138,83.1024930747922,27.1186440677966,356.115600602657,97.4930362116992,21.2930257608301,17.6417592476944,24.0267175445291,WA
10127,2013,December,12,75 to 84,2,29.8657826485407,7084,1055,1138,28.2326369282891,83.1024930747922,27.1186440677966,124.035281146637,27.4315676684241,21.2930257608301,29.5773960836048,WA
10127,2014,January,1,75 to 84,4,33.4085574043003,7662,1055,1138,52.2056904202558,28.2326369282891,83.1024930747922,82.3497117760088,29.8657826485407,27.4315676684241,29.7358823967585,WA
10127,2014,February,2,75 to 84,0,29.0990450130645,7459,1055,1138,0,52.2056904202558,28.2326369282891,40.6063887384949,33.4085574043003,29.8657826485407,25.9784476830445,WA
10127,2014,March,3,75 to 84,1,23.0363982482936,7466,1055,1138,13.39405304045,0,52.2056904202558,40.3171616718183,29.0990450130645,33.4085574043003,23.6739744291224,WA
10127,2014,November,11,75 to 84,3,26.8154404459406,7602,1055,1138,39.4632991318074,133.922592741395,123.643357604067,83.1024930747922,23.3946102802597,18.8445378637299,27.4315676684241,WA
10127,2014,December,12,75 to 84,5,30.5447103515117,7191,1055,1138,69.5313586427479,39.4632991318074,133.922592741395,28.2326369282891,26.8154404459406,23.3946102802597,29.8657826485407,WA
10127,2015,January,1,75 to 84,20,29.3039247378817,7369,1055,1138,271.407246573484,69.5313586427479,39.4632991318074,52.2056904202558,30.5447103515117,26.8154404459406,33.4085574043003,WA
10127,2015,February,2,75 to 84,2,28.6692622393458,7215,1055,1138,27.7200277200277,271.407246573484,69.5313586427479,0,29.3039247378817,30.5447103515117,29.0990450130645,WA
10127,2015,March,3,75 to 84,7,26.388382418656,7460,1055,1138,93.8337801608579,27.7200277200277,271.407246573484,13.39405304045,28.6692622393458,29.3039247378817,23.0363982482936,WA
10127,2015,November,11,75 to 84,14,25.5583923540424,7593,1055,1138,184.380350322666,67.0331143584931,105.890138980807,39.4632991318074,20.9367740335457,17.3155069746162,26.8154404459406,WA
10127,2015,December,12,75 to 84,3,27.4838097604705,7514,1055,1138,39.925472451424,184.380350322666,67.0331143584931,69.5313586427479,25.5583923540424,20.9367740335457,30.5447103515117,WA
10127,2016,January,1,75 to 84,7,30.3882380221995,7568,1055,1138,92.4947145877378,39.925472451424,184.380350322666,271.407246573484,27.4838097604705,25.5583923540424,29.3039247378817,WA
10127,2016,February,2,75 to 84,2,28.5259827047065,7308,1055,1138,27.3672687465791,92.4947145877378,39.925472451424,27.7200277200277,30.3882380221995,27.4838097604705,28.6692622393458,WA
10127,2016,March,3,75 to 84,5,25.7457250514627,7469,1055,1138,66.9433659124381,27.3672687465791,92.4947145877378,93.8337801608579,28.5259827047065,30.3882380221995,26.388382418656,WA
10127,2016,November,11,75 to 84,1,27.1490800133299,7329,1055,1138,13.6444262518761,108.342361863489,26.7558528428094,184.380350322666,20.9485748934649,20.7132842734805,25.5583923540424,WA
10127,2016,December,12,75 to 84,15,31.7143385765334,7683,1055,1138,195.236235845373,13.6444262518761,108.342361863489,39.925472451424,27.1490800133299,20.9485748934649,27.4838097604705,WA
10127,2011,January,1,85+,12,30.2399934731639,7230,1055,1138,165.97510373444,245.59967253377,112.533408355606,253.664036076663,29.0750424255125,26.1190992815471,32.0048500969284,WA
10127,2011,February,2,85+,13,26.6819989530626,7089,1055,1138,183.382705600226,165.97510373444,245.59967253377,431.46843089314,30.2399934731639,29.0750424255125,27.6322749336574,WA
10127,2011,March,3,85+,5,25.6738938820119,7057,1055,1138,70.8516366728071,183.382705600226,165.97510373444,116.295973251926,26.6819989530626,30.2399934731639,25.5937223951318,WA
10127,2011,November,11,85+,17,28.1733500871422,7115,1055,1138,238.931834153197,220.659219418011,205.086136177194,112.533408355606,21.2189650498262,22.5720317206636,26.1190992815471,WA
10127,2011,December,12,85+,18,27.7942525895899,7129,1055,1138,252.489830270725,238.931834153197,220.659219418011,245.59967253377,28.1733500871422,21.2189650498262,29.0750424255125,WA
10127,2012,January,1,85+,7,30.3919058442919,7384,1055,1138,94.7995666305525,252.489830270725,238.931834153197,165.97510373444,27.7942525895899,28.1733500871422,30.2399934731639,WA
10127,2012,February,2,85+,15,27.3485796137797,7201,1055,1138,208.304402166366,94.7995666305525,252.489830270725,183.382705600226,30.3919058442919,27.7942525895899,26.6819989530626,WA
10127,2012,March,3,85+,17,24.9063751679829,7197,1055,1138,236.20953174934,208.304402166366,94.7995666305525,70.8516366728071,27.3485796137797,30.3919058442919,25.6738938820119,WA
10127,2012,November,11,85+,2,25.232703315344,7124,1055,1138,28.0741156653565,120.724346076459,13.7969094922737,238.931834153197,21.9782760702779,18.3672772680313,28.1733500871422,WA
10127,2012,December,12,85+,10,27.6647231295574,6858,1055,1138,145.815106445028,28.0741156653565,120.724346076459,252.489830270725,25.232703315344,21.9782760702779,27.7942525895899,WA
10127,2013,January,1,85+,18,28.1605367925555,7111,1055,1138,253.128955139924,145.815106445028,28.0741156653565,94.7995666305525,27.6647231295574,25.232703315344,30.3919058442919,WA
10127,2013,February,2,85+,69,26.5594356980031,7277,1055,1138,948.192936649718,253.128955139924,145.815106445028,208.304402166366,28.1605367925555,27.6647231295574,27.3485796137797,WA
10127,2013,March,3,85+,14,24.9420446283605,7316,1055,1138,191.361399671952,948.192936649718,253.128955139924,236.20953174934,26.5594356980031,28.1605367925555,24.9063751679829,WA
10127,2013,November,11,85+,4,25.3411264456421,7156,1055,1138,55.8971492453885,163.643801991,206.69698222406,28.0741156653565,23.6803374980493,16.5389296156033,25.232703315344,WA
10127,2013,December,12,85+,27,28.4354164118877,7503,1055,1138,359.856057576969,55.8971492453885,163.643801991,145.815106445028,25.3411264456421,23.6803374980493,27.6647231295574,WA
10127,2014,January,1,85+,34,30.0419885278359,7377,1055,1138,460.891961501966,359.856057576969,55.8971492453885,253.128955139924,28.4354164118877,25.3411264456421,28.1605367925555,WA
10127,2014,February,2,85+,113,28.6700754641398,7588,1055,1138,1489.19346336321,460.891961501966,359.856057576969,948.192936649718,30.0419885278359,28.4354164118877,26.5594356980031,WA
10127,2014,March,3,85+,26,25.2413094356532,7504,1055,1138,346.481876332623,1489.19346336321,460.891961501966,191.361399671952,28.6700754641398,30.0419885278359,24.9420446283605,WA
10127,2014,November,11,85+,17,27.5959953182778,7201,1055,1138,236.078322455215,235.22900235229,69.7252823873937,55.8971492453885,21.2591374290917,16.8389071080848,25.3411264456421,WA
10127,2014,December,12,85+,19,28.6482541762453,7176,1055,1138,264.771460423634,236.078322455215,235.22900235229,359.856057576969,27.5959953182778,21.2591374290917,28.4354164118877,WA
10127,2015,January,1,85+,1,28.7326069069357,7471,1055,1138,13.3850890108419,264.771460423634,236.078322455215,460.891961501966,28.6482541762453,27.5959953182778,30.0419885278359,WA
10127,2015,February,2,85+,7,27.2867215708831,7371,1055,1138,94.9667616334283,13.3850890108419,264.771460423634,1489.19346336321,28.7326069069357,28.6482541762453,28.6700754641398,WA
10127,2015,March,3,85+,18,24.4006952763926,7694,1055,1138,233.948531323109,94.9667616334283,13.3850890108419,346.481876332623,27.2867215708831,28.7326069069357,25.2413094356532,WA
10127,2015,November,11,85+,17,23.799720230535,7491,1055,1138,226.938993458817,27.2294077603812,159.320233669676,236.078322455215,21.4834521363686,19.1878922286999,27.5959953182778,WA
10127,2015,December,12,85+,25,26.5166601987852,7488,1055,1138,333.867521367521,226.938993458817,27.2294077603812,264.771460423634,23.799720230535,21.4834521363686,28.6482541762453,WA
10127,2016,January,1,85+,0,28.6476645355144,7483,1055,1138,0,333.867521367521,226.938993458817,13.3850890108419,26.5166601987852,23.799720230535,28.7326069069357,WA
10127,2016,February,2,85+,1,29.8307504854533,7393,1055,1138,13.5263086703639,0,333.867521367521,94.9667616334283,28.6476645355144,26.5166601987852,27.2867215708831,WA
10127,2016,March,3,85+,14,25.2390271772849,7377,1055,1138,189.779042971398,13.5263086703639,0,233.948531323109,29.8307504854533,28.6476645355144,24.4006952763926,WA
10127,2016,November,11,85+,7,25.8923527816575,7590,1055,1138,92.2266139657444,40.2360515021459,13.051422605064,226.938993458817,21.4412606104081,15.111970879934,23.799720230535,WA
10127,2016,December,12,85+,27,29.3819956316285,7603,1055,1138,355.122977771932,92.2266139657444,40.2360515021459,333.867521367521,25.8923527816575,21.4412606104081,26.5166601987852,WA
10128,2011,January,1,75 to 84,83,30.8731678314673,11944,1009,791,694.90957803081,338.394793926247,162.796675520521,969.965115289713,31.8768903936671,26.3114839904312,29.8333056183849,WA
10128,2011,February,2,75 to 84,62,28.1993207864846,11711,1009,791,529.416787635556,694.90957803081,338.394793926247,774.384407900461,30.8731678314673,31.8768903936671,29.4206775177847,WA
10128,2011,March,3,75 to 84,34,25.4388530337241,11372,1009,791,298.979950756243,529.416787635556,694.90957803081,930.075251543079,28.1993207864846,30.8731678314673,27.2376849414708,WA
10128,2011,November,11,75 to 84,19,20.9055124803268,11763,1009,791,161.52342089603,68.1721346399659,193.03399076794,162.796675520521,22.3049991174808,17.6150861631826,26.3114839904312,WA
10128,2011,December,12,75 to 84,6,28.230341075458,12204,1009,791,49.1642084562439,161.52342089603,68.1721346399659,338.394793926247,20.9055124803268,22.3049991174808,31.8768903936671,WA
10128,2012,January,1,75 to 84,28,28.7472387525864,12384,1009,791,226.09819121447,49.1642084562439,161.52342089603,694.90957803081,28.230341075458,20.9055124803268,30.8731678314673,WA
10128,2012,February,2,75 to 84,22,27.4454162954717,12037,1009,791,182.769793137825,226.09819121447,49.1642084562439,529.416787635556,28.7472387525864,28.230341075458,28.1993207864846,WA
10128,2012,March,3,75 to 84,19,26.406930493379,11931,1009,791,159.249015170564,182.769793137825,226.09819121447,298.979950756243,27.4454162954717,28.7472387525864,25.4388530337241,WA
10128,2012,November,11,75 to 84,3,25.2415414685333,11845,1009,791,25.3271422541157,316.320424040352,65.4503804303363,161.52342089603,22.0911641692743,19.0930735991189,20.9055124803268,WA
10128,2012,December,12,75 to 84,7,27.6185836866833,11840,1009,791,59.1216216216216,25.3271422541157,316.320424040352,49.1642084562439,25.2415414685333,22.0911641692743,28.230341075458,WA
10128,2013,January,1,75 to 84,39,27.2624528619872,12189,1009,791,319.960620231356,59.1216216216216,25.3271422541157,226.09819121447,27.6185836866833,25.2415414685333,28.7472387525864,WA
10128,2013,February,2,75 to 84,4,30.7849095476872,12053,1009,791,33.1867584833651,319.960620231356,59.1216216216216,182.769793137825,27.2624528619872,27.6185836866833,27.4454162954717,WA
10128,2013,March,3,75 to 84,28,25.749561716782,11552,1009,791,242.382271468144,33.1867584833651,319.960620231356,159.249015170564,30.7849095476872,27.2624528619872,26.406930493379,WA
10128,2013,November,11,75 to 84,19,24.1940862537898,11841,1009,791,160.459420657039,77.2465882756845,241.686807233936,25.3271422541157,20.4305882063814,21.1018765480111,25.2415414685333,WA
10128,2013,December,12,75 to 84,46,29.2520831841418,12473,1009,791,368.79660065742,160.459420657039,77.2465882756845,59.1216216216216,24.1940862537898,20.4305882063814,27.6185836866833,WA
10128,2014,January,1,75 to 84,93,26.8603972851681,12358,1009,791,752.548956141771,368.79660065742,160.459420657039,319.960620231356,29.2520831841418,24.1940862537898,27.2624528619872,WA
10128,2014,February,2,75 to 84,30,29.7644341428815,12290,1009,791,244.100895036615,752.548956141771,368.79660065742,33.1867584833651,26.8603972851681,29.2520831841418,30.7849095476872,WA
10128,2014,March,3,75 to 84,30,21.562522107722,12678,1009,791,236.630383341221,244.100895036615,752.548956141771,242.382271468144,29.7644341428815,26.8603972851681,25.749561716782,WA
10128,2014,November,11,75 to 84,6,24.8170461926508,11843,1009,791,50.6628388077345,91.8887311001587,92.3128566633098,160.459420657039,22.5405137011359,18.0177324514802,24.1940862537898,WA
10128,2014,December,12,75 to 84,29,27.0217792550705,12340,1009,791,235.008103727715,50.6628388077345,91.8887311001587,368.79660065742,24.8170461926508,22.5405137011359,29.2520831841418,WA
10128,2015,January,1,75 to 84,12,28.4417696576995,12307,1009,791,97.5054846835135,235.008103727715,50.6628388077345,752.548956141771,27.0217792550705,24.8170461926508,26.8603972851681,WA
10128,2015,February,2,75 to 84,37,27.2630287084352,12312,1009,791,300.519818063678,97.5054846835135,235.008103727715,244.100895036615,28.4417696576995,27.0217792550705,29.7644341428815,WA
10128,2015,March,3,75 to 84,32,26.108607692839,11993,1009,791,266.822313015926,300.519818063678,97.5054846835135,236.630383341221,27.2630287084352,28.4417696576995,21.562522107722,WA
10128,2015,November,11,75 to 84,34,28.0626175784605,12094,1009,791,281.131139407971,146.567869066037,206.543291473893,50.6628388077345,19.4309884847079,16.4177628548242,24.8170461926508,WA
10128,2015,December,12,75 to 84,22,29.5750599046576,12257,1009,791,179.48927143673,281.131139407971,146.567869066037,235.008103727715,28.0626175784605,19.4309884847079,27.0217792550705,WA
10128,2016,January,1,75 to 84,58,30.3635771464896,12492,1009,791,464.297150176113,179.48927143673,281.131139407971,97.5054846835135,29.5750599046576,28.0626175784605,28.4417696576995,WA
10128,2016,February,2,75 to 84,13,32.0590798595167,12321,1009,791,105.510916321727,464.297150176113,179.48927143673,300.519818063678,30.3635771464896,29.5750599046576,27.2630287084352,WA
10128,2016,March,3,75 to 84,11,28.5778549844036,12197,1009,791,90.1861113388538,105.510916321727,464.297150176113,266.822313015926,32.0590798595167,30.3635771464896,26.108607692839,WA
10128,2016,November,11,75 to 84,40,25.2543906602963,12319,1009,791,324.701680331196,80.0128020483277,80.2181934862827,281.131139407971,22.4838350662844,17.9589492881968,28.0626175784605,WA
10128,2016,December,12,75 to 84,34,28.3367884120752,12612,1009,791,269.584522676816,324.701680331196,80.0128020483277,179.48927143673,25.2543906602963,22.4838350662844,29.5750599046576,WA
10128,2011,January,1,85+,41,30.439501019859,11668,1009,791,351.388412752828,145.448323066393,272.016320979259,410.488397419787,28.5729802192482,27.358788228529,31.9857089190637,WA
10128,2011,February,2,85+,23,28.1805639319271,12084,1009,791,190.334326381993,351.388412752828,145.448323066393,412.751383156231,30.439501019859,28.5729802192482,28.4231645846426,WA
10128,2011,March,3,85+,19,25.181289286259,12190,1009,791,155.865463494668,190.334326381993,351.388412752828,516.882034180909,28.1805639319271,30.439501019859,26.9042917431239,WA
10128,2011,November,11,85+,73,27.4321672671461,11659,1009,791,626.12573977185,466.853408029879,138.961264547507,272.016320979259,22.2552325510712,21.3078207352285,27.358788228529,WA
10128,2011,December,12,85+,91,28.3041327637739,11671,1009,791,779.710393282495,626.12573977185,466.853408029879,145.448323066393,27.4321672671461,22.2552325510712,28.5729802192482,WA
10128,2012,January,1,85+,102,28.8039469345584,11765,1009,791,866.978325541862,779.710393282495,626.12573977185,351.388412752828,28.3041327637739,27.4321672671461,30.439501019859,WA
10128,2012,February,2,85+,24,30.1723546663056,12187,1009,791,196.931156149996,866.978325541862,779.710393282495,190.334326381993,28.8039469345584,28.3041327637739,28.1805639319271,WA
10128,2012,March,3,85+,54,25.7373893384766,12531,1009,791,430.931290399808,196.931156149996,866.978325541862,155.865463494668,30.1723546663056,28.8039469345584,25.181289286259,WA
10128,2012,November,11,85+,2,24.4459538462062,12185,1009,791,16.4136233073451,16.5193689601057,510.594842992086,626.12573977185,19.9107357234057,20.1916048895351,27.4321672671461,WA
10128,2012,December,12,85+,21,29.1154121152517,11683,1009,791,179.748352306771,16.4136233073451,16.5193689601057,779.710393282495,24.4459538462062,19.9107357234057,28.3041327637739,WA
10128,2013,January,1,85+,33,30.4795704560061,12274,1009,791,268.861007006681,179.748352306771,16.4136233073451,866.978325541862,29.1154121152517,24.4459538462062,28.8039469345584,WA
10128,2013,February,2,85+,94,26.1931216264091,12296,1009,791,764.476252439818,268.861007006681,179.748352306771,196.931156149996,30.4795704560061,29.1154121152517,30.1723546663056,WA
10128,2013,March,3,85+,50,27.5424672400897,11718,1009,791,426.693975081072,764.476252439818,268.861007006681,430.931290399808,26.1931216264091,30.4795704560061,25.7373893384766,WA
10128,2013,November,11,85+,38,26.6695680104874,12519,1009,791,303.538621295631,125.649187468588,270.004909180167,16.4136233073451,21.9423031088406,17.7390487397895,24.4459538462062,WA
10128,2013,December,12,85+,25,29.3328045928429,11586,1009,791,215.777662696358,303.538621295631,125.649187468588,179.748352306771,26.6695680104874,21.9423031088406,29.1154121152517,WA
10128,2014,January,1,85+,54,29.324258324009,12152,1009,791,444.371296905859,215.777662696358,303.538621295631,268.861007006681,29.3328045928429,26.6695680104874,30.4795704560061,WA
10128,2014,February,2,85+,58,30.3159461937912,12266,1009,791,472.851785423121,444.371296905859,215.777662696358,764.476252439818,29.324258324009,29.3328045928429,26.1931216264091,WA
10128,2014,March,3,85+,38,23.4308443919266,12121,1009,791,313.505486346011,472.851785423121,444.371296905859,426.693975081072,30.3159461937912,29.324258324009,27.5424672400897,WA
10128,2014,November,11,85+,56,28.6970039072029,12220,1009,791,458.265139116203,216.06914212548,41.2235138923242,303.538621295631,24.9326206242681,17.9009611041166,26.6695680104874,WA
10128,2014,December,12,85+,42,28.2186275820237,12103,1009,791,347.021399652979,458.265139116203,216.06914212548,215.777662696358,28.6970039072029,24.9326206242681,29.3328045928429,WA
10128,2015,January,1,85+,45,29.5654928618649,12234,1009,791,367.827366356057,347.021399652979,458.265139116203,444.371296905859,28.2186275820237,28.6970039072029,29.324258324009,WA
10128,2015,February,2,85+,40,27.1062639072428,12382,1009,791,323.049588111775,367.827366356057,347.021399652979,472.851785423121,29.5654928618649,28.2186275820237,30.3159461937912,WA
10128,2015,March,3,85+,25,24.2092004430869,12122,1009,791,206.23659462135,323.049588111775,367.827366356057,313.505486346011,27.1062639072428,29.5654928618649,23.4308443919266,WA
10128,2015,November,11,85+,12,25.6433013078582,12271,1009,791,97.7915410317008,443.61993869979,288.484654219088,458.265139116203,22.0387317453274,20.0595912305726,28.6970039072029,WA
10128,2015,December,12,85+,58,29.0073679338293,11994,1009,791,483.57512089378,97.7915410317008,443.61993869979,347.021399652979,25.6433013078582,22.0387317453274,28.2186275820237,WA
10128,2016,January,1,85+,17,30.80088353895,12239,1009,791,138.900236947463,483.57512089378,97.7915410317008,367.827366356057,29.0073679338293,25.6433013078582,29.5654928618649,WA
10128,2016,February,2,85+,10,31.7253947544348,12844,1009,791,77.857365306758,138.900236947463,483.57512089378,323.049588111775,30.80088353895,29.0073679338293,27.1062639072428,WA
10128,2016,March,3,85+,23,21.7083562446022,12474,1009,791,184.383517716851,77.857365306758,138.900236947463,206.23659462135,31.7253947544348,30.80088353895,24.2092004430869,WA
10128,2016,November,11,85+,1,26.7791655320691,12727,1009,791,7.85731122809775,186.612576064909,360.36036036036,97.7915410317008,21.8465143719364,21.4257702935518,25.6433013078582,WA
10128,2016,December,12,85+,36,31.3729655287588,12235,1009,791,294.237842255824,7.85731122809775,186.612576064909,483.57512089378,26.7791655320691,21.8465143719364,29.0073679338293,WA
10129,2011,January,1,75 to 84,4,31.3031268047491,7149,1025,1013,55.9518813820115,139.84058173682,28.4859706594502,368.376310569566,28.2262598407585,24.6455174285846,29.363685678357,WA
10129,2011,February,2,75 to 84,9,31.3672813427225,7205,1025,1013,124.913254684247,55.9518813820115,139.84058173682,153.824639910502,31.3031268047491,28.2262598407585,29.8028264244145,WA
10129,2011,March,3,75 to 84,1,25.7802649509381,7029,1025,1013,14.2267747901551,124.913254684247,55.9518813820115,288.421920065925,31.3672813427225,31.3031268047491,26.7977369310984,WA
10129,2011,November,11,75 to 84,2,25.9188778292296,7254,1025,1013,27.5709953129308,99.4742077589882,28.0033604032484,28.4859706594502,23.0012742679789,19.7427236309727,24.6455174285846,WA
10129,2011,December,12,75 to 84,34,29.0110480155956,7242,1025,1013,469.483568075117,27.5709953129308,99.4742077589882,139.84058173682,25.9188778292296,23.0012742679789,28.2262598407585,WA
10129,2012,January,1,75 to 84,32,29.468270245729,7446,1025,1013,429.76094547408,469.483568075117,27.5709953129308,55.9518813820115,29.0110480155956,25.9188778292296,31.3031268047491,WA
10129,2012,February,2,75 to 84,12,29.7005815853644,7302,1025,1013,164.338537387017,429.76094547408,469.483568075117,124.913254684247,29.468270245729,29.0110480155956,31.3672813427225,WA
10129,2012,March,3,75 to 84,1,25.2881534738353,7254,1025,1013,13.7854976564654,164.338537387017,429.76094547408,14.2267747901551,29.7005815853644,29.468270245729,25.7802649509381,WA
10129,2012,November,11,75 to 84,2,27.6539473456534,7473,1025,1013,26.7630135153218,41.0172272354389,27.5595976298746,27.5709953129308,22.7226881255816,18.952229394685,25.9188778292296,WA
10129,2012,December,12,75 to 84,9,26.473465026024,7099,1025,1013,126.778419495704,26.7630135153218,41.0172272354389,469.483568075117,27.6539473456534,22.7226881255816,29.0110480155956,WA
10129,2013,January,1,75 to 84,7,31.4681205218612,6983,1025,1013,100.243448374624,126.778419495704,26.7630135153218,429.76094547408,26.473465026024,27.6539473456534,29.468270245729,WA
10129,2013,February,2,75 to 84,17,28.8601294780539,7358,1025,1013,231.041043761892,100.243448374624,126.778419495704,164.338537387017,31.4681205218612,26.473465026024,29.7005815853644,WA
10129,2013,March,3,75 to 84,14,25.8691783102978,7450,1025,1013,187.919463087248,231.041043761892,100.243448374624,13.7854976564654,28.8601294780539,31.4681205218612,25.2881534738353,WA
10129,2013,November,11,75 to 84,10,26.3750365658643,7259,1025,1013,137.760022041604,241.254523522316,306.666666666667,26.7630135153218,22.693761685548,20.8539852689418,27.6539473456534,WA
10129,2013,December,12,75 to 84,7,29.6294159349419,7213,1025,1013,97.0469984749757,137.760022041604,241.254523522316,126.778419495704,26.3750365658643,22.693761685548,26.473465026024,WA
10129,2014,January,1,75 to 84,13,30.7871513849132,7518,1025,1013,172.91832934291,97.0469984749757,137.760022041604,100.243448374624,29.6294159349419,26.3750365658643,31.4681205218612,WA
10129,2014,February,2,75 to 84,42,28.7929666936246,7489,1025,1013,560.82253972493,172.91832934291,97.0469984749757,231.041043761892,30.7871513849132,29.6294159349419,28.8601294780539,WA
10129,2014,March,3,75 to 84,1,26.834950442848,7571,1025,1013,13.2082948091401,560.82253972493,172.91832934291,187.919463087248,28.7929666936246,30.7871513849132,25.8691783102978,WA
10129,2014,November,11,75 to 84,14,26.7789622395173,7461,1025,1013,187.642407184024,95.186293173783,13.2837407013815,137.760022041604,23.5916099774607,19.2712271674862,26.3750365658643,WA
10129,2014,December,12,75 to 84,33,31.9843330172652,7450,1025,1013,442.953020134228,187.642407184024,95.186293173783,97.0469984749757,26.7789622395173,23.5916099774607,29.6294159349419,WA
10129,2015,January,1,75 to 84,15,33.1600123056825,7605,1025,1013,197.23865877712,442.953020134228,187.642407184024,172.91832934291,31.9843330172652,26.7789622395173,30.7871513849132,WA
10129,2015,February,2,75 to 84,29,31.3384896507574,7400,1025,1013,391.891891891892,197.23865877712,442.953020134228,560.82253972493,33.1600123056825,31.9843330172652,28.7929666936246,WA
10129,2015,March,3,75 to 84,24,26.3334244137936,7509,1025,1013,319.616460247703,391.891891891892,197.23865877712,13.2082948091401,31.3384896507574,33.1600123056825,26.834950442848,WA
10129,2015,November,11,75 to 84,9,25.0642069468501,7821,1025,1013,115.074798619102,52.4315113383143,67.990209409845,187.642407184024,20.9631186439854,17.4142152232832,26.7789622395173,WA
10129,2015,December,12,75 to 84,3,28.0886512331617,7559,1025,1013,39.687789390131,115.074798619102,52.4315113383143,442.953020134228,25.0642069468501,20.9631186439854,31.9843330172652,WA
10129,2016,January,1,75 to 84,3,30.1095593411356,7627,1025,1013,39.333945194703,39.687789390131,115.074798619102,197.23865877712,28.0886512331617,25.0642069468501,33.1600123056825,WA
10129,2016,February,2,75 to 84,7,26.2033277351203,7928,1025,1013,88.2946518668012,39.333945194703,39.687789390131,391.891891891892,30.1095593411356,28.0886512331617,31.3384896507574,WA
10129,2016,March,3,75 to 84,11,24.9042261343598,7728,1025,1013,142.339544513458,88.2946518668012,39.333945194703,319.616460247703,26.2033277351203,30.1095593411356,26.3334244137936,WA
10129,2016,November,11,75 to 84,19,23.7883938163745,7696,1025,1013,246.881496881497,155.380033665674,222.280334728034,115.074798619102,21.7900461465313,17.2513617805987,25.0642069468501,WA
10129,2016,December,12,75 to 84,12,28.2682541677356,7384,1025,1013,162.513542795233,246.881496881497,155.380033665674,39.687789390131,23.7883938163745,21.7900461465313,28.0886512331617,WA
10129,2011,January,1,85+,35,30.1011422602426,7120,1025,1013,491.573033707865,27.6090557702927,125.540521690612,460.315246198912,27.9411190777459,28.231545804371,29.6934502197234,WA
10129,2011,February,2,85+,48,30.0092247077363,7228,1025,1013,664.084117321527,491.573033707865,27.6090557702927,53.8068334678504,30.1011422602426,27.9411190777459,27.7348976769684,WA
10129,2011,March,3,85+,33,26.2505425329934,7314,1025,1013,451.189499589828,664.084117321527,491.573033707865,55.8659217877095,30.0092247077363,30.1011422602426,27.3809048541303,WA
10129,2011,November,11,85+,11,24.3187335543105,7020,1025,1013,156.695156695157,273.972602739726,203.693644758284,125.540521690612,20.3480092130937,18.2887897789381,28.231545804371,WA
10129,2011,December,12,85+,2,28.1145585195384,7035,1025,1013,28.4292821606254,156.695156695157,273.972602739726,27.6090557702927,24.3187335543105,20.3480092130937,27.9411190777459,WA
10129,2012,January,1,85+,8,29.7103993120682,7442,1025,1013,107.497984412792,28.4292821606254,156.695156695157,491.573033707865,28.1145585195384,24.3187335543105,30.1011422602426,WA
10129,2012,February,2,85+,7,29.8352507826613,7462,1025,1013,93.8086303939963,107.497984412792,28.4292821606254,664.084117321527,29.7103993120682,28.1145585195384,30.0092247077363,WA
10129,2012,March,3,85+,9,26.4863916070045,7518,1025,1013,119.712689545092,93.8086303939963,107.497984412792,451.189499589828,29.8352507826613,29.7103993120682,26.2505425329934,WA
10129,2012,November,11,85+,16,25.4640649166009,7041,1025,1013,227.240448799886,307.348421346745,82.3045267489712,156.695156695157,20.0296982530451,17.189502258738,24.3187335543105,WA
10129,2012,December,12,85+,4,31.513174796383,7293,1025,1013,54.8471136706431,227.240448799886,307.348421346745,28.4292821606254,25.4640649166009,20.0296982530451,28.1145585195384,WA
10129,2013,January,1,85+,11,30.968561674597,7633,1025,1013,144.111096554435,54.8471136706431,227.240448799886,107.497984412792,31.513174796383,25.4640649166009,29.7103993120682,WA
10129,2013,February,2,85+,15,30.5728048959423,7406,1025,1013,202.538482311639,144.111096554435,54.8471136706431,93.8086303939963,30.968561674597,31.513174796383,29.8352507826613,WA
10129,2013,March,3,85+,32,25.9665812790901,7345,1025,1013,435.670524166099,202.538482311639,144.111096554435,119.712689545092,30.5728048959423,30.968561674597,26.4863916070045,WA
10129,2013,November,11,85+,9,21.9566001892919,7451,1025,1013,120.789155818011,603.51613749672,443.828016643551,227.240448799886,24.2002401167529,18.8990232674961,25.4640649166009,WA
10129,2013,December,12,85+,17,31.0469590445702,7460,1025,1013,227.882037533512,120.789155818011,603.51613749672,54.8471136706431,21.9566001892919,24.2002401167529,31.513174796383,WA
10129,2014,January,1,85+,33,28.4511527400648,7720,1025,1013,427.461139896373,227.882037533512,120.789155818011,144.111096554435,31.0469590445702,21.9566001892919,30.968561674597,WA
10129,2014,February,2,85+,45,28.033259744797,7517,1025,1013,598.643075695091,427.461139896373,227.882037533512,202.538482311639,28.4511527400648,31.0469590445702,30.5728048959423,WA
10129,2014,March,3,85+,17,25.4866670178425,7443,1025,1013,228.402525863227,598.643075695091,427.461139896373,435.670524166099,28.033259744797,28.4511527400648,25.9665812790901,WA
10129,2014,November,11,85+,34,25.1463007108331,7445,1025,1013,456.682337139019,281.803542673108,120.385232744783,120.789155818011,22.9053508073718,15.4148865238586,21.9566001892919,WA
10129,2014,December,12,85+,10,30.1752427641644,7340,1025,1013,136.239782016349,456.682337139019,281.803542673108,227.882037533512,25.1463007108331,22.9053508073718,31.0469590445702,WA
10129,2015,January,1,85+,40,29.8134385015923,7837,1025,1013,510.399387520735,136.239782016349,456.682337139019,427.461139896373,30.1752427641644,25.1463007108331,28.4511527400648,WA
10129,2015,February,2,85+,62,27.0655306724654,7536,1025,1013,822.717622080679,510.399387520735,136.239782016349,598.643075695091,29.8134385015923,30.1752427641644,28.033259744797,WA
10129,2015,March,3,85+,23,28.078189935265,7630,1025,1013,301.441677588467,822.717622080679,510.399387520735,228.402525863227,27.0655306724654,29.8134385015923,25.4866670178425,WA
10129,2015,November,11,85+,10,26.0805641114388,7483,1025,1013,133.636242148871,0,40.0855157669695,456.682337139019,23.4127271772806,20.7528412294755,25.1463007108331,WA
10129,2015,December,12,85+,54,29.9995813566159,7638,1025,1013,706.991358994501,133.636242148871,0,136.239782016349,26.0805641114388,23.4127271772806,30.1752427641644,WA
10129,2016,January,1,85+,71,31.3804159219687,7558,1025,1013,939.401958189998,706.991358994501,133.636242148871,510.399387520735,29.9995813566159,26.0805641114388,29.8134385015923,WA
10129,2016,February,2,85+,35,30.3277913029237,7712,1025,1013,453.838174273859,939.401958189998,706.991358994501,822.717622080679,31.3804159219687,29.9995813566159,27.0655306724654,WA
10129,2016,March,3,85+,19,27.2782089017487,7529,1025,1013,252.35755080356,453.838174273859,939.401958189998,301.441677588467,30.3277913029237,31.3804159219687,28.078189935265,WA
10129,2016,November,11,85+,32,24.6156467704786,7500,1025,1013,426.666666666667,324.763193504736,357.710651828299,133.636242148871,22.1806237736716,19.871601212466,26.0805641114388,WA
10129,2016,December,12,85+,9,30.2899202979019,7736,1025,1013,116.339193381593,426.666666666667,324.763193504736,706.991358994501,24.6156467704786,22.1806237736716,29.9995813566159,WA
10130,2011,January,1,75 to 84,14,32.1139622146642,13755,937,995,101.781170483461,197.455024133392,269.09851995814,140.211054534721,29.4810062953928,27.4248456907208,32.1511321383422,WA
10130,2011,February,2,75 to 84,14,26.8507425621974,13608,937,995,102.880658436214,101.781170483461,197.455024133392,139.839552513432,32.1139622146642,29.4810062953928,27.8864373194902,WA
10130,2011,March,3,75 to 84,26,27.5258503858829,13668,937,995,190.225343868891,102.880658436214,101.781170483461,110.635786989231,26.8507425621974,32.1139622146642,25.6825183661219,WA
10130,2011,November,11,75 to 84,33,28.5284825978371,13278,937,995,248.531405332128,447.885827070523,178.425395881347,269.09851995814,21.8379565546556,16.6145468456603,27.4248456907208,WA
10130,2011,December,12,75 to 84,34,27.2015681541742,13372,937,995,254.262638348789,248.531405332128,447.885827070523,197.455024133392,28.5284825978371,21.8379565546556,29.4810062953928,WA
10130,2012,January,1,75 to 84,42,30.8756101440783,13676,937,995,307.107341327874,254.262638348789,248.531405332128,101.781170483461,27.2015681541742,28.5284825978371,32.1139622146642,WA
10130,2012,February,2,75 to 84,12,29.933540680881,14217,937,995,84.4059928254906,307.107341327874,254.262638348789,102.880658436214,30.8756101440783,27.2015681541742,26.8507425621974,WA
10130,2012,March,3,75 to 84,18,24.9818948178893,13914,937,995,129.366106080207,84.4059928254906,307.107341327874,190.225343868891,29.933540680881,30.8756101440783,27.5258503858829,WA
10130,2012,November,11,75 to 84,71,26.4661868826993,13770,937,995,515.613652868555,579.458206576851,87.6552227903579,248.531405332128,19.8903675457761,18.2503294698385,28.5284825978371,WA
10130,2012,December,12,75 to 84,19,27.6238838837482,13961,937,995,136.093403051357,515.613652868555,579.458206576851,254.262638348789,26.4661868826993,19.8903675457761,27.2015681541742,WA
10130,2013,January,1,75 to 84,14,30.7488481920615,13587,937,995,103.039670273055,136.093403051357,515.613652868555,307.107341327874,27.6238838837482,26.4661868826993,30.8756101440783,WA
10130,2013,February,2,75 to 84,7,27.7443368714916,13449,937,995,52.0484794408506,103.039670273055,136.093403051357,84.4059928254906,30.7488481920615,27.6238838837482,29.933540680881,WA
10130,2013,March,3,75 to 84,7,24.5490466152371,13439,937,995,52.0872088697076,52.0484794408506,103.039670273055,129.366106080207,27.7443368714916,30.7488481920615,24.9818948178893,WA
10130,2013,November,11,75 to 84,15,28.3970885845087,13654,937,995,109.857917093892,14.5783220351338,37.0919881305638,515.613652868555,22.2450199205744,18.9786131144622,26.4661868826993,WA
10130,2013,December,12,75 to 84,13,28.2557047434917,13684,937,995,95.0014615609471,109.857917093892,14.5783220351338,136.093403051357,28.3970885845087,22.2450199205744,27.6238838837482,WA
10130,2014,January,1,75 to 84,28,26.9526663675347,14156,937,995,197.795987567109,95.0014615609471,109.857917093892,103.039670273055,28.2557047434917,28.3970885845087,30.7488481920615,WA
10130,2014,February,2,75 to 84,22,27.6531665143434,13771,937,995,159.75600900443,197.795987567109,95.0014615609471,52.0484794408506,26.9526663675347,28.2557047434917,27.7443368714916,WA
10130,2014,March,3,75 to 84,56,25.9801802757826,13835,937,995,404.77050957716,159.75600900443,197.795987567109,52.0872088697076,27.6531665143434,26.9526663675347,24.5490466152371,WA
10130,2014,November,11,75 to 84,20,26.9464201325842,13502,937,995,148.126203525404,65.028901734104,330.822833814317,109.857917093892,21.4133871950191,17.8805723049201,28.3970885845087,WA
10130,2014,December,12,75 to 84,9,29.0489604950149,13756,937,995,65.4259959290492,148.126203525404,65.028901734104,95.0014615609471,26.9464201325842,21.4133871950191,28.2557047434917,WA
10130,2015,January,1,75 to 84,16,30.1910566877518,14400,937,995,111.111111111111,65.4259959290492,148.126203525404,197.795987567109,29.0489604950149,26.9464201325842,26.9526663675347,WA
10130,2015,February,2,75 to 84,6,29.5698629137806,14191,937,995,42.2803185117328,111.111111111111,65.4259959290492,159.75600900443,30.1910566877518,29.0489604950149,27.6531665143434,WA
10130,2015,March,3,75 to 84,29,29.1925384588489,13831,937,995,209.673920902321,42.2803185117328,111.111111111111,404.77050957716,29.5698629137806,30.1910566877518,25.9801802757826,WA
10130,2015,November,11,75 to 84,33,28.4822713181403,14304,937,995,230.704697986577,137.665198237885,49.9429223744292,148.126203525404,21.3560879010153,18.3774811434899,26.9464201325842,WA
10130,2015,December,12,75 to 84,34,29.12743072132,14131,937,995,240.605760384969,230.704697986577,137.665198237885,65.4259959290492,28.4822713181403,21.3560879010153,29.0489604950149,WA
10130,2016,January,1,75 to 84,12,29.66180888933,14179,937,995,84.6322025530714,240.605760384969,230.704697986577,111.111111111111,29.12743072132,28.4822713181403,30.1910566877518,WA
10130,2016,February,2,75 to 84,59,27.8895199937463,14232,937,995,414.558740865655,84.6322025530714,240.605760384969,42.2803185117328,29.66180888933,29.12743072132,29.5698629137806,WA
10130,2016,March,3,75 to 84,73,28.0627372531484,13926,937,995,524.199339365216,414.558740865655,84.6322025530714,209.673920902321,27.8895199937463,29.66180888933,29.1925384588489,WA
10130,2016,November,11,75 to 84,1,23.7243944250393,14417,937,995,6.93625580911424,70.7814269535674,70.2493853178785,230.704697986577,23.9189665309869,17.4800739620312,28.4822713181403,WA
10130,2016,December,12,75 to 84,4,28.4944528533289,14731,937,995,27.1536216142828,6.93625580911424,70.7814269535674,240.605760384969,23.7243944250393,23.9189665309869,29.12743072132,WA
10130,2011,January,1,85+,3,32.0097866198463,13401,937,995,22.3863890754421,160.907210175465,267.101943908592,372.162262746558,31.1341096985723,25.3888764318004,28.7592769090758,WA
10130,2011,February,2,85+,49,28.4837919042721,13952,937,995,351.204128440367,22.3863890754421,160.907210175465,308.499151627333,32.0097866198463,31.1341096985723,27.3802514789218,WA
10130,2011,March,3,85+,9,26.2099391005801,13842,937,995,65.0195058517555,351.204128440367,22.3863890754421,467.324382464209,28.4837919042721,32.0097866198463,26.6299510080428,WA
10130,2011,November,11,85+,20,25.918648968408,13418,937,995,149.053510210165,151.2423478574,158.902130733117,267.101943908592,21.1412845524975,19.4226501019704,25.3888764318004,WA
10130,2011,December,12,85+,25,29.003826398263,13492,937,995,185.294989623481,149.053510210165,151.2423478574,160.907210175465,25.918648968408,21.1412845524975,31.1341096985723,WA
10130,2012,January,1,85+,7,32.4600564690735,13690,937,995,51.1322132943755,185.294989623481,149.053510210165,22.3863890754421,29.003826398263,25.918648968408,32.0097866198463,WA
10130,2012,February,2,85+,46,29.9186630843855,13452,937,995,341.956586381207,51.1322132943755,185.294989623481,351.204128440367,32.4600564690735,29.003826398263,28.4837919042721,WA
10130,2012,March,3,85+,1,25.5343582060503,13849,937,995,7.22073795941945,341.956586381207,51.1322132943755,65.0195058517555,29.9186630843855,32.4600564690735,26.2099391005801,WA
10130,2012,November,11,85+,26,27.5860546656411,14108,937,995,184.292599943295,165.586753059755,312.069090645185,149.053510210165,23.0490043619813,18.2951340136466,25.918648968408,WA
10130,2012,December,12,85+,45,28.5628384098103,14186,937,995,317.214154800508,184.292599943295,165.586753059755,185.294989623481,27.5860546656411,23.0490043619813,29.003826398263,WA
10130,2013,January,1,85+,19,29.5767847521907,14055,937,995,135.183208822483,317.214154800508,184.292599943295,51.1322132943755,28.5628384098103,27.5860546656411,32.4600564690735,WA
10130,2013,February,2,85+,16,28.220835907307,13561,937,995,117.985399306836,135.183208822483,317.214154800508,341.956586381207,29.5767847521907,28.5628384098103,29.9186630843855,WA
10130,2013,March,3,85+,4,24.8064839484627,13712,937,995,29.171528588098,117.985399306836,135.183208822483,7.22073795941945,28.220835907307,29.5767847521907,25.5343582060503,WA
10130,2013,November,11,85+,85,26.5516350542201,14084,937,995,603.521726782164,501.384419666243,279.5097828424,184.292599943295,23.7298041334128,16.440145640902,27.5860546656411,WA
10130,2013,December,12,85+,146,25.8738965692348,14271,937,995,1023.05374535772,603.521726782164,501.384419666243,317.214154800508,26.5516350542201,23.7298041334128,28.5628384098103,WA
10130,2014,January,1,85+,36,28.5014321598805,13711,937,995,262.562905696156,1023.05374535772,603.521726782164,135.183208822483,25.8738965692348,26.5516350542201,29.5767847521907,WA
10130,2014,February,2,85+,14,29.7053235357633,14032,937,995,99.7719498289624,262.562905696156,1023.05374535772,117.985399306836,28.5014321598805,25.8738965692348,28.220835907307,WA
10130,2014,March,3,85+,12,27.7161421069544,14269,937,995,84.0983951222931,99.7719498289624,262.562905696156,29.171528588098,29.7053235357633,28.5014321598805,24.8064839484627,WA
10130,2014,November,11,85+,53,26.7277762106795,14151,937,995,374.531835205993,150.128681727195,183.240538445275,603.521726782164,20.7863620971784,17.1947139156846,26.5516350542201,WA
10130,2014,December,12,85+,8,29.0224418990617,13543,937,995,59.0711068448645,374.531835205993,150.128681727195,1023.05374535772,26.7277762106795,20.7863620971784,25.8738965692348,WA
10130,2015,January,1,85+,48,28.4302357158411,14016,937,995,342.465753424658,59.0711068448645,374.531835205993,262.562905696156,29.0224418990617,26.7277762106795,28.5014321598805,WA
10130,2015,February,2,85+,28,27.2391004812529,14247,937,995,196.532603355092,342.465753424658,59.0711068448645,99.7719498289624,28.4302357158411,29.0224418990617,29.7053235357633,WA
10130,2015,March,3,85+,8,25.7620837730266,13831,937,995,57.8410816282265,196.532603355092,342.465753424658,84.0983951222931,27.2391004812529,28.4302357158411,27.7161421069544,WA
10130,2015,November,11,85+,100,25.572493771671,13794,937,995,724.952878062926,314.751346436315,312.96678284373,374.531835205993,23.3247802642007,15.900482893574,26.7277762106795,WA
10130,2015,December,12,85+,65,27.8310797162141,13960,937,995,465.616045845272,724.952878062926,314.751346436315,59.0711068448645,25.572493771671,23.3247802642007,29.0224418990617,WA
10130,2016,January,1,85+,57,29.8953169838841,14638,937,995,389.397458669217,465.616045845272,724.952878062926,342.465753424658,27.8310797162141,25.572493771671,28.4302357158411,WA
10130,2016,February,2,85+,22,28.6939203396073,13619,937,995,161.539026360232,389.397458669217,465.616045845272,196.532603355092,29.8953169838841,27.8310797162141,27.2391004812529,WA
10130,2016,March,3,85+,15,25.4184234204732,14229,937,995,105.418511490618,161.539026360232,389.397458669217,57.8410816282265,28.6939203396073,29.8953169838841,25.7620837730266,WA
10130,2016,November,11,85+,67,28.4795018632526,13948,937,995,480.355606538572,611.153552330023,129.301055958624,724.952878062926,20.7575633262739,17.8826423176513,25.572493771671,WA
10130,2016,December,12,85+,71,29.5375018612485,14743,937,995,481.584480770535,480.355606538572,611.153552330023,465.616045845272,28.4795018632526,20.7575633262739,27.8310797162141,WA
10131,2011,January,1,75 to 84,9,29.4994590232322,9165,1150,973,98.1996726677578,104.010169883277,281.531531531532,195.424761466835,28.4548955737434,28.3197304695616,30.6585118142447,WA
10131,2011,February,2,75 to 84,22,29.855820012836,9039,1150,973,243.389755503927,98.1996726677578,104.010169883277,68.0657969370391,29.4994590232322,28.4548955737434,31.162154433717,WA
10131,2011,March,3,75 to 84,35,25.8673415051831,8934,1150,973,391.761808820237,243.389755503927,98.1996726677578,168.88088268408,29.855820012836,29.4994590232322,25.191948488671,WA
10131,2011,November,11,75 to 84,18,25.6690424208818,8747,1150,973,205.784840516749,33.1345261762757,64.4606789858187,281.531531531532,21.5814206855257,15.8334229279888,28.3197304695616,WA
10131,2011,December,12,75 to 84,2,28.104096565772,9006,1150,973,22.2074172773706,205.784840516749,33.1345261762757,104.010169883277,25.6690424208818,21.5814206855257,28.4548955737434,WA
10131,2012,January,1,75 to 84,26,29.8761082649568,8997,1150,973,288.985217294654,22.2074172773706,205.784840516749,98.1996726677578,28.104096565772,25.6690424208818,29.4994590232322,WA
10131,2012,February,2,75 to 84,15,30.5645482825743,9136,1150,973,164.185639229422,288.985217294654,22.2074172773706,243.389755503927,29.8761082649568,28.104096565772,29.855820012836,WA
10131,2012,March,3,75 to 84,19,24.3332724251267,9058,1150,973,209.759328770148,164.185639229422,288.985217294654,391.761808820237,30.5645482825743,29.8761082649568,25.8673415051831,WA
10131,2012,November,11,75 to 84,28,29.3489235270814,8784,1150,973,318.761384335155,124.335933084661,33.2594235033259,205.784840516749,20.4770798291232,16.6337025885983,25.6690424208818,WA
10131,2012,December,12,75 to 84,37,27.4888414973039,8988,1150,973,411.659991099244,318.761384335155,124.335933084661,22.2074172773706,29.3489235270814,20.4770798291232,28.104096565772,WA
10131,2013,January,1,75 to 84,14,33.0820333627778,9326,1150,973,150.117949817714,411.659991099244,318.761384335155,288.985217294654,27.4888414973039,29.3489235270814,29.8761082649568,WA
10131,2013,February,2,75 to 84,37,25.0511709739501,9091,1150,973,406.9959300407,150.117949817714,411.659991099244,164.185639229422,33.0820333627778,27.4888414973039,30.5645482825743,WA
10131,2013,March,3,75 to 84,11,24.9165494614486,8895,1150,973,123.664980326026,406.9959300407,150.117949817714,209.759328770148,25.0511709739501,33.0820333627778,24.3332724251267,WA
10131,2013,November,11,75 to 84,5,29.1862355055207,8882,1150,973,56.2936275613601,78.740157480315,64.3362642075917,318.761384335155,25.2887523589966,17.665586899904,29.3489235270814,WA
10131,2013,December,12,75 to 84,3,29.4584566109281,9338,1150,973,32.1267937459842,56.2936275613601,78.740157480315,411.659991099244,29.1862355055207,25.2887523589966,27.4888414973039,WA
10131,2014,January,1,75 to 84,3,30.7190634547459,9147,1150,973,32.797638570023,32.1267937459842,56.2936275613601,150.117949817714,29.4584566109281,29.1862355055207,33.0820333627778,WA
10131,2014,February,2,75 to 84,5,29.1730239567415,8957,1150,973,55.8222619180529,32.797638570023,32.1267937459842,406.9959300407,30.7190634547459,29.4584566109281,25.0511709739501,WA
10131,2014,March,3,75 to 84,14,26.5991757473552,9379,1150,973,149.269644951487,55.8222619180529,32.797638570023,123.664980326026,29.1730239567415,30.7190634547459,24.9165494614486,WA
10131,2014,November,11,75 to 84,43,24.7702423051597,8907,1150,973,482.766363534299,212.314225053079,33.003300330033,56.2936275613601,24.2160224892063,19.3450770025139,29.1862355055207,WA
10131,2014,December,12,75 to 84,54,27.9219144457449,9226,1150,973,585.302406243226,482.766363534299,212.314225053079,32.1267937459842,24.7702423051597,24.2160224892063,29.4584566109281,WA
10131,2015,January,1,75 to 84,9,26.1671915148064,9180,1150,973,98.0392156862745,585.302406243226,482.766363534299,32.797638570023,27.9219144457449,24.7702423051597,30.7190634547459,WA
10131,2015,February,2,75 to 84,11,31.2114993898302,9263,1150,973,118.75202418223,98.0392156862745,585.302406243226,55.8222619180529,26.1671915148064,27.9219144457449,29.1730239567415,WA
10131,2015,March,3,75 to 84,18,23.9563542996896,9331,1150,973,192.905369199443,118.75202418223,98.0392156862745,149.269644951487,31.2114993898302,26.1671915148064,26.5991757473552,WA
10131,2015,November,11,75 to 84,73,26.9163856890685,9421,1150,973,774.864664048403,149.413020277481,107.19262514739,482.766363534299,23.4990543372332,20.41642657203,24.7702423051597,WA
10131,2015,December,12,75 to 84,34,30.0410503070891,9516,1150,973,357.2929802438,774.864664048403,149.413020277481,585.302406243226,26.9163856890685,23.4990543372332,27.9219144457449,WA
10131,2016,January,1,75 to 84,36,29.4861143285139,9283,1150,973,387.805666271679,357.2929802438,774.864664048403,98.0392156862745,30.0410503070891,26.9163856890685,26.1671915148064,WA
10131,2016,February,2,75 to 84,68,29.5081032942661,9177,1150,973,740.98289201264,387.805666271679,357.2929802438,118.75202418223,29.4861143285139,30.0410503070891,31.2114993898302,WA
10131,2016,March,3,75 to 84,24,25.1205268564069,9293,1150,973,258.258904551813,740.98289201264,387.805666271679,192.905369199443,29.5081032942661,29.4861143285139,23.9563542996896,WA
10131,2016,November,11,75 to 84,19,25.8636408824541,9493,1150,973,200.147477088381,74.1446880627052,199.11968140851,774.864664048403,25.6032058278912,19.0864238645277,26.9163856890685,WA
10131,2016,December,12,75 to 84,7,30.5392511951585,9510,1150,973,73.6067297581493,200.147477088381,74.1446880627052,357.2929802438,25.8636408824541,25.6032058278912,30.0410503070891,WA
10131,2011,January,1,85+,82,29.9073881082487,8818,1150,973,929.916080743933,136.986301369863,348.392897280288,192.285940504468,28.3780875230486,26.0148988293014,28.208098334786,WA
10131,2011,February,2,85+,15,27.4071234477569,8728,1150,973,171.86067827681,929.916080743933,136.986301369863,534.526017235737,29.9073881082487,28.3780875230486,26.7769217530101,WA
10131,2011,March,3,85+,24,27.1665170771957,9008,1150,973,266.429840142096,171.86067827681,929.916080743933,251.745050921158,27.4071234477569,29.9073881082487,27.3080124958948,WA
10131,2011,November,11,85+,21,25.3927412396293,9287,1150,973,226.122536879509,111.247079764156,0,348.392897280288,18.6020236925893,18.8490068137112,26.0148988293014,WA
10131,2011,December,12,85+,6,26.8847202709674,8793,1150,973,68.2360968952576,226.122536879509,111.247079764156,136.986301369863,25.3927412396293,18.6020236925893,28.3780875230486,WA
10131,2012,January,1,85+,13,27.2574954709198,8950,1150,973,145.251396648045,68.2360968952576,226.122536879509,929.916080743933,26.8847202709674,25.3927412396293,29.9073881082487,WA
10131,2012,February,2,85+,8,29.8737914388279,9007,1150,973,88.8198068169202,145.251396648045,68.2360968952576,171.86067827681,27.2574954709198,26.8847202709674,27.4071234477569,WA
10131,2012,March,3,85+,10,25.9238636799028,9109,1150,973,109.781534745856,88.8198068169202,145.251396648045,266.429840142096,29.8737914388279,27.2574954709198,27.1665170771957,WA
10131,2012,November,11,85+,9,25.5460456817909,8719,1150,973,103.222846656727,33.5420393559928,155.193437534641,226.122536879509,22.6136196311656,18.3049417696895,25.3927412396293,WA
10131,2012,December,12,85+,31,30.0652729416167,8958,1150,973,346.059388256307,103.222846656727,33.5420393559928,68.2360968952576,25.5460456817909,22.6136196311656,26.8847202709674,WA
10131,2013,January,1,85+,32,30.7429107249741,9105,1150,973,351.455244371225,346.059388256307,103.222846656727,145.251396648045,30.0652729416167,25.5460456817909,27.2574954709198,WA
10131,2013,February,2,85+,50,30.0050836905623,9512,1150,973,525.65180824222,351.455244371225,346.059388256307,88.8198068169202,30.7429107249741,30.0652729416167,29.8737914388279,WA
10131,2013,March,3,85+,26,27.7077758364221,9364,1150,973,277.659120034173,525.65180824222,351.455244371225,109.781534745856,30.0050836905623,30.7429107249741,25.9238636799028,WA
10131,2013,November,11,85+,61,26.8807581871457,8884,1150,973,686.627645204863,170.267106523359,139.350412691607,103.222846656727,23.4364242274973,16.8280239536128,25.5460456817909,WA
10131,2013,December,12,85+,44,28.9333302876328,9091,1150,973,483.9951600484,686.627645204863,170.267106523359,346.059388256307,26.8807581871457,23.4364242274973,30.0652729416167,WA
10131,2014,January,1,85+,12,30.5827744944538,9124,1150,973,131.521262604121,483.9951600484,686.627645204863,351.455244371225,28.9333302876328,26.8807581871457,30.7429107249741,WA
10131,2014,February,2,85+,30,29.4519944343851,9310,1150,973,322.234156820623,131.521262604121,483.9951600484,525.65180824222,30.5827744944538,28.9333302876328,30.0050836905623,WA
10131,2014,March,3,85+,26,24.1587109701508,9072,1150,973,286.596119929453,322.234156820623,131.521262604121,277.659120034173,29.4519944343851,30.5827744944538,27.7077758364221,WA
10131,2014,November,11,85+,8,25.9122695581651,9138,1150,973,87.5465090829503,203.230292009841,230.13698630137,686.627645204863,23.4957001029155,15.0013447063867,26.8807581871457,WA
10131,2014,December,12,85+,23,30.4079165127128,9405,1150,973,244.55077086656,87.5465090829503,203.230292009841,483.9951600484,25.9122695581651,23.4957001029155,28.9333302876328,WA
10131,2015,January,1,85+,14,30.0002398153873,9450,1150,973,148.148148148148,244.55077086656,87.5465090829503,131.521262604121,30.4079165127128,25.9122695581651,30.5827744944538,WA
10131,2015,February,2,85+,48,25.1735821599054,9354,1150,973,513.149454778704,148.148148148148,244.55077086656,322.234156820623,30.0002398153873,30.4079165127128,29.4519944343851,WA
10131,2015,March,3,85+,35,25.7271636972998,9202,1150,973,380.352097370137,513.149454778704,148.148148148148,286.596119929453,25.1735821599054,30.0002398153873,24.1587109701508,WA
10131,2015,November,11,85+,57,26.8075360753159,9224,1150,973,617.953165654814,88.8790134429508,120.508326029798,87.5465090829503,23.3277733742791,17.0337973390225,25.9122695581651,WA
10131,2015,December,12,85+,13,27.2806943201059,9267,1150,973,140.282723643034,617.953165654814,88.8790134429508,244.55077086656,26.8075360753159,23.3277733742791,30.4079165127128,WA
10131,2016,January,1,85+,94,28.3357720913295,9261,1150,973,1015.00917827448,140.282723643034,617.953165654814,148.148148148148,27.2806943201059,26.8075360753159,30.0002398153873,WA
10131,2016,February,2,85+,83,30.57288736656,9116,1150,973,910.487055726196,1015.00917827448,140.282723643034,513.149454778704,28.3357720913295,27.2806943201059,25.1735821599054,WA
10131,2016,March,3,85+,52,26.0452314322036,9536,1150,973,545.302013422819,910.487055726196,1015.00917827448,380.352097370137,30.57288736656,28.3357720913295,25.7271636972998,WA
10131,2016,November,11,85+,22,26.1555300814987,9400,1150,973,234.042553191489,222.74077216801,133.674947087,617.953165654814,21.7050509081411,15.1493718819364,26.8075360753159,WA
10131,2016,December,12,85+,42,27.1161583917486,9151,1150,973,458.966233198558,234.042553191489,222.74077216801,140.282723643034,26.1555300814987,21.7050509081411,27.2806943201059,WA
10132,2011,January,1,75 to 84,19,28.7517379642087,9191,1017,1208,206.723969100207,96.4320154291225,51.9966722129784,82.7557670425158,28.2173257461623,26.7901614333324,28.4368217603029,WA
10132,2011,February,2,75 to 84,18,28.1006656892501,9581,1017,1208,187.871829662874,206.723969100207,96.4320154291225,32.2788896061975,28.7517379642087,28.2173257461623,28.3650110945971,WA
10132,2011,March,3,75 to 84,5,24.2069291861231,9391,1017,1208,53.242466191034,187.871829662874,206.723969100207,249.843847595253,28.1006656892501,28.7517379642087,25.4658646173834,WA
10132,2011,November,11,75 to 84,0,27.7424534319432,9591,1017,1208,0,98.6085241590884,53.3731853116994,51.9966722129784,22.8586749673939,18.6161535603993,26.7901614333324,WA
10132,2011,December,12,75 to 84,2,29.8929530717044,9402,1017,1208,21.2720697723889,0,98.6085241590884,96.4320154291225,27.7424534319432,22.8586749673939,28.2173257461623,WA
10132,2012,January,1,75 to 84,10,28.9916684053131,9430,1017,1208,106.044538706257,21.2720697723889,0,206.723969100207,29.8929530717044,27.7424534319432,28.7517379642087,WA
10132,2012,February,2,75 to 84,19,29.156529898292,9334,1017,1208,203.556888793658,106.044538706257,21.2720697723889,187.871829662874,28.9916684053131,29.8929530717044,28.1006656892501,WA
10132,2012,March,3,75 to 84,8,23.8002793060297,9786,1017,1208,81.749437972614,203.556888793658,106.044538706257,53.242466191034,29.156529898292,28.9916684053131,24.2069291861231,WA
10132,2012,November,11,75 to 84,6,24.000809705876,9781,1017,1208,61.3434209181065,219.82623259709,299.305184393373,0,21.7346046283562,16.7115939285348,27.7424534319432,WA
10132,2012,December,12,75 to 84,3,28.878295252479,9697,1017,1208,30.9374033206146,61.3434209181065,219.82623259709,21.2720697723889,24.000809705876,21.7346046283562,29.8929530717044,WA
10132,2013,January,1,75 to 84,2,30.2404241042849,9510,1017,1208,21.0304942166141,30.9374033206146,61.3434209181065,106.044538706257,28.878295252479,24.000809705876,28.9916684053131,WA
10132,2013,February,2,75 to 84,17,27.7624127713445,9532,1017,1208,178.346621905162,21.0304942166141,30.9374033206146,203.556888793658,30.2404241042849,28.878295252479,29.156529898292,WA
10132,2013,March,3,75 to 84,23,27.9898805658925,9998,1017,1208,230.04600920184,178.346621905162,21.0304942166141,81.749437972614,27.7624127713445,30.2404241042849,23.8002793060297,WA
10132,2013,November,11,75 to 84,19,27.9934796759093,9637,1017,1208,197.156791532635,73.321462239447,170.785613823589,61.3434209181065,20.9288877642062,16.2754677172636,24.000809705876,WA
10132,2013,December,12,75 to 84,23,28.6575740300569,9510,1017,1208,241.850683491062,197.156791532635,73.321462239447,30.9374033206146,27.9934796759093,20.9288877642062,28.878295252479,WA
10132,2014,January,1,75 to 84,6,30.7513264946396,10004,1017,1208,59.9760095961615,241.850683491062,197.156791532635,21.0304942166141,28.6575740300569,27.9934796759093,30.2404241042849,WA
10132,2014,February,2,75 to 84,9,28.0156161683359,9886,1017,1208,91.0378312765527,59.9760095961615,241.850683491062,178.346621905162,30.7513264946396,28.6575740300569,27.7624127713445,WA
10132,2014,March,3,75 to 84,4,26.0772404388113,9560,1017,1208,41.8410041841004,91.0378312765527,59.9760095961615,230.04600920184,28.0156161683359,30.7513264946396,27.9898805658925,WA
10132,2014,November,11,75 to 84,24,26.2286818682158,9808,1017,1208,244.698205546493,90.7715582450832,50.1052209640245,197.156791532635,21.2847383529029,17.0947641755863,27.9934796759093,WA
10132,2014,December,12,75 to 84,6,30.150654845499,9406,1017,1208,63.7890708058686,244.698205546493,90.7715582450832,241.850683491062,26.2286818682158,21.2847383529029,28.6575740300569,WA
10132,2015,January,1,75 to 84,5,32.1212723626984,10018,1017,1208,49.9101617089239,63.7890708058686,244.698205546493,59.9760095961615,30.150654845499,26.2286818682158,30.7513264946396,WA
10132,2015,February,2,75 to 84,15,27.458796366873,10091,1017,1208,148.647309483698,49.9101617089239,63.7890708058686,91.0378312765527,32.1212723626984,30.150654845499,28.0156161683359,WA
10132,2015,March,3,75 to 84,20,24.5625023920308,9865,1017,1208,202.73694880892,148.647309483698,49.9101617089239,41.8410041841004,27.458796366873,32.1212723626984,26.0772404388113,WA
10132,2015,November,11,75 to 84,11,26.7965131541342,9856,1017,1208,111.607142857143,134.868762319743,29.97002997003,244.698205546493,18.8297787960687,18.8425013379197,26.2286818682158,WA
10132,2015,December,12,75 to 84,13,24.9258303467765,9984,1017,1208,130.208333333333,111.607142857143,134.868762319743,63.7890708058686,26.7965131541342,18.8297787960687,30.150654845499,WA
10132,2016,January,1,75 to 84,6,32.6027980084116,10024,1017,1208,59.8563447725459,130.208333333333,111.607142857143,49.9101617089239,24.9258303467765,26.7965131541342,32.1212723626984,WA
10132,2016,February,2,75 to 84,1,31.3712112221262,10303,1017,1208,9.70591089973794,59.8563447725459,130.208333333333,148.647309483698,32.6027980084116,24.9258303467765,27.458796366873,WA
10132,2016,March,3,75 to 84,5,27.7945705406176,9719,1017,1208,51.4456219775697,9.70591089973794,59.8563447725459,202.73694880892,31.3712112221262,32.6027980084116,24.5625023920308,WA
10132,2016,November,11,75 to 84,17,26.32829844336,9374,1017,1208,181.352677618946,40.5844155844156,60.8087564609304,111.607142857143,22.2409192621071,16.3817667501179,26.7965131541342,WA
10132,2016,December,12,75 to 84,8,28.7969550318173,9653,1017,1208,82.8757899098726,181.352677618946,40.5844155844156,130.208333333333,26.32829844336,22.2409192621071,24.9258303467765,WA
10132,2011,January,1,85+,3,31.1867736605805,9543,1017,1208,31.4366551398931,328.767123287671,425.531914893617,119.539230602043,27.4194631590439,26.9472704773566,29.2321967103908,WA
10132,2011,February,2,85+,3,25.9309017090412,9726,1017,1208,30.8451573103023,31.4366551398931,328.767123287671,42.2297297297297,31.1867736605805,27.4194631590439,30.2303967539945,WA
10132,2011,March,3,85+,12,26.8157080725043,9584,1017,1208,125.208681135225,30.8451573103023,31.4366551398931,126.22278321237,25.9309017090412,31.1867736605805,26.7915721213119,WA
10132,2011,November,11,85+,1,27.9643882669443,9572,1017,1208,10.4471374843293,31.8843660325221,41.6276407534603,425.531914893617,20.7760978645024,19.2220196872858,26.9472704773566,WA
10132,2011,December,12,85+,8,28.8018834545398,9372,1017,1208,85.3606487409304,10.4471374843293,31.8843660325221,328.767123287671,27.9643882669443,20.7760978645024,27.4194631590439,WA
10132,2012,January,1,85+,15,29.9055791141089,9539,1017,1208,157.249187545864,85.3606487409304,10.4471374843293,31.4366551398931,28.8018834545398,27.9643882669443,31.1867736605805,WA
10132,2012,February,2,85+,19,27.5285544183358,9754,1017,1208,194.791880254255,157.249187545864,85.3606487409304,30.8451573103023,29.9055791141089,28.8018834545398,25.9309017090412,WA
10132,2012,March,3,85+,32,28.1440087394038,9786,1017,1208,326.997751890456,194.791880254255,157.249187545864,125.208681135225,27.5285544183358,29.9055791141089,26.8157080725043,WA
10132,2012,November,11,85+,27,25.6687853196942,9433,1017,1208,286.229195377929,213.98002853067,149.317406143345,10.4471374843293,21.8697664711498,18.376251365675,27.9643882669443,WA
10132,2012,December,12,85+,7,31.5401557715574,9352,1017,1208,74.8502994011976,286.229195377929,213.98002853067,85.3606487409304,25.6687853196942,21.8697664711498,28.8018834545398,WA
10132,2013,January,1,85+,27,29.2096048547204,9689,1017,1208,278.666529053566,74.8502994011976,286.229195377929,157.249187545864,31.5401557715574,25.6687853196942,29.9055791141089,WA
10132,2013,February,2,85+,13,26.248901249111,9778,1017,1208,132.951523829004,278.666529053566,74.8502994011976,194.791880254255,29.2096048547204,31.5401557715574,27.5285544183358,WA
10132,2013,March,3,85+,23,28.4368757556547,9560,1017,1208,240.585774058577,132.951523829004,278.666529053566,326.997751890456,26.248901249111,29.2096048547204,28.1440087394038,WA
10132,2013,November,11,85+,33,28.4697014522384,9651,1017,1208,341.933478396021,73.3598826241878,177.694156998014,286.229195377929,22.4321207622193,17.1273904700607,25.6687853196942,WA
10132,2013,December,12,85+,17,27.710292054777,9636,1017,1208,176.421751764218,341.933478396021,73.3598826241878,74.8502994011976,28.4697014522384,22.4321207622193,31.5401557715574,WA
10132,2014,January,1,85+,42,31.726246753307,9731,1017,1208,431.610317541877,176.421751764218,341.933478396021,278.666529053566,27.710292054777,28.4697014522384,29.2096048547204,WA
10132,2014,February,2,85+,19,31.6011733851715,9433,1017,1208,201.420544895579,431.610317541877,176.421751764218,132.951523829004,31.726246753307,27.710292054777,26.248901249111,WA
10132,2014,March,3,85+,38,26.8237575434999,9990,1017,1208,380.38038038038,201.420544895579,431.610317541877,240.585774058577,31.6011733851715,31.726246753307,28.4368757556547,WA
10132,2014,November,11,85+,8,27.7071265965099,9736,1017,1208,82.1692686935086,151.960287711478,123.355263157895,341.933478396021,21.2715417369829,18.7618313152261,28.4697014522384,WA
10132,2014,December,12,85+,30,29.2979185685403,9737,1017,1208,308.10311184143,82.1692686935086,151.960287711478,176.421751764218,27.7071265965099,21.2715417369829,27.710292054777,WA
10132,2015,January,1,85+,29,30.6466943250542,9747,1017,1208,297.527444341849,308.10311184143,82.1692686935086,431.610317541877,29.2979185685403,27.7071265965099,31.726246753307,WA
10132,2015,February,2,85+,7,27.6589218164063,9649,1017,1208,72.546377862991,297.527444341849,308.10311184143,201.420544895579,30.6466943250542,29.2979185685403,31.6011733851715,WA
10132,2015,March,3,85+,9,25.723444335596,9994,1017,1208,90.0540324194517,72.546377862991,297.527444341849,380.38038038038,27.6589218164063,30.6466943250542,26.8237575434999,WA
10132,2015,November,11,85+,20,27.7085727406456,9676,1017,1208,206.69698222406,49.4951494753514,132.639526578921,82.1692686935086,22.1461098509222,18.4447179048678,27.7071265965099,WA
10132,2015,December,12,85+,31,29.9943165358996,9658,1017,1208,320.977428038932,206.69698222406,49.4951494753514,308.10311184143,27.7085727406456,22.1461098509222,29.2979185685403,WA
10132,2016,January,1,85+,13,29.6879410339315,9922,1017,1208,131.021971376739,320.977428038932,206.69698222406,297.527444341849,29.9943165358996,27.7085727406456,30.6466943250542,WA
10132,2016,February,2,85+,1,31.5531402559737,9898,1017,1208,10.1030511214387,131.021971376739,320.977428038932,72.546377862991,29.6879410339315,29.9943165358996,27.6589218164063,WA
10132,2016,March,3,85+,10,24.2389060223407,9667,1017,1208,103.444708803145,10.1030511214387,131.021971376739,90.0540324194517,31.5531402559737,29.6879410339315,25.723444335596,WA
10132,2016,November,11,85+,8,23.5196645746284,10239,1017,1208,78.1326301396621,30.0571085061617,20.1207243460765,206.69698222406,23.4960444187346,18.2810700545523,27.7085727406456,WA
10132,2016,December,12,85+,20,31.5330015225965,9959,1017,1208,200.823375840948,78.1326301396621,30.0571085061617,320.977428038932,23.5196645746284,23.4960444187346,29.9943165358996,WA
10133,2011,January,1,75 to 84,32,31.3413396526655,5984,1048,1041,534.75935828877,206.469373709566,70.2000702000702,225.08038585209,30.2381371063211,23.6500170187149,32.5228922812526,WA
10133,2011,February,2,75 to 84,22,31.0690297589127,5931,1048,1041,370.932389141797,534.75935828877,206.469373709566,34.5244260314172,31.3413396526655,30.2381371063211,30.1243534080393,WA
10133,2011,March,3,75 to 84,49,24.6436456387975,5895,1048,1041,831.212892281595,370.932389141797,534.75935828877,107.392160372293,31.0690297589127,31.3413396526655,26.3920170473211,WA
10133,2011,November,11,75 to 84,9,29.1168611818035,5940,1048,1041,151.515151515152,592.016238159675,116.90046760187,70.2000702000702,22.2276691477523,17.2669717348923,23.6500170187149,WA
10133,2011,December,12,75 to 84,1,29.231570650831,5905,1048,1041,16.9348010160881,151.515151515152,592.016238159675,206.469373709566,29.1168611818035,22.2276691477523,30.2381371063211,WA
10133,2012,January,1,75 to 84,4,29.5151780532789,6030,1048,1041,66.3349917081261,16.9348010160881,151.515151515152,534.75935828877,29.231570650831,29.1168611818035,31.3413396526655,WA
10133,2012,February,2,75 to 84,6,27.8189982931355,6164,1048,1041,97.3393900064893,66.3349917081261,16.9348010160881,370.932389141797,29.5151780532789,29.231570650831,31.0690297589127,WA
10133,2012,March,3,75 to 84,5,27.1627094764622,6132,1048,1041,81.5394651011089,97.3393900064893,66.3349917081261,831.212892281595,27.8189982931355,29.5151780532789,24.6436456387975,WA
10133,2012,November,11,75 to 84,10,24.5926313183957,6073,1048,1041,164.663263625885,133.533633784009,163.532297628782,151.515151515152,20.7321763217848,17.4173354645073,29.1168611818035,WA
10133,2012,December,12,75 to 84,11,26.908970191547,6084,1048,1041,180.802103879027,164.663263625885,133.533633784009,16.9348010160881,24.5926313183957,20.7321763217848,29.231570650831,WA
10133,2013,January,1,75 to 84,11,29.3245702337084,6136,1048,1041,179.269882659713,180.802103879027,164.663263625885,66.3349917081261,26.908970191547,24.5926313183957,29.5151780532789,WA
10133,2013,February,2,75 to 84,2,26.5028573381808,5924,1048,1041,33.7609723160027,179.269882659713,180.802103879027,97.3393900064893,29.3245702337084,26.908970191547,27.8189982931355,WA
10133,2013,March,3,75 to 84,1,24.3116349688727,6001,1048,1041,16.6638893517747,33.7609723160027,179.269882659713,81.5394651011089,26.5028573381808,29.3245702337084,27.1627094764622,WA
10133,2013,November,11,75 to 84,17,24.8700062710294,6135,1048,1041,277.098614506928,97.3709834469328,114.867082376108,164.663263625885,19.2513836097418,16.3232631746784,24.5926313183957,WA
10133,2013,December,12,75 to 84,21,26.4251275883609,6224,1048,1041,337.403598971722,277.098614506928,97.3709834469328,180.802103879027,24.8700062710294,19.2513836097418,26.908970191547,WA
10133,2014,January,1,75 to 84,9,30.2996896731798,5895,1048,1041,152.671755725191,337.403598971722,277.098614506928,179.269882659713,26.4251275883609,24.8700062710294,29.3245702337084,WA
10133,2014,February,2,75 to 84,11,30.2049262949891,6094,1048,1041,180.505415162455,152.671755725191,337.403598971722,33.7609723160027,30.2996896731798,26.4251275883609,26.5028573381808,WA
10133,2014,March,3,75 to 84,8,26.7994220191419,6159,1048,1041,129.891216106511,180.505415162455,152.671755725191,16.6638893517747,30.2049262949891,30.2996896731798,24.3116349688727,WA
10133,2014,November,11,75 to 84,17,24.7611143594178,5897,1048,1041,288.282177378328,130.144786074508,193.236714975845,277.098614506928,18.2069158344715,17.4535833546618,24.8700062710294,WA
10133,2014,December,12,75 to 84,24,32.2910594805695,5972,1048,1041,401.875418620228,288.282177378328,130.144786074508,337.403598971722,24.7611143594178,18.2069158344715,26.4251275883609,WA
10133,2015,January,1,75 to 84,15,26.6031347224542,6191,1048,1041,242.287191083831,401.875418620228,288.282177378328,152.671755725191,32.2910594805695,24.7611143594178,30.2996896731798,WA
10133,2015,February,2,75 to 84,5,30.2694231415426,5940,1048,1041,84.1750841750842,242.287191083831,401.875418620228,180.505415162455,26.6031347224542,32.2910594805695,30.2049262949891,WA
10133,2015,March,3,75 to 84,2,27.4647859430751,5987,1048,1041,33.4057123768164,84.1750841750842,242.287191083831,129.891216106511,30.2694231415426,26.6031347224542,26.7994220191419,WA
10133,2015,November,11,75 to 84,19,27.0561650625307,5918,1048,1041,321.054410273741,32.4728040266277,16.3559044815178,288.282177378328,19.016906294388,18.1155711370471,24.7611143594178,WA
10133,2015,December,12,75 to 84,17,28.3118327992826,5992,1048,1041,283.711615487316,321.054410273741,32.4728040266277,401.875418620228,27.0561650625307,19.016906294388,32.2910594805695,WA
10133,2016,January,1,75 to 84,3,30.7322593295713,6058,1048,1041,49.5212941564873,283.711615487316,321.054410273741,242.287191083831,28.3118327992826,27.0561650625307,26.6031347224542,WA
10133,2016,February,2,75 to 84,8,30.3821717500972,6115,1048,1041,130.825838103025,49.5212941564873,283.711615487316,84.1750841750842,30.7322593295713,28.3118327992826,30.2694231415426,WA
10133,2016,March,3,75 to 84,16,24.9601285778796,6244,1048,1041,256.24599615631,130.825838103025,49.5212941564873,33.4057123768164,30.3821717500972,30.7322593295713,27.4647859430751,WA
10133,2016,November,11,75 to 84,28,23.6663804232484,6306,1048,1041,444.021566761814,112.612612612613,15.8227848101266,321.054410273741,24.8558905251814,20.2871684042752,27.0561650625307,WA
10133,2016,December,12,75 to 84,14,30.3884613564669,6254,1048,1041,223.856731691717,444.021566761814,112.612612612613,283.711615487316,23.6663804232484,24.8558905251814,28.3118327992826,WA
10133,2011,January,1,85+,16,31.7567896221012,6063,1048,1041,263.895761174336,51.9930675909879,34.3819838404676,0,29.9652280252023,25.6406479613838,31.8664138301896,WA
10133,2011,February,2,85+,27,31.2615075542003,6101,1048,1041,442.550401573513,263.895761174336,51.9930675909879,0,31.7567896221012,29.9652280252023,28.6575591386227,WA
10133,2011,March,3,85+,8,26.9964014773151,5890,1048,1041,135.823429541596,442.550401573513,263.895761174336,34.4827586206897,31.2615075542003,31.7567896221012,26.2653503940001,WA
10133,2011,November,11,85+,3,24.7014193949149,6046,1048,1041,49.6195831955012,0,100.233879051119,34.3819838404676,25.2292651944218,18.9470134372899,25.6406479613838,WA
10133,2011,December,12,85+,10,27.4820604821331,6041,1048,1041,165.53550736633,49.6195831955012,0,51.9930675909879,24.7014193949149,25.2292651944218,29.9652280252023,WA
10133,2012,January,1,85+,17,28.8938272950452,5862,1048,1041,290.003411804845,165.53550736633,49.6195831955012,263.895761174336,27.4820604821331,24.7014193949149,31.7567896221012,WA
10133,2012,February,2,85+,33,29.266660668361,6066,1048,1041,544.015825914936,290.003411804845,165.53550736633,442.550401573513,28.8938272950452,27.4820604821331,31.2615075542003,WA
10133,2012,March,3,85+,27,23.4352474477505,5752,1048,1041,469.401947148818,544.015825914936,290.003411804845,135.823429541596,29.266660668361,28.8938272950452,26.9964014773151,WA
10133,2012,November,11,85+,7,26.3633743800628,6176,1048,1041,113.341968911917,129.827977929244,33.3889816360601,49.6195831955012,22.7963690153721,15.7772490609084,24.7014193949149,WA
10133,2012,December,12,85+,11,28.8222943258202,6260,1048,1041,175.718849840256,113.341968911917,129.827977929244,165.53550736633,26.3633743800628,22.7963690153721,27.4820604821331,WA
10133,2013,January,1,85+,12,32.2644254293026,5906,1048,1041,203.183203521842,175.718849840256,113.341968911917,290.003411804845,28.8222943258202,26.3633743800628,28.8938272950452,WA
10133,2013,February,2,85+,4,28.111337851733,5952,1048,1041,67.2043010752688,203.183203521842,175.718849840256,544.015825914936,32.2644254293026,28.8222943258202,29.266660668361,WA
10133,2013,March,3,85+,7,25.2137953538515,6063,1048,1041,115.454395513772,67.2043010752688,203.183203521842,469.401947148818,28.111337851733,32.2644254293026,23.4352474477505,WA
10133,2013,November,11,85+,41,23.9537665682862,6036,1048,1041,679.257786613651,629.787234042553,228.161668839635,113.341968911917,23.9562060408149,18.3438049047331,26.3633743800628,WA
10133,2013,December,12,85+,12,28.5413306057911,6089,1048,1041,197.076695680736,679.257786613651,629.787234042553,175.718849840256,23.9537665682862,23.9562060408149,28.8222943258202,WA
10133,2014,January,1,85+,3,27.2775553969056,5984,1048,1041,50.1336898395722,197.076695680736,679.257786613651,203.183203521842,28.5413306057911,23.9537665682862,32.2644254293026,WA
10133,2014,February,2,85+,9,28.4026961848258,5828,1048,1041,154.42690459849,50.1336898395722,197.076695680736,67.2043010752688,27.2775553969056,28.5413306057911,28.111337851733,WA
10133,2014,March,3,85+,9,25.0145618980486,5843,1048,1041,154.030463802841,154.42690459849,50.1336898395722,115.454395513772,28.4026961848258,27.2775553969056,25.2137953538515,WA
10133,2014,November,11,85+,2,25.2905589044429,5951,1048,1041,33.6077970089061,144.787644787645,98.8467874794069,679.257786613651,21.950582285007,19.1845883587017,23.9537665682862,WA
10133,2014,December,12,85+,9,28.7389289848285,6192,1048,1041,145.348837209302,33.6077970089061,144.787644787645,197.076695680736,25.2905589044429,21.950582285007,28.5413306057911,WA
10133,2015,January,1,85+,6,33.3120392494978,6364,1048,1041,94.2803268384664,145.348837209302,33.6077970089061,50.1336898395722,28.7389289848285,25.2905589044429,27.2775553969056,WA
10133,2015,February,2,85+,23,29.6543908022621,6179,1048,1041,372.228515941091,94.2803268384664,145.348837209302,154.42690459849,33.3120392494978,28.7389289848285,28.4026961848258,WA
10133,2015,March,3,85+,32,26.382369521501,6144,1048,1041,520.833333333333,372.228515941091,94.2803268384664,154.030463802841,29.6543908022621,33.3120392494978,25.0145618980486,WA
10133,2015,November,11,85+,4,24.6627156794923,6035,1048,1041,66.2800331400166,248.756218905473,65.4343203009979,33.6077970089061,22.091362938168,18.4661234595162,25.2905589044429,WA
10133,2015,December,12,85+,27,28.2784220774002,6061,1048,1041,445.471044382115,66.2800331400166,248.756218905473,145.348837209302,24.6627156794923,22.091362938168,28.7389289848285,WA
10133,2016,January,1,85+,15,29.3558665159384,6257,1048,1041,239.731500719195,445.471044382115,66.2800331400166,94.2803268384664,28.2784220774002,24.6627156794923,33.3120392494978,WA
10133,2016,February,2,85+,22,26.4526048363983,6250,1048,1041,352,239.731500719195,445.471044382115,372.228515941091,29.3558665159384,28.2784220774002,29.6543908022621,WA
10133,2016,March,3,85+,7,25.9690807773665,6170,1048,1041,113.452188006483,352,239.731500719195,520.833333333333,26.4526048363983,29.3558665159384,26.382369521501,WA
10133,2016,November,11,85+,38,24.5401282654474,6216,1048,1041,611.325611325611,211.244718882028,145.419292292778,66.2800331400166,21.762434044542,18.5019410075479,24.6627156794923,WA
10133,2016,December,12,85+,24,31.0908511333542,6174,1048,1041,388.726919339164,611.325611325611,211.244718882028,445.471044382115,24.5401282654474,21.762434044542,28.2784220774002,WA
10134,2011,January,1,75 to 84,9,31.3042228267211,16457,950,813,54.6879747220028,263.404354952002,282.09556706966,245.759156027094,28.665371975004,24.362175989326,29.0569058291372,WA
10134,2011,February,2,75 to 84,50,29.4406001715313,17420,950,813,287.026406429392,54.6879747220028,263.404354952002,11.6441546343735,31.3042228267211,28.665371975004,27.3780244501885,WA
10134,2011,March,3,75 to 84,30,27.0860307221761,17538,950,813,171.05713308245,287.026406429392,54.6879747220028,63.1893382352941,29.4406001715313,31.3042228267211,26.5810144428814,WA
10134,2011,November,11,75 to 84,52,24.8546080333919,17451,950,813,297.977193284053,124.319204357092,192.612735100838,282.09556706966,23.0932879340291,17.5534701846629,24.362175989326,WA
10134,2011,December,12,75 to 84,141,30.8091940256923,16846,950,813,836.993945150184,297.977193284053,124.319204357092,263.404354952002,24.8546080333919,23.0932879340291,28.665371975004,WA
10134,2012,January,1,75 to 84,66,29.5497373192088,17779,950,813,371.224478317116,836.993945150184,297.977193284053,54.6879747220028,30.8091940256923,24.8546080333919,31.3042228267211,WA
10134,2012,February,2,75 to 84,52,28.910612593319,17206,950,813,302.220155759619,371.224478317116,836.993945150184,287.026406429392,29.5497373192088,30.8091940256923,29.4406001715313,WA
10134,2012,March,3,75 to 84,20,24.8232268458764,17247,950,813,115.962196323998,302.220155759619,371.224478317116,171.05713308245,28.910612593319,29.5497373192088,27.0860307221761,WA
10134,2012,November,11,75 to 84,16,26.5008104270933,17196,950,813,93.0448941614329,5.68052715291979,17.2840928731924,297.977193284053,21.1852297893613,16.8646896914124,24.8546080333919,WA
10134,2012,December,12,75 to 84,10,29.0521214118622,17863,950,813,55.9816380227285,93.0448941614329,5.68052715291979,836.993945150184,26.5008104270933,21.1852297893613,30.8091940256923,WA
10134,2013,January,1,75 to 84,13,29.4159166361324,17431,950,813,74.5797716711606,55.9816380227285,93.0448941614329,371.224478317116,29.0521214118622,26.5008104270933,29.5497373192088,WA
10134,2013,February,2,75 to 84,57,28.8824647532207,17213,950,813,331.145064776622,74.5797716711606,55.9816380227285,302.220155759619,29.4159166361324,29.0521214118622,28.910612593319,WA
10134,2013,March,3,75 to 84,3,26.6262059357483,17580,950,813,17.0648464163823,331.145064776622,74.5797716711606,115.962196323998,28.8824647532207,29.4159166361324,24.8232268458764,WA
10134,2013,November,11,75 to 84,9,24.3247473569884,18393,950,813,48.9316587832328,57.0743679013755,239.466332174012,93.0448941614329,24.0934002527773,20.4701039616799,26.5008104270933,WA
10134,2013,December,12,75 to 84,19,28.2217736815623,17503,950,813,108.552819516654,48.9316587832328,57.0743679013755,55.9816380227285,24.3247473569884,24.0934002527773,29.0521214118622,WA
10134,2014,January,1,75 to 84,30,32.4578034288246,18223,950,813,164.627119574165,108.552819516654,48.9316587832328,74.5797716711606,28.2217736815623,24.3247473569884,29.4159166361324,WA
10134,2014,February,2,75 to 84,22,31.2053646291072,17989,950,813,122.296959252877,164.627119574165,108.552819516654,331.145064776622,32.4578034288246,28.2217736815623,28.8824647532207,WA
10134,2014,March,3,75 to 84,29,26.9610608974682,18037,950,813,160.780617619338,122.296959252877,164.627119574165,17.0648464163823,31.2053646291072,32.4578034288246,26.6262059357483,WA
10134,2014,November,11,75 to 84,47,25.4793728557599,18118,950,813,259.410530963683,55.6080742923873,312.970905297322,48.9316587832328,21.7088059539513,17.0896665641006,24.3247473569884,WA
10134,2014,December,12,75 to 84,69,26.1381093289698,17415,950,813,396.210163652024,259.410530963683,55.6080742923873,108.552819516654,25.4793728557599,21.7088059539513,28.2217736815623,WA
10134,2015,January,1,75 to 84,54,31.586069596377,17224,950,813,313.516024152346,396.210163652024,259.410530963683,164.627119574165,26.1381093289698,25.4793728557599,32.4578034288246,WA
10134,2015,February,2,75 to 84,9,28.3189359719103,17519,950,813,51.3727952508705,313.516024152346,396.210163652024,122.296959252877,31.586069596377,26.1381093289698,31.2053646291072,WA
10134,2015,March,3,75 to 84,17,26.1693479660884,17918,950,813,94.876660341556,51.3727952508705,313.516024152346,160.780617619338,28.3189359719103,31.586069596377,26.9610608974682,WA
10134,2015,November,11,75 to 84,44,26.5563886547074,18052,950,813,243.740305783293,171.262202431923,105.567285253917,259.410530963683,21.8240835959871,16.1633009592582,25.4793728557599,WA
10134,2015,December,12,75 to 84,30,28.5909865726404,18527,950,813,161.925837966211,243.740305783293,171.262202431923,396.210163652024,26.5563886547074,21.8240835959871,26.1381093289698,WA
10134,2016,January,1,75 to 84,87,30.540118355628,18241,950,813,476.947535771065,161.925837966211,243.740305783293,313.516024152346,28.5909865726404,26.5563886547074,31.586069596377,WA
10134,2016,February,2,75 to 84,20,29.2574606688989,17718,950,813,112.879557512135,476.947535771065,161.925837966211,51.3727952508705,30.540118355628,28.5909865726404,28.3189359719103,WA
10134,2016,March,3,75 to 84,13,26.6650984319933,17674,950,813,73.5543736562182,112.879557512135,476.947535771065,94.876660341556,29.2574606688989,30.540118355628,26.1693479660884,WA
10134,2016,November,11,75 to 84,176,27.0357535219023,17717,950,813,993.396173167015,377.503009081957,156.573281887826,243.740305783293,20.8958236441858,17.0967025165093,26.5563886547074,WA
10134,2016,December,12,75 to 84,111,30.1278397821911,17962,950,813,617.971272686783,993.396173167015,377.503009081957,161.925837966211,27.0357535219023,20.8958236441858,28.5909865726404,WA
10134,2011,January,1,85+,120,29.433329701202,16589,950,813,723.370908433299,1299.74695192086,536.298972564074,198.331680569329,27.5248427573029,25.7541913033636,29.9545317496833,WA
10134,2011,February,2,85+,118,27.2747978392115,16942,950,813,696.493920434423,723.370908433299,1299.74695192086,843.338213762811,29.433329701202,27.5248427573029,29.7073497591143,WA
10134,2011,March,3,85+,52,24.1931650218758,17194,950,813,302.431080609515,696.493920434423,723.370908433299,261.081113154928,27.2747978392115,29.433329701202,24.5482665675939,WA
10134,2011,November,11,85+,99,24.1769240260678,17443,950,813,567.562919222611,434.857240945242,272.40224731854,536.298972564074,23.3060388349639,15.9864434135733,25.7541913033636,WA
10134,2011,December,12,85+,119,29.5938130890241,16793,950,813,708.62859524802,567.562919222611,434.857240945242,1299.74695192086,24.1769240260678,23.3060388349639,27.5248427573029,WA
10134,2012,January,1,85+,16,31.4489519363616,17138,950,813,93.3597852724939,708.62859524802,567.562919222611,723.370908433299,29.5938130890241,24.1769240260678,29.433329701202,WA
10134,2012,February,2,85+,20,30.168463360539,17178,950,813,116.427989288625,93.3597852724939,708.62859524802,696.493920434423,31.4489519363616,29.5938130890241,27.2747978392115,WA
10134,2012,March,3,85+,8,26.5719698729904,16931,950,813,47.2506053983817,116.427989288625,93.3597852724939,302.431080609515,30.168463360539,31.4489519363616,24.1931650218758,WA
10134,2012,November,11,85+,42,24.97508931248,18038,950,813,232.841778467679,622.056857159468,534.131595938252,567.562919222611,22.9726008444817,19.2539768985941,24.1769240260678,WA
10134,2012,December,12,85+,43,29.03597415755,16998,950,813,252.970937757383,232.841778467679,622.056857159468,708.62859524802,24.97508931248,22.9726008444817,29.5938130890241,WA
10134,2013,January,1,85+,35,30.6623825758688,18015,950,813,194.28254232584,252.970937757383,232.841778467679,93.3597852724939,29.03597415755,24.97508931248,31.4489519363616,WA
10134,2013,February,2,85+,33,28.717686421406,17017,950,813,193.923723335488,194.28254232584,252.970937757383,116.427989288625,30.6623825758688,29.03597415755,30.168463360539,WA
10134,2013,March,3,85+,67,26.496703313147,17707,950,813,378.381431072457,193.923723335488,194.28254232584,47.2506053983817,28.717686421406,30.6623825758688,26.5719698729904,WA
10134,2013,November,11,85+,32,25.4410096362416,17829,950,813,179.482864995233,705.992181574188,590.777309775176,232.841778467679,20.9637988723196,19.6250163117039,24.97508931248,WA
10134,2013,December,12,85+,90,31.3680194463713,18257,950,813,492.961603768418,179.482864995233,705.992181574188,252.970937757383,25.4410096362416,20.9637988723196,29.03597415755,WA
10134,2014,January,1,85+,115,33.0278016356432,17553,950,813,655.158662336923,492.961603768418,179.482864995233,194.28254232584,31.3680194463713,25.4410096362416,30.6623825758688,WA
10134,2014,February,2,85+,12,27.2570217285351,17818,950,813,67.3476259961836,655.158662336923,492.961603768418,193.923723335488,33.0278016356432,31.3680194463713,28.717686421406,WA
10134,2014,March,3,85+,30,25.1915160365716,17722,950,813,169.28111951247,67.3476259961836,655.158662336923,378.381431072457,27.2570217285351,33.0278016356432,26.496703313147,WA
10134,2014,November,11,85+,24,25.7251935648167,18033,950,813,133.089336216936,191.612832585131,605.584837949983,179.482864995233,22.6719016058708,19.4540275326493,25.4410096362416,WA
10134,2014,December,12,85+,90,28.3242931476929,17319,950,813,519.660488480859,133.089336216936,191.612832585131,492.961603768418,25.7251935648167,22.6719016058708,31.3680194463713,WA
10134,2015,January,1,85+,45,27.2551003839562,17416,950,813,258.383096003675,519.660488480859,133.089336216936,655.158662336923,28.3242931476929,25.7251935648167,33.0278016356432,WA
10134,2015,February,2,85+,42,29.8677172600412,17809,950,813,235.835813352799,258.383096003675,519.660488480859,67.3476259961836,27.2551003839562,28.3242931476929,27.2570217285351,WA
10134,2015,March,3,85+,45,24.723757301529,18360,950,813,245.098039215686,235.835813352799,258.383096003675,169.28111951247,29.8677172600412,27.2551003839562,25.1915160365716,WA
10134,2015,November,11,85+,71,26.0345535730957,17958,950,813,395.366967368304,271.468144044321,338.2759203924,133.089336216936,19.8083535949433,17.595153860729,25.7251935648167,WA
10134,2015,December,12,85+,166,28.9185230105459,17814,950,813,931.85135286853,395.366967368304,271.468144044321,519.660488480859,26.0345535730957,19.8083535949433,28.3242931476929,WA
10134,2016,January,1,85+,71,30.6200834268337,17984,950,813,394.79537366548,931.85135286853,395.366967368304,258.383096003675,28.9185230105459,26.0345535730957,27.2551003839562,WA
10134,2016,February,2,85+,46,29.1475790647258,18096,950,813,254.19982316534,394.79537366548,931.85135286853,235.835813352799,30.6200834268337,28.9185230105459,29.8677172600412,WA
10134,2016,March,3,85+,14,25.4936993755975,17561,950,813,79.7221114970674,254.19982316534,394.79537366548,245.098039215686,29.1475790647258,30.6200834268337,24.723757301529,WA
10134,2016,November,11,85+,13,26.5716851216438,17576,950,813,73.9644970414201,1056.69810248835,219.854557754101,395.366967368304,23.154528738517,18.4256646375407,26.0345535730957,WA
10134,2016,December,12,85+,24,29.0360670154345,18050,950,813,132.963988919668,73.9644970414201,1056.69810248835,931.85135286853,26.5716851216438,23.154528738517,28.9185230105459,WA
