lga_code,year,month,month_num,age_group,deaths,tmean,erp,IRSD,IRSAD,mortality_rate,mortality_lag1,mortality_lag2,mortality_lag12,tmean_lag1,tmean_lag2,tmean_lag12,state
10040,2011,January,1,75 to 84,62,31.8026179797223,15393,1079,1140,402.780484635874,253.874933190807,113.439209929267,45.647212259537,28.5237147633799,24.857291641739,28.4937851945242,VIC
10040,2011,February,2,75 to 84,65,27.4935042455481,14886,1079,1140,436.651887679699,402.780484635874,253.874933190807,169.193286410395,31.8026179797223,28.5237147633799,29.9106773977888,VIC
10040,2011,March,3,75 to 84,84,24.957389440968,15247,1079,1140,550.928051419951,436.651887679699,402.780484635874,93.3146703992535,27.4935042455481,31.8026179797223,25.5609153881595,VIC
10040,2011,November,11,75 to 84,12,24.2751795605433,14743,1079,1140,81.3945601302313,71.3544369486248,25.9672812256557,113.439209929267,21.8275113067215,19.3765706263003,24.857291641739,VIC
10040,2011,December,12,75 to 84,37,29.2106698563315,14953,1079,1140,247.441984885976,81.3945601302313,71.3544369486248,253.874933190807,24.2751795605433,21.8275113067215,28.5237147633799,VIC
10040,2012,January,1,75 to 84,36,28.9901304008082,15132,1079,1140,237.906423473434,247.441984885976,81.3945601302313,402.780484635874,29.2106698563315,24.2751795605433,31.8026179797223,VIC
10040,2012,February,2,75 to 84,36,28.3467269342238,15385,1079,1140,233.994150146246,237.906423473434,247.441984885976,436.651887679699,28.9901304008082,29.2106698563315,27.4935042455481,VIC
10040,2012,March,3,75 to 84,25,26.0588799818355,15291,1079,1140,163.494866261199,233.994150146246,237.906423473434,550.928051419951,28.3467269342238,28.9901304008082,24.957389440968,VIC
10040,2012,November,11,75 to 84,3,23.2350069500367,15371,1079,1140,19.517272786416,76.90828686791,108.225108225108,81.3945601302313,23.8823319420845,17.5837909557681,24.2751795605433,VIC
10040,2012,December,12,75 to 84,13,27.3436349153912,15651,1079,1140,83.0617851894448,19.517272786416,76.90828686791,247.441984885976,23.2350069500367,23.8823319420845,29.2106698563315,VIC
10040,2013,January,1,75 to 84,5,30.8597181586512,15210,1079,1140,32.8731097961867,83.0617851894448,19.517272786416,237.906423473434,27.3436349153912,23.2350069500367,28.9901304008082,VIC
10040,2013,February,2,75 to 84,22,31.2658065147674,14982,1079,1140,146.842878120411,32.8731097961867,83.0617851894448,233.994150146246,30.8597181586512,27.3436349153912,28.3467269342238,VIC
10040,2013,March,3,75 to 84,9,23.3539512947998,15723,1079,1140,57.2409845449342,146.842878120411,32.8731097961867,163.494866261199,31.2658065147674,30.8597181586512,26.0588799818355,VIC
10040,2013,November,11,75 to 84,1,23.2317568618924,15788,1079,1140,6.33392449961997,46.067785455742,57.0378350972812,19.517272786416,21.5726004559525,20.3586974999655,23.2350069500367,VIC
10040,2013,December,12,75 to 84,7,28.9809897758506,15631,1079,1140,44.7828034034931,6.33392449961997,46.067785455742,83.0617851894448,23.2317568618924,21.5726004559525,27.3436349153912,VIC
10040,2014,January,1,75 to 84,8,29.2547348768065,15012,1079,1140,53.2907007727152,44.7828034034931,6.33392449961997,32.8731097961867,28.9809897758506,23.2317568618924,30.8597181586512,VIC
10040,2014,February,2,75 to 84,40,29.9731547653853,15397,1079,1140,259.790868350978,53.2907007727152,44.7828034034931,146.842878120411,29.2547348768065,28.9809897758506,31.2658065147674,VIC
10040,2014,March,3,75 to 84,4,24.9062036584864,16155,1079,1140,24.760136180749,259.790868350978,53.2907007727152,57.2409845449342,29.9731547653853,29.2547348768065,23.3539512947998,VIC
10040,2014,November,11,75 to 84,7,28.1707514357776,15374,1079,1140,45.5314166775075,32.7267967011389,92.0749753370602,6.33392449961997,17.8321995049096,17.0666432496991,23.2317568618924,VIC
10040,2014,December,12,75 to 84,8,28.0029245974682,15765,1079,1140,50.7453219156359,45.5314166775075,32.7267967011389,44.7828034034931,28.1707514357776,17.8321995049096,28.9809897758506,VIC
10040,2015,January,1,75 to 84,64,30.5456478921474,15796,1079,1140,405.165864775893,50.7453219156359,45.5314166775075,53.2907007727152,28.0029245974682,28.1707514357776,29.2547348768065,VIC
10040,2015,February,2,75 to 84,27,26.167465292737,15759,1079,1140,171.330668189606,405.165864775893,50.7453219156359,259.790868350978,30.5456478921474,28.0029245974682,29.9731547653853,VIC
10040,2015,March,3,75 to 84,19,24.7063780539568,16012,1079,1140,118.661004246815,171.330668189606,405.165864775893,24.760136180749,26.167465292737,30.5456478921474,24.9062036584864,VIC
10040,2015,November,11,75 to 84,22,26.5720293403083,15013,1079,1140,146.539665623127,160.978750804894,209.032748463926,45.5314166775075,23.6296899312866,18.7987154392671,28.1707514357776,VIC
10040,2015,December,12,75 to 84,11,27.9221751574121,15241,1079,1140,72.173741880454,146.539665623127,160.978750804894,50.7453219156359,26.5720293403083,23.6296899312866,28.0029245974682,VIC
10040,2016,January,1,75 to 84,11,28.4638203458118,15673,1079,1140,70.1843935430358,72.173741880454,146.539665623127,405.165864775893,27.9221751574121,26.5720293403083,30.5456478921474,VIC
10040,2016,February,2,75 to 84,33,30.8548160768794,15755,1079,1140,209.457315138051,70.1843935430358,72.173741880454,171.330668189606,28.4638203458118,27.9221751574121,26.167465292737,VIC
10040,2016,March,3,75 to 84,21,24.9330264381967,16277,1079,1140,129.016403514161,209.457315138051,70.1843935430358,118.661004246815,30.8548160768794,28.4638203458118,24.7063780539568,VIC
10040,2016,November,11,75 to 84,23,27.5932075396169,15806,1079,1140,145.514361634822,213.997985901309,18.5002466699556,146.539665623127,19.5938571783901,18.4762185440961,26.5720293403083,VIC
10040,2016,December,12,75 to 84,7,27.2264812004216,15753,1079,1140,44.4359804481686,145.514361634822,213.997985901309,72.173741880454,27.5932075396169,19.5938571783901,27.9221751574121,VIC
10040,2011,January,1,85+,183,29.9859496074303,15348,1079,1140,1192.33776387803,374.331550802139,208.695652173913,992.304576751721,28.5215274246916,25.6969165668488,30.0496391191345,VIC
10040,2011,February,2,85+,17,30.6907463884784,15341,1079,1140,110.814158138322,1192.33776387803,374.331550802139,475.914849829571,29.9859496074303,28.5215274246916,29.5903504052579,VIC
10040,2011,March,3,85+,21,26.5888321072658,14853,1079,1140,141.385578670976,110.814158138322,1192.33776387803,191.269895484664,30.6907463884784,29.9859496074303,21.0749379086313,VIC
10040,2011,November,11,85+,14,27.3589156671305,14779,1079,1140,94.7290073753299,131.07018808572,52.8890651857729,208.695652173913,23.2195011933989,18.6595443359401,25.6969165668488,VIC
10040,2011,December,12,85+,5,27.6519037161268,15489,1079,1140,32.2809735941636,94.7290073753299,131.07018808572,374.331550802139,27.3589156671305,23.2195011933989,28.5215274246916,VIC
10040,2012,January,1,85+,16,29.2842872818505,15487,1079,1140,103.312455607929,32.2809735941636,94.7290073753299,1192.33776387803,27.6519037161268,27.3589156671305,29.9859496074303,VIC
10040,2012,February,2,85+,19,27.4834495838888,15668,1079,1140,121.26627521062,103.312455607929,32.2809735941636,110.814158138322,29.2842872818505,27.6519037161268,30.6907463884784,VIC
10040,2012,March,3,85+,20,26.7809654959773,15231,1079,1140,131.311141750378,121.26627521062,103.312455607929,141.385578670976,27.4834495838888,29.2842872818505,26.5888321072658,VIC
10040,2012,November,11,85+,6,26.210524792567,15356,1079,1140,39.072675175827,77.9727095516569,213.876832106687,94.7290073753299,21.8648556082769,17.2807378113047,27.3589156671305,VIC
10040,2012,December,12,85+,6,31.6481641787863,15107,1079,1140,39.7166876282518,39.072675175827,77.9727095516569,32.2809735941636,26.210524792567,21.8648556082769,27.6519037161268,VIC
10040,2013,January,1,85+,8,26.2354382998166,15772,1079,1140,50.7227998985544,39.7166876282518,39.072675175827,103.312455607929,31.6481641787863,26.210524792567,29.2842872818505,VIC
10040,2013,February,2,85+,35,29.2350876155284,16187,1079,1140,216.222894915673,50.7227998985544,39.7166876282518,121.26627521062,26.2354382998166,31.6481641787863,27.4834495838888,VIC
10040,2013,March,3,85+,28,25.7123040688428,14989,1079,1140,186.803656014411,216.222894915673,50.7227998985544,131.311141750378,29.2350876155284,26.2354382998166,26.7809654959773,VIC
10040,2013,November,11,85+,39,27.6983024397697,15584,1079,1140,250.256673511294,294.720656073808,367.856916344263,39.072675175827,22.3494922886063,16.6074895946743,26.210524792567,VIC
10040,2013,December,12,85+,12,26.0481113159198,15143,1079,1140,79.2445354289111,250.256673511294,294.720656073808,39.7166876282518,27.6983024397697,22.3494922886063,31.6481641787863,VIC
10040,2014,January,1,85+,24,32.5918352029795,15778,1079,1140,152.110533654456,79.2445354289111,250.256673511294,50.7227998985544,26.0481113159198,27.6983024397697,26.2354382998166,VIC
10040,2014,February,2,85+,53,28.5061765863953,16011,1079,1140,331.022422084817,152.110533654456,79.2445354289111,216.222894915673,32.5918352029795,26.0481113159198,29.2350876155284,VIC
10040,2014,March,3,85+,21,26.9435572026667,15869,1079,1140,132.333480370534,331.022422084817,152.110533654456,186.803656014411,28.5061765863953,32.5918352029795,25.7123040688428,VIC
10040,2014,November,11,85+,2,25.2655715334575,15652,1079,1140,12.7779197546639,87.428963966777,149.205319493999,250.256673511294,21.300688956596,15.57141869791,27.6983024397697,VIC
10040,2014,December,12,85+,19,28.3137920471721,15304,1079,1140,124.150548876111,12.7779197546639,87.428963966777,79.2445354289111,25.2655715334575,21.300688956596,26.0481113159198,VIC
10040,2015,January,1,85+,17,30.0942757916303,15454,1079,1140,110.00388248997,124.150548876111,12.7779197546639,152.110533654456,28.3137920471721,25.2655715334575,32.5918352029795,VIC
10040,2015,February,2,85+,10,28.7769250100164,15768,1079,1140,63.4195839675292,110.00388248997,124.150548876111,331.022422084817,30.0942757916303,28.3137920471721,28.5061765863953,VIC
10040,2015,March,3,85+,36,24.3992740030905,15495,1079,1140,232.333010648596,63.4195839675292,110.00388248997,132.333480370534,28.7769250100164,30.0942757916303,26.9435572026667,VIC
10040,2015,November,11,85+,2,25.4092531994345,15510,1079,1140,12.8949065119278,204.931155939802,398.0227258137,12.7779197546639,24.5984063858848,18.2732820384364,25.2655715334575,VIC
10040,2015,December,12,85+,11,27.7598718757089,15860,1079,1140,69.3568726355612,12.8949065119278,204.931155939802,124.150548876111,25.4092531994345,24.5984063858848,28.3137920471721,VIC
10040,2016,January,1,85+,32,28.4446933878439,15281,1079,1140,209.410378901904,69.3568726355612,12.8949065119278,110.00388248997,27.7598718757089,25.4092531994345,30.0942757916303,VIC
10040,2016,February,2,85+,88,25.6171663906642,16160,1079,1140,544.554455445545,209.410378901904,69.3568726355612,63.4195839675292,28.4446933878439,27.7598718757089,28.7769250100164,VIC
10040,2016,March,3,85+,34,25.9126672801501,16275,1079,1140,208.909370199693,544.554455445545,209.410378901904,232.333010648596,25.6171663906642,28.4446933878439,24.3992740030905,VIC
10040,2016,November,11,85+,13,23.6001430207291,15685,1079,1140,82.881734140899,196.825396825397,144.841661728883,12.8949065119278,22.4584588087858,19.1949707883507,25.4092531994345,VIC
10040,2016,December,12,85+,25,26.8612429792327,15627,1079,1140,159.979522621104,82.881734140899,196.825396825397,69.3568726355612,23.6001430207291,22.4584588087858,27.7598718757089,VIC
10041,2011,January,1,75 to 84,6,30.5905349029347,9737,951,1034,61.6206223682859,39.8803589232303,82.0765363701652,342.258908798067,26.9152997341843,25.7625792201948,31.0011344931464,VIC
10041,2011,February,2,75 to 84,0,29.8197026537963,10110,951,1034,0,61.6206223682859,39.8803589232303,120.772946859903,30.5905349029347,26.9152997341843,27.4387493293253,VIC
10041,2011,March,3,75 to 84,0,24.067860829015,9728,951,1034,0,0,61.6206223682859,144.16640922665,29.8197026537963,30.5905349029347,23.2661141388484,VIC
10041,2011,November,11,75 to 84,8,26.5684555785771,9991,951,1034,80.0720648583725,20.4540805890775,19.3760899050572,82.0765363701652,21.2098527323468,13.763549372826,25.7625792201948,VIC
10041,2011,December,12,75 to 84,18,28.9257442643984,9937,951,1034,181.141189493811,80.0720648583725,20.4540805890775,39.8803589232303,26.5684555785771,21.2098527323468,26.9152997341843,VIC
10041,2012,January,1,75 to 84,27,33.4017895532914,9841,951,1034,274.362361548623,181.141189493811,80.0720648583725,61.6206223682859,28.9257442643984,26.5684555785771,30.5905349029347,VIC
10041,2012,February,2,75 to 84,7,27.3601960275722,9750,951,1034,71.7948717948718,274.362361548623,181.141189493811,0,33.4017895532914,28.9257442643984,29.8197026537963,VIC
10041,2012,March,3,75 to 84,7,29.0335671079653,9930,951,1034,70.4934541792548,71.7948717948718,274.362361548623,0,27.3601960275722,33.4017895532914,24.067860829015,VIC
10041,2012,November,11,75 to 84,12,28.8264177408133,9720,951,1034,123.456790123457,40.6050147193178,99.1276764472641,80.0720648583725,22.1820515718215,18.0659048817225,26.5684555785771,VIC
10041,2012,December,12,75 to 84,0,28.5416176216548,9719,951,1034,0,123.456790123457,40.6050147193178,181.141189493811,28.8264177408133,22.1820515718215,28.9257442643984,VIC
10041,2013,January,1,75 to 84,3,29.1552733751562,10158,951,1034,29.5333727111636,0,123.456790123457,274.362361548623,28.5416176216548,28.8264177408133,33.4017895532914,VIC
10041,2013,February,2,75 to 84,5,29.7490803882156,9693,951,1034,51.5836170432271,29.5333727111636,0,71.7948717948718,29.1552733751562,28.5416176216548,27.3601960275722,VIC
10041,2013,March,3,75 to 84,23,29.7855351791873,10009,951,1034,229.793186132481,51.5836170432271,29.5333727111636,70.4934541792548,29.7490803882156,29.1552733751562,29.0335671079653,VIC
10041,2013,November,11,75 to 84,16,26.8792222055357,10025,951,1034,159.600997506234,195.713866327429,118.110236220472,123.456790123457,20.9684660276509,16.1914463439401,28.8264177408133,VIC
10041,2013,December,12,75 to 84,50,27.9061003649431,10304,951,1034,485.248447204969,159.600997506234,195.713866327429,0,26.8792222055357,20.9684660276509,28.5416176216548,VIC
10041,2014,January,1,75 to 84,18,26.8769919359896,9881,951,1034,182.167796781702,485.248447204969,159.600997506234,29.5333727111636,27.9061003649431,26.8792222055357,29.1552733751562,VIC
10041,2014,February,2,75 to 84,24,27.6053236410163,10161,951,1034,236.19722468261,182.167796781702,485.248447204969,51.5836170432271,26.8769919359896,27.9061003649431,29.7490803882156,VIC
10041,2014,March,3,75 to 84,12,25.6603278176184,10106,951,1034,118.741341777162,236.19722468261,182.167796781702,229.793186132481,27.6053236410163,26.8769919359896,29.7855351791873,VIC
10041,2014,November,11,75 to 84,22,26.7236936955025,10601,951,1034,207.527591736629,100.542931831892,140.37902336308,159.600997506234,23.2064296352505,15.8696054630426,26.8792222055357,VIC
10041,2014,December,12,75 to 84,21,30.7632765990366,10089,951,1034,208.147487362474,207.527591736629,100.542931831892,485.248447204969,26.7236936955025,23.2064296352505,27.9061003649431,VIC
10041,2015,January,1,75 to 84,7,27.8927454296842,10419,951,1034,67.1849505710721,208.147487362474,207.527591736629,182.167796781702,30.7632765990366,26.7236936955025,26.8769919359896,VIC
10041,2015,February,2,75 to 84,13,29.0772042323153,10220,951,1034,127.20156555773,67.1849505710721,208.147487362474,236.19722468261,27.8927454296842,30.7632765990366,27.6053236410163,VIC
10041,2015,March,3,75 to 84,13,28.2574302306812,10018,951,1034,129.766420443202,127.20156555773,67.1849505710721,118.741341777162,29.0772042323153,27.8927454296842,25.6603278176184,VIC
10041,2015,November,11,75 to 84,14,24.477565312911,10130,951,1034,138.203356367226,68.8028307450364,84.9296970840804,207.527591736629,21.6934353772285,16.5552374165173,26.7236936955025,VIC
10041,2015,December,12,75 to 84,15,30.2768789963556,10137,951,1034,147.972773009766,138.203356367226,68.8028307450364,208.147487362474,24.477565312911,21.6934353772285,30.7632765990366,VIC
10041,2016,January,1,75 to 84,1,31.0094270008327,10615,951,1034,9.42063118228921,147.972773009766,138.203356367226,67.1849505710721,30.2768789963556,24.477565312911,27.8927454296842,VIC
10041,2016,February,2,75 to 84,1,29.8198026790169,10540,951,1034,9.4876660341556,9.42063118228921,147.972773009766,127.20156555773,31.0094270008327,30.2768789963556,29.0772042323153,VIC
10041,2016,March,3,75 to 84,17,23.7885211130165,10769,951,1034,157.860525582691,9.4876660341556,9.42063118228921,129.766420443202,29.8198026790169,31.0094270008327,28.2574302306812,VIC
10041,2016,November,11,75 to 84,12,26.4921957133697,10417,951,1034,115.196313717961,191.003724572629,120.571322574662,138.203356367226,19.1463931114895,18.2136071054353,24.477565312911,VIC
10041,2016,December,12,75 to 84,30,26.7219211005509,10572,951,1034,283.768444948922,115.196313717961,191.003724572629,147.972773009766,26.4921957133697,19.1463931114895,30.2768789963556,VIC
10041,2011,January,1,85+,32,31.9632208189538,9843,951,1034,325.104134918216,92.0810313075506,120.421475163071,280.461202866937,29.7756140121755,24.360556930316,31.9757453116282,VIC
10041,2011,February,2,85+,16,27.053827564207,9832,951,1034,162.73393002441,325.104134918216,92.0810313075506,82.0092260379293,31.9632208189538,29.7756140121755,28.0488292453657,VIC
10041,2011,March,3,85+,33,25.0480362893963,9972,951,1034,330.926594464501,162.73393002441,325.104134918216,204.624514016779,27.053827564207,31.9632208189538,23.9036459975326,VIC
10041,2011,November,11,85+,19,25.2089801915264,10254,951,1034,185.293543982836,432.9918682015,20.3004466098254,120.421475163071,22.0066021772637,15.6067564628752,24.360556930316,VIC
10041,2011,December,12,85+,34,29.5781147531309,9605,951,1034,353.982300884956,185.293543982836,432.9918682015,92.0810313075506,25.2089801915264,22.0066021772637,29.7756140121755,VIC
10041,2012,January,1,85+,42,32.6216763962005,9971,951,1034,421.221542473172,353.982300884956,185.293543982836,325.104134918216,29.5781147531309,25.2089801915264,31.9632208189538,VIC
10041,2012,February,2,85+,17,28.761650481688,9859,951,1034,172.431281062988,421.221542473172,353.982300884956,162.73393002441,32.6216763962005,29.5781147531309,27.053827564207,VIC
10041,2012,March,3,85+,25,25.1125439585826,9750,951,1034,256.410256410256,172.431281062988,421.221542473172,330.926594464501,28.761650481688,32.6216763962005,25.0480362893963,VIC
10041,2012,November,11,85+,14,26.5189661722025,9818,951,1034,142.59523324506,320.811342233261,380.854348944931,185.293543982836,23.3810588794603,17.4044786004479,25.2089801915264,VIC
10041,2012,December,12,85+,57,31.0889955150596,10189,951,1034,559.426832858966,142.59523324506,320.811342233261,353.982300884956,26.5189661722025,23.3810588794603,29.5781147531309,VIC
10041,2013,January,1,85+,16,26.5529022311195,9978,951,1034,160.352776107436,559.426832858966,142.59523324506,421.221542473172,31.0889955150596,26.5189661722025,32.6216763962005,VIC
10041,2013,February,2,85+,9,27.6470466880495,10213,951,1034,88.1229805150299,160.352776107436,559.426832858966,172.431281062988,26.5529022311195,31.0889955150596,28.761650481688,VIC
10041,2013,March,3,85+,0,27.9356891303058,10126,951,1034,0,88.1229805150299,160.352776107436,256.410256410256,27.6470466880495,26.5529022311195,25.1125439585826,VIC
10041,2013,November,11,85+,12,26.4444730753037,9928,951,1034,120.870265914585,73.8163028577455,30.466131816797,142.59523324506,23.2791215547208,14.9899845765316,26.5189661722025,VIC
10041,2013,December,12,85+,11,30.0402095346453,10183,951,1034,108.023175881371,120.870265914585,73.8163028577455,559.426832858966,26.4444730753037,23.2791215547208,31.0889955150596,VIC
10041,2014,January,1,85+,24,31.1048155315188,10028,951,1034,239.329876346231,108.023175881371,120.870265914585,160.352776107436,30.0402095346453,26.4444730753037,26.5529022311195,VIC
10041,2014,February,2,85+,40,31.2987473850888,10026,951,1034,398.962696987832,239.329876346231,108.023175881371,88.1229805150299,31.1048155315188,30.0402095346453,27.6470466880495,VIC
10041,2014,March,3,85+,12,25.8678199139801,10279,951,1034,116.742873820411,398.962696987832,239.329876346231,0,31.2987473850888,31.1048155315188,27.9356891303058,VIC
10041,2014,November,11,85+,19,26.2716018268389,10215,951,1034,186.000978952521,59.9161174355902,461.847389558233,120.870265914585,22.2304011547869,19.4717760107508,26.4444730753037,VIC
10041,2014,December,12,85+,67,29.4265643613311,9874,951,1034,678.549726554588,186.000978952521,59.9161174355902,108.023175881371,26.2716018268389,22.2304011547869,30.0402095346453,VIC
10041,2015,January,1,85+,9,29.5870994690457,10277,951,1034,87.5741948039311,678.549726554588,186.000978952521,239.329876346231,29.4265643613311,26.2716018268389,31.1048155315188,VIC
10041,2015,February,2,85+,10,30.2048235588072,10074,951,1034,99.2654357752631,87.5741948039311,678.549726554588,398.962696987832,29.5870994690457,29.4265643613311,31.2987473850888,VIC
10041,2015,March,3,85+,67,26.6665987471973,10154,951,1034,659.838487295647,99.2654357752631,87.5741948039311,116.742873820411,30.2048235588072,29.5870994690457,25.8678199139801,VIC
10041,2015,November,11,85+,11,28.2076150444834,10492,951,1034,104.841784216546,10.1988781234064,0,186.000978952521,21.3844215520355,17.8965582669594,26.2716018268389,VIC
10041,2015,December,12,85+,2,29.1715073517834,9991,951,1034,20.0180162145931,104.841784216546,10.1988781234064,678.549726554588,28.2076150444834,21.3844215520355,29.4265643613311,VIC
10041,2016,January,1,85+,2,29.9898940429577,10588,951,1034,18.8893086513034,20.0180162145931,104.841784216546,87.5741948039311,29.1715073517834,28.2076150444834,29.5870994690457,VIC
10041,2016,February,2,85+,21,30.068471805377,10371,951,1034,202.487706103558,18.8893086513034,20.0180162145931,99.2654357752631,29.9898940429577,29.1715073517834,30.2048235588072,VIC
10041,2016,March,3,85+,13,26.3678704784273,10349,951,1034,125.616001546043,202.487706103558,18.8893086513034,659.838487295647,30.068471805377,29.9898940429577,26.6665987471973,VIC
10041,2016,November,11,85+,60,26.2793958817185,10718,951,1034,559.8059339429,119.248732982212,19.1168036704263,104.841784216546,22.4426849993158,19.6701448130396,28.2076150444834,VIC
10041,2016,December,12,85+,12,28.613709815045,10288,951,1034,116.640746500778,559.8059339429,119.248732982212,20.0180162145931,26.2793958817185,22.4426849993158,29.1715073517834,VIC
10042,2011,January,1,75 to 84,70,28.9303411685125,16735,926,947,418.285031371377,335.222770768574,257.510729613734,297.807628944367,27.5271104213549,26.4398237636882,28.7990063586332,VIC
10042,2011,February,2,75 to 84,57,30.1153420464223,16579,926,947,343.808432354183,418.285031371377,335.222770768574,75.0422112438247,28.9303411685125,27.5271104213549,29.1831422491284,VIC
10042,2011,March,3,75 to 84,33,24.8308658516701,16588,926,947,198.93899204244,343.808432354183,418.285031371377,55.1944069667607,30.1153420464223,28.9303411685125,25.5325978843151,VIC
10042,2011,November,11,75 to 84,22,25.860176708399,16871,926,947,130.401280303479,48.5790624240952,12.2880314573605,257.510729613734,20.7034227415936,18.311567321404,26.4398237636882,VIC
10042,2011,December,12,75 to 84,14,28.6008962457696,16281,926,947,85.9898040660893,130.401280303479,48.5790624240952,335.222770768574,25.860176708399,20.7034227415936,27.5271104213549,VIC
10042,2012,January,1,75 to 84,30,29.8419908655087,16917,926,947,177.336407164391,85.9898040660893,130.401280303479,418.285031371377,28.6008962457696,25.860176708399,28.9303411685125,VIC
10042,2012,February,2,75 to 84,14,29.0607918242479,16378,926,947,85.4805226523385,177.336407164391,85.9898040660893,343.808432354183,29.8419908655087,28.6008962457696,30.1153420464223,VIC
10042,2012,March,3,75 to 84,23,23.5750469193865,17136,926,947,134.22035480859,85.4805226523385,177.336407164391,198.93899204244,29.0607918242479,29.8419908655087,24.8308658516701,VIC
10042,2012,November,11,75 to 84,3,25.8614260286722,16947,926,947,17.7022481855196,0,59.1856060606061,130.401280303479,21.4991412937094,19.1770952493777,25.860176708399,VIC
10042,2012,December,12,75 to 84,45,29.4758173011327,16790,926,947,268.01667659321,17.7022481855196,0,85.9898040660893,25.8614260286722,21.4991412937094,28.6008962457696,VIC
10042,2013,January,1,75 to 84,45,31.0094561245254,16807,926,947,267.745582197894,268.01667659321,17.7022481855196,177.336407164391,29.4758173011327,25.8614260286722,29.8419908655087,VIC
10042,2013,February,2,75 to 84,30,25.3271342184424,16811,926,947,178.454583308548,267.745582197894,268.01667659321,85.4805226523385,31.0094561245254,29.4758173011327,29.0607918242479,VIC
10042,2013,March,3,75 to 84,15,28.1213274149892,16906,926,947,88.7258961315509,178.454583308548,267.745582197894,134.22035480859,25.3271342184424,31.0094561245254,23.5750469193865,VIC
10042,2013,November,11,75 to 84,20,26.1092994902434,16348,926,947,122.339124051872,83.1996196588816,231.552007799647,17.7022481855196,24.6662317222015,16.6821474923659,25.8614260286722,VIC
10042,2013,December,12,75 to 84,12,26.8898854017969,17051,926,947,70.3771039821711,122.339124051872,83.1996196588816,268.01667659321,26.1092994902434,24.6662317222015,29.4758173011327,VIC
10042,2014,January,1,75 to 84,29,28.1524124908849,16786,926,947,172.763016799714,70.3771039821711,122.339124051872,267.745582197894,26.8898854017969,26.1092994902434,31.0094561245254,VIC
10042,2014,February,2,75 to 84,32,26.6877329611797,17030,926,947,187.903699354081,172.763016799714,70.3771039821711,178.454583308548,28.1524124908849,26.8898854017969,25.3271342184424,VIC
10042,2014,March,3,75 to 84,33,26.5871480659496,16784,926,947,196.615824594852,187.903699354081,172.763016799714,88.7258961315509,26.6877329611797,28.1524124908849,28.1213274149892,VIC
10042,2014,November,11,75 to 84,37,25.6604328322845,16885,926,947,219.129404797157,110.864745011086,5.7362473469856,122.339124051872,18.901470804614,15.5284202527971,26.1092994902434,VIC
10042,2014,December,12,75 to 84,16,28.462701163523,16875,926,947,94.8148148148148,219.129404797157,110.864745011086,70.3771039821711,25.6604328322845,18.901470804614,26.8898854017969,VIC
10042,2015,January,1,75 to 84,15,30.4712686853072,16906,926,947,88.7258961315509,94.8148148148148,219.129404797157,172.763016799714,28.462701163523,25.6604328322845,28.1524124908849,VIC
10042,2015,February,2,75 to 84,20,32.9415572225079,16735,926,947,119.510008963251,88.7258961315509,94.8148148148148,187.903699354081,30.4712686853072,28.462701163523,26.6877329611797,VIC
10042,2015,March,3,75 to 84,68,25.6598154168248,17491,926,947,388.771368132182,119.510008963251,88.7258961315509,196.615824594852,32.9415572225079,30.4712686853072,26.5871480659496,VIC
10042,2015,November,11,75 to 84,60,24.7115882107733,16938,926,947,354.233085370174,128.40716745462,141.860740040194,219.129404797157,22.5110115238502,15.3811466550142,25.6604328322845,VIC
10042,2015,December,12,75 to 84,36,28.3860527011051,17423,926,947,206.62342880101,354.233085370174,128.40716745462,94.8148148148148,24.7115882107733,22.5110115238502,28.462701163523,VIC
10042,2016,January,1,75 to 84,43,31.0820906915675,17392,926,947,247.240110395584,206.62342880101,354.233085370174,88.7258961315509,28.3860527011051,24.7115882107733,30.4712686853072,VIC
10042,2016,February,2,75 to 84,43,29.6637434395795,17121,926,947,251.15355411483,247.240110395584,206.62342880101,119.510008963251,31.0820906915675,28.3860527011051,32.9415572225079,VIC
10042,2016,March,3,75 to 84,6,27.6414829264108,17470,926,947,34.3445907269605,251.15355411483,247.240110395584,388.771368132182,29.6637434395795,31.0820906915675,25.6598154168248,VIC
10042,2016,November,11,75 to 84,40,27.5967587358186,17505,926,947,228.506141102542,90.3750564844103,159.407913464276,354.233085370174,22.6597319281149,18.352697625227,24.7115882107733,VIC
10042,2016,December,12,75 to 84,54,29.7172057663627,16957,926,947,318.452556466356,228.506141102542,90.3750564844103,206.62342880101,27.5967587358186,22.6597319281149,28.3860527011051,VIC
10042,2011,January,1,85+,165,33.7350436856885,16718,926,947,986.960162698887,727.228652808921,165.45529752408,168.33967204938,28.6176544779518,25.0276478678558,30.863248664251,VIC
10042,2011,February,2,85+,12,29.5554951361465,16383,926,947,73.2466581212232,986.960162698887,727.228652808921,99.7879506049645,33.7350436856885,28.6176544779518,31.0561054192376,VIC
10042,2011,March,3,85+,15,25.107893687288,16348,926,947,91.7543430389038,73.2466581212232,986.960162698887,510.886753436322,29.5554951361465,33.7350436856885,26.7775229689019,VIC
10042,2011,November,11,85+,67,25.5507047546642,16487,926,947,406.380784860799,657.774529508496,151.911040894452,165.45529752408,23.2723534047513,18.2327647463492,25.0276478678558,VIC
10042,2011,December,12,85+,143,29.1656708218924,15997,926,947,893.917609551791,406.380784860799,657.774529508496,727.228652808921,25.5507047546642,23.2723534047513,28.6176544779518,VIC
10042,2012,January,1,85+,76,29.4631084780524,16909,926,947,449.464782068721,893.917609551791,406.380784860799,986.960162698887,29.1656708218924,25.5507047546642,33.7350436856885,VIC
10042,2012,February,2,85+,10,33.4626186449674,16993,926,947,58.8477608426999,449.464782068721,893.917609551791,73.2466581212232,29.4631084780524,29.1656708218924,29.5554951361465,VIC
10042,2012,March,3,85+,27,27.9196431727739,16850,926,947,160.237388724036,58.8477608426999,449.464782068721,91.7543430389038,33.4626186449674,29.4631084780524,25.107893687288,VIC
10042,2012,November,11,85+,70,25.4260366167397,16257,926,947,430.583748539091,109.769484083425,451.027000670446,406.380784860799,21.6435616824025,18.9069154254823,25.5507047546642,VIC
10042,2012,December,12,85+,49,26.7449372891871,16403,926,947,298.725842833628,430.583748539091,109.769484083425,893.917609551791,25.4260366167397,21.6435616824025,29.1656708218924,VIC
10042,2013,January,1,85+,36,28.5995644875977,16177,926,947,222.538171478024,298.725842833628,430.583748539091,449.464782068721,26.7449372891871,25.4260366167397,29.4631084780524,VIC
10042,2013,February,2,85+,76,28.49427737636,16956,926,947,448.218919556499,222.538171478024,298.725842833628,58.8477608426999,28.5995644875977,26.7449372891871,33.4626186449674,VIC
10042,2013,March,3,85+,40,24.3847655029616,16792,926,947,238.208670795617,448.218919556499,222.538171478024,160.237388724036,28.49427737636,28.5995644875977,27.9196431727739,VIC
10042,2013,November,11,85+,85,23.8960129585111,16854,926,947,504.331316008069,339.568688192541,272.959909013364,430.583748539091,20.1087308686496,19.3846076499278,25.4260366167397,VIC
10042,2013,December,12,85+,75,27.7382794291297,16954,926,947,442.373481184381,504.331316008069,339.568688192541,298.725842833628,23.8960129585111,20.1087308686496,26.7449372891871,VIC
10042,2014,January,1,85+,69,27.1925376129118,17004,926,947,405.786873676782,442.373481184381,504.331316008069,222.538171478024,27.7382794291297,23.8960129585111,28.5995644875977,VIC
10042,2014,February,2,85+,85,30.2411210416783,16657,926,947,510.295971663565,405.786873676782,442.373481184381,448.218919556499,27.1925376129118,27.7382794291297,28.49427737636,VIC
10042,2014,March,3,85+,43,24.9095818547036,17267,926,947,249.029941506921,510.295971663565,405.786873676782,238.208670795617,30.2411210416783,27.1925376129118,24.3847655029616,VIC
10042,2014,November,11,85+,37,28.8382785502147,17446,926,947,212.082998968245,317.845584835876,76.4930862018241,504.331316008069,22.7089189869643,18.8057358880049,23.8960129585111,VIC
10042,2014,December,12,85+,7,27.6729597777989,17136,926,947,40.8496732026144,212.082998968245,317.845584835876,442.373481184381,28.8382785502147,22.7089189869643,27.7382794291297,VIC
10042,2015,January,1,85+,25,28.7378745336982,17160,926,947,145.687645687646,40.8496732026144,212.082998968245,405.786873676782,27.6729597777989,28.8382785502147,27.1925376129118,VIC
10042,2015,February,2,85+,32,26.7277797376653,17431,926,947,183.580976421318,145.687645687646,40.8496732026144,510.295971663565,28.7378745336982,27.6729597777989,30.2411210416783,VIC
10042,2015,March,3,85+,64,26.9034373403027,17286,926,947,370.24181418489,183.580976421318,145.687645687646,249.029941506921,26.7277797376653,28.7378745336982,24.9095818547036,VIC
10042,2015,November,11,85+,66,26.6430824525395,17644,926,947,374.064837905237,596.750369276219,141.459389366969,212.082998968245,19.2886702296229,19.8187329588699,28.8382785502147,VIC
10042,2015,December,12,85+,34,28.604709593797,16754,926,947,202.936612152322,374.064837905237,596.750369276219,40.8496732026144,26.6430824525395,19.2886702296229,27.6729597777989,VIC
10042,2016,January,1,85+,30,29.846914429928,16550,926,947,181.268882175227,202.936612152322,374.064837905237,145.687645687646,28.604709593797,26.6430824525395,28.7378745336982,VIC
10042,2016,February,2,85+,103,31.1064526266648,17925,926,947,574.616457461646,181.268882175227,202.936612152322,183.580976421318,29.846914429928,28.604709593797,26.7277797376653,VIC
10042,2016,March,3,85+,62,27.6560516535671,17454,926,947,355.219433940644,574.616457461646,181.268882175227,370.24181418489,31.1064526266648,29.846914429928,26.9034373403027,VIC
10042,2016,November,11,85+,24,27.109801580555,17484,926,947,137.268359643102,50.8417128008135,87.2143729286587,374.064837905237,21.5822038206394,19.9982821047799,26.6430824525395,VIC
10042,2016,December,12,85+,17,27.7363019310823,17389,926,947,97.7629535913509,137.268359643102,50.8417128008135,202.936612152322,27.109801580555,21.5822038206394,28.604709593797,VIC
10043,2011,January,1,75 to 84,2,28.2966954609777,2618,990,894,76.3941940412529,229.885057471264,153.19800842589,318.344608038201,30.292790460997,25.2380993866091,27.9026572309102,VIC
10043,2011,February,2,75 to 84,1,27.7124003304787,2661,990,894,37.5798571965427,76.3941940412529,229.885057471264,389.71161340608,28.2966954609777,30.292790460997,28.249060029182,VIC
10043,2011,March,3,75 to 84,0,28.7484973567955,2567,990,894,0,37.5798571965427,76.3941940412529,0,27.7124003304787,28.2966954609777,25.4114828228668,VIC
10043,2011,November,11,75 to 84,1,28.7537152023749,2578,990,894,38.7897595034911,150.772710139465,650.593187906621,153.19800842589,21.756912034736,17.4269850655216,25.2380993866091,VIC
10043,2011,December,12,75 to 84,1,29.1815016292129,2582,990,894,38.7296669248645,38.7897595034911,150.772710139465,229.885057471264,28.7537152023749,21.756912034736,30.292790460997,VIC
10043,2012,January,1,75 to 84,12,31.1618266346093,2628,990,894,456.62100456621,38.7296669248645,38.7897595034911,76.3941940412529,29.1815016292129,28.7537152023749,28.2966954609777,VIC
10043,2012,February,2,75 to 84,1,27.8517582218192,2596,990,894,38.5208012326656,456.62100456621,38.7296669248645,37.5798571965427,31.1618266346093,29.1815016292129,27.7124003304787,VIC
10043,2012,March,3,75 to 84,2,24.550393176532,2667,990,894,74.9906261717285,38.5208012326656,456.62100456621,0,27.8517582218192,31.1618266346093,28.7484973567955,VIC
10043,2012,November,11,75 to 84,0,25.9569785272483,2659,990,894,0,416.036308623298,110.741971207087,38.7897595034911,21.8685449999043,19.4909770517247,28.7537152023749,VIC
10043,2012,December,12,75 to 84,0,31.2112763307203,2651,990,894,0,0,416.036308623298,38.7296669248645,25.9569785272483,21.8685449999043,29.1815016292129,VIC
10043,2013,January,1,75 to 84,6,27.959565172425,2501,990,894,239.904038384646,0,0,456.62100456621,31.2112763307203,25.9569785272483,31.1618266346093,VIC
10043,2013,February,2,75 to 84,5,31.6662651352654,2655,990,894,188.323917137476,239.904038384646,0,38.5208012326656,27.959565172425,31.2112763307203,27.8517582218192,VIC
10043,2013,March,3,75 to 84,1,26.8662325443414,2666,990,894,37.5093773443361,188.323917137476,239.904038384646,74.9906261717285,31.6662651352654,27.959565172425,24.550393176532,VIC
10043,2013,November,11,75 to 84,7,27.7169507861772,2591,990,894,270.165959089155,117.739403453689,74.5990302126073,0,22.8768567681147,17.9069907620577,25.9569785272483,VIC
10043,2013,December,12,75 to 84,2,29.4881096321316,2652,990,894,75.4147812971343,270.165959089155,117.739403453689,0,27.7169507861772,22.8768567681147,31.2112763307203,VIC
10043,2014,January,1,75 to 84,1,29.7359049592445,2693,990,894,37.1333085777943,75.4147812971343,270.165959089155,239.904038384646,29.4881096321316,27.7169507861772,27.959565172425,VIC
10043,2014,February,2,75 to 84,1,26.6544200339006,2709,990,894,36.9139904023625,37.1333085777943,75.4147812971343,188.323917137476,29.7359049592445,29.4881096321316,31.6662651352654,VIC
10043,2014,March,3,75 to 84,3,25.5255517297796,2716,990,894,110.456553755523,36.9139904023625,37.1333085777943,37.5093773443361,26.6544200339006,29.7359049592445,26.8662325443414,VIC
10043,2014,November,11,75 to 84,9,25.817740859234,2557,990,894,351.974970668752,37.1885459278542,112.233445566779,270.165959089155,21.5997892517829,17.5943069145786,27.7169507861772,VIC
10043,2014,December,12,75 to 84,2,29.3968388270401,2692,990,894,74.2942050520059,351.974970668752,37.1885459278542,75.4147812971343,25.817740859234,21.5997892517829,29.4881096321316,VIC
10043,2015,January,1,75 to 84,7,30.815357916827,2697,990,894,259.547645532073,74.2942050520059,351.974970668752,37.1333085777943,29.3968388270401,25.817740859234,29.7359049592445,VIC
10043,2015,February,2,75 to 84,6,32.2603133865023,2659,990,894,225.648740127868,259.547645532073,74.2942050520059,36.9139904023625,30.815357916827,29.3968388270401,26.6544200339006,VIC
10043,2015,March,3,75 to 84,6,27.6071103464856,2703,990,894,221.975582685905,225.648740127868,259.547645532073,110.456553755523,32.2603133865023,30.815357916827,25.5255517297796,VIC
10043,2015,November,11,75 to 84,2,26.8112858346662,2685,990,894,74.487895716946,36.7782272894447,75.3579502637528,351.974970668752,20.1800369318078,20.11141961273,25.817740859234,VIC
10043,2015,December,12,75 to 84,0,25.7616600944386,2697,990,894,0,74.487895716946,36.7782272894447,74.2942050520059,26.8112858346662,20.1800369318078,29.3968388270401,VIC
10043,2016,January,1,75 to 84,3,32.6835274562063,2728,990,894,109.970674486804,0,74.487895716946,259.547645532073,25.7616600944386,26.8112858346662,30.815357916827,VIC
10043,2016,February,2,75 to 84,3,28.9514057705106,2772,990,894,108.225108225108,109.970674486804,0,225.648740127868,32.6835274562063,25.7616600944386,32.2603133865023,VIC
10043,2016,March,3,75 to 84,0,24.0945935376972,2686,990,894,0,108.225108225108,109.970674486804,221.975582685905,28.9514057705106,32.6835274562063,27.6071103464856,VIC
10043,2016,November,11,75 to 84,22,26.1791535292741,2800,990,894,785.714285714286,184.297825285662,148.09329877823,74.487895716946,21.5208084074344,16.3324941430897,26.8112858346662,VIC
10043,2016,December,12,75 to 84,2,29.822446222186,2737,990,894,73.0727073438071,785.714285714286,184.297825285662,0,26.1791535292741,21.5208084074344,25.7616600944386,VIC
10043,2011,January,1,85+,9,30.6669626195892,2608,990,894,345.092024539877,388.048117966628,75.7575757575758,580.270793036751,31.175157165064,22.8335882977569,29.3485584681213,VIC
10043,2011,February,2,85+,15,31.8619993966685,2621,990,894,572.300648607402,345.092024539877,388.048117966628,188.821752265861,30.6669626195892,31.175157165064,30.6936095588629,VIC
10043,2011,March,3,85+,11,27.6233087027594,2565,990,894,428.849902534113,572.300648607402,345.092024539877,222.222222222222,31.8619993966685,30.6669626195892,25.3705510475171,VIC
10043,2011,November,11,85+,4,23.8924372408047,2726,990,894,146.735143066765,147.819660014782,194.552529182879,75.7575757575758,22.4374876109263,17.3394350510396,22.8335882977569,VIC
10043,2011,December,12,85+,2,30.9954072782386,2638,990,894,75.8150113722517,146.735143066765,147.819660014782,388.048117966628,23.8924372408047,22.4374876109263,31.175157165064,VIC
10043,2012,January,1,85+,15,33.5682673673769,2629,990,894,570.559147965006,75.8150113722517,146.735143066765,345.092024539877,30.9954072782386,23.8924372408047,30.6669626195892,VIC
10043,2012,February,2,85+,10,27.8622488334501,2667,990,894,374.953130858643,570.559147965006,75.8150113722517,572.300648607402,33.5682673673769,30.9954072782386,31.8619993966685,VIC
10043,2012,March,3,85+,6,25.8223107600444,2630,990,894,228.136882129278,374.953130858643,570.559147965006,428.849902534113,27.8622488334501,33.5682673673769,27.6233087027594,VIC
10043,2012,November,11,85+,20,26.631791037751,2672,990,894,748.502994011976,317.082837891399,189.465706707086,146.735143066765,18.10744280341,18.5882972763853,23.8924372408047,VIC
10043,2012,December,12,85+,5,28.4723801867158,2596,990,894,192.604006163328,748.502994011976,317.082837891399,75.8150113722517,26.631791037751,18.10744280341,30.9954072782386,VIC
10043,2013,January,1,85+,25,29.4069290844443,2688,990,894,930.059523809524,192.604006163328,748.502994011976,570.559147965006,28.4723801867158,26.631791037751,33.5682673673769,VIC
10043,2013,February,2,85+,15,28.5183729550542,2711,990,894,553.301364810033,930.059523809524,192.604006163328,374.953130858643,29.4069290844443,28.4723801867158,27.8622488334501,VIC
10043,2013,March,3,85+,3,25.9175074996253,2651,990,894,113.1648434553,553.301364810033,930.059523809524,228.136882129278,28.5183729550542,29.4069290844443,25.8223107600444,VIC
10043,2013,November,11,85+,10,27.2751568991523,2642,990,894,378.501135503407,38.0952380952381,38.4172109104879,748.502994011976,25.3299038559659,18.5122333537645,26.631791037751,VIC
10043,2013,December,12,85+,3,30.5104526739593,2675,990,894,112.14953271028,378.501135503407,38.0952380952381,192.604006163328,27.2751568991523,25.3299038559659,28.4723801867158,VIC
10043,2014,January,1,85+,5,33.5023300641092,2659,990,894,188.040616773223,112.14953271028,378.501135503407,930.059523809524,30.5104526739593,27.2751568991523,29.4069290844443,VIC
10043,2014,February,2,85+,12,27.5817406066306,2678,990,894,448.095593726662,188.040616773223,112.14953271028,553.301364810033,33.5023300641092,30.5104526739593,28.5183729550542,VIC
10043,2014,March,3,85+,5,26.7510142711313,2662,990,894,187.828700225394,448.095593726662,188.040616773223,113.1648434553,27.5817406066306,33.5023300641092,25.9175074996253,VIC
10043,2014,November,11,85+,1,27.5156232716613,2732,990,894,36.6032210834553,514.327700220426,367.782272894447,378.501135503407,22.6978829636511,17.2166713365603,27.2751568991523,VIC
10043,2014,December,12,85+,5,27.8502400248396,2727,990,894,183.351668500183,36.6032210834553,514.327700220426,112.14953271028,27.5156232716613,22.6978829636511,30.5104526739593,VIC
10043,2015,January,1,85+,7,31.8216085342857,2660,990,894,263.157894736842,183.351668500183,36.6032210834553,188.040616773223,27.8502400248396,27.5156232716613,33.5023300641092,VIC
10043,2015,February,2,85+,19,28.7332820397682,2648,990,894,717.522658610272,263.157894736842,183.351668500183,448.095593726662,31.8216085342857,27.8502400248396,27.5817406066306,VIC
10043,2015,March,3,85+,4,24.7595965938365,2719,990,894,147.112909157779,717.522658610272,263.157894736842,187.828700225394,28.7332820397682,31.8216085342857,26.7510142711313,VIC
10043,2015,November,11,85+,3,27.9720212265685,2714,990,894,110.537951363301,72.4112961622013,74.1839762611276,36.6032210834553,20.4051452301355,16.7358564379868,27.5156232716613,VIC
10043,2015,December,12,85+,9,26.1789130830126,2666,990,894,337.584396099025,110.537951363301,72.4112961622013,183.351668500183,27.9720212265685,20.4051452301355,27.8502400248396,VIC
10043,2016,January,1,85+,4,30.4019481261761,2784,990,894,143.67816091954,337.584396099025,110.537951363301,263.157894736842,26.1789130830126,27.9720212265685,31.8216085342857,VIC
10043,2016,February,2,85+,6,30.0817641014087,2760,990,894,217.391304347826,143.67816091954,337.584396099025,717.522658610272,30.4019481261761,26.1789130830126,28.7332820397682,VIC
10043,2016,March,3,85+,7,28.7100644971677,2748,990,894,254.730713245997,217.391304347826,143.67816091954,147.112909157779,30.0817641014087,30.4019481261761,24.7595965938365,VIC
10043,2016,November,11,85+,20,28.512339149527,2765,990,894,723.327305605787,184.638109305761,504.141159524667,110.537951363301,21.4232482102372,20.2474223827067,27.9720212265685,VIC
10043,2016,December,12,85+,29,29.4443181707466,2783,990,894,1042.04096298958,723.327305605787,184.638109305761,337.584396099025,28.512339149527,21.4232482102372,26.1789130830126,VIC
10044,2011,January,1,75 to 84,15,33.1883758449207,7610,1025,936,197.109067017083,42.7289559891753,14.1222991102952,276.586917438805,29.2576588479026,24.5618228956975,29.1141707738051,VIC
10044,2011,February,2,75 to 84,1,31.0986400824603,7353,1025,936,13.5998912008704,197.109067017083,42.7289559891753,257.906882041537,33.1883758449207,29.2576588479026,30.0695764963147,VIC
10044,2011,March,3,75 to 84,3,27.6938610201942,7435,1025,936,40.3496973772697,13.5998912008704,197.109067017083,297.136682874122,31.0986400824603,33.1883758449207,26.1808998943674,VIC
10044,2011,November,11,75 to 84,3,24.7956857085128,7457,1025,936,40.2306557596889,41.2881915772089,134.336378291241,14.1222991102952,24.0849247765211,16.7669061560541,24.5618228956975,VIC
10044,2011,December,12,75 to 84,7,29.8104746905868,7364,1025,936,95.0570342205323,40.2306557596889,41.2881915772089,42.7289559891753,24.7956857085128,24.0849247765211,29.2576588479026,VIC
10044,2012,January,1,75 to 84,15,29.5209423868184,7332,1025,936,204.582651391162,95.0570342205323,40.2306557596889,197.109067017083,29.8104746905868,24.7956857085128,33.1883758449207,VIC
10044,2012,February,2,75 to 84,8,32.3891041607068,7423,1025,936,107.773137545467,204.582651391162,95.0570342205323,13.5998912008704,29.5209423868184,29.8104746905868,31.0986400824603,VIC
10044,2012,March,3,75 to 84,7,26.2893748969618,7480,1025,936,93.5828877005348,107.773137545467,204.582651391162,40.3496973772697,32.3891041607068,29.5209423868184,27.6938610201942,VIC
10044,2012,November,11,75 to 84,27,25.9350909701216,7295,1025,936,370.116518163126,119.284294234592,218.13224267212,40.2306557596889,18.2628811210882,19.5546488232212,24.7956857085128,VIC
10044,2012,December,12,75 to 84,4,29.0273944722641,7607,1025,936,52.583147101354,370.116518163126,119.284294234592,95.0570342205323,25.9350909701216,18.2628811210882,29.8104746905868,VIC
10044,2013,January,1,75 to 84,30,30.4193019877953,7529,1025,936,398.459290742462,52.583147101354,370.116518163126,204.582651391162,29.0273944722641,25.9350909701216,29.5209423868184,VIC
10044,2013,February,2,75 to 84,20,29.9174668492693,7532,1025,936,265.533722782793,398.459290742462,52.583147101354,107.773137545467,30.4193019877953,29.0273944722641,32.3891041607068,VIC
10044,2013,March,3,75 to 84,11,28.3885724280467,7566,1025,936,145.387258789321,265.533722782793,398.459290742462,93.5828877005348,29.9174668492693,30.4193019877953,26.2893748969618,VIC
10044,2013,November,11,75 to 84,3,24.7754740849521,7364,1025,936,40.7387289516567,105.05581089954,158.919348430671,370.116518163126,18.9142976729995,19.2323511885239,25.9350909701216,VIC
10044,2013,December,12,75 to 84,1,28.4268735572852,7428,1025,936,13.4625740441572,40.7387289516567,105.05581089954,52.583147101354,24.7754740849521,18.9142976729995,29.0273944722641,VIC
10044,2014,January,1,75 to 84,5,29.9609155037667,7602,1025,936,65.772165219679,13.4625740441572,40.7387289516567,398.459290742462,28.4268735572852,24.7754740849521,30.4193019877953,VIC
10044,2014,February,2,75 to 84,12,27.4083758328491,7389,1025,936,162.403572878603,65.772165219679,13.4625740441572,265.533722782793,29.9609155037667,28.4268735572852,29.9174668492693,VIC
10044,2014,March,3,75 to 84,6,25.2729326366316,7504,1025,936,79.9573560767591,162.403572878603,65.772165219679,145.387258789321,27.4083758328491,29.9609155037667,28.3885724280467,VIC
10044,2014,November,11,75 to 84,12,26.7672700537479,7372,1025,936,162.778079218665,41.2654745529574,38.3288616328095,40.7387289516567,23.4201239214756,19.6131457332111,24.7754740849521,VIC
10044,2014,December,12,75 to 84,11,28.9522886528149,7625,1025,936,144.262295081967,162.778079218665,41.2654745529574,13.4625740441572,26.7672700537479,23.4201239214756,28.4268735572852,VIC
10044,2015,January,1,75 to 84,11,30.988767602357,7496,1025,936,146.744930629669,144.262295081967,162.778079218665,65.772165219679,28.9522886528149,26.7672700537479,29.9609155037667,VIC
10044,2015,February,2,75 to 84,13,28.8038548365429,7343,1025,936,177.039357210949,146.744930629669,144.262295081967,162.403572878603,30.988767602357,28.9522886528149,27.4083758328491,VIC
10044,2015,March,3,75 to 84,9,24.5045859601167,8148,1025,936,110.456553755523,177.039357210949,146.744930629669,79.9573560767591,28.8038548365429,30.988767602357,25.2729326366316,VIC
10044,2015,November,11,75 to 84,9,27.906379195469,7620,1025,936,118.110236220472,53.0011925268319,0,162.778079218665,22.3118239696617,17.8101294648171,26.7672700537479,VIC
10044,2015,December,12,75 to 84,16,27.2942874652364,7534,1025,936,212.370586673746,118.110236220472,53.0011925268319,144.262295081967,27.906379195469,22.3118239696617,28.9522886528149,VIC
10044,2016,January,1,75 to 84,7,29.4480533640716,7965,1025,936,87.8844946641557,212.370586673746,118.110236220472,146.744930629669,27.2942874652364,27.906379195469,30.988767602357,VIC
10044,2016,February,2,75 to 84,31,30.1658383834796,7792,1025,936,397.843942505133,87.8844946641557,212.370586673746,177.039357210949,29.4480533640716,27.2942874652364,28.8038548365429,VIC
10044,2016,March,3,75 to 84,4,23.667256901861,7702,1025,936,51.9345624513114,397.843942505133,87.8844946641557,110.456553755523,30.1658383834796,29.4480533640716,24.5045859601167,VIC
10044,2016,November,11,75 to 84,15,24.8015786795688,7700,1025,936,194.805194805195,104.629871828407,117.386200599974,118.110236220472,21.743811143642,18.9303110580515,27.906379195469,VIC
10044,2016,December,12,75 to 84,1,29.4887106845606,7797,1025,936,12.8254456842375,194.805194805195,104.629871828407,212.370586673746,24.8015786795688,21.743811143642,27.2942874652364,VIC
10044,2011,January,1,85+,20,29.9244688614094,7390,1025,936,270.63599458728,149.071689930885,211.416490486258,414.58184417441,27.222823935279,21.9668831032116,28.9237399234855,VIC
10044,2011,February,2,85+,38,28.1269831023536,7367,1025,936,515.813764083073,270.63599458728,149.071689930885,95.7854406130268,29.9244688614094,27.222823935279,27.6935425576497,VIC
10044,2011,March,3,85+,29,24.1729319528526,7391,1025,936,392.369097551076,515.813764083073,270.63599458728,423.150423150423,28.1269831023536,29.9244688614094,25.7924724940777,VIC
10044,2011,November,11,85+,2,23.2812659193086,7211,1025,936,27.7354042435169,68.5400959561343,55.2562508633789,211.416490486258,23.7430384612699,15.1810980434168,21.9668831032116,VIC
10044,2011,December,12,85+,23,28.5440593279455,7466,1025,936,308.063219930351,27.7354042435169,68.5400959561343,149.071689930885,23.2812659193086,23.7430384612699,27.222823935279,VIC
10044,2012,January,1,85+,21,30.2152228122932,7281,1025,936,288.421920065925,308.063219930351,27.7354042435169,270.63599458728,28.5440593279455,23.2812659193086,29.9244688614094,VIC
10044,2012,February,2,85+,18,28.4480283880724,7393,1025,936,243.473556066549,288.421920065925,308.063219930351,515.813764083073,30.2152228122932,28.5440593279455,28.1269831023536,VIC
10044,2012,March,3,85+,27,26.5781622230026,7474,1025,936,361.252341450361,243.473556066549,288.421920065925,392.369097551076,28.4480283880724,30.2152228122932,24.1729319528526,VIC
10044,2012,November,11,85+,20,28.9357898997244,7402,1025,936,270.197243988111,448.667194510425,308.104487608841,27.7354042435169,21.0262365775647,19.9962118975705,23.2812659193086,VIC
10044,2012,December,12,85+,36,33.2486566634848,7541,1025,936,477.390266542899,270.197243988111,448.667194510425,308.063219930351,28.9357898997244,21.0262365775647,28.5440593279455,VIC
10044,2013,January,1,85+,11,31.125752575115,7521,1025,936,146.25714665603,477.390266542899,270.197243988111,288.421920065925,33.2486566634848,28.9357898997244,30.2152228122932,VIC
10044,2013,February,2,85+,13,29.5625779788264,7524,1025,936,172.780435938331,146.25714665603,477.390266542899,243.473556066549,31.125752575115,33.2486566634848,28.4480283880724,VIC
10044,2013,March,3,85+,6,24.1474049564093,7395,1025,936,81.1359026369168,172.780435938331,146.25714665603,361.252341450361,29.5625779788264,31.125752575115,26.5781622230026,VIC
10044,2013,November,11,85+,15,25.5293880947749,7510,1025,936,199.733688415446,462.779320375512,196.69551534225,270.197243988111,23.6605852904925,16.0011247047361,28.9357898997244,VIC
10044,2013,December,12,85+,58,27.3371522118617,7413,1025,936,782.40928099285,199.733688415446,462.779320375512,477.390266542899,25.5293880947749,23.6605852904925,33.2486566634848,VIC
10044,2014,January,1,85+,34,28.8094545686622,7375,1025,936,461.016949152542,782.40928099285,199.733688415446,146.25714665603,27.3371522118617,25.5293880947749,31.125752575115,VIC
10044,2014,February,2,85+,5,26.8708705088839,7421,1025,936,67.3763643713785,461.016949152542,782.40928099285,172.780435938331,28.8094545686622,27.3371522118617,29.5625779788264,VIC
10044,2014,March,3,85+,9,28.3570668015455,7889,1025,936,114.082900240842,67.3763643713785,461.016949152542,81.1359026369168,26.8708705088839,28.8094545686622,24.1474049564093,VIC
10044,2014,November,11,85+,3,27.5128819174873,7736,1025,936,38.7797311271975,121.326503100566,244.341563786008,199.733688415446,22.8052661716687,18.4678141827836,25.5293880947749,VIC
10044,2014,December,12,85+,11,32.8619945604822,7723,1025,936,142.431697526868,38.7797311271975,121.326503100566,782.40928099285,27.5128819174873,22.8052661716687,27.3371522118617,VIC
10044,2015,January,1,85+,7,30.5470479547292,7372,1025,936,94.9538795442214,142.431697526868,38.7797311271975,461.016949152542,32.8619945604822,27.5128819174873,28.8094545686622,VIC
10044,2015,February,2,85+,5,27.8645393847626,7491,1025,936,66.7467627820051,94.9538795442214,142.431697526868,67.3763643713785,30.5470479547292,32.8619945604822,26.8708705088839,VIC
10044,2015,March,3,85+,17,28.0958690769053,7633,1025,936,222.71714922049,66.7467627820051,94.9538795442214,114.082900240842,27.8645393847626,30.5470479547292,28.3570668015455,VIC
10044,2015,November,11,85+,17,26.7950530660866,7443,1025,936,228.402525863227,241.351568785197,193.798449612403,38.7797311271975,21.5491242532798,16.9709057034635,27.5128819174873,VIC
10044,2015,December,12,85+,8,30.2811403621057,7732,1025,936,103.466114847387,228.402525863227,241.351568785197,142.431697526868,26.7950530660866,21.5491242532798,32.8619945604822,VIC
10044,2016,January,1,85+,3,31.3132446443848,7753,1025,936,38.6946988262608,103.466114847387,228.402525863227,94.9538795442214,30.2811403621057,26.7950530660866,30.5470479547292,VIC
10044,2016,February,2,85+,21,30.1393540010143,7546,1025,936,278.293135435993,38.6946988262608,103.466114847387,66.7467627820051,31.3132446443848,30.2811403621057,27.8645393847626,VIC
10044,2016,March,3,85+,79,27.8789416470849,7607,1025,936,1038.51715525174,278.293135435993,38.6946988262608,222.71714922049,30.1393540010143,31.3132446443848,28.0958690769053,VIC
10044,2016,November,11,85+,19,25.1574450848481,7813,1025,936,243.184436196083,373.422611382951,223.331581713085,228.402525863227,24.0028335076783,19.8684852971757,26.7950530660866,VIC
10044,2016,December,12,85+,51,28.2700335658384,7981,1025,936,639.017666959028,243.184436196083,373.422611382951,103.466114847387,25.1574450848481,24.0028335076783,30.2811403621057,VIC
10045,2011,January,1,75 to 84,14,32.7532350777758,6986,1009,1030,200.400801603206,127.490039840637,383.65058285377,87.3489590915708,29.4462292370498,25.4352326354948,30.5130529281908,VIC
10045,2011,February,2,75 to 84,19,32.17329643987,6677,1009,1030,284.558933652838,200.400801603206,127.490039840637,182.731841023298,32.7532350777758,29.4462292370498,30.7132162031158,VIC
10045,2011,March,3,75 to 84,12,28.253253734077,6820,1009,1030,175.953079178886,284.558933652838,200.400801603206,86.8181160468818,32.17329643987,32.7532350777758,25.9431663526191,VIC
10045,2011,November,11,75 to 84,10,26.8667618049454,6773,1009,1030,147.6450612727,14.6735143066765,0,383.65058285377,23.3173173582335,17.425667138058,25.4352326354948,VIC
10045,2011,December,12,75 to 84,6,28.7981650237705,6791,1009,1030,88.3522308938301,147.6450612727,14.6735143066765,127.490039840637,26.8667618049454,23.3173173582335,29.4462292370498,VIC
10045,2012,January,1,75 to 84,11,32.1538821149088,6785,1009,1030,162.122328666175,88.3522308938301,147.6450612727,200.400801603206,28.7981650237705,26.8667618049454,32.7532350777758,VIC
10045,2012,February,2,75 to 84,19,30.7627038331896,7219,1009,1030,263.19434824768,162.122328666175,88.3522308938301,284.558933652838,32.1538821149088,28.7981650237705,32.17329643987,VIC
10045,2012,March,3,75 to 84,5,28.3405308591549,6845,1009,1030,73.046018991965,263.19434824768,162.122328666175,175.953079178886,30.7627038331896,32.1538821149088,28.253253734077,VIC
10045,2012,November,11,75 to 84,36,25.2867439337201,7062,1009,1030,509.770603228547,76.080340839927,91.2131346913956,147.6450612727,22.4312357274513,17.8991084278483,26.8667618049454,VIC
10045,2012,December,12,75 to 84,28,25.6967938078102,6514,1009,1030,429.843414184833,509.770603228547,76.080340839927,88.3522308938301,25.2867439337201,22.4312357274513,28.7981650237705,VIC
10045,2013,January,1,75 to 84,11,30.7190064728655,7008,1009,1030,156.963470319635,429.843414184833,509.770603228547,162.122328666175,25.6967938078102,25.2867439337201,32.1538821149088,VIC
10045,2013,February,2,75 to 84,2,30.0919050770713,6787,1009,1030,29.4681007809047,156.963470319635,429.843414184833,263.19434824768,30.7190064728655,25.6967938078102,30.7627038331896,VIC
10045,2013,March,3,75 to 84,8,26.4466869035605,7336,1009,1030,109.051254089422,29.4681007809047,156.963470319635,73.046018991965,30.0919050770713,30.7190064728655,28.3405308591549,VIC
10045,2013,November,11,75 to 84,5,24.8949416186228,6935,1009,1030,72.0980533525595,0,43.1592576607682,509.770603228547,20.7775971797284,18.458872132779,25.2867439337201,VIC
10045,2013,December,12,75 to 84,5,29.4324235511949,7194,1009,1030,69.5023630803447,72.0980533525595,0,429.843414184833,24.8949416186228,20.7775971797284,25.6967938078102,VIC
10045,2014,January,1,75 to 84,4,32.4127332231223,7022,1009,1030,56.9638279692395,69.5023630803447,72.0980533525595,156.963470319635,29.4324235511949,24.8949416186228,30.7190064728655,VIC
10045,2014,February,2,75 to 84,2,24.9418996274086,7099,1009,1030,28.1729821101564,56.9638279692395,69.5023630803447,29.4681007809047,32.4127332231223,29.4324235511949,30.0919050770713,VIC
10045,2014,March,3,75 to 84,3,26.7701452724365,6858,1009,1030,43.7445319335083,28.1729821101564,56.9638279692395,109.051254089422,24.9418996274086,32.4127332231223,26.4466869035605,VIC
10045,2014,November,11,75 to 84,6,26.2613627018847,6802,1009,1030,88.2093501911203,14.2795944595173,72.6532984597501,72.0980533525595,22.7683671916084,16.0603821912513,24.8949416186228,VIC
10045,2014,December,12,75 to 84,15,28.1443757862818,7108,1009,1030,211.029825548678,88.2093501911203,14.2795944595173,69.5023630803447,26.2613627018847,22.7683671916084,29.4324235511949,VIC
10045,2015,January,1,75 to 84,14,31.0667934366322,6892,1009,1030,203.1340684852,211.029825548678,88.2093501911203,56.9638279692395,28.1443757862818,26.2613627018847,32.4127332231223,VIC
10045,2015,February,2,75 to 84,9,28.3509312096678,6936,1009,1030,129.757785467128,203.1340684852,211.029825548678,28.1729821101564,31.0667934366322,28.1443757862818,24.9418996274086,VIC
10045,2015,March,3,75 to 84,6,25.2407194726909,7300,1009,1030,82.1917808219178,129.757785467128,203.1340684852,43.7445319335083,28.3509312096678,31.0667934366322,26.7701452724365,VIC
10045,2015,November,11,75 to 84,3,26.6713566010182,6958,1009,1030,43.1158378844496,13.9899272523783,214.163335237007,88.2093501911203,22.4159713718378,17.6524834712622,26.2613627018847,VIC
10045,2015,December,12,75 to 84,30,29.8844334331711,7093,1009,1030,422.952206400677,43.1158378844496,13.9899272523783,211.029825548678,26.6713566010182,22.4159713718378,28.1443757862818,VIC
10045,2016,January,1,75 to 84,18,30.3400406609105,7016,1009,1030,256.556442417332,422.952206400677,43.1158378844496,203.1340684852,29.8844334331711,26.6713566010182,31.0667934366322,VIC
10045,2016,February,2,75 to 84,14,29.9133428012095,7116,1009,1030,196.739741427768,256.556442417332,422.952206400677,129.757785467128,30.3400406609105,29.8844334331711,28.3509312096678,VIC
10045,2016,March,3,75 to 84,20,27.6139285729928,7219,1009,1030,277.046682365979,196.739741427768,256.556442417332,82.1917808219178,29.9133428012095,30.3400406609105,25.2407194726909,VIC
10045,2016,November,11,75 to 84,15,24.5245585850572,7156,1009,1030,209.614309670207,254.921399235236,345.256180085624,43.1158378844496,21.3055563960119,19.7449127894158,26.6713566010182,VIC
10045,2016,December,12,75 to 84,42,30.4846661850327,7256,1009,1030,578.831312017641,209.614309670207,254.921399235236,422.952206400677,24.5245585850572,21.3055563960119,29.8844334331711,VIC
10045,2011,January,1,85+,9,31.0216366000611,6690,1009,1030,134.529147982063,437.076111529766,332.426715019643,224.483687518707,29.2415234411844,27.2127768626743,27.8733069993672,VIC
10045,2011,February,2,85+,22,27.3605428347185,6676,1009,1030,329.538645895746,134.529147982063,437.076111529766,272.727272727273,31.0216366000611,29.2415234411844,29.8188754748369,VIC
10045,2011,March,3,85+,20,26.0378797987577,6791,1009,1030,294.507436312767,329.538645895746,134.529147982063,329.835082458771,27.3605428347185,31.0216366000611,28.5134608796094,VIC
10045,2011,November,11,85+,1,26.2973159485597,6708,1009,1030,14.9075730471079,240.456868049294,72.6321905868681,332.426715019643,22.9709701186639,18.9533799467445,27.2127768626743,VIC
10045,2011,December,12,85+,18,29.83346353833,7040,1009,1030,255.681818181818,14.9075730471079,240.456868049294,437.076111529766,26.2973159485597,22.9709701186639,29.2415234411844,VIC
10045,2012,January,1,85+,28,27.9844773268115,6684,1009,1030,418.910831837223,255.681818181818,14.9075730471079,134.529147982063,29.83346353833,26.2973159485597,31.0216366000611,VIC
10045,2012,February,2,85+,26,28.1326829741915,6832,1009,1030,380.56206088993,418.910831837223,255.681818181818,329.538645895746,27.9844773268115,29.83346353833,27.3605428347185,VIC
10045,2012,March,3,85+,12,28.2395202623292,6812,1009,1030,176.159718144451,380.56206088993,418.910831837223,294.507436312767,28.1326829741915,27.9844773268115,26.0378797987577,VIC
10045,2012,November,11,85+,7,24.5802357862618,6766,1009,1030,103.458468814662,220.880577234575,451.040302633493,14.9075730471079,21.1280879874032,19.0200082903841,26.2973159485597,VIC
10045,2012,December,12,85+,8,30.0740869812331,6866,1009,1030,116.516166618118,103.458468814662,220.880577234575,255.681818181818,24.5802357862618,21.1280879874032,29.83346353833,VIC
10045,2013,January,1,85+,12,29.9283488623459,6609,1009,1030,181.570585565138,116.516166618118,103.458468814662,418.910831837223,30.0740869812331,24.5802357862618,27.9844773268115,VIC
10045,2013,February,2,85+,6,26.4311544792665,6966,1009,1030,86.1326442721792,181.570585565138,116.516166618118,380.56206088993,29.9283488623459,30.0740869812331,28.1326829741915,VIC
10045,2013,March,3,85+,14,24.3510232327503,6832,1009,1030,204.918032786885,86.1326442721792,181.570585565138,176.159718144451,26.4311544792665,29.9283488623459,28.2395202623292,VIC
10045,2013,November,11,85+,8,25.530587941104,6803,1009,1030,117.595178597678,162.361623616236,29.1375291375291,103.458468814662,23.0719595480727,16.5022642511367,24.5802357862618,VIC
10045,2013,December,12,85+,23,28.1100915721582,7003,1009,1030,328.430672568899,117.595178597678,162.361623616236,116.516166618118,25.530587941104,23.0719595480727,30.0740869812331,VIC
10045,2014,January,1,85+,33,30.2187438969025,6964,1009,1030,473.865594485928,328.430672568899,117.595178597678,181.570585565138,28.1100915721582,25.530587941104,29.9283488623459,VIC
10045,2014,February,2,85+,17,27.8224695511618,7034,1009,1030,241.683252772249,473.865594485928,328.430672568899,86.1326442721792,30.2187438969025,28.1100915721582,26.4311544792665,VIC
10045,2014,March,3,85+,44,23.8672076625947,6859,1009,1030,641.492928998396,241.683252772249,473.865594485928,204.918032786885,27.8224695511618,30.2187438969025,24.3510232327503,VIC
10045,2014,November,11,85+,1,25.6412939908895,7061,1009,1030,14.1622999575131,14.6498681511866,71.571714858288,117.595178597678,25.720762649599,18.4103700095463,25.530587941104,VIC
10045,2014,December,12,85+,22,27.8857049551588,7052,1009,1030,311.968235961429,14.1622999575131,14.6498681511866,328.430672568899,25.6412939908895,25.720762649599,28.1100915721582,VIC
10045,2015,January,1,85+,20,28.4839882306014,7224,1009,1030,276.854928017719,311.968235961429,14.1622999575131,473.865594485928,27.8857049551588,25.6412939908895,30.2187438969025,VIC
10045,2015,February,2,85+,5,27.337805297912,7144,1009,1030,69.9888017917133,276.854928017719,311.968235961429,241.683252772249,28.4839882306014,27.8857049551588,27.8224695511618,VIC
10045,2015,March,3,85+,11,26.2347309312421,7057,1009,1030,155.873600680176,69.9888017917133,276.854928017719,641.492928998396,27.337805297912,28.4839882306014,23.8672076625947,VIC
10045,2015,November,11,85+,8,28.0515456103782,7121,1009,1030,112.343771942143,555.880631948508,133.17549570879,14.1622999575131,23.6246841147459,17.5839377837392,25.6412939908895,VIC
10045,2015,December,12,85+,6,27.5236418699617,7201,1009,1030,83.3217608665463,112.343771942143,555.880631948508,311.968235961429,28.0515456103782,23.6246841147459,27.8857049551588,VIC
10045,2016,January,1,85+,14,28.5534445105296,7264,1009,1030,192.73127753304,83.3217608665463,112.343771942143,276.854928017719,27.5236418699617,28.0515456103782,28.4839882306014,VIC
10045,2016,February,2,85+,6,28.2983309370046,7316,1009,1030,82.0120284308365,192.73127753304,83.3217608665463,69.9888017917133,28.5534445105296,27.5236418699617,27.337805297912,VIC
10045,2016,March,3,85+,19,25.1752277166725,6899,1009,1030,275.402232207566,82.0120284308365,192.73127753304,155.873600680176,28.2983309370046,28.5534445105296,26.2347309312421,VIC
10045,2016,November,11,85+,14,23.2999130900868,7277,1009,1030,192.386972653566,70.5318098462407,178.326474622771,112.343771942143,24.0001915140879,16.184380018246,28.0515456103782,VIC
10045,2016,December,12,85+,10,31.561676027084,7146,1009,1030,139.93842709208,192.386972653566,70.5318098462407,83.3217608665463,23.2999130900868,24.0001915140879,27.5236418699617,VIC
10046,2011,January,1,75 to 84,34,27.7645531906054,9307,1179,957,365.316428494681,101.317122593718,211.416490486258,499.888913574761,27.9825720790983,24.3049426629454,30.5948389100416,VIC
10046,2011,February,2,75 to 84,44,28.9536878543773,9347,1179,957,470.739274633572,365.316428494681,101.317122593718,93.3597852724939,27.7645531906054,27.9825720790983,29.0203993179881,VIC
10046,2011,March,3,75 to 84,36,26.6147851250229,9223,1179,957,390.328526509812,470.739274633572,365.316428494681,185.023944275141,28.9536878543773,27.7645531906054,28.3031039600456,VIC
10046,2011,November,11,75 to 84,7,28.162165035184,9290,1179,957,75.3498385360603,229.238303636553,43.0755976739177,211.416490486258,19.635972843707,19.1705567366778,24.3049426629454,VIC
10046,2011,December,12,75 to 84,13,29.4571907253715,9089,1179,957,143.030036307625,75.3498385360603,229.238303636553,101.317122593718,28.162165035184,19.635972843707,27.9825720790983,VIC
10046,2012,January,1,75 to 84,13,29.4728969383077,9298,1179,957,139.815013981501,143.030036307625,75.3498385360603,365.316428494681,29.4571907253715,28.162165035184,27.7645531906054,VIC
10046,2012,February,2,75 to 84,18,29.9323017091749,9388,1179,957,191.734128674904,139.815013981501,143.030036307625,470.739274633572,29.4728969383077,29.4571907253715,28.9536878543773,VIC
10046,2012,March,3,75 to 84,17,24.3128451162435,9262,1179,957,183.545670481538,191.734128674904,139.815013981501,390.328526509812,29.9323017091749,29.4728969383077,26.6147851250229,VIC
10046,2012,November,11,75 to 84,11,29.8263281100589,9152,1179,957,120.192307692308,217.249619813165,224.526889767989,75.3498385360603,21.8142608925093,19.6701652801649,28.162165035184,VIC
10046,2012,December,12,75 to 84,24,29.2069867884114,9317,1179,957,257.593646023398,120.192307692308,217.249619813165,143.030036307625,29.8263281100589,21.8142608925093,29.4571907253715,VIC
10046,2013,January,1,75 to 84,3,34.2520748854226,9255,1179,957,32.4149108589951,257.593646023398,120.192307692308,139.815013981501,29.2069867884114,29.8263281100589,29.4728969383077,VIC
10046,2013,February,2,75 to 84,17,29.4879886148296,9311,1179,957,182.579744388358,32.4149108589951,257.593646023398,191.734128674904,34.2520748854226,29.2069867884114,29.9323017091749,VIC
10046,2013,March,3,75 to 84,7,27.5138336364175,9260,1179,957,75.5939524838013,182.579744388358,32.4149108589951,183.545670481538,29.4879886148296,34.2520748854226,24.3128451162435,VIC
10046,2013,November,11,75 to 84,6,26.2883027540537,9237,1179,957,64.9561545956479,174.197060424605,42.4268137462877,120.192307692308,21.9011460410867,16.2738006076794,29.8263281100589,VIC
10046,2013,December,12,75 to 84,3,27.6999684398369,9593,1179,957,31.2728030855832,64.9561545956479,174.197060424605,257.593646023398,26.2883027540537,21.9011460410867,29.2069867884114,VIC
10046,2014,January,1,75 to 84,4,33.4105378803807,9657,1179,957,41.4207310759035,31.2728030855832,64.9561545956479,32.4149108589951,27.6999684398369,26.2883027540537,34.2520748854226,VIC
10046,2014,February,2,75 to 84,7,28.9897979203965,9511,1179,957,73.598990642414,41.4207310759035,31.2728030855832,182.579744388358,33.4105378803807,27.6999684398369,29.4879886148296,VIC
10046,2014,March,3,75 to 84,4,25.871268053454,9194,1179,957,43.5066347618012,73.598990642414,41.4207310759035,75.5939524838013,28.9897979203965,33.4105378803807,27.5138336364175,VIC
10046,2014,November,11,75 to 84,48,23.9545093096515,9481,1179,957,506.275709313364,167.591913690164,294.245858761988,64.9561545956479,22.9170001401991,15.0684095800064,26.2883027540537,VIC
10046,2014,December,12,75 to 84,5,29.1335606760426,9389,1179,957,53.2538076472468,506.275709313364,167.591913690164,31.2728030855832,23.9545093096515,22.9170001401991,27.6999684398369,VIC
10046,2015,January,1,75 to 84,17,27.0505554061544,9103,1179,957,186.751620344941,53.2538076472468,506.275709313364,41.4207310759035,29.1335606760426,23.9545093096515,33.4105378803807,VIC
10046,2015,February,2,75 to 84,9,29.3927290260043,9135,1179,957,98.5221674876847,186.751620344941,53.2538076472468,73.598990642414,27.0505554061544,29.1335606760426,28.9897979203965,VIC
10046,2015,March,3,75 to 84,27,27.0365639290628,9538,1179,957,283.078213461942,98.5221674876847,186.751620344941,43.5066347618012,29.3927290260043,27.0505554061544,25.871268053454,VIC
10046,2015,November,11,75 to 84,6,25.2460071081688,9444,1179,957,63.5324015247776,62.7352572145546,323.017609669688,506.275709313364,23.3585720578743,18.6027336221209,23.9545093096515,VIC
10046,2015,December,12,75 to 84,5,29.1858357088177,9520,1179,957,52.5210084033613,63.5324015247776,62.7352572145546,53.2538076472468,25.2460071081688,23.3585720578743,29.1335606760426,VIC
10046,2016,January,1,75 to 84,9,27.8789602682322,9675,1179,957,93.0232558139535,52.5210084033613,63.5324015247776,186.751620344941,29.1858357088177,25.2460071081688,27.0505554061544,VIC
10046,2016,February,2,75 to 84,17,29.0835899234861,9582,1179,957,177.415988311417,93.0232558139535,52.5210084033613,98.5221674876847,27.8789602682322,29.1858357088177,29.3927290260043,VIC
10046,2016,March,3,75 to 84,20,28.797622475487,9549,1179,957,209.446015289559,177.415988311417,93.0232558139535,283.078213461942,29.0835899234861,27.8789602682322,27.0365639290628,VIC
10046,2016,November,11,75 to 84,18,24.6951634093687,9673,1179,957,186.084978806989,115.862650094797,114.666944647139,63.5324015247776,23.4912309746785,15.8044801786133,25.2460071081688,VIC
10046,2016,December,12,75 to 84,24,28.2437593409926,9718,1179,957,246.964395966248,186.084978806989,115.862650094797,52.5210084033613,24.6951634093687,23.4912309746785,29.1858357088177,VIC
10046,2011,January,1,85+,16,31.0513925302493,8900,1179,957,179.775280898876,64.5300064530007,118.893212278426,256.72508092421,30.9137326068014,24.4565521964402,29.8998436308527,VIC
10046,2011,February,2,85+,57,31.6926102685054,8989,1179,957,634.10835465569,179.775280898876,64.5300064530007,57.5109270761445,31.0513925302493,30.9137326068014,29.186544247978,VIC
10046,2011,March,3,85+,18,24.7755649139728,9214,1179,957,195.354894725418,634.10835465569,179.775280898876,111.844312716698,31.6926102685054,31.0513925302493,28.6317147528492,VIC
10046,2011,November,11,85+,16,24.255827452975,8995,1179,957,177.876598110061,340.547072393716,415.800415800416,118.893212278426,20.4323901799625,19.3784710162642,24.4565521964402,VIC
10046,2011,December,12,85+,6,28.8966357972348,8967,1179,957,66.9120107059217,177.876598110061,340.547072393716,64.5300064530007,24.255827452975,20.4323901799625,30.9137326068014,VIC
10046,2012,January,1,85+,4,29.7697415566454,9276,1179,957,43.122035360069,66.9120107059217,177.876598110061,179.775280898876,28.8966357972348,24.255827452975,31.0513925302493,VIC
10046,2012,February,2,85+,3,29.4581722669524,9656,1179,957,31.0687655343828,43.122035360069,66.9120107059217,634.10835465569,29.7697415566454,28.8966357972348,31.6926102685054,VIC
10046,2012,March,3,85+,15,27.2798212240575,9189,1179,957,163.238654913484,31.0687655343828,43.122035360069,195.354894725418,29.4581722669524,29.7697415566454,24.7755649139728,VIC
10046,2012,November,11,85+,11,26.0873897341558,9015,1179,957,122.018857459789,820.025895554597,84.9437247823317,177.876598110061,22.8192092053613,15.4066673406161,24.255827452975,VIC
10046,2012,December,12,85+,44,28.7423027148325,9376,1179,957,469.283276450512,122.018857459789,820.025895554597,66.9120107059217,26.0873897341558,22.8192092053613,28.8966357972348,VIC
10046,2013,January,1,85+,18,31.9417163653075,9514,1179,957,189.194870716838,469.283276450512,122.018857459789,43.122035360069,28.7423027148325,26.0873897341558,29.7697415566454,VIC
10046,2013,February,2,85+,2,28.1761221960219,9309,1179,957,21.4845848103985,189.194870716838,469.283276450512,31.0687655343828,31.9417163653075,28.7423027148325,29.4581722669524,VIC
10046,2013,March,3,85+,21,25.7533536947769,9373,1179,957,224.047796863331,21.4845848103985,189.194870716838,163.238654913484,28.1761221960219,31.9417163653075,27.2798212240575,VIC
10046,2013,November,11,85+,31,25.3838678350652,9805,1179,957,316.165221825599,123.813454395378,174.806074511089,122.018857459789,19.3615874635629,16.417207747351,26.0873897341558,VIC
10046,2013,December,12,85+,16,25.9423352684321,9531,1179,957,167.873255691953,316.165221825599,123.813454395378,469.283276450512,25.3838678350652,19.3615874635629,28.7423027148325,VIC
10046,2014,January,1,85+,10,28.3288648507908,9820,1179,957,101.83299389002,167.873255691953,316.165221825599,189.194870716838,25.9423352684321,25.3838678350652,31.9417163653075,VIC
10046,2014,February,2,85+,22,29.9541400339193,9533,1179,957,230.777299905591,101.83299389002,167.873255691953,21.4845848103985,28.3288648507908,25.9423352684321,28.1761221960219,VIC
10046,2014,March,3,85+,22,25.7517779133187,9515,1179,957,231.21387283237,230.777299905591,101.83299389002,224.047796863331,29.9541400339193,28.3288648507908,25.7533536947769,VIC
10046,2014,November,11,85+,8,28.4661334457797,9598,1179,957,83.3506980620963,98.1247274313127,604.733604420811,316.165221825599,22.2600363888467,18.4784611546145,25.3838678350652,VIC
10046,2014,December,12,85+,16,29.0559374127156,9377,1179,957,170.630265543351,83.3506980620963,98.1247274313127,167.873255691953,28.4661334457797,22.2600363888467,25.9423352684321,VIC
10046,2015,January,1,85+,15,29.8257873277682,9378,1179,957,159.948816378759,170.630265543351,83.3506980620963,101.83299389002,29.0559374127156,28.4661334457797,28.3288648507908,VIC
10046,2015,February,2,85+,27,27.3640222797255,9887,1179,957,273.085870334783,159.948816378759,170.630265543351,230.777299905591,29.8257873277682,29.0559374127156,29.9541400339193,VIC
10046,2015,March,3,85+,41,28.0923290125585,9563,1179,957,428.735752378961,273.085870334783,159.948816378759,231.21387283237,27.3640222797255,29.8257873277682,25.7517779133187,VIC
10046,2015,November,11,85+,10,26.5907739139489,9658,1179,957,103.54110581901,181.043663471779,21.1909302818394,83.3506980620963,22.5825959158136,18.8901418765135,28.4661334457797,VIC
10046,2015,December,12,85+,33,30.4162974914254,9642,1179,957,342.252644679527,103.54110581901,181.043663471779,170.630265543351,26.5907739139489,22.5825959158136,29.0559374127156,VIC
10046,2016,January,1,85+,48,32.0960220379409,9456,1179,957,507.61421319797,342.252644679527,103.54110581901,159.948816378759,30.4162974914254,26.5907739139489,29.8257873277682,VIC
10046,2016,February,2,85+,81,30.4246493028637,9580,1179,957,845.511482254697,507.61421319797,342.252644679527,273.085870334783,32.0960220379409,30.4162974914254,27.3640222797255,VIC
10046,2016,March,3,85+,14,26.1004388014345,9587,1179,957,146.031083759257,845.511482254697,507.61421319797,428.735752378961,30.4246493028637,32.0960220379409,28.0923290125585,VIC
10046,2016,November,11,85+,11,25.9364912373468,9966,1179,957,110.37527593819,61.2557427258806,39.7574793758076,103.54110581901,22.0241276027044,16.6213178680391,26.5907739139489,VIC
10046,2016,December,12,85+,15,28.8616638106031,9810,1179,957,152.905198776758,110.37527593819,61.2557427258806,342.252644679527,25.9364912373468,22.0241276027044,30.4162974914254,VIC
10047,2011,January,1,75 to 84,27,32.2037642092951,14468,1082,1035,186.618744816146,168.202427965482,51.0204081632653,123.99708242159,28.7256556869874,27.8823869834332,29.0437012927205,VIC
10047,2011,February,2,75 to 84,43,28.1696165781764,14112,1082,1035,304.705215419501,186.618744816146,168.202427965482,108.885017421603,32.2037642092951,28.7256556869874,22.6791881937637,VIC
10047,2011,March,3,75 to 84,16,26.0965417851054,13617,1082,1035,117.500183594037,304.705215419501,186.618744816146,66.0405048429704,28.1696165781764,32.2037642092951,25.6206618355989,VIC
10047,2011,November,11,75 to 84,4,27.1003078622905,13546,1082,1035,29.5290122545401,28.7500898440308,64.3362642075917,51.0204081632653,23.8471970915635,19.0674633105214,27.8823869834332,VIC
10047,2011,December,12,75 to 84,6,30.8934905938692,14293,1082,1035,41.9785909186315,29.5290122545401,28.7500898440308,168.202427965482,27.1003078622905,23.8471970915635,28.7256556869874,VIC
10047,2012,January,1,75 to 84,7,28.8102838519495,13830,1082,1035,50.6146059291396,41.9785909186315,29.5290122545401,186.618744816146,30.8934905938692,27.1003078622905,32.2037642092951,VIC
10047,2012,February,2,75 to 84,2,30.0461997307547,14146,1082,1035,14.1382723031246,50.6146059291396,41.9785909186315,304.705215419501,28.8102838519495,30.8934905938692,28.1696165781764,VIC
10047,2012,March,3,75 to 84,5,27.6783166988542,13797,1082,1035,36.2397622671595,14.1382723031246,50.6146059291396,117.500183594037,30.0461997307547,28.8102838519495,26.0965417851054,VIC
10047,2012,November,11,75 to 84,6,27.3300225615704,14099,1082,1035,42.5562096602596,85.8430502897203,20.746887966805,29.5290122545401,21.1778401415704,18.0309828374113,27.1003078622905,VIC
10047,2012,December,12,75 to 84,1,28.4609959902052,14259,1082,1035,7.01311452416018,42.5562096602596,85.8430502897203,41.9785909186315,27.3300225615704,21.1778401415704,30.8934905938692,VIC
10047,2013,January,1,75 to 84,7,30.2843824045216,13823,1082,1035,50.6402372856833,7.01311452416018,42.5562096602596,50.6146059291396,28.4609959902052,27.3300225615704,28.8102838519495,VIC
10047,2013,February,2,75 to 84,11,28.9131722474588,14321,1082,1035,76.8102786118288,50.6402372856833,7.01311452416018,14.1382723031246,30.2843824045216,28.4609959902052,30.0461997307547,VIC
10047,2013,March,3,75 to 84,26,23.7082813921859,14553,1082,1035,178.657321514464,76.8102786118288,50.6402372856833,36.2397622671595,28.9131722474588,30.2843824045216,27.6783166988542,VIC
10047,2013,November,11,75 to 84,37,24.9846423057159,14128,1082,1035,261.891279728199,97.8678783642083,120.687207156041,42.5562096602596,23.5560122946304,21.0991302095072,27.3300225615704,VIC
10047,2013,December,12,75 to 84,12,31.3795521991253,14588,1082,1035,82.2593912805045,261.891279728199,97.8678783642083,7.01311452416018,24.9846423057159,23.5560122946304,28.4609959902052,VIC
10047,2014,January,1,75 to 84,21,28.6417042372446,14602,1082,1035,143.815915627996,82.2593912805045,261.891279728199,50.6402372856833,31.3795521991253,24.9846423057159,30.2843824045216,VIC
10047,2014,February,2,75 to 84,3,29.4044235609782,14788,1082,1035,20.28671896132,143.815915627996,82.2593912805045,76.8102786118288,28.6417042372446,31.3795521991253,28.9131722474588,VIC
10047,2014,March,3,75 to 84,30,26.2165723954976,14035,1082,1035,213.75133594585,20.28671896132,143.815915627996,178.657321514464,29.4044235609782,28.6417042372446,23.7082813921859,VIC
10047,2014,November,11,75 to 84,4,28.3484945155764,14682,1082,1035,27.244244653317,179.993077189339,106.284985474385,261.891279728199,21.8659173324187,18.6551761110597,24.9846423057159,VIC
10047,2014,December,12,75 to 84,10,30.3793404905441,14491,1082,1035,69.0083500103513,27.244244653317,179.993077189339,82.2593912805045,28.3484945155764,21.8659173324187,31.3795521991253,VIC
10047,2015,January,1,75 to 84,7,31.5985209577754,14606,1082,1035,47.9255100643571,69.0083500103513,27.244244653317,143.815915627996,30.3793404905441,28.3484945155764,28.6417042372446,VIC
10047,2015,February,2,75 to 84,15,29.7346019053978,14244,1082,1035,105.30749789385,47.9255100643571,69.0083500103513,20.28671896132,31.5985209577754,30.3793404905441,29.4044235609782,VIC
10047,2015,March,3,75 to 84,18,28.1623934721905,14152,1082,1035,127.190503109101,105.30749789385,47.9255100643571,213.75133594585,29.7346019053978,31.5985209577754,26.2165723954976,VIC
10047,2015,November,11,75 to 84,5,25.4941336089174,14228,1082,1035,35.1419735732359,275.093461240037,90.1275651691625,27.244244653317,22.3259369905231,16.5738362672487,28.3484945155764,VIC
10047,2015,December,12,75 to 84,35,31.5640501016745,14731,1082,1035,237.594189124975,35.1419735732359,275.093461240037,69.0083500103513,25.4941336089174,22.3259369905231,30.3793404905441,VIC
10047,2016,January,1,75 to 84,10,30.0253852776501,13970,1082,1035,71.5819613457409,237.594189124975,35.1419735732359,47.9255100643571,31.5640501016745,25.4941336089174,31.5985209577754,VIC
10047,2016,February,2,75 to 84,27,30.3182004293945,14713,1082,1035,183.511180588595,71.5819613457409,237.594189124975,105.30749789385,30.0253852776501,31.5640501016745,29.7346019053978,VIC
10047,2016,March,3,75 to 84,32,27.8070214449532,14508,1082,1035,220.567962503446,183.511180588595,71.5819613457409,127.190503109101,30.3182004293945,30.0253852776501,28.1623934721905,VIC
10047,2016,November,11,75 to 84,10,25.1652251832675,14468,1082,1035,69.1180536356096,40.4694455685957,307.356054914282,35.1419735732359,19.8457959229653,17.0790524463387,25.4941336089174,VIC
10047,2016,December,12,75 to 84,38,30.8385347216897,14681,1082,1035,258.83795381786,69.1180536356096,40.4694455685957,237.594189124975,25.1652251832675,19.8457959229653,31.5640501016745,VIC
10047,2011,January,1,85+,41,31.3444709965089,14330,1082,1035,286.113049546406,276.325616131441,251.563286135269,194.741966893866,29.5075394482262,26.4394622748095,28.7220775590012,VIC
10047,2011,February,2,85+,81,29.0013268387324,13579,1082,1035,596.509315855365,286.113049546406,276.325616131441,337.932976626302,31.3444709965089,29.5075394482262,29.4605890910226,VIC
10047,2011,March,3,85+,66,28.5586363535575,14320,1082,1035,460.893854748603,596.509315855365,286.113049546406,43.4027777777778,29.0013268387324,31.3444709965089,24.8887790911148,VIC
10047,2011,November,11,85+,31,26.5831798880086,13700,1082,1035,226.277372262774,221.40221402214,55.3594906926856,251.563286135269,22.2919606764809,19.246664619182,26.4394622748095,VIC
10047,2011,December,12,85+,29,29.8358947124696,14120,1082,1035,205.382436260623,226.277372262774,221.40221402214,276.325616131441,26.5831798880086,22.2919606764809,29.5075394482262,VIC
10047,2012,January,1,85+,29,27.5621536854891,13660,1082,1035,212.298682284041,205.382436260623,226.277372262774,286.113049546406,29.8358947124696,26.5831798880086,31.3444709965089,VIC
10047,2012,February,2,85+,6,25.7956944127312,14467,1082,1035,41.4736987627013,212.298682284041,205.382436260623,596.509315855365,27.5621536854891,29.8358947124696,29.0013268387324,VIC
10047,2012,March,3,85+,18,26.8407614108353,14227,1082,1035,126.519997188445,41.4736987627013,212.298682284041,460.893854748603,25.7956944127312,27.5621536854891,28.5586363535575,VIC
10047,2012,November,11,85+,76,27.3571659081489,14790,1082,1035,513.860716700473,27.5614965892648,14.5211645974007,226.277372262774,22.7869042363066,19.5241523479274,26.5831798880086,VIC
10047,2012,December,12,85+,69,29.815054470983,14057,1082,1035,490.858646937469,513.860716700473,27.5614965892648,205.382436260623,27.3571659081489,22.7869042363066,29.8358947124696,VIC
10047,2013,January,1,85+,65,27.452748734147,13964,1082,1035,465.482669722143,490.858646937469,513.860716700473,212.298682284041,29.815054470983,27.3571659081489,27.5621536854891,VIC
10047,2013,February,2,85+,26,31.8496532228264,14412,1082,1035,180.405217873994,465.482669722143,490.858646937469,41.4736987627013,27.452748734147,29.815054470983,25.7956944127312,VIC
10047,2013,March,3,85+,101,25.1579619386012,14223,1082,1035,710.117415453842,180.405217873994,465.482669722143,126.519997188445,31.8496532228264,27.452748734147,26.8407614108353,VIC
10047,2013,November,11,85+,120,25.865480156829,14170,1082,1035,846.859562455893,177.430801987225,171.62471395881,513.860716700473,23.0195189847539,17.1921825505897,27.3571659081489,VIC
10047,2013,December,12,85+,39,30.5453538777015,14472,1082,1035,269.485903814262,846.859562455893,177.430801987225,490.858646937469,25.865480156829,23.0195189847539,29.815054470983,VIC
10047,2014,January,1,85+,67,32.9026176031917,14612,1082,1035,458.527237886669,269.485903814262,846.859562455893,465.482669722143,30.5453538777015,25.865480156829,27.452748734147,VIC
10047,2014,February,2,85+,31,28.6097718912776,14441,1082,1035,214.666574336957,458.527237886669,269.485903814262,180.405217873994,32.9026176031917,30.5453538777015,31.8496532228264,VIC
10047,2014,March,3,85+,61,26.1044515436947,14030,1082,1035,434.782608695652,214.666574336957,458.527237886669,710.117415453842,28.6097718912776,32.9026176031917,25.1579619386012,VIC
10047,2014,November,11,85+,16,22.9674469079818,14270,1082,1035,112.123335669236,181.415037290869,161.744022503516,846.859562455893,22.5660538660888,20.6065952731909,25.865480156829,VIC
10047,2014,December,12,85+,31,30.0863238610376,14804,1082,1035,209.402864090786,112.123335669236,181.415037290869,269.485903814262,22.9674469079818,22.5660538660888,30.5453538777015,VIC
10047,2015,January,1,85+,117,29.8042233914755,14661,1082,1035,798.035604665439,209.402864090786,112.123335669236,458.527237886669,30.0863238610376,22.9674469079818,32.9026176031917,VIC
10047,2015,February,2,85+,56,28.0497794512481,14176,1082,1035,395.033860045147,798.035604665439,209.402864090786,214.666574336957,29.8042233914755,30.0863238610376,28.6097718912776,VIC
10047,2015,March,3,85+,74,26.5761092520954,14032,1082,1035,527.366020524516,395.033860045147,798.035604665439,434.782608695652,28.0497794512481,29.8042233914755,26.1044515436947,VIC
10047,2015,November,11,85+,95,26.04214061277,14292,1082,1035,664.707528687378,226.554991075106,276.319425255595,112.123335669236,23.4648901808208,18.5759474140133,22.9674469079818,VIC
10047,2015,December,12,85+,73,27.9103791030834,14716,1082,1035,496.058711606415,664.707528687378,226.554991075106,209.402864090786,26.04214061277,23.4648901808208,30.0863238610376,VIC
10047,2016,January,1,85+,83,29.90553176583,14906,1082,1035,556.822755937206,496.058711606415,664.707528687378,798.035604665439,27.9103791030834,26.04214061277,29.8042233914755,VIC
10047,2016,February,2,85+,45,27.0914021538155,14854,1082,1035,302.948700686684,556.822755937206,496.058711606415,395.033860045147,29.90553176583,27.9103791030834,28.0497794512481,VIC
10047,2016,March,3,85+,14,27.493680481579,15023,1082,1035,93.1904413233043,302.948700686684,556.822755937206,527.366020524516,27.0914021538155,29.90553176583,26.5761092520954,VIC
10047,2016,November,11,85+,60,26.1796835903996,14369,1082,1035,417.56559259517,191.722861298427,48.1529889248126,664.707528687378,23.6626954797229,20.161064518085,26.04214061277,VIC
10047,2016,December,12,85+,16,31.3531479883874,14615,1082,1035,109.476565172768,417.56559259517,191.722861298427,496.058711606415,26.1796835903996,23.6626954797229,27.9103791030834,VIC
10048,2011,January,1,75 to 84,4,31.6569966717893,2460,1123,1066,162.60162601626,41.3907284768212,210.349179638199,0,28.0502400476076,27.0404445452457,28.4613095641714,VIC
10048,2011,February,2,75 to 84,5,28.7014856163459,2466,1123,1066,202.757502027575,162.60162601626,41.3907284768212,42.3549343498518,31.6569966717893,28.0502400476076,29.4274381556894,VIC
10048,2011,March,3,75 to 84,6,26.0235056289304,2345,1123,1066,255.863539445629,202.757502027575,162.60162601626,121.852152721365,28.7014856163459,31.6569966717893,24.6322811061695,VIC
10048,2011,November,11,75 to 84,2,23.9258343403135,2391,1123,1066,83.6470096194061,126.315789473684,43.4593654932638,210.349179638199,19.6059005855302,19.1830916274576,27.0404445452457,VIC
10048,2011,December,12,75 to 84,3,33.5807284787095,2396,1123,1066,125.208681135225,83.6470096194061,126.315789473684,41.3907284768212,23.9258343403135,19.6059005855302,28.0502400476076,VIC
10048,2012,January,1,75 to 84,14,29.1956566357015,2469,1123,1066,567.031186715269,125.208681135225,83.6470096194061,162.60162601626,33.5807284787095,23.9258343403135,31.6569966717893,VIC
10048,2012,February,2,75 to 84,9,29.1861454359248,2366,1123,1066,380.388841927303,567.031186715269,125.208681135225,202.757502027575,29.1956566357015,33.5807284787095,28.7014856163459,VIC
10048,2012,March,3,75 to 84,9,25.1355663360391,2459,1123,1066,366.002440016267,380.388841927303,567.031186715269,255.863539445629,29.1861454359248,29.1956566357015,26.0235056289304,VIC
10048,2012,November,11,75 to 84,1,24.999672702578,2416,1123,1066,41.3907284768212,0,0,83.6470096194061,18.6173786654721,16.1409989962607,23.9258343403135,VIC
10048,2012,December,12,75 to 84,3,29.1367715743001,2413,1123,1066,124.326564442603,41.3907284768212,0,125.208681135225,24.999672702578,18.6173786654721,33.5807284787095,VIC
10048,2013,January,1,75 to 84,10,29.2252935180807,2480,1123,1066,403.225806451613,124.326564442603,41.3907284768212,567.031186715269,29.1367715743001,24.999672702578,29.1956566357015,VIC
10048,2013,February,2,75 to 84,10,31.5993805968479,2532,1123,1066,394.944707740916,403.225806451613,124.326564442603,380.388841927303,29.2252935180807,29.1367715743001,29.1861454359248,VIC
10048,2013,March,3,75 to 84,5,27.2081624828145,2360,1123,1066,211.864406779661,394.944707740916,403.225806451613,366.002440016267,31.5993805968479,29.2252935180807,25.1355663360391,VIC
10048,2013,November,11,75 to 84,1,27.6332531259046,2450,1123,1066,40.8163265306122,0,123.96694214876,41.3907284768212,24.6476948750449,16.684912543837,24.999672702578,VIC
10048,2013,December,12,75 to 84,7,30.880938736931,2473,1123,1066,283.057015770319,40.8163265306122,0,124.326564442603,27.6332531259046,24.6476948750449,29.1367715743001,VIC
10048,2014,January,1,75 to 84,4,27.587492444011,2501,1123,1066,159.936025589764,283.057015770319,40.8163265306122,403.225806451613,30.880938736931,27.6332531259046,29.2252935180807,VIC
10048,2014,February,2,75 to 84,2,27.3982454248711,2586,1123,1066,77.3395204949729,159.936025589764,283.057015770319,394.944707740916,27.587492444011,30.880938736931,31.5993805968479,VIC
10048,2014,March,3,75 to 84,1,25.9577048973427,2481,1123,1066,40.3063280935107,77.3395204949729,159.936025589764,211.864406779661,27.3982454248711,27.587492444011,27.2081624828145,VIC
10048,2014,November,11,75 to 84,3,24.6482334881601,2437,1123,1066,123.102174805088,79.8722044728435,0,40.8163265306122,19.2766414380998,18.5053036006726,27.6332531259046,VIC
10048,2014,December,12,75 to 84,5,29.0749620261277,2495,1123,1066,200.400801603206,123.102174805088,79.8722044728435,283.057015770319,24.6482334881601,19.2766414380998,30.880938736931,VIC
10048,2015,January,1,75 to 84,1,28.3362436874431,2520,1123,1066,39.6825396825397,200.400801603206,123.102174805088,159.936025589764,29.0749620261277,24.6482334881601,27.587492444011,VIC
10048,2015,February,2,75 to 84,0,28.191027820816,2521,1123,1066,0,39.6825396825397,200.400801603206,77.3395204949729,28.3362436874431,29.0749620261277,27.3982454248711,VIC
10048,2015,March,3,75 to 84,1,26.6371566394524,2483,1123,1066,40.2738622633911,0,39.6825396825397,40.3063280935107,28.191027820816,28.3362436874431,25.9577048973427,VIC
10048,2015,November,11,75 to 84,3,27.2876972942311,2486,1123,1066,120.675784392599,0,201.126307320998,123.102174805088,22.8331551814336,18.4108125438879,24.6482334881601,VIC
10048,2015,December,12,75 to 84,2,28.8563140661594,2469,1123,1066,81.0044552450385,120.675784392599,0,200.400801603206,27.2876972942311,22.8331551814336,29.0749620261277,VIC
10048,2016,January,1,75 to 84,8,31.4235303275139,2547,1123,1066,314.095013741657,81.0044552450385,120.675784392599,39.6825396825397,28.8563140661594,27.2876972942311,28.3362436874431,VIC
10048,2016,February,2,75 to 84,4,28.5952207828502,2473,1123,1066,161.746866154468,314.095013741657,81.0044552450385,0,31.4235303275139,28.8563140661594,28.191027820816,VIC
10048,2016,March,3,75 to 84,10,27.5589441622592,2456,1123,1066,407.166123778502,161.746866154468,314.095013741657,40.2738622633911,28.5952207828502,31.4235303275139,26.6371566394524,VIC
10048,2016,November,11,75 to 84,1,23.9917478291929,2526,1123,1066,39.5882818685669,0,0,120.675784392599,22.9707464876224,19.3724444437243,27.2876972942311,VIC
10048,2016,December,12,75 to 84,0,31.9319664371012,2458,1123,1066,0,39.5882818685669,0,81.0044552450385,23.9917478291929,22.9707464876224,28.8563140661594,VIC
10048,2011,January,1,85+,4,29.5906156122115,2423,1123,1066,165.084605860504,0,422.832980972516,293.009627459188,28.8628769907091,27.0098249943295,28.1276350732328,VIC
10048,2011,February,2,85+,4,29.5081152901815,2470,1123,1066,161.943319838057,165.084605860504,0,165.631469979296,29.5906156122115,28.8628769907091,28.1025563561382,VIC
10048,2011,March,3,85+,8,27.0125611821867,2476,1123,1066,323.101777059774,161.943319838057,165.084605860504,202.59319286872,29.5081152901815,29.5906156122115,23.8258085336494,VIC
10048,2011,November,11,85+,1,24.7724806223984,2437,1123,1066,41.0340582683627,424.808836023789,384.122919334187,422.832980972516,22.077560300225,19.5130705061915,27.0098249943295,VIC
10048,2011,December,12,85+,3,30.6162770586688,2406,1123,1066,124.688279301746,41.0340582683627,424.808836023789,0,24.7724806223984,22.077560300225,28.8628769907091,VIC
10048,2012,January,1,85+,4,29.8193368692392,2428,1123,1066,164.744645799012,124.688279301746,41.0340582683627,165.084605860504,30.6162770586688,24.7724806223984,29.5906156122115,VIC
10048,2012,February,2,85+,1,24.7025750009183,2367,1123,1066,42.247570764681,164.744645799012,124.688279301746,161.943319838057,29.8193368692392,30.6162770586688,29.5081152901815,VIC
10048,2012,March,3,85+,2,24.6825520642165,2468,1123,1066,81.0372771474878,42.247570764681,164.744645799012,323.101777059774,24.7025750009183,29.8193368692392,27.0125611821867,VIC
10048,2012,November,11,85+,5,24.4190547714419,2314,1123,1066,216.076058772688,125.31328320802,204.918032786885,41.0340582683627,23.6215179712728,20.0411560152041,24.7724806223984,VIC
10048,2012,December,12,85+,16,28.605001009612,2497,1123,1066,640.768922707249,216.076058772688,125.31328320802,124.688279301746,24.4190547714419,23.6215179712728,30.6162770586688,VIC
10048,2013,January,1,85+,18,31.4440351855071,2500,1123,1066,720,640.768922707249,216.076058772688,164.744645799012,28.605001009612,24.4190547714419,29.8193368692392,VIC
10048,2013,February,2,85+,12,28.5353341559778,2463,1123,1066,487.21071863581,720,640.768922707249,42.247570764681,31.4440351855071,28.605001009612,24.7025750009183,VIC
10048,2013,March,3,85+,0,24.2728190519229,2466,1123,1066,0,487.21071863581,720,81.0372771474878,28.5353341559778,31.4440351855071,24.6825520642165,VIC
10048,2013,November,11,85+,9,27.7102868763055,2586,1123,1066,348.027842227378,369.761709120789,194.779898714453,216.076058772688,21.599401745795,18.8003344424995,24.4190547714419,VIC
10048,2013,December,12,85+,12,28.0227880706899,2454,1123,1066,488.997555012225,348.027842227378,369.761709120789,640.768922707249,27.7102868763055,21.599401745795,28.605001009612,VIC
10048,2014,January,1,85+,9,30.3136274807374,2536,1123,1066,354.889589905363,488.997555012225,348.027842227378,720,28.0227880706899,27.7102868763055,31.4440351855071,VIC
10048,2014,February,2,85+,0,26.6248412428333,2533,1123,1066,0,354.889589905363,488.997555012225,487.21071863581,30.3136274807374,28.0227880706899,28.5353341559778,VIC
10048,2014,March,3,85+,1,27.197220855608,2387,1123,1066,41.8935902806871,0,354.889589905363,0,26.6248412428333,30.3136274807374,24.2728190519229,VIC
10048,2014,November,11,85+,2,25.529934467355,2535,1123,1066,78.8954635108481,0,120.192307692308,348.027842227378,21.1950840324741,16.9351767701869,27.7102868763055,VIC
10048,2014,December,12,85+,4,27.0330367300447,2420,1123,1066,165.289256198347,78.8954635108481,0,488.997555012225,25.529934467355,21.1950840324741,28.0227880706899,VIC
10048,2015,January,1,85+,27,28.575957640481,2479,1123,1066,1089.14885034288,165.289256198347,78.8954635108481,354.889589905363,27.0330367300447,25.529934467355,30.3136274807374,VIC
10048,2015,February,2,85+,3,29.4164374885149,2456,1123,1066,122.14983713355,1089.14885034288,165.289256198347,0,28.575957640481,27.0330367300447,26.6248412428333,VIC
10048,2015,March,3,85+,7,25.8372963347684,2472,1123,1066,283.171521035599,122.14983713355,1089.14885034288,41.8935902806871,29.4164374885149,28.575957640481,27.197220855608,VIC
10048,2015,November,11,85+,11,26.3152956708748,2555,1123,1066,430.528375733855,40,0,78.8954635108481,19.210939181587,17.3724059614487,25.529934467355,VIC
10048,2015,December,12,85+,1,30.065637017016,2437,1123,1066,41.0340582683627,430.528375733855,40,165.289256198347,26.3152956708748,19.210939181587,27.0330367300447,VIC
10048,2016,January,1,85+,7,29.7033377069763,2508,1123,1066,279.106858054226,41.0340582683627,430.528375733855,1089.14885034288,30.065637017016,26.3152956708748,28.575957640481,VIC
10048,2016,February,2,85+,4,30.1826946621749,2502,1123,1066,159.872102318146,279.106858054226,41.0340582683627,122.14983713355,29.7033377069763,30.065637017016,29.4164374885149,VIC
10048,2016,March,3,85+,8,27.5928174410293,2467,1123,1066,324.280502634779,159.872102318146,279.106858054226,283.171521035599,30.1826946621749,29.7033377069763,25.8372963347684,VIC
10048,2016,November,11,85+,0,26.56923409052,2504,1123,1066,0,0,0,430.528375733855,19.9754575852049,18.5317412283597,26.3152956708748,VIC
10048,2016,December,12,85+,7,29.0019824896734,2547,1123,1066,274.83313702395,0,0,41.0340582683627,26.56923409052,19.9754575852049,30.065637017016,VIC
10049,2011,January,1,75 to 84,3,31.6758786832969,7208,995,913,41.6204217536071,106.312292358804,484.496124031008,84.8536274925753,29.9188557827116,25.1905397899945,30.1997064795751,VIC
10049,2011,February,2,75 to 84,13,28.8899349346206,7279,995,913,178.595960983652,41.6204217536071,106.312292358804,123.9328008813,31.6758786832969,29.9188557827116,26.126677514923,VIC
10049,2011,March,3,75 to 84,5,26.5311776554974,7216,995,913,69.2904656319291,178.595960983652,41.6204217536071,54.8772122376183,28.8899349346206,31.6758786832969,24.3696902964774,VIC
10049,2011,November,11,75 to 84,15,25.1385348535406,7446,995,913,201.450443190975,95.6806998359759,56.0931145701865,484.496124031008,20.8491320450036,16.2197208676391,25.1905397899945,VIC
10049,2011,December,12,75 to 84,1,29.1578580727876,7266,995,913,13.7627305257363,201.450443190975,95.6806998359759,106.312292358804,25.1385348535406,20.8491320450036,29.9188557827116,VIC
10049,2012,January,1,75 to 84,3,30.2198482319251,7238,995,913,41.4479137883393,13.7627305257363,201.450443190975,41.6204217536071,29.1578580727876,25.1385348535406,31.6758786832969,VIC
10049,2012,February,2,75 to 84,13,32.7465572752551,7621,995,913,170.58128854481,41.4479137883393,13.7627305257363,178.595960983652,30.2198482319251,29.1578580727876,28.8899349346206,VIC
10049,2012,March,3,75 to 84,40,27.3619417871063,7638,995,913,523.69730295889,170.58128854481,41.4479137883393,69.2904656319291,32.7465572752551,30.2198482319251,26.5311776554974,VIC
10049,2012,November,11,75 to 84,3,24.2871065919503,7485,995,913,40.0801603206413,96.7519004837595,190.502109130494,201.450443190975,20.0441339806171,18.0694767098131,25.1385348535406,VIC
10049,2012,December,12,75 to 84,2,28.1796095812778,7536,995,913,26.5392781316348,40.0801603206413,96.7519004837595,13.7627305257363,24.2871065919503,20.0441339806171,29.1578580727876,VIC
10049,2013,January,1,75 to 84,10,30.5602351252084,7313,995,913,136.742786817995,26.5392781316348,40.0801603206413,41.4479137883393,28.1796095812778,24.2871065919503,30.2198482319251,VIC
10049,2013,February,2,75 to 84,14,28.4210950778192,7555,995,913,185.307743216413,136.742786817995,26.5392781316348,170.58128854481,30.5602351252084,28.1796095812778,32.7465572752551,VIC
10049,2013,March,3,75 to 84,5,24.8369520398539,7371,995,913,67.8334011667345,185.307743216413,136.742786817995,523.69730295889,28.4210950778192,30.5602351252084,27.3619417871063,VIC
10049,2013,November,11,75 to 84,14,26.9268485996759,7414,995,913,188.831939573779,386.100386100386,140.575079872204,40.0801603206413,22.6658046000751,16.5347118714103,24.2871065919503,VIC
10049,2013,December,12,75 to 84,10,26.3325363508852,7726,995,913,129.433083096039,188.831939573779,386.100386100386,26.5392781316348,26.9268485996759,22.6658046000751,28.1796095812778,VIC
10049,2014,January,1,75 to 84,7,31.3225300314335,7821,995,913,89.5026211481908,129.433083096039,188.831939573779,136.742786817995,26.3325363508852,26.9268485996759,30.5602351252084,VIC
10049,2014,February,2,75 to 84,9,29.912121613608,7945,995,913,113.278791692889,89.5026211481908,129.433083096039,185.307743216413,31.3225300314335,26.3325363508852,28.4210950778192,VIC
10049,2014,March,3,75 to 84,6,24.0704618130439,7557,995,913,79.3965859468043,113.278791692889,89.5026211481908,67.8334011667345,29.912121613608,31.3225300314335,24.8369520398539,VIC
10049,2014,November,11,75 to 84,15,25.8133094914852,7575,995,913,198.019801980198,160.342063067878,121.016538926987,188.831939573779,22.061412168157,18.3009028033431,26.9268485996759,VIC
10049,2014,December,12,75 to 84,10,28.6892225750727,7812,995,913,128.008192524322,198.019801980198,160.342063067878,129.433083096039,25.8133094914852,22.061412168157,26.3325363508852,VIC
10049,2015,January,1,75 to 84,29,31.6515439671173,7492,995,913,387.079551521623,128.008192524322,198.019801980198,89.5026211481908,28.6892225750727,25.8133094914852,31.3225300314335,VIC
10049,2015,February,2,75 to 84,15,28.3144225817309,7628,995,913,196.643943366544,387.079551521623,128.008192524322,113.278791692889,31.6515439671173,28.6892225750727,29.912121613608,VIC
10049,2015,March,3,75 to 84,0,25.3469082985934,7556,995,913,0,196.643943366544,387.079551521623,79.3965859468043,28.3144225817309,31.6515439671173,24.0704618130439,VIC
10049,2015,November,11,75 to 84,11,25.9866580601554,7604,995,913,144.660704892162,146.198830409357,144.224465713911,198.019801980198,17.298459935331,16.7976420546792,25.8133094914852,VIC
10049,2015,December,12,75 to 84,15,30.8033925258414,7281,995,913,206.015657189946,144.660704892162,146.198830409357,128.008192524322,25.9866580601554,17.298459935331,28.6892225750727,VIC
10049,2016,January,1,75 to 84,10,32.0591286266028,7834,995,913,127.648710748021,206.015657189946,144.660704892162,387.079551521623,30.8033925258414,25.9866580601554,31.6515439671173,VIC
10049,2016,February,2,75 to 84,44,29.6242117944843,7622,995,913,577.276305431645,127.648710748021,206.015657189946,196.643943366544,32.0591286266028,30.8033925258414,28.3144225817309,VIC
10049,2016,March,3,75 to 84,7,25.390609148801,7823,995,913,89.4797392304742,577.276305431645,127.648710748021,0,29.6242117944843,32.0591286266028,25.3469082985934,VIC
10049,2016,November,11,75 to 84,10,25.1494694083481,7588,995,913,131.787032156036,66.2163951794464,78.0538571614414,144.660704892162,23.4543418193111,16.1567592929409,25.9866580601554,VIC
10049,2016,December,12,75 to 84,1,31.1309778602713,7684,995,913,13.014055179594,131.787032156036,66.2163951794464,206.015657189946,25.1494694083481,23.4543418193111,30.8033925258414,VIC
10049,2011,January,1,85+,12,30.9323352245516,7322,995,913,163.889647637258,134.952766531714,411.581038887312,193.050193050193,31.0973818808484,28.8177981147829,28.7243358720632,VIC
10049,2011,February,2,85+,17,28.9218705245552,7369,995,913,230.696159587461,163.889647637258,134.952766531714,94.0860215053764,30.9323352245516,31.0973818808484,27.3697845954089,VIC
10049,2011,March,3,85+,19,26.7625859760323,7112,995,913,267.154105736783,230.696159587461,163.889647637258,108.225108225108,28.9218705245552,30.9323352245516,25.0251631597995,VIC
10049,2011,November,11,85+,17,24.8903142743741,7381,995,913,230.321094702615,250.59351094698,121.769719929644,411.581038887312,23.5900631715411,18.1806947830977,28.8177981147829,VIC
10049,2011,December,12,85+,47,25.8275407035376,7066,995,913,665.157090291537,230.321094702615,250.59351094698,134.952766531714,24.8903142743741,23.5900631715411,31.0973818808484,VIC
10049,2012,January,1,85+,40,29.3303459646334,7556,995,913,529.380624669137,665.157090291537,230.321094702615,163.889647637258,25.8275407035376,24.8903142743741,30.9323352245516,VIC
10049,2012,February,2,85+,7,29.4830601593045,7435,995,913,94.1492938802959,529.380624669137,665.157090291537,230.696159587461,29.3303459646334,25.8275407035376,28.9218705245552,VIC
10049,2012,March,3,85+,13,24.7296670731949,7390,995,913,175.913396481732,94.1492938802959,529.380624669137,267.154105736783,29.4830601593045,29.3303459646334,26.7625859760323,VIC
10049,2012,November,11,85+,47,24.3393085960759,7241,995,913,649.081618560972,308.721378955493,40.7608695652174,230.321094702615,20.4850897300274,18.2817541292431,24.8903142743741,VIC
10049,2012,December,12,85+,26,28.5047991322775,7365,995,913,353.021045485404,649.081618560972,308.721378955493,665.157090291537,24.3393085960759,20.4850897300274,25.8275407035376,VIC
10049,2013,January,1,85+,2,30.7645688242407,7508,995,913,26.638252530634,353.021045485404,649.081618560972,529.380624669137,28.5047991322775,24.3393085960759,29.3303459646334,VIC
10049,2013,February,2,85+,25,27.5262695759429,7658,995,913,326.455993732045,26.638252530634,353.021045485404,94.1492938802959,30.7645688242407,28.5047991322775,29.4830601593045,VIC
10049,2013,March,3,85+,2,28.1818718605033,7507,995,913,26.6418009857466,326.455993732045,26.638252530634,175.913396481732,27.5262695759429,30.7645688242407,24.7296670731949,VIC
10049,2013,November,11,85+,1,25.0844068572909,7639,995,913,13.0907186804556,25.7864878803507,0,649.081618560972,21.7807309690736,19.1569191620192,24.3393085960759,VIC
10049,2013,December,12,85+,19,30.1329299711528,7414,995,913,256.271917992986,13.0907186804556,25.7864878803507,353.021045485404,25.0844068572909,21.7807309690736,28.5047991322775,VIC
10049,2014,January,1,85+,27,30.5864020489696,7326,995,913,368.550368550369,256.271917992986,13.0907186804556,26.638252530634,30.1329299711528,25.0844068572909,30.7645688242407,VIC
10049,2014,February,2,85+,12,30.2132507945682,7647,995,913,156.924284032954,368.550368550369,256.271917992986,326.455993732045,30.5864020489696,30.1329299711528,27.5262695759429,VIC
10049,2014,March,3,85+,16,24.8906875252565,7390,995,913,216.508795669824,156.924284032954,368.550368550369,26.6418009857466,30.2132507945682,30.5864020489696,28.1818718605033,VIC
10049,2014,November,11,85+,17,28.0482499812594,7722,995,913,220.15022015022,160.836349014877,77.2002058672157,13.0907186804556,23.1647609879103,17.5212114452366,25.0844068572909,VIC
10049,2014,December,12,85+,47,26.3262902412214,7451,995,913,630.78781371628,220.15022015022,160.836349014877,256.271917992986,28.0482499812594,23.1647609879103,30.1329299711528,VIC
10049,2015,January,1,85+,46,28.6399626516987,7604,995,913,604.944765912678,630.78781371628,220.15022015022,368.550368550369,26.3262902412214,28.0482499812594,30.5864020489696,VIC
10049,2015,February,2,85+,13,29.9653022374334,7499,995,913,173.356447526337,604.944765912678,630.78781371628,156.924284032954,28.6399626516987,26.3262902412214,30.2132507945682,VIC
10049,2015,March,3,85+,40,25.6911602272831,7912,995,913,505.561172901921,173.356447526337,604.944765912678,216.508795669824,29.9653022374334,28.6399626516987,24.8906875252565,VIC
10049,2015,November,11,85+,9,22.7157609203554,7510,995,913,119.840213049268,38.5653682992673,252.760409737927,220.15022015022,22.9192263037865,19.502891482813,28.0482499812594,VIC
10049,2015,December,12,85+,18,30.4546949411606,7508,995,913,239.744272775706,119.840213049268,38.5653682992673,630.78781371628,22.7157609203554,22.9192263037865,26.3262902412214,VIC
10049,2016,January,1,85+,29,31.9553450600008,7726,995,913,375.355940978514,239.744272775706,119.840213049268,604.944765912678,30.4546949411606,22.7157609203554,28.6399626516987,VIC
10049,2016,February,2,85+,45,26.4837623139526,7734,995,913,581.846392552366,375.355940978514,239.744272775706,173.356447526337,31.9553450600008,30.4546949411606,29.9653022374334,VIC
10049,2016,March,3,85+,30,25.4011288298813,7724,995,913,388.399792853444,581.846392552366,375.355940978514,505.561172901921,26.4837623139526,31.9553450600008,25.6911602272831,VIC
10049,2016,November,11,85+,16,25.6693814935526,7595,995,913,210.664911125741,92.5803465150113,77.4093665333505,119.840213049268,25.1888888940193,21.2609992970922,22.7157609203554,VIC
10049,2016,December,12,85+,6,29.5677993175406,7971,995,913,75.2728641324802,210.664911125741,92.5803465150113,239.744272775706,25.6693814935526,25.1888888940193,30.4546949411606,VIC
10050,2011,January,1,75 to 84,6,28.1380382495285,18333,999,955,32.7278677794142,208.860063757283,121.114251110214,111.874700335624,27.1083582467427,26.6778801357311,27.0952748121263,VIC
10050,2011,February,2,75 to 84,3,26.2982422374453,17935,999,955,16.7270699749094,32.7278677794142,208.860063757283,99.8391480392701,28.1380382495285,27.1083582467427,30.6739901933562,VIC
10050,2011,March,3,75 to 84,7,25.1192937552024,18729,999,955,37.3751935501095,16.7270699749094,32.7278677794142,278.779927845195,26.2982422374453,28.1380382495285,26.7222172981446,VIC
10050,2011,November,11,75 to 84,21,24.9786936766496,18396,999,955,114.155251141553,69.6714722118013,145.699075371252,121.114251110214,21.2724843334244,14.9037581522488,26.6778801357311,VIC
10050,2011,December,12,75 to 84,37,28.2490401148058,18525,999,955,199.730094466937,114.155251141553,69.6714722118013,208.860063757283,24.9786936766496,21.2724843334244,27.1083582467427,VIC
10050,2012,January,1,75 to 84,64,29.1627419759725,18528,999,955,345.423143350604,199.730094466937,114.155251141553,32.7278677794142,28.2490401148058,24.9786936766496,28.1380382495285,VIC
10050,2012,February,2,75 to 84,49,31.0966409595274,18570,999,955,263.866451265482,345.423143350604,199.730094466937,16.7270699749094,29.1627419759725,28.2490401148058,26.2982422374453,VIC
10050,2012,March,3,75 to 84,39,25.0821895504311,18616,999,955,209.497206703911,263.866451265482,345.423143350604,37.3751935501095,31.0966409595274,29.1627419759725,25.1192937552024,VIC
10050,2012,November,11,75 to 84,15,24.4887912353717,19234,999,955,77.9868982011022,31.6656111462951,55.6699883093025,114.155251141553,21.7855795490865,15.3393300921671,24.9786936766496,VIC
10050,2012,December,12,75 to 84,23,30.1642559064599,18719,999,955,122.86981142155,77.9868982011022,31.6656111462951,199.730094466937,24.4887912353717,21.7855795490865,28.2490401148058,VIC
10050,2013,January,1,75 to 84,33,29.9734214997949,18502,999,955,178.359096313912,122.86981142155,77.9868982011022,345.423143350604,30.1642559064599,24.4887912353717,29.1627419759725,VIC
10050,2013,February,2,75 to 84,75,24.1470291615481,18773,999,955,399.509934480371,178.359096313912,122.86981142155,263.866451265482,29.9734214997949,30.1642559064599,31.0966409595274,VIC
10050,2013,March,3,75 to 84,6,26.0363215147223,18695,999,955,32.0941428189355,399.509934480371,178.359096313912,209.497206703911,24.1470291615481,29.9734214997949,25.0821895504311,VIC
10050,2013,November,11,75 to 84,23,24.1519769365326,18850,999,955,122.015915119363,127.300694849626,171.428571428571,77.9868982011022,18.3925202628452,19.6410629098038,24.4887912353717,VIC
10050,2013,December,12,75 to 84,11,31.6211123274791,18959,999,955,58.0199377604304,122.015915119363,127.300694849626,122.86981142155,24.1519769365326,18.3925202628452,30.1642559064599,VIC
10050,2014,January,1,75 to 84,16,29.1438390221475,19677,999,955,81.3132083142756,58.0199377604304,122.015915119363,178.359096313912,31.6211123274791,24.1519769365326,29.9734214997949,VIC
10050,2014,February,2,75 to 84,27,29.3903332953144,18716,999,955,144.261594357769,81.3132083142756,58.0199377604304,399.509934480371,29.1438390221475,31.6211123274791,24.1470291615481,VIC
10050,2014,March,3,75 to 84,32,27.6559945437568,19508,999,955,164.03526758253,144.261594357769,81.3132083142756,32.0941428189355,29.3903332953144,29.1438390221475,26.0363215147223,VIC
10050,2014,November,11,75 to 84,8,23.8845694477915,19643,999,955,40.7269765310798,53.3589456272344,21.5505630084586,122.015915119363,23.0495641622752,19.9066673342843,24.1519769365326,VIC
10050,2014,December,12,75 to 84,8,27.0635397838973,18756,999,955,42.6530177010024,40.7269765310798,53.3589456272344,58.0199377604304,23.8845694477915,23.0495641622752,31.6211123274791,VIC
10050,2015,January,1,75 to 84,35,29.6344117156552,19388,999,955,180.524035485868,42.6530177010024,40.7269765310798,81.3132083142756,27.0635397838973,23.8845694477915,29.1438390221475,VIC
10050,2015,February,2,75 to 84,42,29.3452700707677,19311,999,955,217.49262078608,180.524035485868,42.6530177010024,144.261594357769,29.6344117156552,27.0635397838973,29.3903332953144,VIC
10050,2015,March,3,75 to 84,8,28.6794463288291,19483,999,955,41.0614381768721,217.49262078608,180.524035485868,164.03526758253,29.3452700707677,29.6344117156552,27.6559945437568,VIC
10050,2015,November,11,75 to 84,10,27.913789967459,18956,999,955,52.7537455159316,82.996161427534,107.730980351921,40.7269765310798,19.3886666541845,18.8346922732344,23.8845694477915,VIC
10050,2015,December,12,75 to 84,55,29.0543017138502,19394,999,955,283.592863772301,52.7537455159316,82.996161427534,42.6530177010024,27.913789967459,19.3886666541845,27.0635397838973,VIC
10050,2016,January,1,75 to 84,3,29.0697756022234,18976,999,955,15.8094435075885,283.592863772301,52.7537455159316,180.524035485868,29.0543017138502,27.913789967459,29.6344117156552,VIC
10050,2016,February,2,75 to 84,21,31.2225665787137,19788,999,955,106.124924196483,15.8094435075885,283.592863772301,217.49262078608,29.0697756022234,29.0543017138502,29.3452700707677,VIC
10050,2016,March,3,75 to 84,15,25.8510094796943,19060,999,955,78.6988457502623,106.124924196483,15.8094435075885,41.0614381768721,31.2225665787137,29.0697756022234,28.6794463288291,VIC
10050,2016,November,11,75 to 84,73,25.3056736623958,19856,999,955,367.647058823529,83.0435459594125,51.5676567656766,52.7537455159316,23.8346083404715,18.3013436399214,27.913789967459,VIC
10050,2016,December,12,75 to 84,4,31.552034420754,18872,999,955,21.1954217888936,367.647058823529,83.0435459594125,283.592863772301,25.3056736623958,23.8346083404715,29.0543017138502,VIC
10050,2011,January,1,85+,35,26.9994305185296,18071,999,955,193.680482541088,781.419578901672,822.515666965085,385.044642857143,28.3596134386735,26.4442358200697,31.6959499971221,VIC
10050,2011,February,2,85+,34,29.7728085514032,18934,999,955,179.571141861202,193.680482541088,781.419578901672,246.993127147766,26.9994305185296,28.3596134386735,28.5773916122444,VIC
10050,2011,March,3,85+,122,28.1077059275753,18196,999,955,670.477027918224,179.571141861202,193.680482541088,1348.66476814787,29.7728085514032,26.9994305185296,26.4396741471529,VIC
10050,2011,November,11,85+,56,26.4004572630691,18359,999,955,305.027506944823,231.843424812638,293.336285145008,822.515666965085,20.8509416971551,15.7699362088185,26.4442358200697,VIC
10050,2011,December,12,85+,55,28.3236705131111,18184,999,955,302.463704355477,305.027506944823,231.843424812638,781.419578901672,26.4004572630691,20.8509416971551,28.3596134386735,VIC
10050,2012,January,1,85+,129,30.2147794952915,19033,999,955,677.770188619766,302.463704355477,305.027506944823,193.680482541088,28.3236705131111,26.4004572630691,26.9994305185296,VIC
10050,2012,February,2,85+,107,27.4333396636355,18791,999,955,569.421531584269,677.770188619766,302.463704355477,179.571141861202,30.2147794952915,28.3236705131111,29.7728085514032,VIC
10050,2012,March,3,85+,195,24.0036415339617,19030,999,955,1024.69784550709,569.421531584269,677.770188619766,670.477027918224,27.4333396636355,30.2147794952915,28.1077059275753,VIC
10050,2012,November,11,85+,52,26.8355634997136,18557,999,955,280.2177076036,183.63489062922,301.343275958936,305.027506944823,25.6933982783639,17.9835631062833,26.4004572630691,VIC
10050,2012,December,12,85+,27,29.9864944205937,18889,999,955,142.940335645084,280.2177076036,183.63489062922,302.463704355477,26.8355634997136,25.6933982783639,28.3236705131111,VIC
10050,2013,January,1,85+,63,31.0466218154333,19096,999,955,329.912023460411,142.940335645084,280.2177076036,677.770188619766,29.9864944205937,26.8355634997136,30.2147794952915,VIC
10050,2013,February,2,85+,68,26.9735264895386,19044,999,955,357.067842890149,329.912023460411,142.940335645084,569.421531584269,31.0466218154333,29.9864944205937,27.4333396636355,VIC
10050,2013,March,3,85+,64,24.5982103664974,18642,999,955,343.31080356185,357.067842890149,329.912023460411,1024.69784550709,26.9735264895386,31.0466218154333,24.0036415339617,VIC
10050,2013,November,11,85+,18,26.1096082438073,19061,999,955,94.4336603536016,88.698737347386,405.911740216486,280.2177076036,21.1954376209308,16.6275377972831,26.8355634997136,VIC
10050,2013,December,12,85+,45,28.5166712673537,18917,999,955,237.881270814611,94.4336603536016,88.698737347386,142.940335645084,26.1096082438073,21.1954376209308,29.9864944205937,VIC
10050,2014,January,1,85+,101,28.2917499550884,18369,999,955,549.839403342588,237.881270814611,94.4336603536016,329.912023460411,28.5166712673537,26.1096082438073,31.0466218154333,VIC
10050,2014,February,2,85+,189,30.7153923645003,19492,999,955,969.62856556536,549.839403342588,237.881270814611,357.067842890149,28.2917499550884,28.5166712673537,26.9735264895386,VIC
10050,2014,March,3,85+,43,24.4754903366032,18541,999,955,231.918451000485,969.62856556536,549.839403342588,343.31080356185,30.7153923645003,28.2917499550884,24.5982103664974,VIC
10050,2014,November,11,85+,47,24.1385738803634,19634,999,955,239.380666191301,379.662408291006,345.292689506339,94.4336603536016,19.7132635143018,20.4081581857016,26.1096082438073,VIC
10050,2014,December,12,85+,20,29.9778767766848,19295,999,955,103.65379632029,239.380666191301,379.662408291006,237.881270814611,24.1385738803634,19.7132635143018,28.5166712673537,VIC
10050,2015,January,1,85+,29,25.9987351109523,19574,999,955,148.15571676714,103.65379632029,239.380666191301,549.839403342588,29.9778767766848,24.1385738803634,28.2917499550884,VIC
10050,2015,February,2,85+,74,28.6795253819239,19026,999,955,388.941448544098,148.15571676714,103.65379632029,969.62856556536,25.9987351109523,29.9778767766848,30.7153923645003,VIC
10050,2015,March,3,85+,38,26.0364716498387,18849,999,955,201.602207013635,388.941448544098,148.15571676714,231.918451000485,28.6795253819239,25.9987351109523,24.4754903366032,VIC
10050,2015,November,11,85+,49,25.897141165835,19000,999,955,257.894736842105,270.313245349022,212.282031842305,239.380666191301,22.4964632268803,18.5931570641025,24.1385738803634,VIC
10050,2015,December,12,85+,98,28.3363328052931,19388,999,955,505.467299360429,257.894736842105,270.313245349022,103.65379632029,25.897141165835,22.4964632268803,29.9778767766848,VIC
10050,2016,January,1,85+,49,29.9599260428834,19245,999,955,254.611587425305,505.467299360429,257.894736842105,148.15571676714,28.3363328052931,25.897141165835,25.9987351109523,VIC
10050,2016,February,2,85+,80,29.8851389750416,18885,999,955,423.616626952608,254.611587425305,505.467299360429,388.941448544098,29.9599260428834,28.3363328052931,28.6795253819239,VIC
10050,2016,March,3,85+,118,27.0646654046867,19583,999,955,602.563447888475,423.616626952608,254.611587425305,201.602207013635,29.8851389750416,29.9599260428834,26.0364716498387,VIC
10050,2016,November,11,85+,44,24.8006727453396,19163,999,955,229.609142618588,86.5844962819599,169.601436623934,257.894736842105,19.9814630388593,18.0446919460229,25.897141165835,VIC
10050,2016,December,12,85+,30,28.8064307440559,19515,999,955,153.727901614143,229.609142618588,86.5844962819599,505.467299360429,24.8006727453396,19.9814630388593,28.3363328052931,VIC
10051,2011,January,1,75 to 84,43,30.1682663022457,17205,987,974,249.92734670154,88.8783551579072,82.135523613963,451.938119242135,27.809553359864,25.2866574600809,29.3068668639327,VIC
10051,2011,February,2,75 to 84,13,28.4224093431412,17779,987,974,73.1199730018561,249.92734670154,88.8783551579072,757.702378962616,30.1682663022457,27.809553359864,29.0648800103041,VIC
10051,2011,March,3,75 to 84,7,25.5604315745824,17859,987,974,39.1959236239431,73.1199730018561,249.92734670154,269.239398698676,28.4224093431412,30.1682663022457,28.3821869450241,VIC
10051,2011,November,11,75 to 84,6,26.2758696864417,17308,987,974,34.6660503813266,173.223066607063,40.0916380297824,82.135523613963,20.2553075254304,16.0138407418836,25.2866574600809,VIC
10051,2011,December,12,75 to 84,15,31.481394532311,17341,987,974,86.5002018338043,34.6660503813266,173.223066607063,88.8783551579072,26.2758696864417,20.2553075254304,27.809553359864,VIC
10051,2012,January,1,75 to 84,17,31.468711525321,17505,987,974,97.1151099685804,86.5002018338043,34.6660503813266,249.92734670154,31.481394532311,26.2758696864417,30.1682663022457,VIC
10051,2012,February,2,75 to 84,95,28.2242667559661,17533,987,974,541.835396110192,97.1151099685804,86.5002018338043,73.1199730018561,31.468711525321,31.481394532311,28.4224093431412,VIC
10051,2012,March,3,75 to 84,11,25.8429783370095,17521,987,974,62.7818046915131,541.835396110192,97.1151099685804,39.1959236239431,28.2242667559661,31.468711525321,25.5604315745824,VIC
10051,2012,November,11,75 to 84,35,29.2199995560641,17567,987,974,199.237206125121,163.141008211431,49.7402453852106,34.6660503813266,22.1364013294413,18.6398107343069,26.2758696864417,VIC
10051,2012,December,12,75 to 84,21,31.0085155118297,18158,987,974,115.651503469545,199.237206125121,163.141008211431,86.5002018338043,29.2199995560641,22.1364013294413,31.481394532311,VIC
10051,2013,January,1,75 to 84,21,29.2086496150203,17656,987,974,118.939737199819,115.651503469545,199.237206125121,97.1151099685804,31.0085155118297,29.2199995560641,31.468711525321,VIC
10051,2013,February,2,75 to 84,18,28.3442975594753,18151,987,974,99.1680899124015,118.939737199819,115.651503469545,541.835396110192,29.2086496150203,31.0085155118297,28.2242667559661,VIC
10051,2013,March,3,75 to 84,11,25.153283110769,18362,987,974,59.906328286679,99.1680899124015,118.939737199819,62.7818046915131,28.3442975594753,29.2086496150203,25.8429783370095,VIC
10051,2013,November,11,75 to 84,20,25.2415243945132,17947,987,974,111.439237755614,49.9057336142841,73.2353106867219,199.237206125121,22.7200788453054,18.284130471173,29.2199995560641,VIC
10051,2013,December,12,75 to 84,7,31.7523015383683,18096,987,974,38.6825817860301,111.439237755614,49.9057336142841,115.651503469545,25.2415243945132,22.7200788453054,31.0085155118297,VIC
10051,2014,January,1,75 to 84,4,29.6205285440867,18575,987,974,21.5343203230148,38.6825817860301,111.439237755614,118.939737199819,31.7523015383683,25.2415243945132,29.2086496150203,VIC
10051,2014,February,2,75 to 84,25,30.5863852002469,18379,987,974,136.024810925513,21.5343203230148,38.6825817860301,99.1680899124015,29.6205285440867,31.7523015383683,28.3442975594753,VIC
10051,2014,March,3,75 to 84,55,25.378024685144,18047,987,974,304.759793871558,136.024810925513,21.5343203230148,59.906328286679,30.5863852002469,29.6205285440867,25.153283110769,VIC
10051,2014,November,11,75 to 84,6,27.9054457137721,18123,987,974,33.107101473266,86.7955097789608,27.3313654750191,111.439237755614,24.3195185055189,16.6728741234226,25.2415243945132,VIC
10051,2014,December,12,75 to 84,9,25.4648584917577,17453,987,974,51.5670658339541,33.107101473266,86.7955097789608,38.6825817860301,27.9054457137721,24.3195185055189,31.7523015383683,VIC
10051,2015,January,1,75 to 84,15,28.5364893140894,18236,987,974,82.2548804562404,51.5670658339541,33.107101473266,21.5343203230148,25.4648584917577,27.9054457137721,29.6205285440867,VIC
10051,2015,February,2,75 to 84,14,27.301761899166,18007,987,974,77.7475426223136,82.2548804562404,51.5670658339541,136.024810925513,28.5364893140894,25.4648584917577,30.5863852002469,VIC
10051,2015,March,3,75 to 84,46,28.5331112272607,18694,987,974,246.068257194822,77.7475426223136,82.2548804562404,304.759793871558,27.301761899166,28.5364893140894,25.378024685144,VIC
10051,2015,November,11,75 to 84,66,26.4318054720832,17846,987,974,369.830774403228,43.9319055464031,81.7171497058183,33.107101473266,21.617539605694,18.8665931033722,27.9054457137721,VIC
10051,2015,December,12,75 to 84,75,30.2809291158311,17771,987,974,422.035901187328,369.830774403228,43.9319055464031,51.5670658339541,26.4318054720832,21.617539605694,25.4648584917577,VIC
10051,2016,January,1,75 to 84,12,29.5018044598812,17769,987,974,67.5333445888908,422.035901187328,369.830774403228,82.2548804562404,30.2809291158311,26.4318054720832,28.5364893140894,VIC
10051,2016,February,2,75 to 84,37,30.1904058171695,18584,987,974,199.095996556177,67.5333445888908,422.035901187328,77.7475426223136,29.5018044598812,30.2809291158311,27.301761899166,VIC
10051,2016,March,3,75 to 84,20,23.9949810694221,18466,987,974,108.307159103217,199.095996556177,67.5333445888908,246.068257194822,30.1904058171695,29.5018044598812,28.5331112272607,VIC
10051,2016,November,11,75 to 84,25,28.2705628489474,17963,987,974,139.174970773256,70.5065625338974,177.048124899405,369.830774403228,23.6250425856447,19.7977486564773,26.4318054720832,VIC
10051,2016,December,12,75 to 84,77,29.5418265359391,18984,987,974,405.604719764012,139.174970773256,70.5065625338974,422.035901187328,28.2705628489474,23.6250425856447,30.2809291158311,VIC
10051,2011,January,1,85+,12,29.8850168459135,17150,987,974,69.9708454810496,17.096939647803,218.730213549761,240.922388573395,27.1459886720676,27.0734085778064,29.8764079285559,VIC
10051,2011,February,2,85+,38,27.5177267118155,18052,987,974,210.502991358298,69.9708454810496,17.096939647803,387.346675274371,29.8850168459135,27.1459886720676,28.9716953564458,VIC
10051,2011,March,3,85+,19,25.4291781392614,16830,987,974,112.893642305407,210.502991358298,69.9708454810496,333.446365999774,27.5177267118155,29.8850168459135,25.6608650273347,VIC
10051,2011,November,11,85+,15,26.1104831813377,17426,987,974,86.0782738436819,280.528997538215,152.706294892823,218.730213549761,20.8334229975339,19.1382348091076,27.0734085778064,VIC
10051,2011,December,12,85+,29,26.6527872904708,17197,987,974,168.634064080944,86.0782738436819,280.528997538215,17.096939647803,26.1104831813377,20.8334229975339,27.1459886720676,VIC
10051,2012,January,1,85+,15,29.6306508827207,17996,987,974,83.3518559679929,168.634064080944,86.0782738436819,69.9708454810496,26.6527872904708,26.1104831813377,29.8850168459135,VIC
10051,2012,February,2,85+,102,30.3025810231135,18070,987,974,564.471499723298,83.3518559679929,168.634064080944,210.502991358298,29.6306508827207,26.6527872904708,27.5177267118155,VIC
10051,2012,March,3,85+,128,26.0185060527637,18365,987,974,696.97794718214,564.471499723298,83.3518559679929,112.893642305407,30.3025810231135,29.6306508827207,25.4291781392614,VIC
10051,2012,November,11,85+,32,25.2345569574318,18053,987,974,177.255857752174,146.470621373444,170.833096065144,86.0782738436819,23.0141358461602,16.356315801413,26.1104831813377,VIC
10051,2012,December,12,85+,24,28.8336088531994,17362,987,974,138.232922474369,177.255857752174,146.470621373444,168.634064080944,25.2345569574318,23.0141358461602,26.6527872904708,VIC
10051,2013,January,1,85+,33,29.1448251531225,17708,987,974,186.356449062571,138.232922474369,177.255857752174,83.3518559679929,28.8336088531994,25.2345569574318,29.6306508827207,VIC
10051,2013,February,2,85+,170,31.0488588929436,17954,987,974,946.864208532918,186.356449062571,138.232922474369,564.471499723298,29.1448251531225,28.8336088531994,30.3025810231135,VIC
10051,2013,March,3,85+,19,26.7883911763905,17272,987,974,110.004631773969,946.864208532918,186.356449062571,696.97794718214,31.0488588929436,29.1448251531225,26.0185060527637,VIC
10051,2013,November,11,85+,25,26.9718897280846,18084,987,974,138.243751382438,84.545147108556,149.074020985035,177.255857752174,20.9830351402202,17.4461576651215,25.2345569574318,VIC
10051,2013,December,12,85+,27,29.9642585329791,18020,987,974,149.833518312986,138.243751382438,84.545147108556,138.232922474369,26.9718897280846,20.9830351402202,28.8336088531994,VIC
10051,2014,January,1,85+,41,29.5456662773729,17471,987,974,234.674603628871,149.833518312986,138.243751382438,186.356449062571,29.9642585329791,26.9718897280846,29.1448251531225,VIC
10051,2014,February,2,85+,52,28.6384150004979,18327,987,974,283.734380967971,234.674603628871,149.833518312986,946.864208532918,29.5456662773729,29.9642585329791,31.0488588929436,VIC
10051,2014,March,3,85+,5,26.6738889126408,18449,987,974,27.1017399317036,283.734380967971,234.674603628871,110.004631773969,28.6384150004979,29.5456662773729,26.7883911763905,VIC
10051,2014,November,11,85+,25,26.9520175184055,18207,987,974,137.309825891141,60.1915184678523,417.559474754134,138.243751382438,23.0743878965462,17.8558611756677,26.9718897280846,VIC
10051,2014,December,12,85+,12,27.4582300238735,18373,987,974,65.3132313721221,137.309825891141,60.1915184678523,149.833518312986,26.9520175184055,23.0743878965462,29.9642585329791,VIC
10051,2015,January,1,85+,12,31.1304617013269,17874,987,974,67.1366230278617,65.3132313721221,137.309825891141,234.674603628871,27.4582300238735,26.9520175184055,29.5456662773729,VIC
10051,2015,February,2,85+,63,29.3742938781171,17728,987,974,355.370036101083,67.1366230278617,65.3132313721221,283.734380967971,31.1304617013269,27.4582300238735,28.6384150004979,VIC
10051,2015,March,3,85+,41,27.2424695072608,18333,987,974,223.640429825997,355.370036101083,67.1366230278617,27.1017399317036,29.3742938781171,31.1304617013269,26.6738889126408,VIC
10051,2015,November,11,85+,24,22.7344822985249,18396,987,974,130.463144161774,422.654268808115,147.540983606557,137.309825891141,21.5825002049229,18.3942742896096,26.9520175184055,VIC
10051,2015,December,12,85+,89,25.8187978301512,17985,987,974,494.856825132055,130.463144161774,422.654268808115,65.3132313721221,22.7344822985249,21.5825002049229,27.4582300238735,VIC
10051,2016,January,1,85+,52,31.4282115853524,18398,987,974,282.63941732797,494.856825132055,130.463144161774,67.1366230278617,25.8187978301512,22.7344822985249,31.1304617013269,VIC
10051,2016,February,2,85+,38,29.5392045988044,17711,987,974,214.555925695895,282.63941732797,494.856825132055,355.370036101083,31.4282115853524,25.8187978301512,29.3742938781171,VIC
10051,2016,March,3,85+,76,24.3859029952213,19195,987,974,395.936441781714,214.555925695895,282.63941732797,223.640429825997,29.5392045988044,31.4282115853524,27.2424695072608,VIC
10051,2016,November,11,85+,38,25.6061596595901,18808,987,974,202.041684389621,404.72721385786,86.3231723765848,130.463144161774,21.4640780164454,18.414171530433,22.7344822985249,VIC
10051,2016,December,12,85+,4,26.1910008964408,18439,987,974,21.6931503877651,202.041684389621,404.72721385786,494.856825132055,25.6061596595901,21.4640780164454,25.8187978301512,VIC
10052,2011,January,1,75 to 84,16,29.9057438719455,5273,1052,1046,303.432581073393,249.472270197659,99.2654357752631,155.763239875389,27.449657516415,23.2660618343752,30.2115489020049,VIC
10052,2011,February,2,75 to 84,2,27.6695273560022,5367,1052,1046,37.2647661635923,303.432581073393,249.472270197659,56.7429544164933,29.9057438719455,27.449657516415,29.1895226610074,VIC
10052,2011,March,3,75 to 84,0,26.6507888151119,5228,1052,1046,0,37.2647661635923,303.432581073393,39.177277179236,27.6695273560022,29.9057438719455,25.5231759868653,VIC
10052,2011,November,11,75 to 84,6,25.0058034290128,5265,1052,1046,113.960113960114,94.5000945000945,97.1250971250971,99.2654357752631,21.5868378426054,19.7242672125204,23.2660618343752,VIC
10052,2011,December,12,75 to 84,11,28.0554476012078,5410,1052,1046,203.327171903882,113.960113960114,94.5000945000945,249.472270197659,25.0058034290128,21.5868378426054,27.449657516415,VIC
10052,2012,January,1,75 to 84,15,26.7133921379583,5355,1052,1046,280.112044817927,203.327171903882,113.960113960114,303.432581073393,28.0554476012078,25.0058034290128,29.9057438719455,VIC
10052,2012,February,2,75 to 84,8,27.4390436158733,5197,1052,1046,153.934962478353,280.112044817927,203.327171903882,37.2647661635923,26.7133921379583,28.0554476012078,27.6695273560022,VIC
10052,2012,March,3,75 to 84,0,24.7221317146615,5138,1052,1046,0,153.934962478353,280.112044817927,0,27.4390436158733,26.7133921379583,26.6507888151119,VIC
10052,2012,November,11,75 to 84,9,28.0970158040671,5342,1052,1046,168.476226132535,38.2336073408526,0,113.960113960114,20.2259564319253,18.329022032952,25.0058034290128,VIC
10052,2012,December,12,75 to 84,1,28.7041769927354,5241,1052,1046,19.0803281816447,168.476226132535,38.2336073408526,203.327171903882,28.0970158040671,20.2259564319253,28.0554476012078,VIC
10052,2013,January,1,75 to 84,1,30.5336612729706,5301,1052,1046,18.8643652141105,19.0803281816447,168.476226132535,280.112044817927,28.7041769927354,28.0970158040671,26.7133921379583,VIC
10052,2013,February,2,75 to 84,5,29.6591182236142,5338,1052,1046,93.6680404645935,18.8643652141105,19.0803281816447,153.934962478353,30.5336612729706,28.7041769927354,27.4390436158733,VIC
10052,2013,March,3,75 to 84,8,26.0213095089652,5248,1052,1046,152.439024390244,93.6680404645935,18.8643652141105,0,29.6591182236142,30.5336612729706,24.7221317146615,VIC
10052,2013,November,11,75 to 84,11,26.5505785988446,5390,1052,1046,204.081632653061,18.6046511627907,19.0766882869134,168.476226132535,21.0189962632202,19.8879920379183,28.0970158040671,VIC
10052,2013,December,12,75 to 84,7,28.3161763133043,5303,1052,1046,132.000754290025,204.081632653061,18.6046511627907,19.0803281816447,26.5505785988446,21.0189962632202,28.7041769927354,VIC
10052,2014,January,1,75 to 84,13,27.9383274270958,5393,1052,1046,241.053217133321,132.000754290025,204.081632653061,18.8643652141105,28.3161763133043,26.5505785988446,30.5336612729706,VIC
10052,2014,February,2,75 to 84,14,27.7489354761372,5262,1052,1046,266.058532877233,241.053217133321,132.000754290025,93.6680404645935,27.9383274270958,28.3161763133043,29.6591182236142,VIC
10052,2014,March,3,75 to 84,14,27.5041653520288,5490,1052,1046,255.009107468124,266.058532877233,241.053217133321,152.439024390244,27.7489354761372,27.9383274270958,26.0213095089652,VIC
10052,2014,November,11,75 to 84,2,24.499636501772,5375,1052,1046,37.2093023255814,18.7055742611298,253.991291727141,204.081632653061,22.785044496177,19.0448805665182,26.5505785988446,VIC
10052,2014,December,12,75 to 84,3,28.0844165687404,5266,1052,1046,56.9692366122294,37.2093023255814,18.7055742611298,132.000754290025,24.499636501772,22.785044496177,28.3161763133043,VIC
10052,2015,January,1,75 to 84,11,27.473186906275,5347,1052,1046,205.722835234711,56.9692366122294,37.2093023255814,241.053217133321,28.0844165687404,24.499636501772,27.9383274270958,VIC
10052,2015,February,2,75 to 84,10,28.8889896813895,5368,1052,1046,186.28912071535,205.722835234711,56.9692366122294,266.058532877233,27.473186906275,28.0844165687404,27.7489354761372,VIC
10052,2015,March,3,75 to 84,6,25.5458840258344,5454,1052,1046,110.01100110011,186.28912071535,205.722835234711,255.009107468124,28.8889896813895,27.473186906275,27.5041653520288,VIC
10052,2015,November,11,75 to 84,8,24.5753326474097,5456,1052,1046,146.627565982405,129.032258064516,261.389096340553,37.2093023255814,21.1324792956893,19.2206011545516,24.499636501772,VIC
10052,2015,December,12,75 to 84,3,28.7784971575063,5430,1052,1046,55.2486187845304,146.627565982405,129.032258064516,56.9692366122294,24.5753326474097,21.1324792956893,28.0844165687404,VIC
10052,2016,January,1,75 to 84,8,30.6285523896881,5412,1052,1046,147.819660014782,55.2486187845304,146.627565982405,205.722835234711,28.7784971575063,24.5753326474097,27.473186906275,VIC
10052,2016,February,2,75 to 84,17,28.1642749725285,5438,1052,1046,312.61493196028,147.819660014782,55.2486187845304,186.28912071535,30.6285523896881,28.7784971575063,28.8889896813895,VIC
10052,2016,March,3,75 to 84,17,26.2097088415542,5363,1052,1046,316.986761141152,312.61493196028,147.819660014782,110.01100110011,28.1642749725285,30.6285523896881,25.5458840258344,VIC
10052,2016,November,11,75 to 84,4,22.6598581503518,5698,1052,1046,70.2000702000702,75.2587017873942,18.6011904761905,146.627565982405,22.4230945653393,18.1375357615274,24.5753326474097,VIC
10052,2016,December,12,75 to 84,0,26.4148865594445,5405,1052,1046,0,70.2000702000702,75.2587017873942,55.2486187845304,22.6598581503518,22.4230945653393,28.7784971575063,VIC
10052,2011,January,1,85+,25,28.7238260012194,5234,1052,1046,477.646159724876,177.025963808025,454.186413902054,78.0183343085625,28.9194693287757,25.6882752401484,29.7002512651089,VIC
10052,2011,February,2,85+,27,26.2462198600729,5216,1052,1046,517.638036809816,477.646159724876,177.025963808025,169.74726518295,28.7238260012194,28.9194693287757,27.9737549128573,VIC
10052,2011,March,3,85+,26,26.057287230771,5173,1052,1046,502.60970423352,517.638036809816,477.646159724876,113.421550094518,26.2462198600729,28.7238260012194,27.9643787165836,VIC
10052,2011,November,11,85+,4,28.4747338112985,5102,1052,1046,78.4006272050177,257.116620752984,57.5705238917674,454.186413902054,22.4048046583766,14.3828837902212,25.6882752401484,VIC
10052,2011,December,12,85+,5,29.6540666074956,5019,1052,1046,99.6214385335724,78.4006272050177,257.116620752984,177.025963808025,28.4747338112985,22.4048046583766,28.9194693287757,VIC
10052,2012,January,1,85+,3,28.9207326943015,5154,1052,1046,58.2072176949942,99.6214385335724,78.4006272050177,477.646159724876,29.6540666074956,28.4747338112985,28.7238260012194,VIC
10052,2012,February,2,85+,14,27.9610153829998,5017,1052,1046,279.051225832171,58.2072176949942,99.6214385335724,517.638036809816,28.9207326943015,29.6540666074956,26.2462198600729,VIC
10052,2012,March,3,85+,8,25.6501505308158,5298,1052,1046,151.000377500944,279.051225832171,58.2072176949942,502.60970423352,27.9610153829998,28.9207326943015,26.057287230771,VIC
10052,2012,November,11,85+,3,25.6592322383653,5087,1052,1046,58.9738549243169,288.794763188294,137.443549970548,78.4006272050177,19.247850865364,15.720928335594,28.4747338112985,VIC
10052,2012,December,12,85+,28,27.001191001197,5331,1052,1046,525.229788032264,58.9738549243169,288.794763188294,99.6214385335724,25.6592322383653,19.247850865364,29.6540666074956,VIC
10052,2013,January,1,85+,8,30.0507323183344,5505,1052,1046,145.322434150772,525.229788032264,58.9738549243169,58.2072176949942,27.001191001197,25.6592322383653,28.9207326943015,VIC
10052,2013,February,2,85+,13,28.5952653806504,5410,1052,1046,240.295748613678,145.322434150772,525.229788032264,279.051225832171,30.0507323183344,27.001191001197,27.9610153829998,VIC
10052,2013,March,3,85+,24,25.3157595924923,5143,1052,1046,466.653704063776,240.295748613678,145.322434150772,151.000377500944,28.5952653806504,30.0507323183344,25.6501505308158,VIC
10052,2013,November,11,85+,23,27.5382464051541,5339,1052,1046,430.792283199101,594.906116378509,114.525672838328,58.9738549243169,24.1175360121925,18.8280448621019,25.6592322383653,VIC
10052,2013,December,12,85+,21,26.9610646020192,5340,1052,1046,393.258426966292,430.792283199101,594.906116378509,525.229788032264,27.5382464051541,24.1175360121925,27.001191001197,VIC
10052,2014,January,1,85+,45,29.1567362118176,5269,1052,1046,854.052002277472,393.258426966292,430.792283199101,145.322434150772,26.9610646020192,27.5382464051541,30.0507323183344,VIC
10052,2014,February,2,85+,15,29.4239495907673,5325,1052,1046,281.69014084507,854.052002277472,393.258426966292,240.295748613678,29.1567362118176,26.9610646020192,28.5952653806504,VIC
10052,2014,March,3,85+,27,27.1979029490565,5562,1052,1046,485.436893203884,281.69014084507,854.052002277472,466.653704063776,29.4239495907673,29.1567362118176,25.3157595924923,VIC
10052,2014,November,11,85+,13,27.6089246974881,5385,1052,1046,241.411327762303,191.387559808612,55.98059339429,430.792283199101,24.2011158650259,16.8710274460707,27.5382464051541,VIC
10052,2014,December,12,85+,6,27.1278851803099,5317,1052,1046,112.845589618206,241.411327762303,191.387559808612,393.258426966292,27.6089246974881,24.2011158650259,26.9610646020192,VIC
10052,2015,January,1,85+,14,31.3313672865698,5478,1052,1046,255.567725447244,112.845589618206,241.411327762303,854.052002277472,27.1278851803099,27.6089246974881,29.1567362118176,VIC
10052,2015,February,2,85+,14,30.4421930000505,5257,1052,1046,266.311584553928,255.567725447244,112.845589618206,281.69014084507,31.3313672865698,27.1278851803099,29.4239495907673,VIC
10052,2015,March,3,85+,0,25.8197728064446,5349,1052,1046,0,266.311584553928,255.567725447244,485.436893203884,30.4421930000505,31.3313672865698,27.1979029490565,VIC
10052,2015,November,11,85+,0,22.716334117919,5376,1052,1046,0,91.5750915750916,73.827980804725,241.411327762303,24.8773368951071,16.7050324753264,27.6089246974881,VIC
10052,2015,December,12,85+,5,27.2763821090405,5411,1052,1046,92.4043614858621,0,91.5750915750916,112.845589618206,22.716334117919,24.8773368951071,27.1278851803099,VIC
10052,2016,January,1,85+,35,29.1952960316844,5509,1052,1046,635.324015247776,92.4043614858621,0,255.567725447244,27.2763821090405,22.716334117919,31.3313672865698,VIC
10052,2016,February,2,85+,20,29.7425031302117,5405,1052,1046,370.027752081406,635.324015247776,92.4043614858621,266.311584553928,29.1952960316844,27.2763821090405,30.4421930000505,VIC
10052,2016,March,3,85+,10,27.8056858278558,5250,1052,1046,190.476190476191,370.027752081406,635.324015247776,0,29.7425031302117,29.1952960316844,25.8197728064446,VIC
10052,2016,November,11,85+,2,27.5547036146261,5526,1052,1046,36.1925443358668,281.478701444924,323.043790380474,0,21.5111359059633,18.8574076700481,22.716334117919,VIC
10052,2016,December,12,85+,7,27.6976877301257,5353,1052,1046,130.767793760508,36.1925443358668,281.478701444924,92.4043614858621,27.5547036146261,21.5111359059633,27.2763821090405,VIC
10053,2011,January,1,75 to 84,19,28.8700743657806,18618,1063,1064,102.051777849393,81.24796880078,158.210583742499,153.813514373608,31.3671459255814,26.6869539816476,30.3154057451142,VIC
10053,2011,February,2,75 to 84,5,27.2455889131037,19196,1063,1064,26.0470931444051,102.051777849393,81.24796880078,413.266928049168,28.8700743657806,31.3671459255814,28.2862144300569,VIC
10053,2011,March,3,75 to 84,29,28.2652192748161,18842,1063,1064,153.911474365779,26.0470931444051,102.051777849393,125.573269272767,27.2455889131037,28.8700743657806,26.2085797473107,VIC
10053,2011,November,11,75 to 84,44,30.4779026009176,19029,1063,1064,231.226023437911,201.492130915428,106.518960374947,158.210583742499,23.9788660379843,16.8585084663051,26.6869539816476,VIC
10053,2011,December,12,75 to 84,4,29.1085425715275,19072,1063,1064,20.9731543624161,231.226023437911,201.492130915428,81.24796880078,30.4779026009176,23.9788660379843,31.3671459255814,VIC
10053,2012,January,1,75 to 84,36,28.3092119911645,18333,1063,1064,196.367206676485,20.9731543624161,231.226023437911,102.051777849393,29.1085425715275,30.4779026009176,28.8700743657806,VIC
10053,2012,February,2,75 to 84,12,30.4364163117464,19732,1063,1064,60.8149199270221,196.367206676485,20.9731543624161,26.0470931444051,28.3092119911645,29.1085425715275,27.2455889131037,VIC
10053,2012,March,3,75 to 84,18,24.65069268848,18568,1063,1064,96.9409737182249,60.8149199270221,196.367206676485,153.911474365779,30.4364163117464,28.3092119911645,28.2652192748161,VIC
10053,2012,November,11,75 to 84,11,26.3965471566137,20233,1063,1064,54.3666287747739,290.623566002141,26.5027032757341,231.226023437911,20.9102519723743,18.3858014953968,30.4779026009176,VIC
10053,2012,December,12,75 to 84,39,29.9389366041299,19713,1063,1064,197.838989499315,54.3666287747739,290.623566002141,20.9731543624161,26.3965471566137,20.9102519723743,29.1085425715275,VIC
10053,2013,January,1,75 to 84,51,30.3123459707648,19032,1063,1064,267.96973518285,197.838989499315,54.3666287747739,196.367206676485,29.9389366041299,26.3965471566137,28.3092119911645,VIC
10053,2013,February,2,75 to 84,48,26.2667274331733,20044,1063,1064,239.47315905009,267.96973518285,197.838989499315,60.8149199270221,30.3123459707648,29.9389366041299,30.4364163117464,VIC
10053,2013,March,3,75 to 84,34,26.529648019148,19301,1063,1064,176.156675819906,239.47315905009,267.96973518285,96.9409737182249,26.2667274331733,30.3123459707648,24.65069268848,VIC
10053,2013,November,11,75 to 84,26,23.8176136437096,19913,1063,1064,130.567970672425,47.3310544307126,15.7339906644989,54.3666287747739,23.6175184167968,18.0089664192269,26.3965471566137,VIC
10053,2013,December,12,75 to 84,9,29.9558876977963,19786,1063,1064,45.486707773173,130.567970672425,47.3310544307126,197.838989499315,23.8176136437096,23.6175184167968,29.9389366041299,VIC
10053,2014,January,1,75 to 84,9,30.2068324700459,19821,1063,1064,45.4063871651279,45.486707773173,130.567970672425,267.96973518285,29.9558876977963,23.8176136437096,30.3123459707648,VIC
10053,2014,February,2,75 to 84,30,29.5427143411304,19660,1063,1064,152.594099694812,45.4063871651279,45.486707773173,239.47315905009,30.2068324700459,29.9558876977963,26.2667274331733,VIC
10053,2014,March,3,75 to 84,26,24.3635564270582,19427,1063,1064,133.834354249241,152.594099694812,45.4063871651279,176.156675819906,29.5427143411304,30.2068324700459,26.529648019148,VIC
10053,2014,November,11,75 to 84,3,24.3821309916225,19107,1063,1064,15.701051970482,45.121828938133,152.95358649789,130.567970672425,20.991390246196,17.6350141731963,23.8176136437096,VIC
10053,2014,December,12,75 to 84,17,27.450264090667,20295,1063,1064,83.7644740083765,15.701051970482,45.121828938133,45.486707773173,24.3821309916225,20.991390246196,29.9558876977963,VIC
10053,2015,January,1,75 to 84,38,30.4189152789398,19388,1063,1064,195.997524241799,83.7644740083765,15.701051970482,45.4063871651279,27.450264090667,24.3821309916225,30.2068324700459,VIC
10053,2015,February,2,75 to 84,0,28.5539776684639,19276,1063,1064,0,195.997524241799,83.7644740083765,152.594099694812,30.4189152789398,27.450264090667,29.5427143411304,VIC
10053,2015,March,3,75 to 84,6,23.5095939326916,19002,1063,1064,31.5756236185665,0,195.997524241799,133.834354249241,28.5539776684639,30.4189152789398,24.3635564270582,VIC
10053,2015,November,11,75 to 84,18,26.1562553805802,20411,1063,1064,88.1877419038754,71.2722089293896,156.723963599596,15.701051970482,21.2618104332693,17.5051031156148,24.3821309916225,VIC
10053,2015,December,12,75 to 84,24,29.9850755741511,19938,1063,1064,120.373156786037,88.1877419038754,71.2722089293896,83.7644740083765,26.1562553805802,21.2618104332693,27.450264090667,VIC
10053,2016,January,1,75 to 84,10,30.6771250186755,20097,1063,1064,49.7586704483256,120.373156786037,88.1877419038754,195.997524241799,29.9850755741511,26.1562553805802,30.4189152789398,VIC
10053,2016,February,2,75 to 84,22,26.073757925686,20294,1063,1064,108.406425544496,49.7586704483256,120.373156786037,0,30.6771250186755,29.9850755741511,28.5539776684639,VIC
10053,2016,March,3,75 to 84,0,26.9815718668986,20040,1063,1064,0,108.406425544496,49.7586704483256,31.5756236185665,26.073757925686,30.6771250186755,23.5095939326916,VIC
10053,2016,November,11,75 to 84,30,27.3353303904796,19997,1063,1064,150.022503375506,251.547014136942,29.3915940041148,88.1877419038754,22.94893379335,19.1025747123177,26.1562553805802,VIC
10053,2016,December,12,75 to 84,24,30.9119995014584,19884,1063,1064,120.70006035003,150.022503375506,251.547014136942,120.373156786037,27.3353303904796,22.94893379335,29.9850755741511,VIC
10053,2011,January,1,85+,67,30.9598106084668,18474,1063,1064,362.671863159034,280.067638976961,149.460873278531,423.774273146658,28.5393761043459,25.4470466034259,31.6078639449782,VIC
10053,2011,February,2,85+,108,27.0595580844893,19015,1063,1064,567.972653168551,362.671863159034,280.067638976961,655.952771400459,30.9598106084668,28.5393761043459,28.1792196637587,VIC
10053,2011,March,3,85+,53,25.9632775061862,18973,1063,1064,279.344331418331,567.972653168551,362.671863159034,319.00604432505,27.0595580844893,30.9598106084668,27.2935927912707,VIC
10053,2011,November,11,85+,9,25.6688087085357,20061,1063,1064,44.8631673396142,196.588916635673,165.349041492275,149.460873278531,21.3446701890789,19.9469934894914,25.4470466034259,VIC
10053,2011,December,12,85+,32,27.8420772241302,18891,1063,1064,169.392832565772,44.8631673396142,196.588916635673,280.067638976961,25.6688087085357,21.3446701890789,28.5393761043459,VIC
10053,2012,January,1,85+,75,29.8534028317195,19079,1063,1064,393.102363855548,169.392832565772,44.8631673396142,362.671863159034,27.8420772241302,25.6688087085357,30.9598106084668,VIC
10053,2012,February,2,85+,106,28.0753214482644,19698,1063,1064,538.12569804041,393.102363855548,169.392832565772,567.972653168551,29.8534028317195,27.8420772241302,27.0595580844893,VIC
10053,2012,March,3,85+,35,27.6568056424218,18895,1063,1064,185.234188938873,538.12569804041,393.102363855548,279.344331418331,28.0753214482644,29.8534028317195,25.9632775061862,VIC
10053,2012,November,11,85+,25,27.0722401753557,19377,1063,1064,129.018939980389,160.176193813195,10.2880658436214,44.8631673396142,20.0097637351902,16.5797546926359,25.6688087085357,VIC
10053,2012,December,12,85+,52,28.9510776039183,18519,1063,1064,280.792699389816,129.018939980389,160.176193813195,169.392832565772,27.0722401753557,20.0097637351902,27.8420772241302,VIC
10053,2013,January,1,85+,52,29.0046218499219,18377,1063,1064,282.962398650487,280.792699389816,129.018939980389,393.102363855548,28.9510776039183,27.0722401753557,29.8534028317195,VIC
10053,2013,February,2,85+,144,29.498825493457,19366,1063,1064,743.571207270474,282.962398650487,280.792699389816,538.12569804041,29.0046218499219,28.9510776039183,28.0753214482644,VIC
10053,2013,March,3,85+,55,29.37756573583,19661,1063,1064,279.741620466914,743.571207270474,282.962398650487,185.234188938873,29.498825493457,29.0046218499219,27.6568056424218,VIC
10053,2013,November,11,85+,28,23.3199490536824,19362,1063,1064,144.613159797542,81.7035183577593,200.834234512591,129.018939980389,23.8795824259474,18.6662406618109,27.0722401753557,VIC
10053,2013,December,12,85+,8,28.9650982291044,19051,1063,1064,41.9925463230277,144.613159797542,81.7035183577593,280.792699389816,23.3199490536824,23.8795824259474,28.9510776039183,VIC
10053,2014,January,1,85+,5,32.4580131643206,19215,1063,1064,26.0213374967473,41.9925463230277,144.613159797542,282.962398650487,28.9650982291044,23.3199490536824,29.0046218499219,VIC
10053,2014,February,2,85+,8,26.9862700117003,19824,1063,1064,40.3551251008878,26.0213374967473,41.9925463230277,743.571207270474,32.4580131643206,28.9650982291044,29.498825493457,VIC
10053,2014,March,3,85+,1,26.0811185478764,19650,1063,1064,5.08905852417303,40.3551251008878,26.0213374967473,279.741620466914,26.9862700117003,32.4580131643206,29.37756573583,VIC
10053,2014,November,11,85+,110,25.5575783598195,19768,1063,1064,556.454876568191,392.371113539287,369.582827055488,144.613159797542,23.5558345764613,16.2150835215242,23.3199490536824,VIC
10053,2014,December,12,85+,26,29.9468896483325,19742,1063,1064,131.698916016614,556.454876568191,392.371113539287,41.9925463230277,25.5575783598195,23.5558345764613,28.9650982291044,VIC
10053,2015,January,1,85+,26,30.4749897839352,19780,1063,1064,131.4459049545,131.698916016614,556.454876568191,26.0213374967473,29.9468896483325,25.5575783598195,32.4580131643206,VIC
10053,2015,February,2,85+,33,27.9881114137589,19349,1063,1064,170.551449687322,131.4459049545,131.698916016614,40.3551251008878,30.4749897839352,29.9468896483325,26.9862700117003,VIC
10053,2015,March,3,85+,17,24.1672623361943,20560,1063,1064,82.6848249027237,170.551449687322,131.4459049545,5.08905852417303,27.9881114137589,30.4749897839352,26.0811185478764,VIC
10053,2015,November,11,85+,149,25.2564138143547,19081,1063,1064,780.881505162203,140.354273545639,26.1192080656115,556.454876568191,23.0694589191892,19.6334359665308,25.5575783598195,VIC
10053,2015,December,12,85+,201,28.4476809773783,20229,1063,1064,993.623016461516,780.881505162203,140.354273545639,131.698916016614,25.2564138143547,23.0694589191892,29.9468896483325,VIC
10053,2016,January,1,85+,63,28.345654366779,19231,1063,1064,327.596068847174,993.623016461516,780.881505162203,131.4459049545,28.4476809773783,25.2564138143547,30.4749897839352,VIC
10053,2016,February,2,85+,25,29.0851312040182,19951,1063,1064,125.30700215528,327.596068847174,993.623016461516,170.551449687322,28.345654366779,28.4476809773783,27.9881114137589,VIC
10053,2016,March,3,85+,19,29.7424648457751,19290,1063,1064,98.4966303784344,125.30700215528,327.596068847174,82.6848249027237,29.0851312040182,28.345654366779,24.1672623361943,VIC
10053,2016,November,11,85+,47,26.7788718799226,20051,1063,1064,234.402274200788,187.237487981377,25.3858651502843,780.881505162203,23.9001187657825,18.8959985144684,25.2564138143547,VIC
10053,2016,December,12,85+,4,28.8325541033605,19629,1063,1064,20.3780121249172,234.402274200788,187.237487981377,993.623016461516,26.7788718799226,23.9001187657825,28.4476809773783,VIC
10054,2011,January,1,75 to 84,2,27.1202938379426,3408,989,970,58.6854460093897,298.240381747689,114.187838995147,0,26.9064459599829,27.9481966727454,29.2438954053816,VIC
10054,2011,February,2,75 to 84,1,29.8285343470557,3529,989,970,28.336639274582,58.6854460093897,298.240381747689,29.1800408520572,27.1202938379426,26.9064459599829,30.1924232315798,VIC
10054,2011,March,3,75 to 84,0,26.4524521682294,3340,989,970,0,28.336639274582,58.6854460093897,86.9817338358945,29.8285343470557,27.1202938379426,22.548798351749,VIC
10054,2011,November,11,75 to 84,1,27.8650871057096,3507,989,970,28.5143997718848,0,0,114.187838995147,20.2713784949267,19.5547330224992,27.9481966727454,VIC
10054,2011,December,12,75 to 84,2,31.2074652624891,3423,989,970,58.428279287175,28.5143997718848,0,298.240381747689,27.8650871057096,20.2713784949267,26.9064459599829,VIC
10054,2012,January,1,75 to 84,0,28.8006601157153,3462,989,970,0,58.428279287175,28.5143997718848,58.6854460093897,31.2074652624891,27.8650871057096,27.1202938379426,VIC
10054,2012,February,2,75 to 84,4,30.0662834834816,3552,989,970,112.612612612613,0,58.428279287175,28.336639274582,28.8006601157153,31.2074652624891,29.8285343470557,VIC
10054,2012,March,3,75 to 84,2,27.1222514742236,3621,989,970,55.2333609500138,112.612612612613,0,0,30.0662834834816,28.8006601157153,26.4524521682294,VIC
10054,2012,November,11,75 to 84,3,25.4866973118146,3528,989,970,85.0340136054422,0,0,28.5143997718848,19.8444942318071,19.3293300001558,27.8650871057096,VIC
10054,2012,December,12,75 to 84,2,29.1977120881207,3598,989,970,55.5864369093941,85.0340136054422,0,58.428279287175,25.4866973118146,19.8444942318071,31.2074652624891,VIC
10054,2013,January,1,75 to 84,4,30.3234645189558,3585,989,970,111.576011157601,55.5864369093941,85.0340136054422,0,29.1977120881207,25.4866973118146,28.8006601157153,VIC
10054,2013,February,2,75 to 84,1,26.287825223082,3622,989,970,27.6090557702927,111.576011157601,55.5864369093941,112.612612612613,30.3234645189558,29.1977120881207,30.0662834834816,VIC
10054,2013,March,3,75 to 84,4,23.8430208743649,3634,989,970,110.071546505228,27.6090557702927,111.576011157601,55.2333609500138,26.287825223082,30.3234645189558,27.1222514742236,VIC
10054,2013,November,11,75 to 84,3,26.4333369940179,3393,989,970,88.4173297966401,140.134529147982,225.924879977408,85.0340136054422,20.8403589874725,21.3896852875607,25.4866973118146,VIC
10054,2013,December,12,75 to 84,7,29.2665975876519,3517,989,970,199.033266988911,88.4173297966401,140.134529147982,55.5864369093941,26.4333369940179,20.8403589874725,29.1977120881207,VIC
10054,2014,January,1,75 to 84,5,28.4826720361162,3650,989,970,136.986301369863,199.033266988911,88.4173297966401,111.576011157601,29.2665975876519,26.4333369940179,30.3234645189558,VIC
10054,2014,February,2,75 to 84,1,29.3998251137535,3583,989,970,27.9095729835334,136.986301369863,199.033266988911,27.6090557702927,28.4826720361162,29.2665975876519,26.287825223082,VIC
10054,2014,March,3,75 to 84,0,25.8703765791097,3613,989,970,0,27.9095729835334,136.986301369863,110.071546505228,29.3998251137535,28.4826720361162,23.8430208743649,VIC
10054,2014,November,11,75 to 84,8,25.380365903285,3517,989,970,227.46659084447,113.539596934431,0,88.4173297966401,23.749250959338,14.852471413415,26.4333369940179,VIC
10054,2014,December,12,75 to 84,22,30.0621446770695,3610,989,970,609.418282548477,227.46659084447,113.539596934431,199.033266988911,25.380365903285,23.749250959338,29.2665975876519,VIC
10054,2015,January,1,75 to 84,29,28.6864988772269,3581,989,970,809.829656520525,609.418282548477,227.46659084447,136.986301369863,30.0621446770695,25.380365903285,28.4826720361162,VIC
10054,2015,February,2,75 to 84,8,30.25698851078,3623,989,970,220.811482197074,809.829656520525,609.418282548477,27.9095729835334,28.6864988772269,30.0621446770695,29.3998251137535,VIC
10054,2015,March,3,75 to 84,2,25.8647405519802,3516,989,970,56.8828213879408,220.811482197074,809.829656520525,0,30.25698851078,28.6864988772269,25.8703765791097,VIC
10054,2015,November,11,75 to 84,2,24.6100710406135,3722,989,970,53.7345513164965,28.587764436821,83.7053571428571,227.46659084447,22.0935123107194,19.1589593151829,25.380365903285,VIC
10054,2015,December,12,75 to 84,5,27.7035362053084,3745,989,970,133.51134846462,53.7345513164965,28.587764436821,609.418282548477,24.6100710406135,22.0935123107194,30.0621446770695,VIC
10054,2016,January,1,75 to 84,4,31.9903352115794,3737,989,970,107.037730800107,133.51134846462,53.7345513164965,809.829656520525,27.7035362053084,24.6100710406135,28.6864988772269,VIC
10054,2016,February,2,75 to 84,5,30.8096639002234,3692,989,970,135.427952329361,107.037730800107,133.51134846462,220.811482197074,31.9903352115794,27.7035362053084,30.25698851078,VIC
10054,2016,March,3,75 to 84,2,26.2164651119487,3730,989,970,53.6193029490617,135.427952329361,107.037730800107,56.8828213879408,30.8096639002234,31.9903352115794,25.8647405519802,VIC
10054,2016,November,11,75 to 84,2,26.9236400066595,3635,989,970,55.0206327372765,0,0,53.7345513164965,21.4783961523304,17.1482134196412,24.6100710406135,VIC
10054,2016,December,12,75 to 84,14,28.6648745600063,3773,989,970,371.057513914657,55.0206327372765,0,133.51134846462,26.9236400066595,21.4783961523304,27.7035362053084,VIC
10054,2011,January,1,85+,14,29.8554931239344,3534,989,970,396.151669496321,478.603603603604,322.959483264827,915.33180778032,29.5088880970522,26.9476429153147,29.1127066883952,VIC
10054,2011,February,2,85+,5,29.4216787521797,3497,989,970,142.979696883043,396.151669496321,478.603603603604,86.9313242538395,29.8554931239344,29.5088880970522,29.2313810113264,VIC
10054,2011,March,3,85+,7,22.3098171698307,3332,989,970,210.084033613445,142.979696883043,396.151669496321,116.92487576732,29.4216787521797,29.8554931239344,25.6359855171398,VIC
10054,2011,November,11,85+,8,23.8796599359384,3395,989,970,235.640648011782,28.8433804441881,315.457413249211,322.959483264827,20.7688362183788,17.6495312596962,26.9476429153147,VIC
10054,2011,December,12,85+,20,27.8844646575361,3444,989,970,580.720092915215,235.640648011782,28.8433804441881,478.603603603604,23.8796599359384,20.7688362183788,29.5088880970522,VIC
10054,2012,January,1,85+,0,29.8984764283516,3565,989,970,0,580.720092915215,235.640648011782,396.151669496321,27.8844646575361,23.8796599359384,29.8554931239344,VIC
10054,2012,February,2,85+,9,29.4923401373669,3439,989,970,261.703983716197,0,580.720092915215,142.979696883043,29.8984764283516,27.8844646575361,29.4216787521797,VIC
10054,2012,March,3,85+,18,27.8464870436445,3541,989,970,508.330979949167,261.703983716197,0,210.084033613445,29.4923401373669,29.8984764283516,22.3098171698307,VIC
10054,2012,November,11,85+,7,23.1356017773379,3575,989,970,195.804195804196,298.750678978816,168.728908886389,235.640648011782,20.9719181025933,14.767885466362,23.8796599359384,VIC
10054,2012,December,12,85+,2,28.4612729010018,3424,989,970,58.411214953271,195.804195804196,298.750678978816,580.720092915215,23.1356017773379,20.9719181025933,27.8844646575361,VIC
10054,2013,January,1,85+,13,30.8369405306078,3695,989,970,351.826792963464,58.411214953271,195.804195804196,0,28.4612729010018,23.1356017773379,29.8984764283516,VIC
10054,2013,February,2,85+,20,28.7646095339944,3654,989,970,547.345374931582,351.826792963464,58.411214953271,261.703983716197,30.8369405306078,28.4612729010018,29.4923401373669,VIC
10054,2013,March,3,85+,38,27.1983053312177,3562,989,970,1066.81639528355,547.345374931582,351.826792963464,508.330979949167,28.7646095339944,30.8369405306078,27.8464870436445,VIC
10054,2013,November,11,85+,8,26.936185827472,3563,989,970,224.529890541678,195.749440715884,282.725473565168,195.804195804196,20.1916666303192,18.5721113996819,23.1356017773379,VIC
10054,2013,December,12,85+,11,30.8367867852908,3580,989,970,307.262569832402,224.529890541678,195.749440715884,58.411214953271,26.936185827472,20.1916666303192,28.4612729010018,VIC
10054,2014,January,1,85+,1,28.5131447698454,3636,989,970,27.5027502750275,307.262569832402,224.529890541678,351.826792963464,30.8367867852908,26.936185827472,30.8369405306078,VIC
10054,2014,February,2,85+,3,27.7032015826515,3581,989,970,83.7754817090198,27.5027502750275,307.262569832402,547.345374931582,28.5131447698454,30.8367867852908,28.7646095339944,VIC
10054,2014,March,3,85+,36,24.3162578333026,3445,989,970,1044.99274310595,83.7754817090198,27.5027502750275,1066.81639528355,27.7032015826515,28.5131447698454,27.1983053312177,VIC
10054,2014,November,11,85+,8,27.7768597744376,3628,989,970,220.507166482911,55.0509221029452,27.8086763070078,224.529890541678,21.1549826139778,20.9594417252286,26.936185827472,VIC
10054,2014,December,12,85+,13,29.4716694245968,3562,989,970,364.963503649635,220.507166482911,55.0509221029452,307.262569832402,27.7768597744376,21.1549826139778,30.8367867852908,VIC
10054,2015,January,1,85+,9,29.8257891263858,3653,989,970,246.372844237613,364.963503649635,220.507166482911,27.5027502750275,29.4716694245968,27.7768597744376,28.5131447698454,VIC
10054,2015,February,2,85+,3,29.8125467862328,3644,989,970,82.3271130625686,246.372844237613,364.963503649635,83.7754817090198,29.8257891263858,29.4716694245968,27.7032015826515,VIC
10054,2015,March,3,85+,9,25.1908397874648,3623,989,970,248.412917471709,82.3271130625686,246.372844237613,1044.99274310595,29.8125467862328,29.8257891263858,24.3162578333026,VIC
10054,2015,November,11,85+,14,26.5230009818627,3671,989,970,381.367474802506,167.973124300112,27.9329608938548,220.507166482911,25.1700367728631,17.909974358986,27.7768597744376,VIC
10054,2015,December,12,85+,20,26.5037632403175,3527,989,970,567.054153671676,381.367474802506,167.973124300112,364.963503649635,26.5230009818627,25.1700367728631,29.4716694245968,VIC
10054,2016,January,1,85+,16,31.5487338069665,3666,989,970,436.442989634479,567.054153671676,381.367474802506,246.372844237613,26.5037632403175,26.5230009818627,29.8257891263858,VIC
10054,2016,February,2,85+,0,28.4979022945931,3731,989,970,0,436.442989634479,567.054153671676,82.3271130625686,31.5487338069665,26.5037632403175,29.8125467862328,VIC
10054,2016,March,3,85+,0,24.4390548764636,3617,989,970,0,0,436.442989634479,248.412917471709,28.4979022945931,31.5487338069665,25.1908397874648,VIC
10054,2016,November,11,85+,2,23.0237420135176,3619,989,970,55.2638850511191,192.254875034331,221.238938053097,381.367474802506,22.2784183100265,15.5673653693375,26.5230009818627,VIC
10054,2016,December,12,85+,9,30.7247353864922,3588,989,970,250.836120401338,55.2638850511191,192.254875034331,567.054153671676,23.0237420135176,22.2784183100265,26.5037632403175,VIC
10055,2011,January,1,75 to 84,2,31.8538728829691,8342,971,968,23.9750659314313,107.488355428162,142.281242589519,791.027154663518,29.0285792022286,22.6928215911022,28.7938994179132,VIC
10055,2011,February,2,75 to 84,9,27.8965929715351,8302,971,968,108.407612623464,23.9750659314313,107.488355428162,24.2394861228942,31.8538728829691,29.0285792022286,31.7155738101546,VIC
10055,2011,March,3,75 to 84,15,26.3881121070811,8576,971,968,174.90671641791,108.407612623464,23.9750659314313,35.4903584526204,27.8965929715351,31.8538728829691,25.0022477773468,VIC
10055,2011,November,11,75 to 84,16,25.0289704440758,8399,971,968,190.498868912966,108.5776330076,218.898212331266,142.281242589519,21.0712672394432,19.6917646728376,22.6928215911022,VIC
10055,2011,December,12,75 to 84,35,29.0370200175823,8885,971,968,393.922341024198,190.498868912966,108.5776330076,107.488355428162,25.0289704440758,21.0712672394432,29.0285792022286,VIC
10055,2012,January,1,75 to 84,5,30.0424125555781,8242,971,968,60.6648871633099,393.922341024198,190.498868912966,23.9750659314313,29.0370200175823,25.0289704440758,31.8538728829691,VIC
10055,2012,February,2,75 to 84,6,27.330757753393,8715,971,968,68.8468158347677,60.6648871633099,393.922341024198,108.407612623464,30.0424125555781,29.0370200175823,27.8965929715351,VIC
10055,2012,March,3,75 to 84,4,24.9810336347483,8449,971,968,47.3428808142976,68.8468158347677,60.6648871633099,174.90671641791,27.330757753393,30.0424125555781,26.3881121070811,VIC
10055,2012,November,11,75 to 84,7,21.8602328965027,8243,971,968,84.9205386388451,230.135658914729,188.768286927796,190.498868912966,22.4970832170484,16.6329041921262,25.0289704440758,VIC
10055,2012,December,12,75 to 84,5,31.0486406949892,8557,971,968,58.4316933504733,84.9205386388451,230.135658914729,393.922341024198,21.8602328965027,22.4970832170484,29.0370200175823,VIC
10055,2013,January,1,75 to 84,10,29.8680360051913,8541,971,968,117.082308863131,58.4316933504733,84.9205386388451,60.6648871633099,31.0486406949892,21.8602328965027,30.0424125555781,VIC
10055,2013,February,2,75 to 84,25,29.820396165534,8420,971,968,296.912114014252,117.082308863131,58.4316933504733,68.8468158347677,29.8680360051913,31.0486406949892,27.330757753393,VIC
10055,2013,March,3,75 to 84,3,25.682016035879,8702,971,968,34.4748333716387,296.912114014252,117.082308863131,47.3428808142976,29.820396165534,29.8680360051913,24.9810336347483,VIC
10055,2013,November,11,75 to 84,11,29.0309025717689,8867,971,968,124.055486635841,58.3226408491777,69.7755552971276,84.9205386388451,20.8819465378531,17.4601034813886,21.8602328965027,VIC
10055,2013,December,12,75 to 84,4,27.4006128510896,8627,971,968,46.3660600440478,124.055486635841,58.3226408491777,58.4316933504733,29.0309025717689,20.8819465378531,31.0486406949892,VIC
10055,2014,January,1,75 to 84,6,30.5493668812387,8484,971,968,70.7213578500707,46.3660600440478,124.055486635841,117.082308863131,27.4006128510896,29.0309025717689,29.8680360051913,VIC
10055,2014,February,2,75 to 84,4,29.9526940831453,8658,971,968,46.2000462000462,70.7213578500707,46.3660600440478,296.912114014252,30.5493668812387,27.4006128510896,29.820396165534,VIC
10055,2014,March,3,75 to 84,19,26.2598390291983,8085,971,968,235.003092145949,46.2000462000462,70.7213578500707,34.4748333716387,29.9526940831453,30.5493668812387,25.682016035879,VIC
10055,2014,November,11,75 to 84,4,26.4089317699441,8794,971,968,45.4855583352286,23.4027615258601,11.3700966458215,124.055486635841,24.1684744843491,16.4731750487413,29.0309025717689,VIC
10055,2014,December,12,75 to 84,28,28.062934325306,8876,971,968,315.457413249211,45.4855583352286,23.4027615258601,46.3660600440478,26.4089317699441,24.1684744843491,27.4006128510896,VIC
10055,2015,January,1,75 to 84,25,32.132499355557,8938,971,968,279.704631908704,315.457413249211,45.4855583352286,70.7213578500707,28.062934325306,26.4089317699441,30.5493668812387,VIC
10055,2015,February,2,75 to 84,32,30.9356526020248,8493,971,968,376.780878370423,279.704631908704,315.457413249211,46.2000462000462,32.132499355557,28.062934325306,29.9526940831453,VIC
10055,2015,March,3,75 to 84,14,24.2042499187795,8654,971,968,161.774901779524,376.780878370423,279.704631908704,235.003092145949,30.9356526020248,32.132499355557,26.2598390291983,VIC
10055,2015,November,11,75 to 84,4,24.291175565414,8885,971,968,45.0196961170512,11.5982370679657,0,45.4855583352286,21.9285064710008,17.7987616119184,26.4089317699441,VIC
10055,2015,December,12,75 to 84,19,25.1736917281349,8653,971,968,219.577025309141,45.0196961170512,11.5982370679657,315.457413249211,24.291175565414,21.9285064710008,28.062934325306,VIC
10055,2016,January,1,75 to 84,18,28.1563140050587,8800,971,968,204.545454545455,219.577025309141,45.0196961170512,279.704631908704,25.1736917281349,24.291175565414,32.132499355557,VIC
10055,2016,February,2,75 to 84,2,26.5010065419505,8707,971,968,22.9700241185253,204.545454545455,219.577025309141,376.780878370423,28.1563140050587,25.1736917281349,30.9356526020248,VIC
10055,2016,March,3,75 to 84,0,23.9442386034438,9012,971,968,0,22.9700241185253,204.545454545455,161.774901779524,26.5010065419505,28.1563140050587,24.2042499187795,VIC
10055,2016,November,11,75 to 84,8,24.9993368223697,8975,971,968,89.1364902506964,92.0069005175388,22.6346763241286,45.0196961170512,21.0353208045938,16.5659740698294,24.291175565414,VIC
10055,2016,December,12,75 to 84,48,30.1460134982014,8893,971,968,539.750365455977,89.1364902506964,92.0069005175388,219.577025309141,24.9993368223697,21.0353208045938,25.1736917281349,VIC
10055,2011,January,1,85+,10,27.297410573812,8476,971,968,117.980179329873,282.618935468676,142.21379473809,220.669363736668,31.0527265261096,26.8029057281652,29.2201889400923,VIC
10055,2011,February,2,85+,5,29.5877770882202,8293,971,968,60.2918123718799,117.980179329873,282.618935468676,847.355041762499,27.297410573812,31.0527265261096,30.8274821674238,VIC
10055,2011,March,3,85+,8,26.8418606948005,8353,971,968,95.7739734227224,60.2918123718799,117.980179329873,412.784526477179,29.5877770882202,27.297410573812,24.1950860782176,VIC
10055,2011,November,11,85+,20,28.0208793992245,8288,971,968,241.312741312741,208.409954640186,82.6934435912581,142.21379473809,22.8392996437962,18.0915662452176,26.8029057281652,VIC
10055,2011,December,12,85+,16,28.0059860090254,8461,971,968,189.102942914549,241.312741312741,208.409954640186,282.618935468676,28.0208793992245,22.8392996437962,31.0527265261096,VIC
10055,2012,January,1,85+,22,29.4656223009853,8413,971,968,261.500059431832,189.102942914549,241.312741312741,117.980179329873,28.0059860090254,28.0208793992245,27.297410573812,VIC
10055,2012,February,2,85+,36,26.3461554140725,8582,971,968,419.482638079702,261.500059431832,189.102942914549,60.2918123718799,29.4656223009853,28.0059860090254,29.5877770882202,VIC
10055,2012,March,3,85+,1,25.6450101326408,8447,971,968,11.8385225523855,419.482638079702,261.500059431832,95.7739734227224,26.3461554140725,29.4656223009853,26.8418606948005,VIC
10055,2012,November,11,85+,18,26.2758010775062,8340,971,968,215.827338129496,229.940699503812,382.786219696091,241.312741312741,21.7023335639994,18.515873703964,28.0208793992245,VIC
10055,2012,December,12,85+,8,26.4995139236256,8425,971,968,94.9554896142433,215.827338129496,229.940699503812,189.102942914549,26.2758010775062,21.7023335639994,28.0059860090254,VIC
10055,2013,January,1,85+,25,28.6776000406961,8524,971,968,293.289535429376,94.9554896142433,215.827338129496,261.500059431832,26.4995139236256,26.2758010775062,29.4656223009853,VIC
10055,2013,February,2,85+,17,26.8689266087098,8413,971,968,202.068227742779,293.289535429376,94.9554896142433,419.482638079702,28.6776000406961,26.4995139236256,26.3461554140725,VIC
10055,2013,March,3,85+,2,25.5795402013427,8550,971,968,23.3918128654971,202.068227742779,293.289535429376,11.8385225523855,26.8689266087098,28.6776000406961,25.6450101326408,VIC
10055,2013,November,11,85+,25,25.4910383228765,8578,971,968,291.443226859408,332.818257458695,152.260482548606,215.827338129496,25.2659825321516,18.599273912536,26.2758010775062,VIC
10055,2013,December,12,85+,46,27.6295836062813,8337,971,968,551.757226820199,291.443226859408,332.818257458695,94.9554896142433,25.4910383228765,25.2659825321516,26.4995139236256,VIC
10055,2014,January,1,85+,24,30.0719750276475,8822,971,968,272.047154840172,551.757226820199,291.443226859408,293.289535429376,27.6295836062813,25.4910383228765,28.6776000406961,VIC
10055,2014,February,2,85+,37,28.9082120562232,8539,971,968,433.306007729242,272.047154840172,551.757226820199,202.068227742779,30.0719750276475,27.6295836062813,26.8689266087098,VIC
10055,2014,March,3,85+,44,27.3425749494871,8530,971,968,515.826494724502,433.306007729242,272.047154840172,23.3918128654971,28.9082120562232,30.0719750276475,25.5795402013427,VIC
10055,2014,November,11,85+,20,26.077271209086,8483,971,968,235.765648944949,245.012250612531,497.685185185185,291.443226859408,22.3419235060641,17.6004096307382,25.4910383228765,VIC
10055,2014,December,12,85+,10,30.701353330858,8873,971,968,112.701453848755,235.765648944949,245.012250612531,551.757226820199,26.077271209086,22.3419235060641,27.6295836062813,VIC
10055,2015,January,1,85+,44,29.6518776741023,8770,971,968,501.710376282782,112.701453848755,235.765648944949,272.047154840172,30.701353330858,26.077271209086,30.0719750276475,VIC
10055,2015,February,2,85+,16,29.8499923896253,8520,971,968,187.793427230047,501.710376282782,112.701453848755,433.306007729242,29.6518776741023,30.701353330858,28.9082120562232,VIC
10055,2015,March,3,85+,17,25.4381373694643,8685,971,968,195.739781232009,187.793427230047,501.710376282782,515.826494724502,29.8499923896253,29.6518776741023,27.3425749494871,VIC
10055,2015,November,11,85+,10,27.2798531857283,8653,971,968,115.566855425864,296.837538531796,582.990397805213,235.765648944949,21.7099925818634,18.3773852047451,26.077271209086,VIC
10055,2015,December,12,85+,16,31.9075784506865,8806,971,968,181.694299341358,115.566855425864,296.837538531796,112.701453848755,27.2798531857283,21.7099925818634,30.701353330858,VIC
10055,2016,January,1,85+,16,28.4925934365111,8816,971,968,181.488203266788,181.694299341358,115.566855425864,501.710376282782,31.9075784506865,27.2798531857283,29.6518776741023,VIC
10055,2016,February,2,85+,11,27.0401116464949,8843,971,968,124.39217460138,181.488203266788,181.694299341358,187.793427230047,28.4925934365111,31.9075784506865,29.8499923896253,VIC
10055,2016,March,3,85+,27,26.9210086358791,8920,971,968,302.690582959641,124.39217460138,181.488203266788,195.739781232009,27.0401116464949,28.4925934365111,25.4381373694643,VIC
10055,2016,November,11,85+,21,22.0059970482338,8871,971,968,236.726411903957,387.682764731945,214.205186020293,115.566855425864,22.4457127130617,17.5581748321406,27.2798531857283,VIC
10055,2016,December,12,85+,14,30.6308749033009,9030,971,968,155.038759689922,236.726411903957,387.682764731945,181.694299341358,22.0059970482338,22.4457127130617,31.9075784506865,VIC
10056,2011,January,1,75 to 84,8,28.7960787901537,5774,961,883,138.552130239002,54.5950864422202,53.9956803455724,126.536514822849,27.4584777168856,25.5704943873713,32.9915858114467,VIC
10056,2011,February,2,75 to 84,14,26.8735204144929,5755,961,883,243.266724587315,138.552130239002,54.5950864422202,18.2781941144215,28.7960787901537,27.4584777168856,27.0687084545569,VIC
10056,2011,March,3,75 to 84,18,24.1339602054022,5387,961,883,334.137739001299,243.266724587315,138.552130239002,213.333333333333,26.8735204144929,28.7960787901537,25.3896247646912,VIC
10056,2011,November,11,75 to 84,14,27.3409287402892,5570,961,883,251.346499102334,517.026207880193,537.634408602151,53.9956803455724,20.7602904732024,17.4909735291568,25.5704943873713,VIC
10056,2011,December,12,75 to 84,2,28.0097272134007,5627,961,883,35.5429180735738,251.346499102334,517.026207880193,54.5950864422202,27.3409287402892,20.7602904732024,27.4584777168856,VIC
10056,2012,January,1,75 to 84,6,29.9267583312669,5691,961,883,105.429625724829,35.5429180735738,251.346499102334,138.552130239002,28.0097272134007,27.3409287402892,28.7960787901537,VIC
10056,2012,February,2,75 to 84,14,28.8187825436527,5797,961,883,241.504226323961,105.429625724829,35.5429180735738,243.266724587315,29.9267583312669,28.0097272134007,26.8735204144929,VIC
10056,2012,March,3,75 to 84,12,25.4335484041231,5603,961,883,214.170979832233,241.504226323961,105.429625724829,334.137739001299,28.8187825436527,29.9267583312669,24.1339602054022,VIC
10056,2012,November,11,75 to 84,6,24.4221310155603,5724,961,883,104.82180293501,436.986540814543,191.771269177127,251.346499102334,21.7388661747772,16.4193151448663,27.3409287402892,VIC
10056,2012,December,12,75 to 84,4,31.2123806777776,5682,961,883,70.3977472720873,104.82180293501,436.986540814543,35.5429180735738,24.4221310155603,21.7388661747772,28.0097272134007,VIC
10056,2013,January,1,75 to 84,11,32.4654834422884,5584,961,883,196.991404011461,70.3977472720873,104.82180293501,105.429625724829,31.2123806777776,24.4221310155603,29.9267583312669,VIC
10056,2013,February,2,75 to 84,1,30.8671101940281,5775,961,883,17.3160173160173,196.991404011461,70.3977472720873,241.504226323961,32.4654834422884,31.2123806777776,28.8187825436527,VIC
10056,2013,March,3,75 to 84,26,24.2843454854726,5582,961,883,465.782873522035,17.3160173160173,196.991404011461,214.170979832233,30.8671101940281,32.4654834422884,25.4335484041231,VIC
10056,2013,November,11,75 to 84,14,26.0516417075436,5775,961,883,242.424242424242,592.644239149381,226.323119777159,104.82180293501,19.6419719374263,18.991627390899,24.4221310155603,VIC
10056,2013,December,12,75 to 84,15,29.9743858534525,5805,961,883,258.397932816538,242.424242424242,592.644239149381,70.3977472720873,26.0516417075436,19.6419719374263,31.2123806777776,VIC
10056,2014,January,1,75 to 84,9,30.8311022002885,5788,961,883,155.494125777471,258.397932816538,242.424242424242,196.991404011461,29.9743858534525,26.0516417075436,32.4654834422884,VIC
10056,2014,February,2,75 to 84,7,28.281166536863,5858,961,883,119.494708091499,155.494125777471,258.397932816538,17.3160173160173,30.8311022002885,29.9743858534525,30.8671101940281,VIC
10056,2014,March,3,75 to 84,8,27.7492413776056,5688,961,883,140.646976090014,119.494708091499,155.494125777471,465.782873522035,28.281166536863,30.8311022002885,24.2843454854726,VIC
10056,2014,November,11,75 to 84,15,25.6856340975863,5534,961,883,271.051680520419,465.036169479848,170.415814587594,242.424242424242,25.553897591697,18.6827099857105,26.0516417075436,VIC
10056,2014,December,12,75 to 84,2,28.3869857979902,5753,961,883,34.7644707109334,271.051680520419,465.036169479848,258.397932816538,25.6856340975863,25.553897591697,29.9743858534525,VIC
10056,2015,January,1,75 to 84,4,28.4169798637879,5830,961,883,68.6106346483705,34.7644707109334,271.051680520419,155.494125777471,28.3869857979902,25.6856340975863,30.8311022002885,VIC
10056,2015,February,2,75 to 84,10,27.5194270716519,5889,961,883,169.808116827984,68.6106346483705,34.7644707109334,119.494708091499,28.4169798637879,28.3869857979902,28.281166536863,VIC
10056,2015,March,3,75 to 84,2,27.597611408387,5978,961,883,33.4560053529609,169.808116827984,68.6106346483705,140.646976090014,27.5194270716519,28.4169798637879,27.7492413776056,VIC
10056,2015,November,11,75 to 84,22,26.257776923071,5800,961,883,379.310344827586,238.338440585632,179.562520404832,271.051680520419,22.5954279547306,18.8376873152872,25.6856340975863,VIC
10056,2015,December,12,75 to 84,10,31.4178851808485,5898,961,883,169.548999660902,379.310344827586,238.338440585632,34.7644707109334,26.257776923071,22.5954279547306,28.3869857979902,VIC
10056,2016,January,1,75 to 84,4,30.2054078855713,5944,961,883,67.2947510094213,169.548999660902,379.310344827586,68.6106346483705,31.4178851808485,26.257776923071,28.4169798637879,VIC
10056,2016,February,2,75 to 84,11,29.0040527662029,6030,961,883,182.421227197347,67.2947510094213,169.548999660902,169.808116827984,30.2054078855713,31.4178851808485,27.5194270716519,VIC
10056,2016,March,3,75 to 84,1,24.112458848032,5873,961,883,17.0270730461434,182.421227197347,67.2947510094213,33.4560053529609,29.0040527662029,30.2054078855713,27.597611408387,VIC
10056,2016,November,11,75 to 84,8,26.4914090973598,5980,961,883,133.779264214047,51.2732866176722,120.02743484225,379.310344827586,20.6808410235526,17.6235247217225,26.257776923071,VIC
10056,2016,December,12,75 to 84,13,29.6996421726053,5692,961,883,228.390723822909,133.779264214047,51.2732866176722,169.548999660902,26.4914090973598,20.6808410235526,31.4178851808485,VIC
10056,2011,January,1,85+,3,27.4420206942964,5542,961,883,54.1320822807651,121.823877479986,107.52688172043,342.960288808664,28.4033661565861,26.3059645827775,29.2892895573255,VIC
10056,2011,February,2,85+,11,28.9181098252031,5654,961,883,194.552529182879,54.1320822807651,121.823877479986,390.625,27.4420206942964,28.4033661565861,30.4348318134513,VIC
10056,2011,March,3,85+,26,26.0729260074371,5539,961,883,469.398808449179,194.552529182879,54.1320822807651,162.308385933273,28.9181098252031,27.4420206942964,25.3461447537523,VIC
10056,2011,November,11,85+,5,27.6226762772859,5596,961,883,89.349535382416,328.527103486038,125.695816124978,107.52688172043,20.1623460331206,20.7376466939698,26.3059645827775,VIC
10056,2011,December,12,85+,23,29.544841554882,5552,961,883,414.265129682997,89.349535382416,328.527103486038,121.823877479986,27.6226762772859,20.1623460331206,28.4033661565861,VIC
10056,2012,January,1,85+,42,31.0297004593045,5742,961,883,731.452455590387,414.265129682997,89.349535382416,54.1320822807651,29.544841554882,27.6226762772859,27.4420206942964,VIC
10056,2012,February,2,85+,8,27.1393833267162,5663,961,883,141.267879215963,731.452455590387,414.265129682997,194.552529182879,31.0297004593045,29.544841554882,28.9181098252031,VIC
10056,2012,March,3,85+,14,24.5502582533992,5688,961,883,246.132208157525,141.267879215963,731.452455590387,469.398808449179,27.1393833267162,31.0297004593045,26.0729260074371,VIC
10056,2012,November,11,85+,13,24.4240881313667,5681,961,883,228.83295194508,268.913589100036,103.004291845494,89.349535382416,19.3675796882696,18.6995184133503,27.6226762772859,VIC
10056,2012,December,12,85+,13,28.4682701708017,5636,961,883,230.660042583393,228.83295194508,268.913589100036,414.265129682997,24.4240881313667,19.3675796882696,29.544841554882,VIC
10056,2013,January,1,85+,4,26.3502154197725,5717,961,883,69.9667657862515,230.660042583393,228.83295194508,731.452455590387,28.4682701708017,24.4240881313667,31.0297004593045,VIC
10056,2013,February,2,85+,13,29.3974351175876,5647,961,883,230.210731361785,69.9667657862515,230.660042583393,141.267879215963,26.3502154197725,28.4682701708017,27.1393833267162,VIC
10056,2013,March,3,85+,10,25.3362738596207,5555,961,883,180.01800180018,230.210731361785,69.9667657862515,246.132208157525,29.3974351175876,26.3502154197725,24.5502582533992,VIC
10056,2013,November,11,85+,4,22.0336619671783,5614,961,883,71.2504453152832,17.1174255391989,456.460674157303,228.83295194508,22.4761601076488,22.9123723080245,24.4240881313667,VIC
10056,2013,December,12,85+,0,29.7862081819253,5678,961,883,0,71.2504453152832,17.1174255391989,230.660042583393,22.0336619671783,22.4761601076488,28.4682701708017,VIC
10056,2014,January,1,85+,6,32.9495784940544,5728,961,883,104.748603351955,0,71.2504453152832,69.9667657862515,29.7862081819253,22.0336619671783,26.3502154197725,VIC
10056,2014,February,2,85+,36,26.9159976859521,5621,961,883,640.455434975983,104.748603351955,0,230.210731361785,32.9495784940544,29.7862081819253,29.3974351175876,VIC
10056,2014,March,3,85+,31,25.4211531529357,5712,961,883,542.717086834734,640.455434975983,104.748603351955,180.01800180018,26.9159976859521,32.9495784940544,25.3362738596207,VIC
10056,2014,November,11,85+,24,27.1378514955433,5705,961,883,420.68361086766,106.063284426374,84.9184782608696,71.2504453152832,21.7666901723105,19.6710784340364,22.0336619671783,VIC
10056,2014,December,12,85+,24,27.0835843417425,5959,961,883,402.752139620742,420.68361086766,106.063284426374,0,27.1378514955433,21.7666901723105,29.7862081819253,VIC
10056,2015,January,1,85+,14,28.8838992864712,5807,961,883,241.088341656621,402.752139620742,420.68361086766,104.748603351955,27.0835843417425,27.1378514955433,32.9495784940544,VIC
10056,2015,February,2,85+,55,29.8675176180647,5938,961,883,926.237790501852,241.088341656621,402.752139620742,640.455434975983,28.8838992864712,27.0835843417425,26.9159976859521,VIC
10056,2015,March,3,85+,25,26.5931724215789,5871,961,883,425.821836143758,926.237790501852,241.088341656621,542.717086834734,29.8675176180647,28.8838992864712,25.4211531529357,VIC
10056,2015,November,11,85+,24,26.7570168330369,5773,961,883,415.728390784687,504.965494024575,188.743994509266,420.68361086766,21.6090937450311,19.5442066243307,27.1378514955433,VIC
10056,2015,December,12,85+,16,26.8612346097964,5844,961,883,273.78507871321,415.728390784687,504.965494024575,402.752139620742,26.7570168330369,21.6090937450311,27.0835843417425,VIC
10056,2016,January,1,85+,26,28.7444753559711,6026,961,883,431.463657484235,273.78507871321,415.728390784687,241.088341656621,26.8612346097964,26.7570168330369,28.8838992864712,VIC
10056,2016,February,2,85+,4,28.1010920692449,5989,961,883,66.78911337452,431.463657484235,273.78507871321,926.237790501852,28.7444753559711,26.8612346097964,29.8675176180647,VIC
10056,2016,March,3,85+,11,24.34022335082,6117,961,883,179.826712440739,66.78911337452,431.463657484235,425.821836143758,28.1010920692449,28.7444753559711,26.5931724215789,VIC
10056,2016,November,11,85+,1,25.8075885058947,5718,961,883,17.4886323889472,0,34.7463516330785,415.728390784687,19.7975301242973,17.8275372961658,26.7570168330369,VIC
10056,2016,December,12,85+,15,30.4345959021063,5836,961,883,257.025359835504,17.4886323889472,0,273.78507871321,25.8075885058947,19.7975301242973,26.8612346097964,VIC
10057,2011,January,1,75 to 84,5,31.1152064245953,5587,1024,919,89.4934669769107,301.793005503284,18.9465706707086,69.589422407794,25.2056020024235,26.6335695977447,27.4220303116856,VIC
10057,2011,February,2,75 to 84,0,28.0423237170099,5764,1024,919,0,89.4934669769107,301.793005503284,324.324324324324,31.1152064245953,25.2056020024235,29.2943396504124,VIC
10057,2011,March,3,75 to 84,0,28.410096973771,5627,1024,919,0,0,89.4934669769107,770.983003329245,28.0423237170099,31.1152064245953,25.8262959622726,VIC
10057,2011,November,11,75 to 84,12,28.8469505145151,5728,1024,919,209.497206703911,249.376558603491,278.115765687467,18.9465706707086,20.7621254483077,16.9124027901338,26.6335695977447,VIC
10057,2011,December,12,75 to 84,15,28.6920279668748,5786,1024,919,259.246456965088,209.497206703911,249.376558603491,301.793005503284,28.8469505145151,20.7621254483077,25.2056020024235,VIC
10057,2012,January,1,75 to 84,11,28.0864386413782,5807,1024,919,189.426554158774,259.246456965088,209.497206703911,89.4934669769107,28.6920279668748,28.8469505145151,31.1152064245953,VIC
10057,2012,February,2,75 to 84,5,29.8092499958045,5639,1024,919,88.6682035821954,189.426554158774,259.246456965088,0,28.0864386413782,28.6920279668748,28.0423237170099,VIC
10057,2012,March,3,75 to 84,5,26.4284777907993,5687,1024,919,87.9198171267804,88.6682035821954,189.426554158774,0,29.8092499958045,28.0864386413782,28.410096973771,VIC
10057,2012,November,11,75 to 84,1,25.3038579205365,5885,1024,919,16.9923534409516,171.144959780934,219.74306964165,209.497206703911,22.5844336619028,18.6829056445817,28.8469505145151,VIC
10057,2012,December,12,75 to 84,5,27.2504369736629,5850,1024,919,85.4700854700855,16.9923534409516,171.144959780934,259.246456965088,25.3038579205365,22.5844336619028,28.6920279668748,VIC
10057,2013,January,1,75 to 84,4,33.1801276049416,5833,1024,919,68.575347162695,85.4700854700855,16.9923534409516,189.426554158774,27.2504369736629,25.3038579205365,28.0864386413782,VIC
10057,2013,February,2,75 to 84,7,26.6883376516475,5740,1024,919,121.951219512195,68.575347162695,85.4700854700855,88.6682035821954,33.1801276049416,27.2504369736629,29.8092499958045,VIC
10057,2013,March,3,75 to 84,42,23.3105044582959,5933,1024,919,707.90493847969,121.951219512195,68.575347162695,87.9198171267804,26.6883376516475,33.1801276049416,26.4284777907993,VIC
10057,2013,November,11,75 to 84,9,26.4598221431527,6091,1024,919,147.758988671811,105.15247108307,519.340974212035,16.9923534409516,23.2350762658356,16.5070438171923,25.3038579205365,VIC
10057,2013,December,12,75 to 84,25,29.4142606496982,5764,1024,919,433.726578764747,147.758988671811,105.15247108307,85.4700854700855,26.4598221431527,23.2350762658356,27.2504369736629,VIC
10057,2014,January,1,75 to 84,9,31.371958125664,6002,1024,919,149.950016661113,433.726578764747,147.758988671811,68.575347162695,29.4142606496982,26.4598221431527,33.1801276049416,VIC
10057,2014,February,2,75 to 84,10,32.373497034235,6006,1024,919,166.500166500167,149.950016661113,433.726578764747,121.951219512195,31.371958125664,29.4142606496982,26.6883376516475,VIC
10057,2014,March,3,75 to 84,10,26.6193147391249,5904,1024,919,169.376693766938,166.500166500167,149.950016661113,707.90493847969,32.373497034235,31.371958125664,23.3105044582959,VIC
10057,2014,November,11,75 to 84,9,27.7996136960038,5897,1024,919,152.619976259115,119.945167923235,183.150183150183,147.758988671811,20.3325453919127,17.0364557393812,26.4598221431527,VIC
10057,2014,December,12,75 to 84,8,30.580655646511,6004,1024,919,133.244503664224,152.619976259115,119.945167923235,433.726578764747,27.7996136960038,20.3325453919127,29.4142606496982,VIC
10057,2015,January,1,75 to 84,5,26.9698161210553,5969,1024,919,83.7661249790585,133.244503664224,152.619976259115,149.950016661113,30.580655646511,27.7996136960038,31.371958125664,VIC
10057,2015,February,2,75 to 84,6,30.2432386000219,6105,1024,919,98.2800982800983,83.7661249790585,133.244503664224,166.500166500167,26.9698161210553,30.580655646511,32.373497034235,VIC
10057,2015,March,3,75 to 84,17,25.9804281600891,5920,1024,919,287.162162162162,98.2800982800983,83.7661249790585,169.376693766938,30.2432386000219,26.9698161210553,26.6193147391249,VIC
10057,2015,November,11,75 to 84,15,25.9893264835762,5813,1024,919,258.042318940306,135.226504394861,85.0051003060184,152.619976259115,22.9401719013839,16.2797458155463,27.7996136960038,VIC
10057,2015,December,12,75 to 84,10,27.1653273516469,5815,1024,919,171.969045571797,258.042318940306,135.226504394861,133.244503664224,25.9893264835762,22.9401719013839,30.580655646511,VIC
10057,2016,January,1,75 to 84,7,29.8674770160167,5924,1024,919,118.163403106009,171.969045571797,258.042318940306,83.7661249790585,27.1653273516469,25.9893264835762,26.9698161210553,VIC
10057,2016,February,2,75 to 84,4,28.9611035199777,6126,1024,919,65.2954619653934,118.163403106009,171.969045571797,98.2800982800983,29.8674770160167,27.1653273516469,30.2432386000219,VIC
10057,2016,March,3,75 to 84,2,25.0067323425141,6086,1024,919,32.8623069339468,65.2954619653934,118.163403106009,287.162162162162,28.9611035199777,29.8674770160167,25.9804281600891,VIC
10057,2016,November,11,75 to 84,6,25.2027885484284,5877,1024,919,102.092904543134,82.8363154406892,434.564599699148,258.042318940306,22.0622833855697,16.7801961414876,25.9893264835762,VIC
10057,2016,December,12,75 to 84,7,28.921528152469,6100,1024,919,114.754098360656,102.092904543134,82.8363154406892,171.969045571797,25.2027885484284,22.0622833855697,27.1653273516469,VIC
10057,2011,January,1,85+,44,27.6909719576417,5646,1024,919,779.312787814382,348.7358326068,445.31528322052,291.895604395604,27.9800240301471,25.4038723883192,30.4521218952507,VIC
10057,2011,February,2,85+,8,27.3673933697611,5918,1024,919,135.180804325786,779.312787814382,348.7358326068,103.376981392143,27.6909719576417,27.9800240301471,30.3355096806912,VIC
10057,2011,March,3,85+,4,25.2956138171093,5662,1024,919,70.6464146944543,135.180804325786,779.312787814382,464.344941956882,27.3673933697611,27.6909719576417,25.2849302160123,VIC
10057,2011,November,11,85+,1,25.1770122117355,5865,1024,919,17.0502983802217,17.0590242238144,366.044971239324,445.31528322052,20.6005636693743,14.3791375119162,25.4038723883192,VIC
10057,2011,December,12,85+,28,27.9942956152492,5686,1024,919,492.43756595146,17.0502983802217,17.0590242238144,348.7358326068,25.1770122117355,20.6005636693743,27.9800240301471,VIC
10057,2012,January,1,85+,13,29.2674958599853,5723,1024,919,227.15359077407,492.43756595146,17.0502983802217,779.312787814382,27.9942956152492,25.1770122117355,27.6909719576417,VIC
10057,2012,February,2,85+,25,30.4208107165726,5870,1024,919,425.894378194208,227.15359077407,492.43756595146,135.180804325786,29.2674958599853,27.9942956152492,27.3673933697611,VIC
10057,2012,March,3,85+,22,25.4301113237602,5947,1024,919,369.934420716328,425.894378194208,227.15359077407,70.6464146944543,30.4208107165726,29.2674958599853,25.2956138171093,VIC
10057,2012,November,11,85+,2,24.7057402028419,5827,1024,919,34.3229792345976,16.8180289270098,141.143260409315,17.0502983802217,20.2780294389017,18.8405216345692,25.1770122117355,VIC
10057,2012,December,12,85+,19,27.7037705957153,5897,1024,919,322.197727658131,34.3229792345976,16.8180289270098,492.43756595146,24.7057402028419,20.2780294389017,27.9942956152492,VIC
10057,2013,January,1,85+,18,31.8727850024308,6027,1024,919,298.656047784968,322.197727658131,34.3229792345976,227.15359077407,27.7037705957153,24.7057402028419,29.2674958599853,VIC
10057,2013,February,2,85+,26,30.450834743754,5682,1024,919,457.585357268567,298.656047784968,322.197727658131,425.894378194208,31.8727850024308,27.7037705957153,30.4208107165726,VIC
10057,2013,March,3,85+,16,26.8667140491602,5950,1024,919,268.90756302521,457.585357268567,298.656047784968,369.934420716328,30.450834743754,31.8727850024308,25.4301113237602,VIC
10057,2013,November,11,85+,0,25.1349111670071,5753,1024,919,0,238.704177323103,132.428405893064,34.3229792345976,23.7051651008245,16.5370494546245,24.7057402028419,VIC
10057,2013,December,12,85+,0,30.3524374789921,5779,1024,919,0,0,238.704177323103,322.197727658131,25.1349111670071,23.7051651008245,27.7037705957153,VIC
10057,2014,January,1,85+,4,31.8831479287337,5840,1024,919,68.4931506849315,0,0,298.656047784968,30.3524374789921,25.1349111670071,31.8727850024308,VIC
10057,2014,February,2,85+,20,28.4399203045646,5724,1024,919,349.406009783368,68.4931506849315,0,457.585357268567,31.8831479287337,30.3524374789921,30.450834743754,VIC
10057,2014,March,3,85+,19,26.8326080864206,5982,1024,919,317.619525242394,349.406009783368,68.4931506849315,268.90756302521,28.4399203045646,31.8831479287337,26.8667140491602,VIC
10057,2014,November,11,85+,3,26.7544821022298,5795,1024,919,51.7687661777394,515.035720219306,150.577212648486,0,19.2375593591069,18.2590628729768,25.1349111670071,VIC
10057,2014,December,12,85+,9,25.8485874438891,5752,1024,919,156.467315716273,51.7687661777394,515.035720219306,0,26.7544821022298,19.2375593591069,30.3524374789921,VIC
10057,2015,January,1,85+,3,27.2385613685399,6048,1024,919,49.6031746031746,156.467315716273,51.7687661777394,68.4931506849315,25.8485874438891,26.7544821022298,31.8831479287337,VIC
10057,2015,February,2,85+,7,31.1399146255691,5804,1024,919,120.606478290834,49.6031746031746,156.467315716273,349.406009783368,27.2385613685399,25.8485874438891,28.4399203045646,VIC
10057,2015,March,3,85+,34,27.7326848578533,5952,1024,919,571.236559139785,120.606478290834,49.6031746031746,317.619525242394,31.1399146255691,27.2385613685399,26.8326080864206,VIC
10057,2015,November,11,85+,26,26.5003802215501,5971,1024,919,435.437950092112,546.73721340388,69.8202129516495,51.7687661777394,22.4514752470292,18.2711355827889,26.7544821022298,VIC
10057,2015,December,12,85+,1,29.6671007050612,6102,1024,919,16.3880694854146,435.437950092112,546.73721340388,156.467315716273,26.5003802215501,22.4514752470292,25.8485874438891,VIC
10057,2016,January,1,85+,2,27.6025843930008,5929,1024,919,33.7325012649688,16.3880694854146,435.437950092112,49.6031746031746,29.6671007050612,26.5003802215501,27.2385613685399,VIC
10057,2016,February,2,85+,7,28.9774071999317,6008,1024,919,116.511318242344,33.7325012649688,16.3880694854146,120.606478290834,27.6025843930008,29.6671007050612,31.1399146255691,VIC
10057,2016,March,3,85+,21,26.383943166243,6032,1024,919,348.143236074271,116.511318242344,33.7325012649688,571.236559139785,28.9774071999317,27.6025843930008,27.7326848578533,VIC
10057,2016,November,11,85+,15,24.1800021974684,6089,1024,919,246.34586960092,33.101621979477,0,435.437950092112,21.2169424822295,18.887971999584,26.5003802215501,VIC
10057,2016,December,12,85+,2,26.6185715041578,6109,1024,919,32.7385824193812,246.34586960092,33.101621979477,16.3880694854146,24.1800021974684,21.2169424822295,29.6671007050612,VIC
10058,2011,January,1,75 to 84,20,35.8033767472508,3120,1013,1014,641.025641025641,400.667779632721,191.021967526266,265.076209410205,27.4535567150625,23.3118593129115,30.2459047797499,VIC
10058,2011,February,2,75 to 84,10,28.8227987310985,3197,1013,1014,312.793243665937,641.025641025641,400.667779632721,191.4486279515,35.8033767472508,27.4535567150625,27.7521307441106,VIC
10058,2011,March,3,75 to 84,3,25.3401911732776,2973,1013,1014,100.908173562059,312.793243665937,641.025641025641,33.9097999321804,28.8227987310985,35.8033767472508,23.5617702889798,VIC
10058,2011,November,11,75 to 84,2,27.3583622809112,3137,1013,1014,63.7551801083838,31.3479623824451,97.1188086759469,191.021967526266,23.1510910644039,20.6808261091115,23.3118593129115,VIC
10058,2011,December,12,75 to 84,10,27.5501119580429,3201,1013,1014,312.402374258044,63.7551801083838,31.3479623824451,400.667779632721,27.3583622809112,23.1510910644039,27.4535567150625,VIC
10058,2012,January,1,75 to 84,5,30.9288327420317,3062,1013,1014,163.291966035271,312.402374258044,63.7551801083838,641.025641025641,27.5501119580429,27.3583622809112,35.8033767472508,VIC
10058,2012,February,2,75 to 84,2,26.9528553570196,3161,1013,1014,63.2711167352104,163.291966035271,312.402374258044,312.793243665937,30.9288327420317,27.5501119580429,28.8227987310985,VIC
10058,2012,March,3,75 to 84,0,23.8424876451659,3104,1013,1014,0,63.2711167352104,163.291966035271,100.908173562059,26.9528553570196,30.9288327420317,25.3401911732776,VIC
10058,2012,November,11,75 to 84,10,26.8690374902857,3165,1013,1014,315.955766192733,63.6132315521629,64.1025641025641,63.7551801083838,22.6721149322231,17.724768411093,27.3583622809112,VIC
10058,2012,December,12,75 to 84,13,26.5024966733026,3014,1013,1014,431.320504313205,315.955766192733,63.6132315521629,312.402374258044,26.8690374902857,22.6721149322231,27.5501119580429,VIC
10058,2013,January,1,75 to 84,14,31.5446274210391,3199,1013,1014,437.636761487965,431.320504313205,315.955766192733,163.291966035271,26.5024966733026,26.8690374902857,30.9288327420317,VIC
10058,2013,February,2,75 to 84,27,31.260215103008,3083,1013,1014,875.770353551735,437.636761487965,431.320504313205,63.2711167352104,31.5446274210391,26.5024966733026,26.9528553570196,VIC
10058,2013,March,3,75 to 84,4,27.7221312677857,3184,1013,1014,125.628140703518,875.770353551735,437.636761487965,0,31.260215103008,31.5446274210391,23.8424876451659,VIC
10058,2013,November,11,75 to 84,5,24.0455529318334,3119,1013,1014,160.307790958641,250.783699059561,189.993666877771,315.955766192733,23.1231772374051,20.4959881881193,26.8690374902857,VIC
10058,2013,December,12,75 to 84,24,31.6928224928579,3102,1013,1014,773.694390715667,160.307790958641,250.783699059561,431.320504313205,24.0455529318334,23.1231772374051,26.5024966733026,VIC
10058,2014,January,1,75 to 84,5,29.0659251974734,3174,1013,1014,157.52993068683,773.694390715667,160.307790958641,437.636761487965,31.6928224928579,24.0455529318334,31.5446274210391,VIC
10058,2014,February,2,75 to 84,1,28.5107282897758,3109,1013,1014,32.1646831778707,157.52993068683,773.694390715667,875.770353551735,29.0659251974734,31.6928224928579,31.260215103008,VIC
10058,2014,March,3,75 to 84,8,25.3180630901781,3248,1013,1014,246.305418719212,32.1646831778707,157.52993068683,125.628140703518,28.5107282897758,29.0659251974734,27.7221312677857,VIC
10058,2014,November,11,75 to 84,1,23.9964288950478,3266,1013,1014,30.6184935701164,30.9310238168883,159.744408945687,160.307790958641,19.7122614784516,15.7027565141802,24.0455529318334,VIC
10058,2014,December,12,75 to 84,2,30.9303773667615,3191,1013,1014,62.6762770291445,30.6184935701164,30.9310238168883,773.694390715667,23.9964288950478,19.7122614784516,31.6928224928579,VIC
10058,2015,January,1,75 to 84,6,30.6546227453381,3288,1013,1014,182.481751824818,62.6762770291445,30.6184935701164,157.52993068683,30.9303773667615,23.9964288950478,29.0659251974734,VIC
10058,2015,February,2,75 to 84,2,30.6813649775014,3184,1013,1014,62.8140703517588,182.481751824818,62.6762770291445,32.1646831778707,30.6546227453381,30.9303773667615,28.5107282897758,VIC
10058,2015,March,3,75 to 84,0,23.98730314039,3238,1013,1014,0,62.8140703517588,182.481751824818,246.305418719212,30.6813649775014,30.6546227453381,25.3180630901781,VIC
10058,2015,November,11,75 to 84,1,23.187060902305,3269,1013,1014,30.5903946160906,93.4870676223123,30.0571085061617,30.6184935701164,23.5359408907996,16.1172477159666,23.9964288950478,VIC
10058,2015,December,12,75 to 84,8,28.7990209546542,3311,1013,1014,241.618846270009,30.5903946160906,93.4870676223123,62.6762770291445,23.187060902305,23.5359408907996,30.9303773667615,VIC
10058,2016,January,1,75 to 84,6,32.649837168979,3417,1013,1014,175.592625109745,241.618846270009,30.5903946160906,182.481751824818,28.7990209546542,23.187060902305,30.6546227453381,VIC
10058,2016,February,2,75 to 84,5,30.2837056068872,3274,1013,1014,152.71838729383,175.592625109745,241.618846270009,62.8140703517588,32.649837168979,28.7990209546542,30.6813649775014,VIC
10058,2016,March,3,75 to 84,3,27.2374346600785,3226,1013,1014,92.9944203347799,152.71838729383,175.592625109745,0,30.2837056068872,32.649837168979,23.98730314039,VIC
10058,2016,November,11,75 to 84,2,28.2707777490616,3280,1013,1014,60.9756097560976,59.6836765144733,0,30.5903946160906,23.118264757682,18.2117622277497,23.187060902305,VIC
10058,2016,December,12,75 to 84,2,32.3173426057799,3149,1013,1014,63.5122261035249,60.9756097560976,59.6836765144733,241.618846270009,28.2707777490616,23.118264757682,28.7990209546542,VIC
10058,2011,January,1,85+,14,26.8725956100305,3161,1013,1014,442.897817146473,286.077558804832,62.9524708844822,635.525897680331,29.6227623701923,26.2217408321511,30.0120498120381,VIC
10058,2011,February,2,85+,1,28.4742284038487,3039,1013,1014,32.9055610398157,442.897817146473,286.077558804832,1147.2275334608,26.8725956100305,29.6227623701923,28.7125302188293,VIC
10058,2011,March,3,85+,3,25.8892410186197,3073,1013,1014,97.624471200781,32.9055610398157,442.897817146473,63.6739891754219,28.4742284038487,26.8725956100305,24.0334933505288,VIC
10058,2011,November,11,85+,6,23.0956356377324,3060,1013,1014,196.078431372549,219.435736677116,64.4537544311956,62.9524708844822,22.4279465064008,15.7270592389974,26.2217408321511,VIC
10058,2011,December,12,85+,26,29.9588392671345,3020,1013,1014,860.927152317881,196.078431372549,219.435736677116,286.077558804832,23.0956356377324,22.4279465064008,29.6227623701923,VIC
10058,2012,January,1,85+,5,30.4202777027507,3141,1013,1014,159.184972938555,860.927152317881,196.078431372549,442.897817146473,29.9588392671345,23.0956356377324,26.8725956100305,VIC
10058,2012,February,2,85+,17,31.6241405947374,3128,1013,1014,543.478260869565,159.184972938555,860.927152317881,32.9055610398157,30.4202777027507,29.9588392671345,28.4742284038487,VIC
10058,2012,March,3,85+,14,28.7128626489504,3143,1013,1014,445.43429844098,543.478260869565,159.184972938555,97.624471200781,31.6241405947374,30.4202777027507,25.8892410186197,VIC
10058,2012,November,11,85+,0,27.0371504172353,3149,1013,1014,0,95.3288846520496,127.632418634333,196.078431372549,22.1577772059676,15.7697944920833,23.0956356377324,VIC
10058,2012,December,12,85+,4,27.0521041510654,3076,1013,1014,130.039011703511,0,95.3288846520496,860.927152317881,27.0371504172353,22.1577772059676,29.9588392671345,VIC
10058,2013,January,1,85+,15,27.3694586034157,3211,1013,1014,467.144191840548,130.039011703511,0,159.184972938555,27.0521041510654,27.0371504172353,30.4202777027507,VIC
10058,2013,February,2,85+,6,27.5798688103595,3199,1013,1014,187.558612066271,467.144191840548,130.039011703511,543.478260869565,27.3694586034157,27.0521041510654,31.6241405947374,VIC
10058,2013,March,3,85+,4,26.591480561531,3191,1013,1014,125.352554058289,187.558612066271,467.144191840548,445.43429844098,27.5798688103595,27.3694586034157,28.7128626489504,VIC
10058,2013,November,11,85+,3,24.9108202256666,3250,1013,1014,92.3076923076923,220.264317180617,125.667609173735,0,23.0118865214699,15.9475171615568,27.0371504172353,VIC
10058,2013,December,12,85+,1,27.843344371822,3159,1013,1014,31.6555872111428,92.3076923076923,220.264317180617,130.039011703511,24.9108202256666,23.0118865214699,27.0521041510654,VIC
10058,2014,January,1,85+,12,30.9085159786152,3259,1013,1014,368.211107701749,31.6555872111428,92.3076923076923,467.144191840548,27.843344371822,24.9108202256666,27.3694586034157,VIC
10058,2014,February,2,85+,6,29.6854652504388,3225,1013,1014,186.046511627907,368.211107701749,31.6555872111428,187.558612066271,30.9085159786152,27.843344371822,27.5798688103595,VIC
10058,2014,March,3,85+,1,28.2668319049768,3126,1013,1014,31.9897632757518,186.046511627907,368.211107701749,125.352554058289,29.6854652504388,30.9085159786152,26.591480561531,VIC
10058,2014,November,11,85+,7,26.3079145409146,3208,1013,1014,218.204488778055,31.7762948840165,216.116085211485,92.3076923076923,21.4132529653553,18.3263505102913,24.9108202256666,VIC
10058,2014,December,12,85+,3,31.693617012177,3216,1013,1014,93.2835820895522,218.204488778055,31.7762948840165,31.6555872111428,26.3079145409146,21.4132529653553,27.843344371822,VIC
10058,2015,January,1,85+,3,30.4528014675009,3255,1013,1014,92.1658986175115,93.2835820895522,218.204488778055,368.211107701749,31.693617012177,26.3079145409146,30.9085159786152,VIC
10058,2015,February,2,85+,3,31.608740350206,3247,1013,1014,92.3929781336618,92.1658986175115,93.2835820895522,186.046511627907,30.4528014675009,31.693617012177,29.6854652504388,VIC
10058,2015,March,3,85+,1,26.49377596954,3268,1013,1014,30.5997552019584,92.3929781336618,92.1658986175115,31.9897632757518,31.608740350206,30.4528014675009,28.2668319049768,VIC
10058,2015,November,11,85+,3,23.1945352766447,3321,1013,1014,90.3342366757001,62.65664160401,0,218.204488778055,20.9077200411741,18.33861101357,26.3079145409146,VIC
10058,2015,December,12,85+,3,28.7922846756029,3164,1013,1014,94.8166877370417,90.3342366757001,62.65664160401,93.2835820895522,23.1945352766447,20.9077200411741,31.693617012177,VIC
10058,2016,January,1,85+,7,31.3260945065694,3236,1013,1014,216.316440049444,94.8166877370417,90.3342366757001,92.1658986175115,28.7922846756029,23.1945352766447,30.4528014675009,VIC
10058,2016,February,2,85+,5,29.2902610130353,3411,1013,1014,146.584579302257,216.316440049444,94.8166877370417,92.3929781336618,31.3260945065694,28.7922846756029,31.608740350206,VIC
10058,2016,March,3,85+,5,25.2415449389262,3308,1013,1014,151.148730350665,146.584579302257,216.316440049444,30.5997552019584,29.2902610130353,31.3260945065694,26.49377596954,VIC
10058,2016,November,11,85+,4,26.7350334674866,3289,1013,1014,121.617512921861,92.8217821782178,0,90.3342366757001,22.177625496989,16.2063032415454,23.1945352766447,VIC
10058,2016,December,12,85+,1,28.3395279496382,3266,1013,1014,30.6184935701164,121.617512921861,92.8217821782178,94.8166877370417,26.7350334674866,22.177625496989,28.7922846756029,VIC
10059,2011,January,1,75 to 84,21,31.8496607411412,18577,814,1096,113.043010173871,136.382710868653,165.246578879422,90.8799315727574,30.170463937289,25.4689478110185,28.6906605986252,VIC
10059,2011,February,2,75 to 84,8,29.2361906457317,18310,814,1096,43.6919716002185,113.043010173871,136.382710868653,190.466112904079,31.8496607411412,30.170463937289,30.2864924575826,VIC
10059,2011,March,3,75 to 84,38,25.8192850458742,18634,814,1096,203.928303101857,43.6919716002185,113.043010173871,149.532710280374,29.2361906457317,31.8496607411412,26.0067403974924,VIC
10059,2011,November,11,75 to 84,62,25.7480238497059,19190,814,1096,323.084940072955,157.897417613202,36.8867576540022,165.246578879422,18.3894643194459,17.1826208149686,25.4689478110185,VIC
10059,2011,December,12,75 to 84,25,31.2107728321651,18868,814,1096,132.49947000212,323.084940072955,157.897417613202,136.382710868653,25.7480238497059,18.3894643194459,30.170463937289,VIC
10059,2012,January,1,75 to 84,47,28.5653083643775,18555,814,1096,253.300997035839,132.49947000212,323.084940072955,113.043010173871,31.2107728321651,25.7480238497059,31.8496607411412,VIC
10059,2012,February,2,75 to 84,20,27.476589760263,18933,814,1096,105.635662599694,253.300997035839,132.49947000212,43.6919716002185,28.5653083643775,31.2107728321651,29.2361906457317,VIC
10059,2012,March,3,75 to 84,7,21.987352188621,18011,814,1096,38.8651379712398,105.635662599694,253.300997035839,203.928303101857,27.476589760263,28.5653083643775,25.8192850458742,VIC
10059,2012,November,11,75 to 84,35,29.5099585466037,19210,814,1096,182.196772514315,84.7457627118644,115.631241459056,323.084940072955,21.5718488963811,17.144321797211,25.7480238497059,VIC
10059,2012,December,12,75 to 84,16,29.6327695541851,18991,814,1096,84.2504344163025,182.196772514315,84.7457627118644,132.49947000212,29.5099585466037,21.5718488963811,31.2107728321651,VIC
10059,2013,January,1,75 to 84,79,29.1775375699327,19299,814,1096,409.347634592466,84.2504344163025,182.196772514315,253.300997035839,29.6327695541851,29.5099585466037,28.5653083643775,VIC
10059,2013,February,2,75 to 84,20,30.9096412437046,19123,814,1096,104.586100507243,409.347634592466,84.2504344163025,105.635662599694,29.1775375699327,29.6327695541851,27.476589760263,VIC
10059,2013,March,3,75 to 84,5,22.7011683904083,19100,814,1096,26.1780104712042,104.586100507243,409.347634592466,38.8651379712398,30.9096412437046,29.1775375699327,21.987352188621,VIC
10059,2013,November,11,75 to 84,66,24.8840268229548,19408,814,1096,340.065952184666,122.498979175174,45.5811597872879,182.196772514315,21.2922174738506,16.7355610491059,29.5099585466037,VIC
10059,2013,December,12,75 to 84,42,29.8843708627762,19310,814,1096,217.503883997929,340.065952184666,122.498979175174,84.2504344163025,24.8840268229548,21.2922174738506,29.6327695541851,VIC
10059,2014,January,1,75 to 84,14,31.4926535983685,18866,814,1096,74.2075691720556,217.503883997929,340.065952184666,409.347634592466,29.8843708627762,24.8840268229548,29.1775375699327,VIC
10059,2014,February,2,75 to 84,9,29.1522941881495,18966,814,1096,47.4533375514078,74.2075691720556,217.503883997929,104.586100507243,31.4926535983685,29.8843708627762,30.9096412437046,VIC
10059,2014,March,3,75 to 84,18,28.2286221752006,18849,814,1096,95.4957822696164,47.4533375514078,74.2075691720556,26.1780104712042,29.1522941881495,31.4926535983685,22.7011683904083,VIC
10059,2014,November,11,75 to 84,13,23.8791469724909,19828,814,1096,65.5638491022796,135.233537917404,26.6709340161093,340.065952184666,25.270517184422,17.4382383519075,24.8840268229548,VIC
10059,2014,December,12,75 to 84,42,29.96131131701,19653,814,1096,213.707830865517,65.5638491022796,135.233537917404,217.503883997929,23.8791469724909,25.270517184422,29.8843708627762,VIC
10059,2015,January,1,75 to 84,12,32.4042799111358,19268,814,1096,62.2794270292713,213.707830865517,65.5638491022796,74.2075691720556,29.96131131701,23.8791469724909,31.4926535983685,VIC
10059,2015,February,2,75 to 84,18,26.4471239833432,19401,814,1096,92.7787227462502,62.2794270292713,213.707830865517,47.4533375514078,32.4042799111358,29.96131131701,29.1522941881495,VIC
10059,2015,March,3,75 to 84,2,23.4280066729235,19131,814,1096,10.4542365793738,92.7787227462502,62.2794270292713,95.4957822696164,26.4471239833432,32.4042799111358,28.2286221752006,VIC
10059,2015,November,11,75 to 84,17,25.9464531484756,19817,814,1096,85.7849321289802,180.617194756941,380.690530323058,65.5638491022796,25.0499978258807,20.3817705010591,23.8791469724909,VIC
10059,2015,December,12,75 to 84,19,29.0150958282355,19401,814,1096,97.933096232153,85.7849321289802,180.617194756941,213.707830865517,25.9464531484756,25.0499978258807,29.96131131701,VIC
10059,2016,January,1,75 to 84,2,31.023418683707,20341,814,1096,9.83235829113613,97.933096232153,85.7849321289802,62.2794270292713,29.0150958282355,25.9464531484756,32.4042799111358,VIC
10059,2016,February,2,75 to 84,26,29.4222264311176,19720,814,1096,131.84584178499,9.83235829113613,97.933096232153,92.7787227462502,31.023418683707,29.0150958282355,26.4471239833432,VIC
10059,2016,March,3,75 to 84,6,27.7277359537693,19430,814,1096,30.8800823468863,131.84584178499,9.83235829113613,10.4542365793738,29.4222264311176,31.023418683707,23.4280066729235,VIC
10059,2016,November,11,75 to 84,12,27.0600691589703,19491,814,1096,61.5668770201632,126.687131510988,29.8018179108926,85.7849321289802,23.7018328747439,19.9271546260553,25.9464531484756,VIC
10059,2016,December,12,75 to 84,22,28.4680274493689,18577,814,1096,118.426010658341,61.5668770201632,126.687131510988,97.933096232153,27.0600691589703,23.7018328747439,29.0150958282355,VIC
10059,2011,January,1,85+,49,31.7250516495793,18949,814,1096,258.588843738456,837.493067110372,370.451078666376,253.505933117584,29.2333011287886,27.3051066140202,27.56373560749,VIC
10059,2011,February,2,85+,30,28.2380730182218,18828,814,1096,159.337157425112,258.588843738456,837.493067110372,32.4728040266277,31.7250516495793,29.2333011287886,29.8216009582925,VIC
10059,2011,March,3,85+,31,26.6804150730111,18423,814,1096,168.267925962113,159.337157425112,258.588843738456,102.332094576399,28.2380730182218,31.7250516495793,25.9605642558225,VIC
10059,2011,November,11,85+,58,26.2296510883325,19010,814,1096,305.102577590742,79.3650793650794,548.847420417124,370.451078666376,22.0425044499177,17.1171061853933,27.3051066140202,VIC
10059,2011,December,12,85+,89,31.3889390665509,18883,814,1096,471.323412593338,305.102577590742,79.3650793650794,837.493067110372,26.2296510883325,22.0425044499177,29.2333011287886,VIC
10059,2012,January,1,85+,91,30.7705569579688,19066,814,1096,477.289415713836,471.323412593338,305.102577590742,258.588843738456,31.3889390665509,26.2296510883325,31.7250516495793,VIC
10059,2012,February,2,85+,40,29.1465351926143,18915,814,1096,211.47237642083,477.289415713836,471.323412593338,159.337157425112,30.7705569579688,31.3889390665509,28.2380730182218,VIC
10059,2012,March,3,85+,91,25.5329059449523,18149,814,1096,501.405036090143,211.47237642083,477.289415713836,168.267925962113,29.1465351926143,30.7705569579688,26.6804150730111,VIC
10059,2012,November,11,85+,47,25.4668507767627,19290,814,1096,243.64955935718,158.202816010125,113.33585190782,305.102577590742,22.5643017198241,17.3660102773935,26.2296510883325,VIC
10059,2012,December,12,85+,70,29.9313497532726,19349,814,1096,361.775802367047,243.64955935718,158.202816010125,471.323412593338,25.4668507767627,22.5643017198241,31.3889390665509,VIC
10059,2013,January,1,85+,29,29.4675579507919,18946,814,1096,153.066610366304,361.775802367047,243.64955935718,477.289415713836,29.9313497532726,25.4668507767627,30.7705569579688,VIC
10059,2013,February,2,85+,48,29.1746498548855,19296,814,1096,248.756218905473,153.066610366304,361.775802367047,211.47237642083,29.4675579507919,29.9313497532726,29.1465351926143,VIC
10059,2013,March,3,85+,84,26.0634378975205,19522,814,1096,430.283782399344,248.756218905473,153.066610366304,501.405036090143,29.1746498548855,29.4675579507919,25.5329059449523,VIC
10059,2013,November,11,85+,20,27.3208042319429,19562,814,1096,102.239034863511,32.3084378870282,70.5371676614216,243.64955935718,22.8740347396218,18.9163532119998,25.4668507767627,VIC
10059,2013,December,12,85+,3,28.77782522827,19244,814,1096,15.5892745790896,102.239034863511,32.3084378870282,361.775802367047,27.3208042319429,22.8740347396218,29.9313497532726,VIC
10059,2014,January,1,85+,27,31.4440840928852,19162,814,1096,140.903872247156,15.5892745790896,102.239034863511,153.066610366304,28.77782522827,27.3208042319429,29.4675579507919,VIC
10059,2014,February,2,85+,56,30.3775006517373,19464,814,1096,287.710645293876,140.903872247156,15.5892745790896,248.756218905473,31.4440840928852,28.77782522827,29.1746498548855,VIC
10059,2014,March,3,85+,31,26.5491052996488,18777,814,1096,165.095595675561,287.710645293876,140.903872247156,430.283782399344,30.3775006517373,31.4440840928852,26.0634378975205,VIC
10059,2014,November,11,85+,33,25.7169643967768,18807,814,1096,175.46658159196,352.131462412634,103.013134174607,102.239034863511,23.5002322215243,16.6950460762434,27.3208042319429,VIC
10059,2014,December,12,85+,64,29.5320291316042,19533,814,1096,327.650642502432,175.46658159196,352.131462412634,15.5892745790896,25.7169643967768,23.5002322215243,28.77782522827,VIC
10059,2015,January,1,85+,33,28.3314332418431,19899,814,1096,165.837479270315,327.650642502432,175.46658159196,140.903872247156,29.5320291316042,25.7169643967768,31.4440840928852,VIC
10059,2015,February,2,85+,38,29.9209032680667,18792,814,1096,202.213707960834,165.837479270315,327.650642502432,287.710645293876,28.3314332418431,29.5320291316042,30.3775006517373,VIC
10059,2015,March,3,85+,34,25.802713502503,19529,814,1096,174.100056326489,202.213707960834,165.837479270315,165.095595675561,29.9209032680667,28.3314332418431,26.5491052996488,VIC
10059,2015,November,11,85+,14,27.9983254800702,19119,814,1096,73.2255871122967,103.643053324351,279.357984559122,175.46658159196,22.3253790054939,20.7124319229038,25.7169643967768,VIC
10059,2015,December,12,85+,42,27.5568742915608,19010,814,1096,220.936349289847,73.2255871122967,103.643053324351,327.650642502432,27.9983254800702,22.3253790054939,29.5320291316042,VIC
10059,2016,January,1,85+,8,33.4936446161854,19956,814,1096,40.0881940268591,220.936349289847,73.2255871122967,165.837479270315,27.5568742915608,27.9983254800702,28.3314332418431,VIC
10059,2016,February,2,85+,29,27.5343288248807,19325,814,1096,150.06468305304,40.0881940268591,220.936349289847,202.213707960834,33.4936446161854,27.5568742915608,29.9209032680667,VIC
10059,2016,March,3,85+,63,26.3887671965941,19929,814,1096,316.122233930453,150.06468305304,40.0881940268591,174.100056326489,27.5343288248807,33.4936446161854,25.802713502503,VIC
10059,2016,November,11,85+,15,23.5016647375444,19240,814,1096,77.962577962578,220.96118113795,185.873605947955,73.2255871122967,23.3123024629792,18.8074474782451,27.9983254800702,VIC
10059,2016,December,12,85+,8,28.0864828185808,20183,814,1096,39.6373185354011,77.962577962578,220.96118113795,220.936349289847,23.5016647375444,23.3123024629792,27.5568742915608,VIC
10060,2011,January,1,75 to 84,22,30.2158416691671,9281,1057,896,237.043422045038,97.497562560936,11.153245594468,142.559491172278,28.5877555389919,27.5035961028705,33.1832299767564,VIC
10060,2011,February,2,75 to 84,29,29.0933137723083,9069,1057,896,319.770647259896,237.043422045038,97.497562560936,45.3309156844968,30.2158416691671,28.5877555389919,28.593315936341,VIC
10060,2011,March,3,75 to 84,30,24.7597547346051,9493,1057,896,316.022332244812,319.770647259896,237.043422045038,216.356555603635,29.0933137723083,30.2158416691671,25.9123533232921,VIC
10060,2011,November,11,75 to 84,2,24.4382059370144,9526,1057,896,20.9951711106446,44.1501103752759,193.050193050193,11.153245594468,21.0412488390342,17.0999719438464,27.5035961028705,VIC
10060,2011,December,12,75 to 84,25,30.2748160477778,9271,1057,896,269.658073562722,20.9951711106446,44.1501103752759,97.497562560936,24.4382059370144,21.0412488390342,28.5877555389919,VIC
10060,2012,January,1,75 to 84,10,28.1891563641075,9616,1057,896,103.993344425957,269.658073562722,20.9951711106446,237.043422045038,30.2748160477778,24.4382059370144,30.2158416691671,VIC
10060,2012,February,2,75 to 84,24,29.5811832753737,9473,1057,896,253.351630951124,103.993344425957,269.658073562722,319.770647259896,28.1891563641075,30.2748160477778,29.0933137723083,VIC
10060,2012,March,3,75 to 84,30,24.2208576582632,9262,1057,896,323.904124379184,253.351630951124,103.993344425957,316.022332244812,29.5811832753737,28.1891563641075,24.7597547346051,VIC
10060,2012,November,11,75 to 84,3,24.6039153282371,9306,1057,896,32.2372662798195,51.0464522715671,119.150779896014,20.9951711106446,20.3257300416154,21.2271481026471,24.4382059370144,VIC
10060,2012,December,12,75 to 84,8,29.0613440384416,9187,1057,896,87.0795689561337,32.2372662798195,51.0464522715671,269.658073562722,24.6039153282371,20.3257300416154,30.2748160477778,VIC
10060,2013,January,1,75 to 84,4,30.2600635688253,9315,1057,896,42.9414922168545,87.0795689561337,32.2372662798195,103.993344425957,29.0613440384416,24.6039153282371,28.1891563641075,VIC
10060,2013,February,2,75 to 84,15,33.0065748276367,9661,1057,896,155.26343028672,42.9414922168545,87.0795689561337,253.351630951124,30.2600635688253,29.0613440384416,29.5811832753737,VIC
10060,2013,March,3,75 to 84,39,24.8425909202869,9362,1057,896,416.577654347362,155.26343028672,42.9414922168545,323.904124379184,33.0065748276367,30.2600635688253,24.2208576582632,VIC
10060,2013,November,11,75 to 84,3,26.2079771795244,9200,1057,896,32.6086956521739,158.814187400741,85.1516764236296,32.2372662798195,23.9537357584696,16.1568688039294,24.6039153282371,VIC
10060,2013,December,12,75 to 84,9,28.8598065131698,9644,1057,896,93.3222729158026,32.6086956521739,158.814187400741,87.0795689561337,26.2079771795244,23.9537357584696,29.0613440384416,VIC
10060,2014,January,1,75 to 84,14,29.8069392292745,9623,1057,896,145.484776057363,93.3222729158026,32.6086956521739,42.9414922168545,28.8598065131698,26.2079771795244,30.2600635688253,VIC
10060,2014,February,2,75 to 84,16,26.1810864504858,10009,1057,896,159.856129483465,145.484776057363,93.3222729158026,155.26343028672,29.8069392292745,28.8598065131698,33.0065748276367,VIC
10060,2014,March,3,75 to 84,40,26.2081703991499,9493,1057,896,421.363109659749,159.856129483465,145.484776057363,416.577654347362,26.1810864504858,29.8069392292745,24.8425909202869,VIC
10060,2014,November,11,75 to 84,40,25.4368210892204,9885,1057,896,404.653515427415,41.9507079181961,60.8766233766234,32.6086956521739,21.145415555492,14.6908664466744,26.2079771795244,VIC
10060,2014,December,12,75 to 84,26,32.0512601423222,9853,1057,896,263.879021617781,404.653515427415,41.9507079181961,93.3222729158026,25.4368210892204,21.145415555492,28.8598065131698,VIC
10060,2015,January,1,75 to 84,44,28.6815726451684,9444,1057,896,465.904277848369,263.879021617781,404.653515427415,145.484776057363,32.0512601423222,25.4368210892204,29.8069392292745,VIC
10060,2015,February,2,75 to 84,59,29.394343130265,9801,1057,896,601.979389858178,465.904277848369,263.879021617781,159.856129483465,28.6815726451684,32.0512601423222,26.1810864504858,VIC
10060,2015,March,3,75 to 84,22,24.3727724168802,9692,1057,896,226.991333058192,601.979389858178,465.904277848369,421.363109659749,29.394343130265,28.6815726451684,26.2081703991499,VIC
10060,2015,November,11,75 to 84,34,25.1470706946845,9698,1057,896,350.587750051557,21.0770365686584,0,404.653515427415,21.7688762631776,18.179932613378,25.4368210892204,VIC
10060,2015,December,12,75 to 84,29,28.6348977817274,9657,1057,896,300.3003003003,350.587750051557,21.0770365686584,263.879021617781,25.1470706946845,21.7688762631776,32.0512601423222,VIC
10060,2016,January,1,75 to 84,20,32.4129374405127,9656,1057,896,207.125103562552,300.3003003003,350.587750051557,465.904277848369,28.6348977817274,25.1470706946845,28.6815726451684,VIC
10060,2016,February,2,75 to 84,55,31.5805027454733,9851,1057,896,558.31895239062,207.125103562552,300.3003003003,601.979389858178,32.4129374405127,28.6348977817274,29.394343130265,VIC
10060,2016,March,3,75 to 84,92,27.8890783523896,9797,1057,896,939.062978462795,558.31895239062,207.125103562552,226.991333058192,31.5805027454733,32.4129374405127,24.3727724168802,VIC
10060,2016,November,11,75 to 84,29,28.1580119474912,9645,1057,896,300.673924313116,143.222506393862,101.24531740407,350.587750051557,21.4170301016486,18.0966506030749,25.1470706946845,VIC
10060,2016,December,12,75 to 84,31,29.2127067760481,9727,1057,896,318.700524313766,300.673924313116,143.222506393862,300.3003003003,28.1580119474912,21.4170301016486,28.6348977817274,VIC
10060,2011,January,1,85+,22,29.8827573137695,9352,1057,896,235.24379811805,184.862983906046,313.073518298607,593.471810089021,29.0328456944363,25.4081406138475,27.2333997853563,VIC
10060,2011,February,2,85+,23,28.9522852528016,9258,1057,896,248.433786995031,235.24379811805,184.862983906046,175.940180338685,29.8827573137695,29.0328456944363,28.8825446950819,VIC
10060,2011,March,3,85+,21,23.5366531658124,9219,1057,896,227.790432801822,248.433786995031,235.24379811805,185.832968954963,28.9522852528016,29.8827573137695,24.0621677646775,VIC
10060,2011,November,11,85+,44,24.304466513753,9459,1057,896,465.165450893329,342.832654810371,208.905992303463,313.073518298607,21.4268218985777,20.2144304902323,25.4081406138475,VIC
10060,2011,December,12,85+,15,27.7333324628029,9354,1057,896,160.359204618345,465.165450893329,342.832654810371,184.862983906046,24.304466513753,21.4268218985777,29.0328456944363,VIC
10060,2012,January,1,85+,93,30.4379614935645,9162,1057,896,1015.0622134905,160.359204618345,465.165450893329,235.24379811805,27.7333324628029,24.304466513753,29.8827573137695,VIC
10060,2012,February,2,85+,41,28.9974425054924,9308,1057,896,440.481306403094,1015.0622134905,160.359204618345,248.433786995031,30.4379614935645,27.7333324628029,28.9522852528016,VIC
10060,2012,March,3,85+,4,25.6720610361321,9520,1057,896,42.0168067226891,440.481306403094,1015.0622134905,227.790432801822,28.9974425054924,30.4379614935645,23.5366531658124,VIC
10060,2012,November,11,85+,42,25.3673496117837,9218,1057,896,455.63028856585,62.6108734216842,94.0045957802382,465.165450893329,21.3923302524469,15.4995035809361,24.304466513753,VIC
10060,2012,December,12,85+,64,27.909246643241,9307,1057,896,687.654453637047,455.63028856585,62.6108734216842,160.359204618345,25.3673496117837,21.3923302524469,27.7333324628029,VIC
10060,2013,January,1,85+,45,28.7923553828523,9736,1057,896,462.202136400986,687.654453637047,455.63028856585,1015.0622134905,27.909246643241,25.3673496117837,30.4379614935645,VIC
10060,2013,February,2,85+,62,28.3128183008201,9557,1057,896,648.739144082871,462.202136400986,687.654453637047,440.481306403094,28.7923553828523,27.909246643241,28.9974425054924,VIC
10060,2013,March,3,85+,50,27.9417335562474,9305,1057,896,537.345513164965,648.739144082871,462.202136400986,42.0168067226891,28.3128183008201,28.7923553828523,25.6720610361321,VIC
10060,2013,November,11,85+,64,26.3945585546955,9332,1057,896,685.812258894128,458.954834671952,408.426483233018,455.63028856585,24.1924090553284,17.9803002417699,25.3673496117837,VIC
10060,2013,December,12,85+,9,28.3842626006105,9440,1057,896,95.3389830508475,685.812258894128,458.954834671952,687.654453637047,26.3945585546955,24.1924090553284,27.909246643241,VIC
10060,2014,January,1,85+,20,32.2109875732149,9679,1057,896,206.632916623618,95.3389830508475,685.812258894128,462.202136400986,28.3842626006105,26.3945585546955,28.7923553828523,VIC
10060,2014,February,2,85+,42,28.8905407686439,9583,1057,896,438.27611395179,206.632916623618,95.3389830508475,648.739144082871,32.2109875732149,28.3842626006105,28.3128183008201,VIC
10060,2014,March,3,85+,14,23.3017537902113,9289,1057,896,150.715900527506,438.27611395179,206.632916623618,537.345513164965,28.8905407686439,32.2109875732149,27.9417335562474,VIC
10060,2014,November,11,85+,19,27.0428932175059,9440,1057,896,201.271186440678,151.914117885355,10.8248538644728,685.812258894128,21.3702297745042,16.2386880962584,26.3945585546955,VIC
10060,2014,December,12,85+,42,29.032258112275,9375,1057,896,448,201.271186440678,151.914117885355,95.3389830508475,27.0428932175059,21.3702297745042,28.3842626006105,VIC
10060,2015,January,1,85+,20,29.4007169453448,9910,1057,896,201.816347124117,448,201.271186440678,206.632916623618,29.032258112275,27.0428932175059,32.2109875732149,VIC
10060,2015,February,2,85+,25,28.6048358893939,9567,1057,896,261.314936761785,201.816347124117,448,438.27611395179,29.4007169453448,29.032258112275,28.8905407686439,VIC
10060,2015,March,3,85+,7,25.896799924335,9924,1057,896,70.5360741636437,261.314936761785,201.816347124117,150.715900527506,28.6048358893939,29.4007169453448,23.3017537902113,VIC
10060,2015,November,11,85+,8,24.5706153325541,9759,1057,896,81.975612255354,62.9326620516048,41.2541254125413,201.271186440678,20.8300040237574,18.0717440512705,27.0428932175059,VIC
10060,2015,December,12,85+,21,30.3591650571208,9616,1057,896,218.386023294509,81.975612255354,62.9326620516048,448,24.5706153325541,20.8300040237574,29.032258112275,VIC
10060,2016,January,1,85+,33,32.4808544286778,9538,1057,896,345.984483120151,218.386023294509,81.975612255354,201.816347124117,30.3591650571208,24.5706153325541,29.4007169453448,VIC
10060,2016,February,2,85+,56,27.5312891824123,9584,1057,896,584.307178631052,345.984483120151,218.386023294509,261.314936761785,32.4808544286778,30.3591650571208,28.6048358893939,VIC
10060,2016,March,3,85+,33,27.7017650022455,9963,1057,896,331.225534477567,584.307178631052,345.984483120151,70.5360741636437,27.5312891824123,32.4808544286778,25.896799924335,VIC
10060,2016,November,11,85+,9,28.1021567320961,9581,1057,896,93.9359148314372,145.077720207254,71.2685807371208,81.975612255354,24.1035123834768,16.1749586977139,24.5706153325541,VIC
10060,2016,December,12,85+,8,28.8306965519578,9411,1057,896,85.0069068111784,93.9359148314372,145.077720207254,218.386023294509,28.1021567320961,24.1035123834768,30.3591650571208,VIC
10061,2011,January,1,75 to 84,10,29.4609678388408,7593,891,970,131.700250230475,384.509750068662,166.805671392827,201.477501678979,29.5543565650808,25.2774049976115,28.9092357363758,VIC
10061,2011,February,2,75 to 84,15,32.8453792451917,7328,891,970,204.694323144105,131.700250230475,384.509750068662,184.475663402866,29.4609678388408,29.5543565650808,28.8299461830128,VIC
10061,2011,March,3,75 to 84,14,25.9301039509022,7524,891,970,186.071238702818,204.694323144105,131.700250230475,81.755007494209,32.8453792451917,29.4609678388408,25.8615393097416,VIC
10061,2011,November,11,75 to 84,14,27.4730362968323,7302,891,970,191.728293618187,107.686095032979,109.634096203919,166.805671392827,23.6678580520391,16.5218061483944,25.2774049976115,VIC
10061,2011,December,12,75 to 84,10,28.6080225415258,7262,891,970,137.703112090333,191.728293618187,107.686095032979,384.509750068662,27.4730362968323,23.6678580520391,29.5543565650808,VIC
10061,2012,January,1,75 to 84,16,31.4295199471621,7227,891,970,221.39200221392,137.703112090333,191.728293618187,131.700250230475,28.6080225415258,27.4730362968323,29.4609678388408,VIC
10061,2012,February,2,75 to 84,4,31.1378394933135,7176,891,970,55.7413600891862,221.39200221392,137.703112090333,204.694323144105,31.4295199471621,28.6080225415258,32.8453792451917,VIC
10061,2012,March,3,75 to 84,0,27.5078256612962,7247,891,970,0,55.7413600891862,221.39200221392,186.071238702818,31.1378394933135,31.4295199471621,25.9301039509022,VIC
10061,2012,November,11,75 to 84,16,27.689040814574,7448,891,970,214.822771213749,94.0607363611932,41.2541254125413,191.728293618187,22.0045099608193,17.8619044055527,27.4730362968323,VIC
10061,2012,December,12,75 to 84,23,27.6385088127752,7417,891,970,310.098422542807,214.822771213749,94.0607363611932,137.703112090333,27.689040814574,22.0045099608193,28.6080225415258,VIC
10061,2013,January,1,75 to 84,16,28.6162293207737,7570,891,970,211.360634081902,310.098422542807,214.822771213749,221.39200221392,27.6385088127752,27.689040814574,31.4295199471621,VIC
10061,2013,February,2,75 to 84,28,28.2297001742037,7494,891,970,373.632239124633,211.360634081902,310.098422542807,55.7413600891862,28.6162293207737,27.6385088127752,31.1378394933135,VIC
10061,2013,March,3,75 to 84,5,27.8790195150403,7713,891,970,64.8256190846623,373.632239124633,211.360634081902,0,28.2297001742037,28.6162293207737,27.5078256612962,VIC
10061,2013,November,11,75 to 84,1,25.965234206603,7425,891,970,13.4680134680135,175.88959545393,65.2741514360313,214.822771213749,22.7638343508161,18.2117159462092,27.689040814574,VIC
10061,2013,December,12,75 to 84,18,26.201650993256,7357,891,970,244.664944950387,13.4680134680135,175.88959545393,310.098422542807,25.965234206603,22.7638343508161,27.6385088127752,VIC
10061,2014,January,1,75 to 84,44,27.1409719006766,7491,891,970,587.371512481645,244.664944950387,13.4680134680135,211.360634081902,26.201650993256,25.965234206603,28.6162293207737,VIC
10061,2014,February,2,75 to 84,6,28.595794300594,7667,891,970,78.2574670666493,587.371512481645,244.664944950387,373.632239124633,27.1409719006766,26.201650993256,28.2297001742037,VIC
10061,2014,March,3,75 to 84,9,24.3939961874424,7293,891,970,123.406005758947,78.2574670666493,587.371512481645,64.8256190846623,28.595794300594,27.1409719006766,27.8790195150403,VIC
10061,2014,November,11,75 to 84,20,26.563746383846,7426,891,970,269.323996768112,117.955439056357,40.5241118465487,13.4680134680135,22.5112703581131,17.1187170961583,25.965234206603,VIC
10061,2014,December,12,75 to 84,29,28.270361566114,7357,891,970,394.182411308957,269.323996768112,117.955439056357,244.664944950387,26.563746383846,22.5112703581131,26.201650993256,VIC
10061,2015,January,1,75 to 84,15,29.5629154424547,7701,891,970,194.779898714453,394.182411308957,269.323996768112,587.371512481645,28.270361566114,26.563746383846,27.1409719006766,VIC
10061,2015,February,2,75 to 84,5,29.6965320114182,7486,891,970,66.7913438418381,194.779898714453,394.182411308957,78.2574670666493,29.5629154424547,28.270361566114,28.595794300594,VIC
10061,2015,March,3,75 to 84,5,25.0408973402352,7474,891,970,66.8985817500669,66.7913438418381,194.779898714453,123.406005758947,29.6965320114182,29.5629154424547,24.3939961874424,VIC
10061,2015,November,11,75 to 84,5,26.4876445794813,7756,891,970,64.4662197008768,90.4743440610055,145.291242900542,269.323996768112,22.2243056683114,17.8116203617007,26.563746383846,VIC
10061,2015,December,12,75 to 84,8,27.9001906214295,7571,891,970,105.666358473121,64.4662197008768,90.4743440610055,394.182411308957,26.4876445794813,22.2243056683114,28.270361566114,VIC
10061,2016,January,1,75 to 84,2,30.5322661878776,7501,891,970,26.663111585122,105.666358473121,64.4662197008768,194.779898714453,27.9001906214295,26.4876445794813,29.5629154424547,VIC
10061,2016,February,2,75 to 84,6,27.6919127031261,7698,891,970,77.9423226812159,26.663111585122,105.666358473121,66.7913438418381,30.5322661878776,27.9001906214295,29.6965320114182,VIC
10061,2016,March,3,75 to 84,7,24.882182019395,7664,891,970,91.3361169102296,77.9423226812159,26.663111585122,66.8985817500669,27.6919127031261,30.5322661878776,25.0408973402352,VIC
10061,2016,November,11,75 to 84,19,26.452969493783,7721,891,970,246.08211371584,294.078331773827,239.139099242726,64.4662197008768,25.2664108579437,14.2004024126462,26.4876445794813,VIC
10061,2016,December,12,75 to 84,15,28.5983496752748,7814,891,970,191.963143076529,246.08211371584,294.078331773827,105.666358473121,26.452969493783,25.2664108579437,27.9001906214295,VIC
10061,2011,January,1,85+,15,29.2083523199215,6970,891,970,215.208034433286,27.4310794129749,242.4895594773,430.615363244895,29.2643097158212,26.8639168358741,30.8081307400183,VIC
10061,2011,February,2,85+,21,27.7410177977608,7685,891,970,273.259596616786,215.208034433286,27.4310794129749,476.121771750108,29.2083523199215,29.2643097158212,27.1745604760504,VIC
10061,2011,March,3,85+,5,24.4680173839263,7301,891,970,68.4837693466648,273.259596616786,215.208034433286,97.7790194161196,27.7410177977608,29.2083523199215,24.8736934516658,VIC
10061,2011,November,11,85+,13,27.2322067342643,7361,891,970,176.606439342481,825.763831544178,546.746856205577,242.4895594773,24.6045539529792,17.5427248687846,26.8639168358741,VIC
10061,2011,December,12,85+,32,30.5488882265637,7249,891,970,441.440198648089,176.606439342481,825.763831544178,27.4310794129749,27.2322067342643,24.6045539529792,29.2643097158212,VIC
10061,2012,January,1,85+,23,28.6468332406274,7450,891,970,308.724832214765,441.440198648089,176.606439342481,215.208034433286,30.5488882265637,27.2322067342643,29.2083523199215,VIC
10061,2012,February,2,85+,9,26.2546545251627,7477,891,970,120.369132004815,308.724832214765,441.440198648089,273.259596616786,28.6468332406274,30.5488882265637,27.7410177977608,VIC
10061,2012,March,3,85+,32,28.6827539356842,7367,891,970,434.369485543641,120.369132004815,308.724832214765,68.4837693466648,26.2546545251627,28.6468332406274,24.4680173839263,VIC
10061,2012,November,11,85+,4,26.0115673838669,7154,891,970,55.9127760693318,801.603206412826,474.38330170778,176.606439342481,23.9250228342919,16.9552525094023,27.2322067342643,VIC
10061,2012,December,12,85+,7,31.2649950493707,7322,891,970,95.6022944550669,55.9127760693318,801.603206412826,441.440198648089,26.0115673838669,23.9250228342919,30.5488882265637,VIC
10061,2013,January,1,85+,21,29.5282299207219,7586,891,970,276.825731610862,95.6022944550669,55.9127760693318,308.724832214765,31.2649950493707,26.0115673838669,28.6468332406274,VIC
10061,2013,February,2,85+,32,29.0745088513018,7527,891,970,425.136176431513,276.825731610862,95.6022944550669,120.369132004815,29.5282299207219,31.2649950493707,26.2546545251627,VIC
10061,2013,March,3,85+,94,25.4358222762505,7392,891,970,1271.64502164502,425.136176431513,276.825731610862,434.369485543641,29.0745088513018,29.5282299207219,28.6827539356842,VIC
10061,2013,November,11,85+,6,25.3988142685986,7624,891,970,78.6988457502623,160.277814879124,493.136078901773,55.9127760693318,23.0913280134194,18.8836418929002,26.0115673838669,VIC
10061,2013,December,12,85+,18,25.0677391927658,7585,891,970,237.31048121292,78.6988457502623,160.277814879124,95.6022944550669,25.3988142685986,23.0913280134194,31.2649950493707,VIC
10061,2014,January,1,85+,7,29.5472346946686,7327,891,970,95.5370547290842,237.31048121292,78.6988457502623,276.825731610862,25.0677391927658,25.3988142685986,29.5282299207219,VIC
10061,2014,February,2,85+,3,33.8061615888579,7495,891,970,40.0266844563042,95.5370547290842,237.31048121292,425.136176431513,29.5472346946686,25.0677391927658,29.0745088513018,VIC
10061,2014,March,3,85+,14,28.398425533131,7415,891,970,188.806473364801,40.0266844563042,95.5370547290842,1271.64502164502,33.8061615888579,29.5472346946686,25.4358222762505,VIC
10061,2014,November,11,85+,13,27.1054223714665,7304,891,970,177.984665936473,130.855796911803,297.811731192542,78.6988457502623,25.2924023295453,17.5450770986113,25.3988142685986,VIC
10061,2014,December,12,85+,34,29.4246592768529,7669,891,970,443.343330290781,177.984665936473,130.855796911803,237.31048121292,27.1054223714665,25.2924023295453,25.0677391927658,VIC
10061,2015,January,1,85+,58,28.7433931979056,7325,891,970,791.808873720137,443.343330290781,177.984665936473,95.5370547290842,29.4246592768529,27.1054223714665,29.5472346946686,VIC
10061,2015,February,2,85+,17,27.3986978975,7723,891,970,220.121714359705,791.808873720137,443.343330290781,40.0266844563042,28.7433931979056,29.4246592768529,33.8061615888579,VIC
10061,2015,March,3,85+,10,25.7473816602969,7654,891,970,130.650640188137,220.121714359705,791.808873720137,188.806473364801,27.3986978975,28.7433931979056,28.398425533131,VIC
10061,2015,November,11,85+,19,25.1288630214722,7346,891,970,258.644160087122,90.956340956341,128.749839062701,177.984665936473,21.7012424225766,17.7856453281516,27.1054223714665,VIC
10061,2015,December,12,85+,36,29.5067648646442,7805,891,970,461.242793081358,258.644160087122,90.956340956341,443.343330290781,25.1288630214722,21.7012424225766,29.4246592768529,VIC
10061,2016,January,1,85+,42,26.9178919787389,7641,891,970,549.6662740479,461.242793081358,258.644160087122,791.808873720137,29.5067648646442,25.1288630214722,28.7433931979056,VIC
10061,2016,February,2,85+,61,29.0794073423882,7669,891,970,795.410092580519,549.6662740479,461.242793081358,220.121714359705,26.9178919787389,29.5067648646442,27.3986978975,VIC
10061,2016,March,3,85+,29,27.1649885461977,7426,891,970,390.519795313762,795.410092580519,549.6662740479,130.650640188137,29.0794073423882,26.9178919787389,25.7473816602969,VIC
10061,2016,November,11,85+,7,26.2374399769754,7716,891,970,90.7205806117159,64.6579593948015,12.6071608673727,258.644160087122,23.2119477584592,15.0304895102464,25.1288630214722,VIC
10061,2016,December,12,85+,31,29.3543833278212,7568,891,970,409.619450317125,90.7205806117159,64.6579593948015,461.242793081358,26.2374399769754,23.2119477584592,29.5067648646442,VIC
10062,2011,January,1,75 to 84,25,30.569505803527,17796,1068,971,140.481006967858,82.1837393601409,51.2878960565307,647.71294279491,27.2763878289411,27.1489254670806,29.4382143944646,VIC
10062,2011,February,2,75 to 84,65,29.6662553148035,17715,1068,971,366.920688681908,140.481006967858,82.1837393601409,249.787113255748,30.569505803527,27.2763878289411,28.1279306354284,VIC
10062,2011,March,3,75 to 84,68,25.9321262311989,17663,1068,971,384.985563041386,366.920688681908,140.481006967858,205.580029368576,29.6662553148035,30.569505803527,23.8017641334529,VIC
10062,2011,November,11,75 to 84,43,26.1151799908652,17272,1068,971,248.957850856878,510.609327130376,142.490738102023,51.2878960565307,24.7964389453426,16.9622691339216,27.1489254670806,VIC
10062,2011,December,12,75 to 84,20,28.5776210905871,17666,1068,971,113.211819313936,248.957850856878,510.609327130376,82.1837393601409,26.1151799908652,24.7964389453426,27.2763878289411,VIC
10062,2012,January,1,75 to 84,62,29.9402218633674,18142,1068,971,341.748429059641,113.211819313936,248.957850856878,140.481006967858,28.5776210905871,26.1151799908652,30.569505803527,VIC
10062,2012,February,2,75 to 84,10,30.0535472751197,17970,1068,971,55.6483027267668,341.748429059641,113.211819313936,366.920688681908,29.9402218633674,28.5776210905871,29.6662553148035,VIC
10062,2012,March,3,75 to 84,7,29.1225601284596,17798,1068,971,39.3302618271716,55.6483027267668,341.748429059641,384.985563041386,30.0535472751197,29.9402218633674,25.9321262311989,VIC
10062,2012,November,11,75 to 84,15,27.2813605045127,17161,1068,971,87.4074937357963,129.380660403893,77.8686245063685,248.957850856878,22.8598917538796,17.9822985128976,26.1151799908652,VIC
10062,2012,December,12,75 to 84,31,30.6217192031906,17843,1068,971,173.737600179342,87.4074937357963,129.380660403893,113.211819313936,27.2813605045127,22.8598917538796,28.5776210905871,VIC
10062,2013,January,1,75 to 84,25,29.9006855751813,17717,1068,971,141.107410961224,173.737600179342,87.4074937357963,341.748429059641,30.6217192031906,27.2813605045127,29.9402218633674,VIC
10062,2013,February,2,75 to 84,52,28.8185224736549,18026,1068,971,288.472206812382,141.107410961224,173.737600179342,55.6483027267668,29.9006855751813,30.6217192031906,30.0535472751197,VIC
10062,2013,March,3,75 to 84,41,26.8905629880072,17709,1068,971,231.520695691456,288.472206812382,141.107410961224,39.3302618271716,28.8185224736549,29.9006855751813,29.1225601284596,VIC
10062,2013,November,11,75 to 84,21,27.0179068994655,18092,1068,971,116.073402608888,143.179690511592,66.1412114865237,87.4074937357963,21.3913074629022,18.0056090129992,27.2813605045127,VIC
10062,2013,December,12,75 to 84,46,27.296503940296,17203,1068,971,267.395221763646,116.073402608888,143.179690511592,173.737600179342,27.0179068994655,21.3913074629022,30.6217192031906,VIC
10062,2014,January,1,75 to 84,63,31.5547546772123,17661,1068,971,356.718192627824,267.395221763646,116.073402608888,141.107410961224,27.296503940296,27.0179068994655,29.9006855751813,VIC
10062,2014,February,2,75 to 84,10,28.4530831447259,17774,1068,971,56.2619556655789,356.718192627824,267.395221763646,288.472206812382,31.5547546772123,27.296503940296,28.8185224736549,VIC
10062,2014,March,3,75 to 84,15,27.4337280461809,18285,1068,971,82.0344544708778,56.2619556655789,356.718192627824,231.520695691456,28.4530831447259,31.5547546772123,26.8905629880072,VIC
10062,2014,November,11,75 to 84,32,24.6767776758755,17648,1068,971,181.323662737987,27.9908190113643,33.6775931746745,116.073402608888,24.2392070579849,18.786915588237,27.0179068994655,VIC
10062,2014,December,12,75 to 84,31,27.027040939943,17974,1068,971,172.471347501947,181.323662737987,27.9908190113643,267.395221763646,24.6767776758755,24.2392070579849,27.296503940296,VIC
10062,2015,January,1,75 to 84,40,30.5682475548029,17901,1068,971,223.451203843361,172.471347501947,181.323662737987,356.718192627824,27.027040939943,24.6767776758755,31.5547546772123,VIC
10062,2015,February,2,75 to 84,14,28.1744074311294,18625,1068,971,75.1677852348993,223.451203843361,172.471347501947,56.2619556655789,30.5682475548029,27.027040939943,28.4530831447259,VIC
10062,2015,March,3,75 to 84,9,28.0343391833816,17554,1068,971,51.2703657286089,75.1677852348993,223.451203843361,82.0344544708778,28.1744074311294,30.5682475548029,27.4337280461809,VIC
10062,2015,November,11,75 to 84,36,27.2975205286405,18241,1068,971,197.357601008717,55.0782110597048,62.753151919676,181.323662737987,23.4878950651602,16.8238972930628,24.6767776758755,VIC
10062,2015,December,12,75 to 84,51,30.9901704799471,18479,1068,971,275.988960441582,197.357601008717,55.0782110597048,172.471347501947,27.2975205286405,23.4878950651602,27.027040939943,VIC
10062,2016,January,1,75 to 84,63,30.5616512538342,18160,1068,971,346.916299559471,275.988960441582,197.357601008717,223.451203843361,30.9901704799471,27.2975205286405,30.5682475548029,VIC
10062,2016,February,2,75 to 84,5,29.0101348726285,18684,1068,971,26.7608649111539,346.916299559471,275.988960441582,75.1677852348993,30.5616512538342,30.9901704799471,28.1744074311294,VIC
10062,2016,March,3,75 to 84,25,26.1208819540511,18867,1068,971,132.506492818148,26.7608649111539,346.916299559471,51.2703657286089,29.0101348726285,30.5616512538342,28.0343391833816,VIC
10062,2016,November,11,75 to 84,63,26.9308022207272,17972,1068,971,350.545292677498,75.8602004876727,91.363465362498,197.357601008717,21.6694226786689,17.8903114392989,27.2975205286405,VIC
10062,2016,December,12,75 to 84,24,26.950668569853,18222,1068,971,131.708923279552,350.545292677498,75.8602004876727,275.988960441582,26.9308022207272,21.6694226786689,30.9901704799471,VIC
10062,2011,January,1,85+,242,28.0351637601379,17768,1068,971,1361.99909950473,528.098272200218,294.204177699323,479.467509025271,29.624770885345,27.6090966976932,30.7185806413397,VIC
10062,2011,February,2,85+,100,27.9963346458523,17604,1068,971,568.052715291979,1361.99909950473,528.098272200218,564.302240279894,28.0351637601379,29.624770885345,28.3132851236487,VIC
10062,2011,March,3,85+,69,29.0645569996185,17744,1068,971,388.863841298467,568.052715291979,1361.99909950473,144.994780187913,27.9963346458523,28.0351637601379,27.5065890310122,VIC
10062,2011,November,11,85+,31,23.6100997626738,16997,1068,971,182.38512678708,325.347530316474,62.0557373349882,294.204177699323,22.172768004783,18.1935645238658,27.6090966976932,VIC
10062,2011,December,12,85+,12,30.6031497522891,17350,1068,971,69.164265129683,182.38512678708,325.347530316474,528.098272200218,23.6100997626738,22.172768004783,29.624770885345,VIC
10062,2012,January,1,85+,31,29.3939683114417,17836,1068,971,173.805786050684,69.164265129683,182.38512678708,1361.99909950473,30.6031497522891,23.6100997626738,28.0351637601379,VIC
10062,2012,February,2,85+,124,28.3468014749623,17757,1068,971,698.316157008504,173.805786050684,69.164265129683,568.052715291979,29.3939683114417,30.6031497522891,27.9963346458523,VIC
10062,2012,March,3,85+,52,26.89980865674,17874,1068,971,290.925366454067,698.316157008504,173.805786050684,388.863841298467,28.3468014749623,29.3939683114417,29.0645569996185,VIC
10062,2012,November,11,85+,41,26.6022258728892,17882,1068,971,229.280841069232,383.954154727794,645.526613816535,182.38512678708,23.147798780361,17.9027434041308,23.6100997626738,VIC
10062,2012,December,12,85+,35,26.8044096185557,17742,1068,971,197.272009919964,229.280841069232,383.954154727794,69.164265129683,26.6022258728892,23.147798780361,30.6031497522891,VIC
10062,2013,January,1,85+,17,28.8354839397259,17572,1068,971,96.7448213066242,197.272009919964,229.280841069232,173.805786050684,26.8044096185557,26.6022258728892,29.3939683114417,VIC
10062,2013,February,2,85+,101,27.7284251427667,18042,1068,971,559.804899678528,96.7448213066242,197.272009919964,698.316157008504,28.8354839397259,26.8044096185557,28.3468014749623,VIC
10062,2013,March,3,85+,43,26.7885074219155,18348,1068,971,234.357968170918,559.804899678528,96.7448213066242,290.925366454067,27.7284251427667,28.8354839397259,26.89980865674,VIC
10062,2013,November,11,85+,43,25.2355903577924,17705,1068,971,242.869245975713,27.8737874902442,27.2613270814023,229.280841069232,24.8634322260396,18.1882809541471,26.6022258728892,VIC
10062,2013,December,12,85+,24,28.5577212530128,17667,1068,971,135.846493462388,242.869245975713,27.8737874902442,197.272009919964,25.2355903577924,24.8634322260396,26.8044096185557,VIC
10062,2014,January,1,85+,21,31.232984745796,17820,1068,971,117.845117845118,135.846493462388,242.869245975713,96.7448213066242,28.5577212530128,25.2355903577924,28.8354839397259,VIC
10062,2014,February,2,85+,55,28.7270118033402,18140,1068,971,303.197353914002,117.845117845118,135.846493462388,559.804899678528,31.232984745796,28.5577212530128,27.7284251427667,VIC
10062,2014,March,3,85+,36,23.3034349306313,17953,1068,971,200.52358937225,303.197353914002,117.845117845118,234.357968170918,28.7270118033402,31.232984745796,26.7885074219155,VIC
10062,2014,November,11,85+,16,25.538467205963,18531,1068,971,86.3418056230101,426.900260575484,114.130434782609,242.869245975713,21.3342626037833,17.9532425303109,25.2355903577924,VIC
10062,2014,December,12,85+,2,26.985626685445,18047,1068,971,11.0821743226021,86.3418056230101,426.900260575484,135.846493462388,25.538467205963,21.3342626037833,28.5577212530128,VIC
10062,2015,January,1,85+,7,31.1808004406505,17659,1068,971,39.6398437057591,11.0821743226021,86.3418056230101,117.845117845118,26.985626685445,25.538467205963,31.232984745796,VIC
10062,2015,February,2,85+,19,30.6819140299925,17829,1068,971,106.567951090919,39.6398437057591,11.0821743226021,303.197353914002,31.1808004406505,26.985626685445,28.7270118033402,VIC
10062,2015,March,3,85+,49,27.067813004364,18476,1068,971,265.208919679584,106.567951090919,39.6398437057591,200.52358937225,30.6819140299925,31.1808004406505,23.3034349306313,VIC
10062,2015,November,11,85+,38,25.2684739565465,18491,1068,971,205.50538099616,724.717250466674,315.693723580716,86.3418056230101,20.7493267749848,17.8875821565252,25.538467205963,VIC
10062,2015,December,12,85+,58,24.7605425431147,18272,1068,971,317.425569176883,205.50538099616,724.717250466674,11.0821743226021,25.2684739565465,20.7493267749848,26.985626685445,VIC
10062,2016,January,1,85+,138,30.2348334914255,18151,1068,971,760.288689328412,317.425569176883,205.50538099616,39.6398437057591,24.7605425431147,25.2684739565465,31.1808004406505,VIC
10062,2016,February,2,85+,35,28.9479882378865,18533,1068,971,188.852317487725,760.288689328412,317.425569176883,106.567951090919,30.2348334914255,24.7605425431147,30.6819140299925,VIC
10062,2016,March,3,85+,13,25.9511639543599,18446,1068,971,70.4759839531606,188.852317487725,760.288689328412,265.208919679584,28.9479882378865,30.2348334914255,27.067813004364,VIC
10062,2016,November,11,85+,68,26.1653398789647,18152,1068,971,374.614367562803,64.3259179844546,206.842576028623,205.50538099616,21.3333372056492,19.7517732242608,25.2684739565465,VIC
10062,2016,December,12,85+,56,29.1407166873256,18714,1068,971,299.241209789462,374.614367562803,64.3259179844546,317.425569176883,26.1653398789647,21.3333372056492,24.7605425431147,VIC
10063,2011,January,1,75 to 84,6,31.4175239697455,4966,1050,1002,120.821586790173,100.280786201364,19.3723363037582,39.5491398062092,27.7041113569274,28.2870703477926,29.8076249024356,VIC
10063,2011,February,2,75 to 84,11,27.0758716392376,5289,1050,1002,207.978823974286,120.821586790173,100.280786201364,142.074284554496,31.4175239697455,27.7041113569274,27.200595665768,VIC
10063,2011,March,3,75 to 84,3,24.1625180307414,4958,1050,1002,60.5082694634934,207.978823974286,120.821586790173,79.3965859468043,27.0758716392376,31.4175239697455,27.39559341659,VIC
10063,2011,November,11,75 to 84,7,23.4870860819515,5154,1050,1002,135.81684128832,40.4448938321537,38.0228136882129,19.3723363037582,20.4912165641014,16.2849447292506,28.2870703477926,VIC
10063,2011,December,12,75 to 84,9,28.8725844821416,4978,1050,1002,180.795500200884,135.81684128832,40.4448938321537,100.280786201364,23.4870860819515,20.4912165641014,27.7041113569274,VIC
10063,2012,January,1,75 to 84,4,30.8315791763426,5197,1050,1002,76.9674812391765,180.795500200884,135.81684128832,120.821586790173,28.8725844821416,23.4870860819515,31.4175239697455,VIC
10063,2012,February,2,75 to 84,5,27.4135594126722,5295,1050,1002,94.4287063267233,76.9674812391765,180.795500200884,207.978823974286,30.8315791763426,28.8725844821416,27.0758716392376,VIC
10063,2012,March,3,75 to 84,5,23.6569642560361,5289,1050,1002,94.535829079221,94.4287063267233,76.9674812391765,60.5082694634934,27.4135594126722,30.8315791763426,24.1625180307414,VIC
10063,2012,November,11,75 to 84,4,26.4473123434255,5291,1050,1002,75.6000756000756,131.480090157776,96.8429207824908,135.81684128832,21.4806946881843,19.7112741640949,23.4870860819515,VIC
10063,2012,December,12,75 to 84,2,30.4539914093235,5179,1050,1002,38.6174937246573,75.6000756000756,131.480090157776,180.795500200884,26.4473123434255,21.4806946881843,28.8725844821416,VIC
10063,2013,January,1,75 to 84,12,30.9870023674699,5243,1050,1002,228.876597367919,38.6174937246573,75.6000756000756,76.9674812391765,30.4539914093235,26.4473123434255,30.8315791763426,VIC
10063,2013,February,2,75 to 84,1,28.180870263399,5161,1050,1002,19.3760899050572,228.876597367919,38.6174937246573,94.4287063267233,30.9870023674699,30.4539914093235,27.4135594126722,VIC
10063,2013,March,3,75 to 84,2,26.1781529665225,5124,1050,1002,39.032006245121,19.3760899050572,228.876597367919,94.535829079221,28.180870263399,30.9870023674699,23.6569642560361,VIC
10063,2013,November,11,75 to 84,4,24.2647006379184,5395,1050,1002,74.1427247451344,114.068441064639,0,75.6000756000756,23.3295791920251,19.1138029447724,26.4473123434255,VIC
10063,2013,December,12,75 to 84,2,29.0658778790003,4988,1050,1002,40.0962309542903,74.1427247451344,114.068441064639,38.6174937246573,24.2647006379184,23.3295791920251,30.4539914093235,VIC
10063,2014,January,1,75 to 84,4,30.6631832224524,5290,1050,1002,75.6143667296786,40.0962309542903,74.1427247451344,228.876597367919,29.0658778790003,24.2647006379184,30.9870023674699,VIC
10063,2014,February,2,75 to 84,5,29.9783978003896,5339,1050,1002,93.6504963476307,75.6143667296786,40.0962309542903,19.3760899050572,30.6631832224524,29.0658778790003,28.180870263399,VIC
10063,2014,March,3,75 to 84,4,28.455938046115,5310,1050,1002,75.3295668549906,93.6504963476307,75.6143667296786,39.032006245121,29.9783978003896,30.6631832224524,26.1781529665225,VIC
10063,2014,November,11,75 to 84,4,27.1914035972129,5224,1050,1002,76.5696784073507,36.2844702467344,0,74.1427247451344,20.4151713758001,17.9964186851429,24.2647006379184,VIC
10063,2014,December,12,75 to 84,2,27.8023092503738,5279,1050,1002,37.8859632506157,76.5696784073507,36.2844702467344,40.0962309542903,27.1914035972129,20.4151713758001,29.0658778790003,VIC
10063,2015,January,1,75 to 84,1,28.9520990713931,5550,1050,1002,18.018018018018,37.8859632506157,76.5696784073507,75.6143667296786,27.8023092503738,27.1914035972129,30.6631832224524,VIC
10063,2015,February,2,75 to 84,4,28.4131687886922,5351,1050,1002,74.7523827321996,18.018018018018,37.8859632506157,93.6504963476307,28.9520990713931,27.8023092503738,29.9783978003896,VIC
10063,2015,March,3,75 to 84,10,27.1780450545859,5227,1050,1002,191.314329443275,74.7523827321996,18.018018018018,75.3295668549906,28.4131687886922,28.9520990713931,28.455938046115,VIC
10063,2015,November,11,75 to 84,6,26.3226632110139,5247,1050,1002,114.351057747284,19.1717791411043,37.23701359151,76.5696784073507,20.1739246201078,19.975240292058,27.1914035972129,VIC
10063,2015,December,12,75 to 84,4,27.813545338862,5359,1050,1002,74.6407911923867,114.351057747284,19.1717791411043,37.8859632506157,26.3226632110139,20.1739246201078,27.8023092503738,VIC
10063,2016,January,1,75 to 84,6,31.4124077738874,5211,1050,1002,115.141047783535,74.6407911923867,114.351057747284,18.018018018018,27.813545338862,26.3226632110139,28.9520990713931,VIC
10063,2016,February,2,75 to 84,3,26.9551194746976,5431,1050,1002,55.238445958387,115.141047783535,74.6407911923867,74.7523827321996,31.4124077738874,27.813545338862,28.4131687886922,VIC
10063,2016,March,3,75 to 84,24,27.0642437169172,5407,1050,1002,443.869058627705,55.238445958387,115.141047783535,191.314329443275,26.9551194746976,31.4124077738874,27.1780450545859,VIC
10063,2016,November,11,75 to 84,21,26.9283074455429,5275,1050,1002,398.104265402844,59.1949486977111,171.428571428571,114.351057747284,21.0181145546267,15.8538151160442,26.3226632110139,VIC
10063,2016,December,12,75 to 84,1,33.087553575554,5360,1050,1002,18.6567164179105,398.104265402844,59.1949486977111,74.6407911923867,26.9283074455429,21.0181145546267,27.813545338862,VIC
10063,2011,January,1,85+,5,27.2103641358729,4936,1050,1002,101.29659643436,415.486307837583,793.81233462243,504.658385093168,27.8256275437918,25.9882144203377,28.9054784579105,VIC
10063,2011,February,2,85+,10,29.338793194609,5127,1050,1002,195.045835771406,101.29659643436,415.486307837583,329.011031546352,27.2103641358729,27.8256275437918,27.5606979899043,VIC
10063,2011,March,3,85+,5,28.7348584305169,5026,1050,1002,99.4826900119379,195.045835771406,101.29659643436,59.1949486977111,29.338793194609,27.2103641358729,24.6370901653803,VIC
10063,2011,November,11,85+,7,26.6961397278284,5185,1050,1002,135.004821600771,233.872539465991,39.7930760047752,793.81233462243,20.1416451096613,17.9171830528415,25.9882144203377,VIC
10063,2011,December,12,85+,18,29.9906298437575,5121,1050,1002,351.493848857645,135.004821600771,233.872539465991,415.486307837583,26.6961397278284,20.1416451096613,27.8256275437918,VIC
10063,2012,January,1,85+,27,30.5540654964841,5079,1050,1002,531.600708800945,351.493848857645,135.004821600771,101.29659643436,29.9906298437575,26.6961397278284,27.2103641358729,VIC
10063,2012,February,2,85+,18,29.5275046512749,5145,1050,1002,349.854227405248,531.600708800945,351.493848857645,195.045835771406,30.5540654964841,29.9906298437575,29.338793194609,VIC
10063,2012,March,3,85+,10,24.7935508764242,5278,1050,1002,189.465706707086,349.854227405248,531.600708800945,99.4826900119379,29.5275046512749,30.5540654964841,28.7348584305169,VIC
10063,2012,November,11,85+,30,25.116226288329,5105,1050,1002,587.659157688541,448.168355416991,152.20700152207,135.004821600771,22.5007146176469,17.3103170469554,26.6961397278284,VIC
10063,2012,December,12,85+,43,30.9025841166759,5184,1050,1002,829.475308641976,587.659157688541,448.168355416991,351.493848857645,25.116226288329,22.5007146176469,29.9906298437575,VIC
10063,2013,January,1,85+,15,31.242036030398,5088,1050,1002,294.811320754717,829.475308641976,587.659157688541,531.600708800945,30.9025841166759,25.116226288329,30.5540654964841,VIC
10063,2013,February,2,85+,37,26.4935804034412,5250,1050,1002,704.761904761905,294.811320754717,829.475308641976,349.854227405248,31.242036030398,30.9025841166759,29.5275046512749,VIC
10063,2013,March,3,85+,7,22.2214316958749,5186,1050,1002,134.978789047435,704.761904761905,294.811320754717,189.465706707086,26.4935804034412,31.242036030398,24.7935508764242,VIC
10063,2013,November,11,85+,6,24.5420006132308,5016,1050,1002,119.617224880383,150.574063617542,227.747200607326,587.659157688541,21.6923419387098,18.6380046187864,25.116226288329,VIC
10063,2013,December,12,85+,18,26.6036782337929,5093,1050,1002,353.426271352837,119.617224880383,150.574063617542,829.475308641976,24.5420006132308,21.6923419387098,30.9025841166759,VIC
10063,2014,January,1,85+,16,32.1995937207057,5258,1050,1002,304.298212248003,353.426271352837,119.617224880383,294.811320754717,26.6036782337929,24.5420006132308,31.242036030398,VIC
10063,2014,February,2,85+,5,30.1001283749502,5211,1050,1002,95.9508731529457,304.298212248003,353.426271352837,704.761904761905,32.1995937207057,26.6036782337929,26.4935804034412,VIC
10063,2014,March,3,85+,21,26.7405787289409,5401,1050,1002,388.816885761896,95.9508731529457,304.298212248003,134.978789047435,30.1001283749502,32.1995937207057,22.2214316958749,VIC
10063,2014,November,11,85+,2,23.791955586458,5376,1050,1002,37.202380952381,115.785411038209,446.760982874162,119.617224880383,21.786240545022,18.9753799459732,24.5420006132308,VIC
10063,2014,December,12,85+,25,28.7448856191585,5494,1050,1002,455.041863851474,37.202380952381,115.785411038209,353.426271352837,23.791955586458,21.786240545022,26.6036782337929,VIC
10063,2015,January,1,85+,10,32.1948828618292,5339,1050,1002,187.300992695261,455.041863851474,37.202380952381,304.298212248003,28.7448856191585,23.791955586458,32.1995937207057,VIC
10063,2015,February,2,85+,12,25.7428927770127,5246,1050,1002,228.745711017918,187.300992695261,455.041863851474,95.9508731529457,32.1948828618292,28.7448856191585,30.1001283749502,VIC
10063,2015,March,3,85+,4,27.0094547246507,5482,1050,1002,72.9660707770887,228.745711017918,187.300992695261,388.816885761896,25.7428927770127,32.1948828618292,26.7405787289409,VIC
10063,2015,November,11,85+,14,27.2687991289545,5350,1050,1002,261.682242990654,150.15015015015,173.711638679792,37.202380952381,20.9393345534995,16.9590464068751,23.791955586458,VIC
10063,2015,December,12,85+,0,29.6355912972561,5349,1050,1002,0,261.682242990654,150.15015015015,455.041863851474,27.2687991289545,20.9393345534995,28.7448856191585,VIC
10063,2016,January,1,85+,7,30.1624326762646,5356,1050,1002,130.694548170276,0,261.682242990654,187.300992695261,29.6355912972561,27.2687991289545,32.1948828618292,VIC
10063,2016,February,2,85+,8,28.6191362543676,5416,1050,1002,147.710487444609,130.694548170276,0,228.745711017918,30.1624326762646,29.6355912972561,25.7428927770127,VIC
10063,2016,March,3,85+,6,26.755837816313,5297,1050,1002,113.271663205588,147.710487444609,130.694548170276,72.9660707770887,28.6191362543676,30.1624326762646,27.0094547246507,VIC
10063,2016,November,11,85+,9,26.8616869737497,5378,1050,1002,167.348456675344,55.5658455269494,59.5829195630586,261.682242990654,22.6199720844065,17.3829729513666,27.2687991289545,VIC
10063,2016,December,12,85+,2,28.5261392539041,5230,1050,1002,38.2409177820268,167.348456675344,55.5658455269494,0,26.8616869737497,22.6199720844065,29.6355912972561,VIC
10064,2011,January,1,75 to 84,40,29.3254030337538,18790,939,942,212.879191059074,209.798140167839,187.88682581786,168.029573204884,29.4813896075338,23.2125277144552,29.5953330356268,VIC
10064,2011,February,2,75 to 84,76,26.7625759977943,18296,939,942,415.391342369917,212.879191059074,209.798140167839,173.86579733768,29.3254030337538,29.4813896075338,27.9557174226943,VIC
10064,2011,March,3,75 to 84,40,24.5144324623443,17959,939,942,222.729550643132,415.391342369917,212.879191059074,33.5795836131632,26.7625759977943,29.3254030337538,23.7348042479705,VIC
10064,2011,November,11,75 to 84,22,26.71887771152,18670,939,942,117.836100696304,95.3395771409343,21.7414936406131,187.88682581786,22.1668129853179,17.6962008912668,23.2125277144552,VIC
10064,2011,December,12,75 to 84,57,29.5280443394206,18279,939,942,311.833251271951,117.836100696304,95.3395771409343,209.798140167839,26.71887771152,22.1668129853179,29.4813896075338,VIC
10064,2012,January,1,75 to 84,128,32.4041140201707,17887,939,942,715.603510929726,311.833251271951,117.836100696304,212.879191059074,29.5280443394206,26.71887771152,29.3254030337538,VIC
10064,2012,February,2,75 to 84,80,28.9682402767442,19094,939,942,418.979784225411,715.603510929726,311.833251271951,415.391342369917,32.4041140201707,29.5280443394206,26.7625759977943,VIC
10064,2012,March,3,75 to 84,44,25.018681879417,18406,939,942,239.052482886015,418.979784225411,715.603510929726,222.729550643132,28.9682402767442,32.4041140201707,24.5144324623443,VIC
10064,2012,November,11,75 to 84,15,29.2296034791306,18306,939,942,81.9403474270731,84.6068425783935,153.559284852473,117.836100696304,21.508213558584,18.8433548734763,26.71887771152,VIC
10064,2012,December,12,75 to 84,6,27.8188602914226,18369,939,942,32.6637269312429,81.9403474270731,84.6068425783935,311.833251271951,29.2296034791306,21.508213558584,29.5280443394206,VIC
10064,2013,January,1,75 to 84,3,28.3825775568631,18811,939,942,15.948115464356,32.6637269312429,81.9403474270731,715.603510929726,27.8188602914226,29.2296034791306,32.4041140201707,VIC
10064,2013,February,2,75 to 84,8,31.3096075169921,19488,939,942,41.0509031198686,15.948115464356,32.6637269312429,418.979784225411,28.3825775568631,27.8188602914226,28.9682402767442,VIC
10064,2013,March,3,75 to 84,49,24.861963587685,18933,939,942,258.807373369249,41.0509031198686,15.948115464356,239.052482886015,31.3096075169921,28.3825775568631,25.018681879417,VIC
10064,2013,November,11,75 to 84,31,25.4638006022752,19153,939,942,161.854539758785,56.000448003584,173.780818942109,81.9403474270731,22.1602645828003,20.2585846631558,29.2296034791306,VIC
10064,2013,December,12,75 to 84,10,29.5533606148747,18569,939,942,53.8531961871937,161.854539758785,56.000448003584,32.6637269312429,25.4638006022752,22.1602645828003,27.8188602914226,VIC
10064,2014,January,1,75 to 84,11,32.0152912555224,18939,939,942,58.0812080891283,53.8531961871937,161.854539758785,15.948115464356,29.5533606148747,25.4638006022752,28.3825775568631,VIC
10064,2014,February,2,75 to 84,23,32.4649589647905,19372,939,942,118.728061119141,58.0812080891283,53.8531961871937,41.0509031198686,32.0152912555224,29.5533606148747,31.3096075169921,VIC
10064,2014,March,3,75 to 84,31,26.713449799009,19170,939,942,161.711006781429,118.728061119141,58.0812080891283,258.807373369249,32.4649589647905,32.0152912555224,24.861963587685,VIC
10064,2014,November,11,75 to 84,49,24.9714246748459,18595,939,942,263.511696692659,591.216216216216,80.6668459263243,161.854539758785,22.7294129751551,17.0918413848515,25.4638006022752,VIC
10064,2014,December,12,75 to 84,10,29.0487929091856,18752,939,942,53.3276450511946,263.511696692659,591.216216216216,53.8531961871937,24.9714246748459,22.7294129751551,29.5533606148747,VIC
10064,2015,January,1,75 to 84,8,27.9957980912517,19681,939,942,40.6483410395813,53.3276450511946,263.511696692659,58.0812080891283,29.0487929091856,24.9714246748459,32.0152912555224,VIC
10064,2015,February,2,75 to 84,20,26.1438985398176,19200,939,942,104.166666666667,40.6483410395813,53.3276450511946,118.728061119141,27.9957980912517,29.0487929091856,32.4649589647905,VIC
10064,2015,March,3,75 to 84,24,26.4250820932137,18462,939,942,129.996750081248,104.166666666667,40.6483410395813,161.711006781429,26.1438985398176,27.9957980912517,26.713449799009,VIC
10064,2015,November,11,75 to 84,56,25.7961736922901,19511,939,942,287.017579826764,146.826907390288,77.5674837108284,263.511696692659,24.8289271833732,16.042496526259,24.9714246748459,VIC
10064,2015,December,12,75 to 84,9,29.0341940581928,18905,939,942,47.6064533192277,287.017579826764,146.826907390288,53.3276450511946,25.7961736922901,24.8289271833732,29.0487929091856,VIC
10064,2016,January,1,75 to 84,55,30.1545740792137,19125,939,942,287.581699346405,47.6064533192277,287.017579826764,40.6483410395813,29.0341940581928,25.7961736922901,27.9957980912517,VIC
10064,2016,February,2,75 to 84,24,27.8429959825168,19220,939,942,124.869927159209,287.581699346405,47.6064533192277,104.166666666667,30.1545740792137,29.0341940581928,26.1438985398176,VIC
10064,2016,March,3,75 to 84,53,27.9211068080657,19158,939,942,276.646831610815,124.869927159209,287.581699346405,129.996750081248,27.8429959825168,30.1545740792137,26.4250820932137,VIC
10064,2016,November,11,75 to 84,23,27.6343083387229,18931,939,942,121.493846072579,138.639281129653,236.89197725837,287.017579826764,23.3161602954608,16.5473940901784,25.7961736922901,VIC
10064,2016,December,12,75 to 84,19,30.4928559955126,18926,939,942,100.390996512734,121.493846072579,138.639281129653,47.6064533192277,27.6343083387229,23.3161602954608,29.0341940581928,VIC
10064,2011,January,1,85+,138,29.7902410950246,18522,939,942,745.059928733398,222.457037984539,37.8501135503407,38.761836203555,26.5923786226712,22.3511579316011,29.6010240966488,VIC
10064,2011,February,2,85+,113,30.5045916158651,17975,939,942,628.65090403338,745.059928733398,222.457037984539,167.897918065816,29.7902410950246,26.5923786226712,29.0636612220582,VIC
10064,2011,March,3,85+,115,26.2140840608045,18977,939,942,605.996732887179,628.65090403338,745.059928733398,629.208521911911,30.5045916158651,29.7902410950246,26.669389638056,VIC
10064,2011,November,11,85+,44,25.7505605521262,17749,939,942,247.901290213533,728.128763823497,181.849178837302,37.8501135503407,22.3229731806372,17.4900472867648,22.3511579316011,VIC
10064,2011,December,12,85+,31,28.2516431484266,18504,939,942,167.531344574146,247.901290213533,728.128763823497,222.457037984539,25.7505605521262,22.3229731806372,26.5923786226712,VIC
10064,2012,January,1,85+,5,31.4793758008129,18257,939,942,27.3867557649121,167.531344574146,247.901290213533,745.059928733398,28.2516431484266,25.7505605521262,29.7902410950246,VIC
10064,2012,February,2,85+,49,28.4609453280291,18299,939,942,267.774195311219,27.3867557649121,167.531344574146,628.65090403338,31.4793758008129,28.2516431484266,30.5045916158651,VIC
10064,2012,March,3,85+,38,27.4286637940468,18774,939,942,202.407584957921,267.774195311219,27.3867557649121,605.996732887179,28.4609453280291,31.4793758008129,26.2140840608045,VIC
10064,2012,November,11,85+,16,26.7502252841619,18314,939,942,87.3648574860762,82.0434283213915,201.324503311258,247.901290213533,23.704609865543,15.6521897629642,25.7505605521262,VIC
10064,2012,December,12,85+,44,28.8135704306813,18115,939,942,242.892630416782,87.3648574860762,82.0434283213915,167.531344574146,26.7502252841619,23.704609865543,28.2516431484266,VIC
10064,2013,January,1,85+,35,29.2801647339233,18713,939,942,187.035750547748,242.892630416782,87.3648574860762,27.3867557649121,28.8135704306813,26.7502252841619,31.4793758008129,VIC
10064,2013,February,2,85+,44,29.470195910865,18681,939,942,235.533429687918,187.035750547748,242.892630416782,267.774195311219,29.2801647339233,28.8135704306813,28.4609453280291,VIC
10064,2013,March,3,85+,28,27.1198272185291,18654,939,942,150.101854830063,235.533429687918,187.035750547748,202.407584957921,29.470195910865,29.2801647339233,27.4286637940468,VIC
10064,2013,November,11,85+,46,26.297375979221,18727,939,942,245.634645164735,255.448665688353,238.883761333406,87.3648574860762,23.8340064617581,19.1140021910412,26.7502252841619,VIC
10064,2013,December,12,85+,52,31.4571537851519,18695,939,942,278.149237764108,245.634645164735,255.448665688353,242.892630416782,26.297375979221,23.8340064617581,28.8135704306813,VIC
10064,2014,January,1,85+,70,30.4707424510417,18115,939,942,386.42009384488,278.149237764108,245.634645164735,187.035750547748,31.4571537851519,26.297375979221,29.2801647339233,VIC
10064,2014,February,2,85+,81,28.8810811383847,18840,939,942,429.936305732484,386.42009384488,278.149237764108,235.533429687918,30.4707424510417,31.4571537851519,29.470195910865,VIC
10064,2014,March,3,85+,35,26.0005216056667,19068,939,942,183.553597650514,429.936305732484,386.42009384488,150.101854830063,28.8810811383847,30.4707424510417,27.1198272185291,VIC
10064,2014,November,11,85+,61,25.4944648675856,18918,939,942,322.444233005603,327.263130113486,200.173122700714,245.634645164735,21.6739633383242,19.1356357115815,26.297375979221,VIC
10064,2014,December,12,85+,7,27.30058687111,18458,939,942,37.9239354209557,322.444233005603,327.263130113486,278.149237764108,25.4944648675856,21.6739633383242,31.4571537851519,VIC
10064,2015,January,1,85+,40,33.576342599558,19207,939,942,208.257406154006,37.9239354209557,322.444233005603,386.42009384488,27.30058687111,25.4944648675856,30.4707424510417,VIC
10064,2015,February,2,85+,82,28.9640274827534,19337,939,942,424.057506335005,208.257406154006,37.9239354209557,429.936305732484,33.576342599558,27.30058687111,28.8810811383847,VIC
10064,2015,March,3,85+,20,26.3170605201815,19812,939,942,100.948919846558,424.057506335005,208.257406154006,183.553597650514,28.9640274827534,33.576342599558,26.0005216056667,VIC
10064,2015,November,11,85+,31,29.4566167154371,18708,939,942,165.704511438957,68.3886580041033,390.541408089022,322.444233005603,20.1442157576102,17.9280694867962,25.4944648675856,VIC
10064,2015,December,12,85+,50,27.8945282724566,19203,939,942,260.375982919336,165.704511438957,68.3886580041033,37.9239354209557,29.4566167154371,20.1442157576102,27.30058687111,VIC
10064,2016,January,1,85+,27,30.9538027752674,19354,939,942,139.506045261961,260.375982919336,165.704511438957,208.257406154006,27.8945282724566,29.4566167154371,33.576342599558,VIC
10064,2016,February,2,85+,12,29.679007719464,19220,939,942,62.4349635796046,139.506045261961,260.375982919336,424.057506335005,30.9538027752674,27.8945282724566,28.9640274827534,VIC
10064,2016,March,3,85+,55,28.0320753208147,19817,939,942,277.539486299642,62.4349635796046,139.506045261961,100.948919846558,29.679007719464,30.9538027752674,26.3170605201815,VIC
10064,2016,November,11,85+,10,27.0281328746482,19076,939,942,52.4218913818411,5.25762355415352,10.3279111799639,165.704511438957,19.8209948636714,16.2591441039659,29.4566167154371,VIC
10064,2016,December,12,85+,31,29.8077210360882,19629,939,942,157.929593968108,52.4218913818411,5.25762355415352,260.375982919336,27.0281328746482,19.8209948636714,27.8945282724566,VIC
